# Blender 4.5.2 LTS
# www.blender.org
mtllib enemy2.mtl
o Cylinder
v -0.191086 0.128454 0.086044
v -0.191086 0.128454 -0.009144
v -0.166609 0.128454 -0.087677
v -0.114212 0.128454 -0.160596
v -0.052233 0.128454 -0.202382
v 0.028042 0.128454 -0.218911
v 0.098522 0.128454 -0.204399
v 0.169116 0.128454 -0.156805
v 0.215119 0.128454 -0.092785
v 0.242998 0.128454 -0.003337
v 0.242998 0.128454 0.080236
v 0.215119 0.128454 0.169684
v 0.169116 0.128454 0.233705
v 0.098522 0.128454 0.281298
v 0.028042 0.128454 0.295811
v -0.052233 0.128454 0.279282
v -0.114212 0.128454 0.237562
v -0.166609 0.128454 0.164644
v -0.057534 1.559602 0.195954
v -0.019928 1.607511 0.228803
v 0.010051 1.622126 0.244009
v 0.044995 1.617984 0.249962
v 0.076509 1.611023 0.242889
v 0.109308 1.597487 0.222910
v 0.131889 1.582277 0.196270
v 0.146890 1.563405 0.158347
v 0.148511 1.547451 0.122006
v 0.136596 1.531873 0.082098
v 0.115273 1.521703 0.052806
v 0.081640 1.515650 0.030536
v 0.046358 1.502001 0.015612
v -0.002432 1.468471 0.001200
v -0.049687 1.437736 0.001860
v -0.097294 1.415114 0.027009
v -0.111497 1.433831 0.078425
v -0.089335 1.500086 0.148504
v 0.872906 1.045678 -0.324332
v 0.847213 1.045678 -0.406766
v 0.784619 1.344082 -0.381404
v 0.810996 1.344082 -0.296776
v 0.799259 0.262809 -0.733913
v 0.757725 0.262809 -0.791715
v 0.858571 0.608340 -0.888248
v 0.898181 0.608340 -0.833124
v 0.898181 1.094219 -0.833124
v 0.858571 1.094219 -0.888248
v 0.757725 1.439749 -0.791715
v 0.799259 1.439749 -0.733913
v 0.457899 0.355790 -0.836921
v 0.391110 0.343359 -0.891577
v 0.425099 0.656881 -0.947533
v 0.490157 0.656881 -0.903671
v 0.490157 1.045678 -0.903671
v 0.425099 1.045678 -0.947533
v 0.391110 1.344082 -0.881120
v 0.457899 1.344082 -0.836091
v 0.208287 0.178974 -1.244048
v 0.144653 0.178974 -1.257151
v 0.168769 0.595519 -1.327927
v 0.229455 0.595519 -1.315431
v 0.229454 1.094218 -1.312400
v 0.168769 1.094218 -1.324896
v 0.144653 1.439749 -1.175249
v 0.208286 1.439749 -1.162147
v -0.109454 0.274641 -1.066091
v -0.185404 0.274641 -1.050453
v -0.195923 0.629137 -1.060257
v -0.121942 0.629137 -1.075491
v -0.121942 1.045678 -1.060172
v -0.195923 1.045678 -1.044939
v -0.185404 1.344082 -0.968551
v -0.109454 1.344082 -0.984190
v -0.480146 0.178974 -1.128502
v -0.536104 0.178974 -1.090774
v -0.600003 0.595519 -1.144641
v -0.546636 0.595519 -1.180620
v -0.546636 1.094218 -1.177589
v -0.600003 1.094218 -1.141610
v -0.536104 1.439749 -1.008872
v -0.480146 1.439749 -1.046600
v -0.625593 0.343359 -0.682232
v -0.675165 0.355790 -0.603616
v -0.725271 0.656881 -0.653406
v -0.676983 0.656881 -0.720607
v -0.676983 1.045678 -0.720607
v -0.725271 1.045678 -0.653406
v -0.675165 1.344081 -0.602786
v -0.625593 1.344081 -0.671775
v -0.943912 0.262809 -0.430973
v -0.966011 0.262562 -0.342382
v -1.088026 0.608340 -0.424152
v -1.066950 0.608340 -0.491771
v -1.066950 1.094218 -0.491771
v -1.088026 1.094218 -0.424152
v -0.966011 1.439749 -0.370432
v -0.943912 1.439749 -0.441337
v -0.849009 1.344081 0.045030
v -0.849009 1.344081 -0.045029
v -0.915257 1.045678 -0.043862
v -0.915295 1.045678 0.047540
v -0.916329 0.637120 0.101990
v -0.915257 0.639845 0.007820
v -0.849009 0.298575 0.110524
v -0.849009 0.298575 0.200995
v 0.810996 0.358477 -0.296776
v 0.784619 0.358477 -0.381404
v 0.838646 1.252861 0.398479
v 0.872906 1.014565 0.348757
v 1.016249 1.439749 -0.037721
v 1.016249 1.441860 0.044316
v 1.016249 0.262809 0.037727
v 1.016249 0.262809 -0.037727
v 0.847213 1.067477 0.439580
v 0.837024 1.094252 -0.402637
v 0.810996 1.404342 0.435819
v 0.784619 1.409951 0.533442
v 0.784619 0.358477 0.381403
v 0.810996 0.358477 0.296776
v 0.847213 0.656881 0.406766
v 0.858572 1.104292 0.896803
v 0.898181 1.104292 0.841680
v 0.799259 1.505619 0.885951
v 0.757725 1.505619 0.943753
v 0.757725 0.262809 0.791714
v 0.799259 0.262809 0.733913
v 0.898181 0.608340 0.833124
v 0.858572 0.608340 0.888248
v 0.425099 1.065163 0.975415
v 0.490157 1.067477 0.936485
v 0.457899 1.409951 0.988129
v 0.391110 1.404341 1.020163
v 0.391110 0.358477 0.881120
v 0.457899 0.358477 0.836091
v 0.490157 0.656881 0.903671
v 0.425099 0.656881 0.947533
v 0.168769 1.094218 1.324896
v 0.229455 1.094218 1.312400
v 0.208287 1.441860 1.168736
v 0.144653 1.439749 1.175255
v 0.144653 0.262809 1.175250
v 0.208287 0.262809 1.162147
v 0.229455 0.608340 1.312400
v 0.168769 0.608340 1.324896
v -0.195923 1.045678 1.044939
v -0.121942 1.045678 1.060172
v -0.109454 1.344082 0.984190
v -0.185404 1.344082 0.968551
v -0.185404 0.358477 0.968551
v -0.109454 0.358477 0.984190
v -0.121942 0.656881 1.060172
v -0.195923 0.656881 1.044939
v -0.600002 1.094218 1.141610
v -0.546636 1.094218 1.177589
v -0.480146 1.439749 1.046600
v -0.536104 1.439749 1.008872
v -0.536104 0.233261 1.036923
v -0.480145 0.241781 1.056963
v -0.546636 0.605861 1.177589
v -0.600002 0.602273 1.141610
v -0.731618 1.045678 0.657085
v -0.677260 1.045678 0.720607
v -0.625592 1.344082 0.671775
v -0.675165 1.344082 0.602786
v -0.675165 0.298575 0.758340
v -0.625592 0.298575 0.827329
v -0.677055 0.635423 0.772086
v -0.730858 0.637138 0.707586
v -1.164171 1.094218 0.496925
v -1.143095 1.094218 0.564544
v -0.954022 1.439749 0.452466
v -0.975447 1.439749 0.381562
v -0.971944 0.202908 0.532119
v -0.949275 0.202908 0.601151
v -1.143095 0.597477 0.588334
v -1.164171 0.599735 0.520714
v -0.545090 0.023962 0.174359
v -0.756816 0.130563 0.202175
v -0.756298 0.129618 0.109112
v -0.545534 0.024014 0.079093
v -0.574888 -0.008345 -0.118687
v -0.810246 0.068785 -0.236701
v -0.788414 0.080650 -0.340056
v -0.553249 0.002125 -0.221323
v -0.449793 0.046212 -0.372842
v -0.605712 0.176990 -0.541724
v -0.554188 0.157817 -0.631585
v -0.402216 0.027585 -0.469670
v -0.338380 -0.058839 -0.641277
v -0.455803 0.001573 -0.923683
v -0.396291 0.001389 -0.963578
v -0.277382 -0.059433 -0.684848
v -0.139680 -0.001513 -0.683473
v -0.170671 0.107669 -0.944844
v -0.092338 0.107379 -0.960784
v -0.059423 -0.001584 -0.700379
v 0.069726 -0.059839 -0.757756
v 0.114034 0.000654 -1.067903
v 0.181575 0.000285 -1.053591
v 0.139759 -0.059491 -0.742038
v 0.243083 0.026520 -0.604763
v 0.343324 0.155283 -0.815495
v 0.412254 0.173189 -0.752519
v 0.311606 0.044305 -0.534973
v 0.437187 0.005486 -0.466415
v 0.631885 0.086986 -0.671432
v 0.675700 0.086603 -0.609812
v 0.481577 0.005935 -0.401026
v 0.502865 0.065176 -0.247593
v 0.698950 0.193118 -0.346462
v 0.725995 0.192844 -0.259175
v 0.529029 0.065508 -0.157182
v 0.592610 0.008362 -0.022917
v 0.852645 0.085909 -0.040058
v 0.852517 0.085771 0.040060
v 0.590601 0.008972 0.060502
v 0.525263 0.068793 0.186569
v 0.725717 0.192302 0.259053
v 0.698464 0.192181 0.346264
v 0.495623 0.069170 0.275373
v 0.470854 0.012560 0.424848
v 0.674903 0.085465 0.609011
v 0.630732 0.085375 0.670330
v 0.423718 0.013101 0.487396
v 0.307887 0.072536 0.529006
v 0.413209 0.191827 0.742916
v 0.344316 0.191689 0.789261
v 0.236741 0.072779 0.575414
v 0.137495 0.015856 0.674438
v 0.181711 0.085028 0.972655
v 0.114097 0.084857 0.986391
v 0.067213 0.016011 0.688348
v -0.044657 0.073946 0.631177
v -0.092316 0.190985 0.878751
v -0.170490 0.185965 0.863864
v -0.125729 0.068947 0.619795
v -0.260162 -0.010386 0.665865
v -0.398434 0.061499 0.922797
v -0.458456 0.053994 0.910562
v -0.328774 -0.021792 0.659905
v -0.392296 0.022050 0.574744
v -0.555719 0.134149 0.760656
v -0.606437 0.133264 0.689192
v -0.445468 0.021806 0.502757
v -0.549936 -0.035594 0.407451
v -0.790170 0.024407 0.534815
v -0.813101 0.023542 0.459867
v -0.574109 -0.035478 0.329055
v -0.558310 1.645161 -0.038061
v -0.744835 1.533927 -0.046616
v -0.744797 1.533997 0.046616
v -0.558099 1.644515 0.055755
v -0.568064 1.696847 -0.280488
v -0.772853 1.635711 -0.371379
v -0.796432 1.635748 -0.295608
v -0.592020 1.696728 -0.202074
v -0.407161 1.639794 -0.454307
v -0.544996 1.533744 -0.594870
v -0.596298 1.533781 -0.523437
v -0.457808 1.641506 -0.379047
v -0.279182 1.697335 -0.641473
v -0.387674 1.635584 -0.864726
v -0.447445 1.635617 -0.824388
v -0.340741 1.697245 -0.599496
v -0.058867 1.639582 -0.653902
v -0.090064 1.533561 -0.864895
v -0.168680 1.533617 -0.848671
v -0.139411 1.638414 -0.639027
v 0.140809 1.705471 -0.684577
v 0.179044 1.635369 -0.953642
v 0.111051 1.635443 -0.967562
v 0.071727 1.702538 -0.704567
v 0.315850 1.644428 -0.536941
v 0.407206 1.533118 -0.730399
v 0.338030 1.533272 -0.776923
v 0.246079 1.643956 -0.584557
v 0.495987 1.699401 -0.426767
v 0.662514 1.634760 -0.596568
v 0.617994 1.634979 -0.658156
v 0.448563 1.701368 -0.486943
v 0.539880 1.648147 -0.170218
v 0.714665 1.531791 -0.254164
v 0.687126 1.532262 -0.341640
v 0.512930 1.646843 -0.259037
v 0.623206 1.714034 0.083936
v 0.834233 1.650616 0.075624
v 0.834632 1.641466 -0.026440
v 0.621793 1.704494 -0.021183
v 0.523834 1.691837 0.395931
v 0.685850 1.600593 0.493158
v 0.712840 1.595230 0.391517
v 0.547017 1.688880 0.294377
v 0.458815 1.751574 0.627401
v 0.617620 1.701373 0.809836
v 0.661680 1.701820 0.747768
v 0.504021 1.751271 0.562862
v 0.249804 1.677209 0.716813
v 0.338281 1.592265 0.915589
v 0.407244 1.598847 0.882516
v 0.322897 1.689203 0.682923
v 0.065776 1.664282 0.730010
v 0.111255 1.639545 0.982562
v 0.179361 1.647106 0.990723
v 0.137192 1.687222 0.752429
v -0.132671 1.609358 0.638865
v -0.168591 1.534620 0.848036
v -0.089925 1.534918 0.864040
v -0.056679 1.604999 0.656074
v -0.330908 1.678567 0.604509
v -0.446842 1.636443 0.823559
v -0.383632 1.640494 0.859263
v -0.257601 1.667875 0.636352
v -0.451751 1.643073 0.389381
v -0.596236 1.533928 0.523376
v -0.544866 1.534048 0.594746
v -0.394756 1.644628 0.459769
v -0.590608 1.696336 0.211363
v -0.797598 1.637884 0.298349
v -0.774005 1.638082 0.374081
v -0.565915 1.696277 0.289470
v -0.016846 1.831056 0.036080
v -0.000616 1.841395 0.080897
v 0.019880 1.847255 0.112613
v 0.038589 1.848479 0.125841
v 0.062260 1.847354 0.128200
v 0.084564 1.844528 0.122026
v 0.109790 1.839000 0.105895
v 0.129103 1.832977 0.083974
v 0.145972 1.823913 0.051628
v 0.153054 1.815304 0.018710
v 0.149648 1.805862 -0.019770
v 0.135868 1.798878 -0.049639
v 0.108931 1.794592 -0.072116
v 0.079913 1.792660 -0.088872
v 0.042768 1.793174 -0.105968
v 0.009970 1.795376 -0.108697
v -0.020654 1.800674 -0.089248
v -0.028824 1.813127 -0.036249
v -0.015800 1.901324 0.067397
v -0.002319 1.884571 0.098468
v 0.017520 1.872908 0.123379
v 0.035836 1.870181 0.134288
v 0.058947 1.869722 0.138290
v 0.079390 1.875922 0.135174
v 0.100257 1.888319 0.124853
v 0.114082 1.902707 0.110795
v 0.122598 1.921110 0.090870
v 0.122726 1.936983 0.071982
v 0.114485 1.952379 0.051471
v 0.100837 1.961776 0.036579
v 0.080001 1.966400 0.025347
v 0.059465 1.968051 0.015660
v 0.033530 1.968282 0.002283
v 0.009804 1.962959 -0.004160
v -0.013512 1.948486 0.000839
v -0.022164 1.927040 0.025888
v -0.053944 1.934842 0.205174
v -0.027020 1.908896 0.197662
v -0.001683 1.892444 0.194989
v 0.018741 1.886531 0.196829
v 0.041481 1.887771 0.205150
v 0.059765 1.896201 0.217693
v 0.077064 1.914473 0.235211
v 0.087614 1.937604 0.253442
v 0.091649 1.970436 0.273192
v 0.086329 2.001793 0.288356
v 0.069541 2.035357 0.300121
v 0.046440 2.057807 0.304247
v 0.012105 2.081918 0.303715
v -0.024693 2.103884 0.295979
v -0.069480 2.112690 0.277692
v -0.101850 2.097207 0.256046
v -0.107184 2.040203 0.232508
v -0.085146 1.981735 0.217238
v -0.064063 1.882093 0.240548
v -0.032429 1.868564 0.213471
v -0.003494 1.858814 0.198862
v 0.018203 1.854420 0.196820
v 0.040467 1.853924 0.207691
v 0.056677 1.857871 0.227962
v 0.069894 1.866938 0.264297
v 0.074961 1.879565 0.304488
v 0.071276 1.898091 0.355217
v 0.057318 1.916122 0.395420
v 0.031408 1.934492 0.428311
v 0.004879 1.946039 0.442601
v -0.026381 1.952968 0.443653
v -0.053414 1.954853 0.434405
v -0.085561 1.954344 0.417430
v -0.110157 1.947760 0.391682
v -0.122624 1.929933 0.343899
v -0.098558 1.904339 0.289134
v -0.108015 1.819425 0.337221
v -0.074274 1.798802 0.320825
v -0.036644 1.786629 0.309537
v -0.009429 1.780460 0.311196
v 0.018086 1.780037 0.322941
v 0.039466 1.789829 0.337056
v 0.057423 1.809899 0.358350
v 0.065591 1.833669 0.379340
v 0.064146 1.864989 0.402162
v 0.052583 1.892655 0.417624
v 0.030935 1.919365 0.427947
v 0.007033 1.935625 0.429864
v -0.022123 1.943877 0.423847
v -0.049391 1.944765 0.417038
v -0.084927 1.939461 0.411870
v -0.115539 1.924530 0.403843
v -0.142130 1.892943 0.388036
v -0.133096 1.856055 0.360833
v -0.166897 1.835875 0.570428
v -0.133615 1.806131 0.566789
v -0.092824 1.787048 0.562169
v -0.063602 1.781557 0.571888
v -0.029947 1.780998 0.580463
v -0.003383 1.794386 0.585917
v 0.020868 1.820934 0.585578
v 0.034057 1.850971 0.579551
v 0.037971 1.888164 0.567067
v 0.031412 1.919122 0.552625
v 0.013881 1.948050 0.534347
v -0.008087 1.965039 0.518689
v -0.037191 1.973004 0.502935
v -0.066870 1.974309 0.499604
v -0.108543 1.970961 0.512900
v -0.147464 1.957291 0.532459
v -0.184924 1.925223 0.558094
v -0.192041 1.882955 0.571126
v -0.134308 1.851174 0.564474
v -0.113093 1.833078 0.564457
v -0.084488 1.819478 0.560314
v -0.063630 1.815253 0.565498
v -0.041027 1.815703 0.573471
v -0.022766 1.825060 0.577716
v -0.006032 1.843498 0.577693
v 0.003241 1.865411 0.573330
v 0.006010 1.890132 0.564992
v 0.001659 1.911726 0.554864
v -0.009771 1.931712 0.539298
v -0.024384 1.942646 0.526182
v -0.044537 1.947740 0.514921
v -0.065393 1.947649 0.512858
v -0.094506 1.944989 0.522351
v -0.121430 1.935013 0.536826
v -0.147092 1.912486 0.556397
v -0.151655 1.883437 0.565645
v -0.096251 1.868724 0.555093
v -0.085156 1.859634 0.552961
v -0.071673 1.854942 0.550718
v -0.061554 1.853159 0.552330
v -0.051223 1.854168 0.556531
v -0.042713 1.858878 0.558474
v -0.034923 1.867565 0.558526
v -0.030560 1.877638 0.556399
v -0.029161 1.889160 0.552368
v -0.031090 1.899186 0.547592
v -0.036486 1.909765 0.541065
v -0.043638 1.914527 0.535764
v -0.053350 1.916189 0.530494
v -0.063496 1.915791 0.529593
v -0.077642 1.913782 0.534292
v -0.090551 1.908756 0.541409
v -0.102731 1.897782 0.551437
v -0.104743 1.883944 0.556123
v 0.850686 0.656881 0.395622
v 1.127633 0.557974 -0.036234
v 0.847213 0.814776 0.419385
v 0.847213 0.663425 0.407289
v 1.146639 0.770684 0.035980
v 0.872906 0.804608 0.334420
v 0.847213 0.836080 -0.406766
v 0.837506 0.610606 -0.402833
v 1.146639 0.761861 -0.035979
v 0.853632 0.650767 -0.460463
v 1.128527 0.560344 0.036222
v 0.850917 0.550895 -0.314544
v 0.898181 0.907627 -0.833124
v 0.863714 0.612576 0.320240
v 0.872906 0.821007 -0.324332
v 0.980937 0.553294 0.185213
v 0.929852 0.478676 -0.203480
v 0.880860 0.848548 0.692090
v 0.847213 0.814776 0.419385
v 0.872906 0.804608 0.334420
v 0.847213 0.814776 0.427822
v 0.872209 0.809997 0.333380
v 0.887551 0.613179 0.398489
v 0.893273 0.608331 0.390227
v 0.838703 0.674323 -0.456349
v 0.840693 0.673156 -0.449965
v 0.859419 0.688298 -0.307256
v 0.859029 0.690032 -0.309820
v 0.871024 0.689325 0.297688
v 0.871479 0.687775 0.295051
v 1.122133 0.638605 0.043132
v 1.122133 0.638439 0.041781
v 1.136820 0.605203 -0.027071
v 1.137115 0.605983 -0.003213
v 0.846043 0.799678 0.326886
v 0.820349 0.809846 0.411851
v 0.866078 0.608166 0.381053
v 0.856670 0.611889 0.411199
v 0.877758 0.805786 0.316349
v 0.894956 0.606951 0.385290
v 0.851301 0.795687 0.310746
v 0.871336 0.604175 0.365412
v 1.158724 1.066246 -0.016843
v 1.158724 1.059201 0.055116
v 1.134187 1.148969 -0.017171
v 1.158724 1.083947 0.018935
v 1.135416 1.146092 0.056607
v 1.128678 1.080758 0.089827
v 1.105595 1.074526 -0.072810
v 1.086738 0.985175 0.133600
v 1.114645 1.201469 0.024462
v 1.041257 0.981535 -0.140584
v 0.936978 1.069069 0.286485
v 0.859839 1.066340 0.396648
v 0.805699 1.294613 0.501831
v 0.836148 1.128019 0.456173
v 0.809125 1.376219 0.674589
v 1.076982 1.222452 0.102393
v 0.809418 1.225859 -0.391452
v 0.863845 1.045678 -0.353404
v 0.839957 1.204493 -0.309666
v 0.869544 1.061885 -0.322835
v 0.805456 1.361219 -0.633816
v 1.013621 1.183454 -0.130124
v -0.196053 0.168119 0.087625
v -0.196115 0.168136 -0.009729
v -0.170478 0.168270 -0.089607
v -0.116365 0.168103 -0.166171
v -0.054592 0.168050 -0.208218
v 0.028589 0.168028 -0.225465
v 0.098989 0.168095 -0.210545
v 0.171989 0.168226 -0.160857
v 0.218292 0.168280 -0.095882
v 0.247438 0.168236 -0.003286
v 0.247312 0.168254 0.080171
v 0.218451 0.168243 0.173027
v 0.172509 0.168250 0.236873
v 0.099185 0.168274 0.286120
v 0.028704 0.168268 0.300678
v -0.054747 0.168243 0.283484
v -0.116971 0.168167 0.242254
v -0.171395 0.168109 0.167032
v -0.040150 1.525054 0.197907
v -0.005270 1.572264 0.220196
v 0.014713 1.587182 0.225068
v 0.044737 1.582393 0.231450
v 0.070181 1.575091 0.226647
v 0.098316 1.561451 0.210821
v 0.116513 1.546953 0.190003
v 0.129897 1.528604 0.156182
v 0.129908 1.514122 0.127168
v 0.117310 1.500247 0.092203
v 0.100049 1.491418 0.072204
v 0.069297 1.488837 0.056666
v 0.038616 1.474977 0.043852
v -0.005005 1.438514 0.027713
v -0.041053 1.404925 0.022628
v -0.089135 1.376761 0.033918
v -0.101441 1.396680 0.087982
v -0.073945 1.465338 0.157395
v 0.844688 1.040428 -0.302060
v 0.813311 1.040471 -0.402884
v 0.753325 1.327825 -0.378283
v 0.785185 1.327817 -0.275883
v 0.770940 0.283783 -0.725193
v 0.745158 0.283532 -0.760655
v 0.843259 0.615640 -0.853084
v 0.865866 0.615662 -0.821639
v 0.865861 1.086858 -0.821682
v 0.843275 1.086899 -0.853079
v 0.745433 1.418777 -0.760673
v 0.770958 1.418731 -0.725222
v 0.447431 0.370807 -0.801784
v 0.365844 0.356521 -0.867792
v 0.400597 0.660810 -0.919687
v 0.480435 0.661827 -0.865511
v 0.480957 1.040511 -0.865364
v 0.401280 1.040491 -0.919091
v 0.368875 1.327868 -0.855189
v 0.449785 1.327868 -0.800639
v 0.190094 0.196610 -1.214943
v 0.151937 0.196066 -1.221866
v 0.176209 0.598084 -1.288844
v 0.210129 0.599240 -1.282470
v 0.211001 1.086816 -1.279380
v 0.176317 1.086679 -1.286490
v 0.152323 1.418777 -1.142243
v 0.191412 1.418777 -1.134194
v -0.095837 0.286741 -1.031303
v -0.187798 0.286417 -1.012204
v -0.197883 0.629360 -1.020205
v -0.108412 0.629655 -1.038618
v -0.108056 1.039966 -1.023924
v -0.198367 1.039933 -1.005337
v -0.188162 1.327868 -0.931996
v -0.096156 1.327868 -0.950941
v -0.476910 0.195961 -1.092354
v -0.511113 0.197325 -1.070253
v -0.572221 0.599924 -1.121454
v -0.541868 0.598076 -1.140972
v -0.542453 1.086656 -1.138494
v -0.572990 1.086836 -1.117947
v -0.512060 1.418777 -0.989345
v -0.477686 1.418777 -1.012520
v -0.595429 0.357472 -0.669206
v -0.655170 0.371703 -0.575136
v -0.704988 0.662023 -0.621437
v -0.645957 0.661262 -0.703944
v -0.646274 1.040503 -0.703382
v -0.705406 1.040511 -0.621085
v -0.657157 1.327868 -0.572713
v -0.597104 1.327868 -0.656287
v -0.922831 0.284132 -0.407546
v -0.936316 0.282708 -0.343438
v -1.054140 0.614870 -0.425146
v -1.042111 0.615935 -0.465117
v -1.042276 1.086899 -0.464832
v -1.054325 1.086650 -0.426004
v -0.936844 1.418777 -0.373522
v -0.923269 1.418777 -0.417077
v -0.818967 1.327442 0.055123
v -0.818660 1.327867 -0.054547
v -0.882284 1.040203 -0.053711
v -0.882576 1.040548 0.058649
v -0.883898 0.644050 0.113274
v -0.881871 0.643773 -0.000795
v -0.817820 0.314373 0.104741
v -0.819763 0.316427 0.212150
v 0.785220 0.374627 -0.275737
v 0.753309 0.374688 -0.378260
v 0.810264 1.244225 0.377587
v 0.843893 1.016448 0.327356
v 0.989964 1.418953 -0.022396
v 0.988300 1.420911 0.034047
v 0.989758 0.283824 0.023205
v 0.989695 0.283717 -0.023207
v 0.813189 1.064026 0.435219
v 0.803867 1.083778 -0.403432
v 0.782247 1.389180 0.419927
v 0.752937 1.394478 0.532302
v 0.753308 0.374686 0.378260
v 0.785273 0.374737 0.275733
v 0.813354 0.662280 0.402638
v 0.841554 1.103984 0.861953
v 0.865192 1.099554 0.831529
v 0.770341 1.487144 0.874643
v 0.743930 1.490755 0.910151
v 0.745454 0.283780 0.760660
v 0.770939 0.283781 0.725194
v 0.865843 0.615720 0.821767
v 0.843077 0.616222 0.853320
v 0.403265 1.065496 0.944442
v 0.480880 1.070480 0.897973
v 0.450260 1.401090 0.950032
v 0.372952 1.391728 0.988527
v 0.368855 0.374686 0.855209
v 0.449810 0.374686 0.800629
v 0.481001 0.663190 0.865522
v 0.401707 0.662916 0.918777
v 0.176820 1.087042 1.286560
v 0.212422 1.088234 1.278077
v 0.196179 1.422465 1.136589
v 0.154334 1.420241 1.142072
v 0.152346 0.283780 1.142249
v 0.191392 0.283781 1.134210
v 0.211158 0.615823 1.279279
v 0.176410 0.615659 1.286473
v -0.198497 1.040511 1.005268
v -0.107904 1.040511 1.023922
v -0.096022 1.328131 0.950887
v -0.188158 1.327860 0.931999
v -0.189106 0.373424 0.931573
v -0.096285 0.374618 0.950836
v -0.107904 0.662048 1.023922
v -0.198635 0.661801 1.005249
v -0.573085 1.086775 1.117817
v -0.542563 1.086899 1.138432
v -0.477730 1.418759 1.012527
v -0.512112 1.418733 0.989304
v -0.514881 0.252512 1.011930
v -0.481530 0.259279 1.020898
v -0.543795 0.612038 1.138088
v -0.573928 0.608257 1.116181
v -0.715381 1.037616 0.622661
v -0.647375 1.039243 0.701892
v -0.597311 1.327698 0.655952
v -0.658902 1.326693 0.572022
v -0.656710 0.310385 0.726628
v -0.597075 0.312279 0.809645
v -0.647136 0.636515 0.752398
v -0.713583 0.636115 0.672924
v -1.130983 1.084452 0.500396
v -1.120644 1.082815 0.536401
v -0.935995 1.415674 0.428244
v -0.947705 1.416599 0.386472
v -0.944078 0.226189 0.535043
v -0.929507 0.222257 0.574653
v -1.119106 0.603272 0.560207
v -1.130987 0.609220 0.524941
v -0.542088 0.063059 0.182645
v -0.735229 0.160187 0.211998
v -0.734862 0.160550 0.103998
v -0.543868 0.063932 0.075593
v -0.573109 0.031622 -0.121478
v -0.791322 0.102240 -0.238066
v -0.775558 0.113752 -0.323074
v -0.554320 0.041528 -0.213885
v -0.448191 0.085977 -0.367872
v -0.589662 0.206565 -0.522141
v -0.528848 0.184494 -0.626873
v -0.391547 0.065118 -0.476423
v -0.330191 -0.020349 -0.647326
v -0.437358 0.034273 -0.914951
v -0.397806 0.034901 -0.941593
v -0.283857 -0.020133 -0.682047
v -0.146047 0.037796 -0.680464
v -0.174912 0.138026 -0.919086
v -0.080606 0.137536 -0.938150
v -0.052760 0.037771 -0.700015
v 0.076970 -0.020622 -0.757614
v 0.121832 0.034106 -1.047715
v 0.166160 0.032811 -1.038509
v 0.130340 -0.021011 -0.744822
v 0.230712 0.063855 -0.607391
v 0.320200 0.181569 -0.801734
v 0.403253 0.202378 -0.727082
v 0.312005 0.084165 -0.530443
v 0.440013 0.045038 -0.460566
v 0.625233 0.119741 -0.649609
v 0.656008 0.119356 -0.606985
v 0.475435 0.044915 -0.407238
v 0.495657 0.103947 -0.253549
v 0.675189 0.222095 -0.346582
v 0.708054 0.222323 -0.241810
v 0.527737 0.104552 -0.148079
v 0.592193 0.047566 -0.014413
v 0.836356 0.118887 -0.027401
v 0.835978 0.118594 0.027445
v 0.589674 0.047885 0.050803
v 0.523331 0.107555 0.176472
v 0.707667 0.221324 0.241082
v 0.675220 0.221722 0.346152
v 0.489566 0.108194 0.281420
v 0.465916 0.051763 0.431120
v 0.655568 0.118534 0.606519
v 0.625220 0.118346 0.648399
v 0.428684 0.052013 0.479535
v 0.312311 0.111373 0.520372
v 0.409390 0.221145 0.715896
v 0.326462 0.221246 0.771907
v 0.228609 0.111758 0.575322
v 0.129961 0.054986 0.675410
v 0.168319 0.118148 0.956286
v 0.121996 0.118009 0.965766
v 0.075040 0.055029 0.686461
v -0.037632 0.113124 0.628474
v -0.081218 0.220678 0.855089
v -0.177565 0.213881 0.836260
v -0.134899 0.107008 0.613003
v -0.270748 0.027289 0.659757
v -0.405318 0.091294 0.897162
v -0.445328 0.087136 0.893946
v -0.324398 0.017985 0.661005
v -0.385223 0.061155 0.578207
v -0.534739 0.163978 0.749728
v -0.595719 0.163649 0.666180
v -0.448605 0.061094 0.495510
v -0.553533 0.003631 0.400153
v -0.779601 0.057949 0.516591
v -0.794674 0.056984 0.465166
v -0.571499 0.003584 0.337681
v -0.557431 1.605209 -0.041564
v -0.722698 1.504691 -0.055913
v -0.722854 1.504536 0.055835
v -0.557166 1.606124 0.067350
v -0.572221 1.657869 -0.272323
v -0.761257 1.602647 -0.353133
v -0.777388 1.602752 -0.300726
v -0.591001 1.657174 -0.208674
v -0.400500 1.600860 -0.460067
v -0.523003 1.504389 -0.585477
v -0.584590 1.504286 -0.499929
v -0.460403 1.601734 -0.374752
v -0.283451 1.657640 -0.638471
v -0.388817 1.602543 -0.842012
v -0.430019 1.602609 -0.814097
v -0.332197 1.658807 -0.605189
v -0.048997 1.601212 -0.651813
v -0.078378 1.504174 -0.841236
v -0.172673 1.504143 -0.821856
v -0.143552 1.598853 -0.634440
v 0.134554 1.666024 -0.684876
v 0.165678 1.602451 -0.936841
v 0.118853 1.602537 -0.946499
v 0.080507 1.663843 -0.701922
v 0.320142 1.605281 -0.529736
v 0.403053 1.503740 -0.703512
v 0.320056 1.504007 -0.759247
v 0.237399 1.605143 -0.583961
v 0.490340 1.660136 -0.431695
v 0.642954 1.601900 -0.593746
v 0.612316 1.602012 -0.636277
v 0.453319 1.662338 -0.479509
v 0.539555 1.609056 -0.161206
v 0.696484 1.502463 -0.236884
v 0.663490 1.503147 -0.341429
v 0.506580 1.607686 -0.263646
v 0.622270 1.673937 0.083236
v 0.816273 1.617054 0.069046
v 0.818188 1.608890 -0.013041
v 0.621346 1.665876 -0.010328
v 0.518027 1.653041 0.403568
v 0.662485 1.571229 0.494817
v 0.693057 1.564201 0.380885
v 0.545283 1.648842 0.292850
v 0.463056 1.712071 0.622453
v 0.612684 1.667832 0.788593
v 0.642749 1.668441 0.745189
v 0.498061 1.712515 0.570542
v 0.246975 1.637337 0.713847
v 0.328014 1.560879 0.893665
v 0.406160 1.569002 0.855736
v 0.328293 1.650331 0.675257
v 0.076176 1.626107 0.727872
v 0.123075 1.607272 0.963137
v 0.174543 1.612825 0.970658
v 0.137689 1.647153 0.750518
v -0.139693 1.571263 0.629327
v -0.173366 1.503883 0.822864
v -0.078150 1.504027 0.842449
v -0.049762 1.566000 0.651244
v -0.324719 1.639156 0.606506
v -0.430449 1.602651 0.813503
v -0.385927 1.606501 0.838126
v -0.263868 1.628844 0.630642
v -0.450842 1.603842 0.381053
v -0.584804 1.504564 0.499522
v -0.523451 1.504183 0.585146
v -0.386829 1.605872 0.464432
v -0.587438 1.658111 0.222967
v -0.778944 1.604657 0.303912
v -0.762800 1.604802 0.355896
v -0.566590 1.656361 0.285525
v 0.016378 1.826575 0.026904
v 0.029925 1.838621 0.062738
v 0.043950 1.845694 0.084030
v 0.049766 1.847192 0.087926
v 0.059271 1.845915 0.088259
v 0.070736 1.842174 0.085376
v 0.087514 1.835329 0.075573
v 0.100502 1.828441 0.062217
v 0.113186 1.818645 0.040863
v 0.119066 1.809953 0.021074
v 0.118472 1.801148 -0.003587
v 0.112121 1.795384 -0.020858
v 0.092161 1.791387 -0.037250
v 0.065633 1.789482 -0.052523
v 0.033803 1.789489 -0.067416
v 0.014386 1.790524 -0.069208
v 0.003025 1.793249 -0.061145
v 0.004826 1.806238 -0.032012
v 0.015709 1.916877 0.063684
v 0.024514 1.907187 0.087687
v 0.036503 1.901131 0.105447
v 0.044084 1.901370 0.110965
v 0.056035 1.899540 0.111667
v 0.065600 1.901436 0.108732
v 0.077316 1.906485 0.101152
v 0.084322 1.911023 0.092557
v 0.089492 1.918161 0.080564
v 0.090484 1.923141 0.071429
v 0.087310 1.929725 0.060922
v 0.081107 1.934041 0.054169
v 0.065412 1.936976 0.046642
v 0.047708 1.938276 0.038778
v 0.027810 1.938592 0.028424
v 0.017733 1.936824 0.024836
v 0.012550 1.935239 0.023373
v 0.011505 1.931942 0.032190
v -0.027566 1.954582 0.221636
v -0.005411 1.933605 0.216694
v 0.012280 1.920914 0.218077
v 0.018477 1.918633 0.220889
v 0.025580 1.919399 0.221409
v 0.034885 1.923300 0.223265
v 0.047820 1.935438 0.233284
v 0.055206 1.949465 0.247392
v 0.058093 1.970653 0.264590
v 0.054975 1.989035 0.278054
v 0.044424 2.010339 0.289019
v 0.029219 2.024877 0.293261
v 0.001124 2.045560 0.292620
v -0.028722 2.065333 0.285922
v -0.061959 2.074006 0.271702
v -0.078875 2.067577 0.259462
v -0.075106 2.033467 0.245194
v -0.055024 1.993689 0.232380
v -0.041205 1.897313 0.266343
v -0.016251 1.886955 0.243709
v 0.004156 1.877968 0.232962
v 0.014351 1.874068 0.231507
v 0.024678 1.874311 0.236913
v 0.031680 1.877583 0.247167
v 0.039317 1.883194 0.272680
v 0.041550 1.888890 0.303936
v 0.037815 1.898096 0.346122
v 0.027919 1.907087 0.376731
v 0.012723 1.927638 0.395350
v -0.002213 1.947420 0.403371
v -0.026377 1.957736 0.403819
v -0.047719 1.957362 0.394922
v -0.070965 1.945598 0.382181
v -0.083859 1.930349 0.372622
v -0.089165 1.924268 0.351024
v -0.069920 1.912704 0.309657
v -0.083391 1.842613 0.352872
v -0.057487 1.830358 0.335973
v -0.027105 1.822331 0.324055
v -0.008202 1.818558 0.323683
v 0.008729 1.817676 0.331510
v 0.018933 1.821735 0.341125
v 0.029048 1.832506 0.357683
v 0.032762 1.844498 0.374589
v 0.030545 1.862791 0.394095
v 0.021785 1.878994 0.406249
v 0.004623 1.900419 0.410442
v -0.011228 1.922028 0.398723
v -0.024310 1.931494 0.385772
v -0.031534 1.927671 0.387333
v -0.065246 1.911737 0.394189
v -0.091196 1.896234 0.402989
v -0.110631 1.881640 0.399382
v -0.102474 1.865695 0.376257
v -0.148228 1.856931 0.544144
v -0.123125 1.833427 0.540062
v -0.084266 1.816527 0.536860
v -0.055186 1.808025 0.543386
v -0.028989 1.808895 0.551653
v -0.012153 1.817004 0.554405
v 0.003977 1.834388 0.553338
v 0.012361 1.852198 0.548469
v 0.015632 1.875990 0.539125
v 0.012564 1.895121 0.529193
v 0.001406 1.915751 0.515530
v -0.013218 1.928420 0.503437
v -0.038231 1.934819 0.490692
v -0.067361 1.935986 0.487749
v -0.106749 1.932988 0.500126
v -0.138185 1.921237 0.518597
v -0.161786 1.902705 0.538797
v -0.165043 1.886111 0.546517
v -0.139006 1.848197 0.524844
v -0.117876 1.829381 0.524902
v -0.084216 1.812971 0.520728
v -0.055916 1.806005 0.527514
v -0.031862 1.807462 0.535695
v -0.014604 1.816750 0.539643
v 0.000432 1.833486 0.539585
v 0.008632 1.853117 0.535664
v 0.010978 1.875478 0.528099
v 0.007372 1.894122 0.519437
v -0.002299 1.911790 0.505587
v -0.015260 1.922424 0.493212
v -0.038395 1.928577 0.480413
v -0.067629 1.929303 0.477275
v -0.102079 1.926418 0.487906
v -0.129007 1.916219 0.502504
v -0.152873 1.897543 0.519783
v -0.156412 1.876689 0.526490
v -0.099436 1.860118 0.516086
v -0.088487 1.849862 0.514245
v -0.071803 1.843220 0.512351
v -0.057509 1.840143 0.514677
v -0.045111 1.841337 0.519195
v -0.036645 1.846158 0.521091
v -0.029106 1.854567 0.521185
v -0.024937 1.864254 0.519154
v -0.023532 1.875442 0.515245
v -0.025520 1.884382 0.510876
v -0.030609 1.893232 0.505162
v -0.037874 1.897351 0.500139
v -0.049749 1.899495 0.494257
v -0.064544 1.899595 0.492909
v -0.081505 1.897480 0.497914
v -0.094795 1.892288 0.505163
v -0.106734 1.883138 0.514381
v -0.108322 1.874907 0.517260
v 0.818629 0.664106 0.383136
v 1.095783 0.570890 -0.028530
v 0.816798 0.796686 0.414827
v 0.812860 0.663610 0.406913
v 1.113685 0.775261 0.025603
v 0.847476 0.787425 0.313627
v 0.813592 0.835436 -0.398542
v 0.803937 0.618794 -0.400425
v 1.113911 0.764984 -0.024184
v 0.820301 0.658672 -0.466122
v 1.097386 0.573760 0.025875
v 0.820636 0.559402 -0.297611
v 0.865492 0.907627 -0.820782
v 0.833384 0.620635 0.303209
v 0.843547 0.820371 -0.303508
v 0.958792 0.563659 0.156346
v 0.907538 0.488637 -0.174648
v 0.846853 0.848312 0.697783
v 0.847213 0.774658 0.419385
v 0.872906 0.764489 0.334420
v 0.834626 0.790954 0.399083
v 0.854847 0.775419 0.331711
v 0.869538 0.634435 0.371744
v 0.868807 0.631285 0.373907
v 0.806362 0.672530 -0.442931
v 0.808352 0.671363 -0.436547
v 0.825913 0.690671 -0.298711
v 0.825524 0.692405 -0.301275
v 0.837558 0.691054 0.288784
v 0.838013 0.689505 0.286148
v 1.088558 0.647043 0.042098
v 1.088558 0.646878 0.040747
v 1.103309 0.614039 -0.026797
v 1.103604 0.614819 -0.002938
v 0.872479 0.778607 0.341462
v 0.845791 0.787438 0.396861
v 0.888222 0.638727 0.383659
v 0.879296 0.633003 0.389621
v 0.854517 0.784280 0.336608
v 0.869013 0.632901 0.389570
v 0.864863 0.784189 0.345767
v 0.880174 0.633601 0.390653
v 1.125651 1.067413 -0.006047
v 1.125610 1.061539 0.044690
v 1.108103 1.136562 0.005802
v 1.124405 1.085791 0.018912
v 1.108056 1.134539 0.035270
v 1.103467 1.074675 0.063261
v 1.082880 1.066723 -0.043741
v 1.063755 0.988003 0.103915
v 1.083614 1.184255 0.024727
v 1.018094 0.981111 -0.110959
v 0.913329 1.069758 0.257392
v 0.827393 1.066016 0.383462
v 0.772389 1.287789 0.494768
v 0.802980 1.117980 0.459110
v 0.776429 1.365354 0.680386
v 1.051244 1.212340 0.077817
v 0.776650 1.215413 -0.385434
v 0.831642 1.042848 -0.339717
v 0.813006 1.194270 -0.286982
v 0.843284 1.051694 -0.299059
v 0.772631 1.350920 -0.639661
v 0.991177 1.173591 -0.101397
vn -0.6788 -0.5072 -0.5311
vn -0.5279 -0.6927 -0.4913
vn -0.4194 -0.8190 -0.3915
vn -0.0339 0.9821 -0.1854
vn -0.3343 0.8313 -0.4441
vn -0.0345 0.9857 0.1651
vn -0.0492 0.9793 0.1964
vn -0.3552 0.9168 -0.1826
vn 0.1282 0.9762 -0.1752
vn -0.2143 0.9715 0.1015
vn -0.1949 0.9755 0.1015
vn -0.5733 0.7162 -0.3981
vn 0.1994 0.9724 -0.1208
vn 0.2070 0.9723 -0.1089
vn -0.2656 0.6742 -0.6891
vn -0.2661 0.9620 -0.0614
vn 0.2965 0.9549 -0.0182
vn 0.2387 0.9710 0.0096
vn 0.2742 0.6519 -0.7070
vn -0.1234 0.9764 -0.1773
vn 0.4937 -0.1946 -0.8476
vn 0.3445 -0.3486 -0.8717
vn 0.3047 -0.1174 -0.9452
vn 0.0659 0.9960 0.0606
vn 0.0314 0.9988 0.0382
vn 0.5971 0.7850 -0.1653
vn 0.1800 0.9698 -0.1644
vn 0.1928 0.9687 -0.1563
vn 0.5974 0.8017 -0.0196
vn 0.5116 0.8404 0.1790
vn -0.1611 0.9762 0.1451
vn -0.0765 0.9954 0.0573
vn 0.0281 0.9906 0.1336
vn 0.3701 0.8600 0.3513
vn -0.4008 0.9148 0.0496
vn 0.2658 0.9496 0.1662
vn 0.2309 0.9425 0.2418
vn -0.2388 0.8675 0.4364
vn -0.2214 0.9746 -0.0335
vn -0.1642 0.9862 -0.0209
vn -0.6362 0.7664 0.0882
vn 0.8592 -0.4769 -0.1853
vn 0.2160 -0.8275 -0.5182
vn 0.3946 -0.5057 -0.7672
vn -0.6910 0.6912 -0.2116
vn -0.0011 0.9665 0.2565
vn -0.9747 -0.1977 -0.1042
vn -0.8865 -0.3933 -0.2437
vn -0.8423 -0.5363 -0.0548
vn -0.9079 -0.3072 -0.2852
vn -0.7940 -0.5957 -0.1215
vn 0.5771 -0.6957 0.4278
vn 0.2691 -0.3898 0.8807
vn 0.7001 -0.3682 0.6118
vn -0.3465 -0.8313 0.4345
vn -0.5935 -0.7944 -0.1291
vn -0.2686 -0.8247 -0.4977
vn 0.5961 -0.4198 -0.6845
vn 0.5068 -0.7846 -0.3571
vn 0.7351 -0.6778 0.0166
vn 0.7995 -0.3570 0.4831
vn 0.9350 -0.3455 0.0794
vn -0.4012 -0.8301 0.3873
vn 0.0605 -0.4247 0.9033
vn -0.6423 -0.4603 0.6128
vn -0.7620 -0.4139 -0.4981
vn 0.0588 -0.8355 -0.5463
vn -0.5955 -0.7776 -0.2018
vn 0.2280 0.9663 0.1196
vn 0.2137 0.9669 0.1391
vn 0.5057 0.7411 -0.4415
vn -0.0903 -0.9725 -0.2147
vn -0.1056 -0.9737 -0.2018
vn 0.1681 -0.9850 -0.0391
vn -0.2553 -0.8269 0.5010
vn 0.5533 -0.5053 0.6623
vn -0.2636 -0.5224 0.8109
vn -0.0520 -0.9971 0.0561
vn 0.1390 -0.9892 0.0471
vn 0.1687 -0.9851 0.0330
vn -0.0298 -0.9890 0.1450
vn 0.0335 -0.9939 -0.1052
vn -0.1107 -0.9895 0.0925
vn 0.1555 -0.9765 -0.1495
vn -0.1153 -0.9902 -0.0788
vn -0.1131 -0.9901 -0.0832
vn 0.0934 -0.9887 -0.1172
vn 0.0950 -0.9793 0.1789
vn 0.1622 -0.9850 -0.0592
vn 0.2070 -0.9753 -0.0770
vn -0.0185 -0.9864 0.1635
vn 0.0799 -0.9861 0.1456
vn 0.0400 0.9802 -0.1941
vn -0.2298 -0.9713 0.0615
vn 0.0794 -0.9913 -0.1051
vn -0.0288 -0.9922 -0.1212
vn 0.8159 -0.4748 0.3298
vn 0.5820 -0.6940 0.4239
vn 0.5337 -0.7932 0.2933
vn 0.1232 -0.3721 0.9200
vn 0.2216 -0.7419 0.6328
vn 0.2471 -0.6915 0.6788
vn 0.8043 -0.3527 -0.4782
vn 0.7518 -0.6593 -0.0111
vn 0.9346 -0.3471 -0.0774
vn 0.4273 -0.8206 0.3796
vn 0.9556 0.1617 -0.2461
vn 0.8599 0.4707 -0.1972
vn 0.9343 0.2159 0.2837
vn 0.7884 -0.2964 -0.5391
vn 0.7316 -0.5948 -0.3330
vn 0.6214 -0.7819 0.0511
vn -0.6703 -0.6973 0.2539
vn 0.0786 -0.2925 -0.9530
vn 0.1311 -0.7478 -0.6509
vn -0.1511 -0.9885 -0.0015
vn 0.0323 -0.9695 0.2429
vn -0.1462 -0.9893 0.0018
vn -0.8759 0.4770 0.0721
vn -0.3792 0.8161 -0.4361
vn -0.6609 0.4985 -0.5610
vn -0.4327 -0.3850 0.8152
vn -0.3617 -0.7197 0.5927
vn -0.0728 0.9784 -0.1932
vn -0.5415 0.7471 -0.3855
vn 0.2997 -0.7179 -0.6283
vn 0.4128 -0.5085 0.7557
vn 0.1311 -0.7291 0.6718
vn 0.1901 -0.8251 0.5320
vn -0.3581 -0.7445 0.5634
vn -0.6170 -0.4703 0.6310
vn -0.4478 -0.2893 -0.8460
vn -0.3837 -0.7301 -0.5655
vn 0.5766 -0.7044 -0.4140
vn 0.8160 -0.4760 -0.3280
vn 0.5223 -0.7981 -0.3005
vn -0.0589 -0.9947 0.0844
vn 0.0574 0.9802 0.1894
vn -0.5640 0.0282 0.8253
vn -0.6348 -0.2387 0.7349
vn -0.5714 0.3704 0.7323
vn -0.6834 0.6903 0.2377
vn -0.3818 0.7165 0.5838
vn -0.8130 -0.1658 0.5581
vn -0.8706 -0.3023 0.3883
vn -0.1254 -0.1668 0.9780
vn 0.0935 -0.1205 0.9883
vn -0.2321 0.9648 0.1233
vn 0.1202 0.8844 0.4510
vn -0.4611 -0.1286 0.8780
vn -0.2618 -0.1855 0.9471
vn -0.3050 0.4698 0.8284
vn 0.1694 0.8639 0.4743
vn -0.3933 0.7899 0.4704
vn 0.7401 -0.1385 0.6581
vn -0.2059 0.9553 0.2123
vn 0.4968 -0.1629 0.8524
vn 0.1650 0.8408 0.5156
vn 0.8739 0.4176 0.2488
vn 0.6096 0.7906 0.0578
vn 0.9894 -0.1130 0.0907
vn 0.8568 -0.4701 0.2120
vn 0.7458 0.6659 -0.0203
vn 0.8026 0.3536 -0.4805
vn 0.9346 0.3465 -0.0805
vn 0.2689 0.3876 -0.8817
vn 0.5025 0.1763 -0.8464
vn 0.3038 0.1194 -0.9452
vn 0.4486 0.8346 -0.3197
vn 0.5944 -0.8017 -0.0630
vn 0.3026 0.7852 -0.5403
vn 0.5474 0.4943 -0.6752
vn 0.7463 0.1181 -0.6551
vn 0.5999 0.1797 -0.7796
vn 0.5790 0.6881 -0.4373
vn 0.6922 0.3699 -0.6197
vn -0.2589 0.5318 -0.8063
vn -0.4583 0.1375 -0.8781
vn -0.4322 0.3858 -0.8151
vn -0.0000 0.6426 -0.7662
vn -0.0729 0.5294 -0.8452
vn 0.0829 0.1423 -0.9863
vn -0.1322 0.1899 -0.9728
vn 0.0785 0.3954 -0.9152
vn -0.3795 0.7112 -0.5917
vn -0.7446 0.5075 -0.4336
vn -0.9185 0.1125 -0.3790
vn -0.8651 0.3538 -0.3555
vn -0.5797 0.3785 -0.7216
vn -0.7700 0.1676 -0.6157
vn 0.1144 0.9826 -0.1460
vn -0.9120 0.3530 0.2087
vn -0.9865 0.1576 0.0452
vn -0.9696 0.1112 0.2180
vn -0.5987 0.7912 -0.1250
vn -0.9154 0.3479 -0.2025
vn -0.8437 0.5237 -0.1176
vn -0.9720 0.2221 -0.0772
vn -0.9563 -0.1356 -0.2592
vn -0.5254 0.1811 0.8313
vn -0.7123 -0.1766 0.6793
vn -0.5890 0.5616 0.5811
vn -0.8246 0.1548 0.5441
vn -0.9007 -0.0174 0.4341
vn -0.7504 0.4774 0.4571
vn -0.8938 0.1359 0.4274
vn -0.1326 0.1871 0.9734
vn -0.0774 0.5241 0.8481
vn 0.0853 0.1260 0.9884
vn 0.0822 0.3956 0.9147
vn -0.2577 0.1756 0.9501
vn -0.4568 0.1180 0.8817
vn 0.7096 -0.0297 0.7040
vn 0.5762 -0.1582 0.8019
vn 0.5820 0.2982 0.7565
vn 0.5425 0.1768 0.8213
vn 0.5445 0.0230 0.8385
vn 0.3050 -0.1443 0.9413
vn 0.2448 0.2084 0.9469
vn 0.4188 0.3695 0.8295
vn 0.9628 -0.0841 -0.2569
vn 0.9707 0.1024 0.2175
vn 0.9489 -0.1641 0.2697
vn 0.9252 0.1272 -0.3574
vn 0.5678 0.6327 -0.5266
vn 0.9967 0.0149 -0.0796
vn 0.8396 0.4950 0.2237
vn 0.5886 0.2652 0.7637
vn 0.9558 -0.1630 -0.2447
vn 0.9825 -0.0246 -0.1845
vn 0.7991 0.3848 0.4619
vn 0.6157 -0.1071 -0.7806
vn 0.7496 -0.1083 -0.6529
vn -0.2476 -0.0548 -0.9673
vn -0.4488 -0.0026 -0.8936
vn -0.1590 -0.0532 -0.9858
vn -0.0943 -0.4310 -0.8974
vn 0.0660 0.0049 -0.9978
vn -0.8446 -0.0780 -0.5297
vn -0.9228 -0.0997 -0.3722
vn -0.8174 0.1495 -0.5564
vn -0.7669 -0.1516 -0.6236
vn -0.6363 -0.3382 -0.6934
vn -0.6309 -0.1051 -0.7687
vn -0.9817 -0.0765 0.1742
vn -0.8913 -0.4517 0.0394
vn -0.9375 -0.3291 0.1128
vn -0.9875 -0.1557 0.0256
vn -0.9661 0.1064 -0.2351
vn 0.8612 0.1110 -0.4959
vn 0.2244 0.8254 -0.5181
vn 0.5042 0.2804 -0.8168
vn -0.6979 -0.6815 -0.2204
vn -0.6902 -0.7147 0.1136
vn -0.6080 -0.7934 0.0290
vn -0.3634 -0.9160 0.1697
vn -0.2769 -0.9494 0.1481
vn 0.0833 -0.9890 0.1222
vn 0.2094 -0.9658 0.1528
vn 0.2453 -0.9591 0.1414
vn -0.1011 -0.9920 0.0760
vn 0.2697 -0.9629 0.0108
vn 0.2519 -0.9675 -0.0202
vn -0.0279 -0.9921 -0.1221
vn 0.3168 -0.9462 0.0663
vn 0.4187 -0.9057 0.0660
vn 0.2089 -0.9682 -0.1377
vn -0.1370 -0.9904 -0.0200
vn -0.2359 -0.9686 -0.0782
vn 0.2140 -0.9742 -0.0710
vn 0.0576 -0.9743 -0.2179
vn 0.0156 -0.9797 -0.1999
vn -0.2642 -0.9633 0.0467
vn 0.0439 0.8242 -0.5646
vn 0.0615 0.8493 0.5243
vn -0.5602 0.7991 0.2183
vn 0.7420 0.6699 -0.0271
vn 0.8940 0.2991 0.3337
vn 0.6504 0.7199 0.2423
vn -0.2694 0.9602 -0.0732
vn -0.2532 0.8221 -0.5100
vn -0.3560 0.8249 0.4390
vn 0.3519 0.7729 0.5280
vn 0.0399 0.7448 0.6661
vn -0.1293 0.9755 -0.1781
vn 0.1871 0.8236 -0.5354
vn 0.3822 0.5114 -0.7696
vn -0.6990 0.6761 -0.2330
vn -0.3939 0.7517 0.5289
vn 0.1419 0.7584 0.6361
vn 0.0174 0.9701 -0.2421
vn 0.5248 0.7905 -0.3156
vn 0.5754 0.8027 0.1570
vn -0.6324 0.2668 0.7272
vn -0.8595 0.3583 0.3644
vn -0.4369 0.3810 0.8148
vn 0.3143 -0.0913 0.9449
vn 0.9902 0.0863 0.1102
vn 0.8522 0.4740 -0.2217
vn 0.7640 -0.0173 -0.6450
vn 0.9919 0.1260 -0.0151
vn 0.9914 0.1030 -0.0810
vn 0.5745 0.6340 0.5177
vn -0.2301 -0.4462 -0.8649
vn -0.2502 0.2021 -0.9469
vn -0.6277 0.1200 -0.7692
vn 0.8472 -0.2389 -0.4745
vn 0.5896 0.6972 -0.4077
vn 0.8066 0.4713 -0.3567
vn 0.7492 -0.5715 0.3347
vn 0.9433 0.3306 0.0290
vn 0.6135 0.7886 -0.0413
vn -0.0865 -0.9856 -0.1456
vn 0.1408 0.7302 -0.6686
vn -0.2401 -0.9707 -0.0065
vn 0.4380 0.8099 -0.3901
vn -0.2162 -0.9763 -0.0101
vn -0.0634 -0.9924 -0.1052
vn -0.5501 0.8053 -0.2211
vn 0.0328 -0.9859 -0.1643
vn -0.3892 0.7218 -0.5723
vn -0.5888 0.7953 0.1442
vn 0.1188 -0.9764 0.1802
vn 0.0696 -0.9655 0.2509
vn 0.9350 0.3335 0.1203
vn 0.8216 0.0024 0.5700
vn 0.8038 0.4982 0.3251
vn -0.1617 -0.9656 0.2035
vn -0.1517 -0.9647 0.2153
vn 0.3469 0.4895 0.8000
vn 0.3216 -0.9343 0.1537
vn 0.3657 -0.9187 0.1492
vn 0.1188 0.7271 -0.6761
vn -0.7006 0.6830 -0.2064
vn -0.7052 0.6787 0.2050
vn -0.3558 -0.1158 0.9274
vn 0.0852 0.2960 0.9514
vn -0.1517 -0.1096 0.9823
vn 0.1499 -0.0612 0.9868
vn 0.5481 0.2434 0.8002
vn 0.9068 0.3572 0.2241
vn 0.6969 0.6421 -0.3195
vn 0.7319 0.3960 0.5545
vn 0.6935 0.3641 -0.6216
vn 0.7884 -0.0160 0.6149
vn 0.9698 -0.2255 0.0926
vn 0.2500 0.5695 0.7830
vn 0.9276 -0.3054 -0.2150
vn 0.7565 0.0845 -0.6486
vn 0.1670 0.8167 -0.5523
vn -0.0000 1.0000 -0.0000
vn 0.0291 0.9860 0.1641
vn 0.8830 0.2080 0.4208
vn 0.9518 0.1610 0.2611
vn 0.9568 0.1558 0.2454
vn 0.7496 -0.6612 0.0297
vn 0.3673 -0.3973 -0.8410
vn 0.9287 0.3708 -0.0011
vn -0.4705 -0.6850 0.5562
vn 0.7230 0.6890 0.0505
vn 0.7656 -0.3052 0.5663
vn 0.5068 -0.7928 -0.3385
vn 0.6586 -0.5124 -0.5510
vn 0.8096 0.5021 0.3041
vn 0.8538 0.2279 0.4680
vn -0.9481 -0.1739 -0.2663
vn -0.9463 -0.1754 -0.2715
vn -0.9483 -0.1731 -0.2660
vn -0.4213 -0.0935 0.9021
vn 0.3144 -0.0630 0.9472
vn 0.3820 -0.0578 0.9223
vn -0.2774 0.9435 -0.1815
vn -0.1627 0.9810 -0.1056
vn -0.1309 0.9878 -0.0846
vn -0.9457 -0.1765 -0.2729
vn -0.9480 -0.1745 -0.2662
vn -0.9457 -0.1768 -0.2728
vn 0.6177 -0.1612 -0.7697
vn 0.3334 -0.2786 -0.9007
vn 0.3026 -0.2888 -0.9083
vn 0.9459 0.1757 0.2727
vn 0.9482 0.1742 0.2658
vn -0.2794 0.9069 -0.3153
vn -0.0155 -0.9740 0.2261
vn -0.0737 -0.9720 0.2232
vn -0.0757 -0.9683 0.2382
vn 0.8585 0.4786 -0.1841
vn 0.9935 0.0705 0.0898
vn 0.9785 0.2064 -0.0013
vn 0.6574 0.6236 -0.4231
vn 0.7081 0.5221 0.4754
vn 0.7584 -0.5581 -0.3366
vn 0.6266 -0.5496 -0.5526
vn 0.5276 0.6910 0.4941
vn 0.6842 0.5151 0.5164
vn 0.4192 0.8184 0.3930
vn 0.0537 -0.9786 0.1988
vn 0.3306 -0.8282 0.4526
vn 0.5815 -0.6945 0.4238
vn 0.0446 -0.9800 -0.1941
vn 0.3581 -0.9284 0.0989
vn 0.2094 -0.9736 -0.0911
vn 0.5713 -0.6796 0.4603
vn 0.2143 -0.9720 -0.0964
vn -0.1917 -0.9724 0.1329
vn 0.2282 -0.6517 0.7233
vn -0.2141 -0.9691 0.1228
vn 0.2772 -0.9577 0.0769
vn -0.3071 -0.9512 0.0282
vn -0.2570 -0.6237 0.7382
vn -0.2487 -0.9686 -0.0022
vn 0.1135 -0.9744 0.1939
vn -0.3489 0.3575 0.8663
vn -0.5007 0.1752 0.8477
vn -0.3028 0.1166 0.9459
vn -0.0798 -0.9948 -0.0625
vn -0.6006 -0.7715 0.2100
vn -0.0388 -0.9983 -0.0438
vn -0.1805 -0.9704 0.1607
vn -0.6165 -0.7857 0.0514
vn -0.2040 -0.9663 0.1569
vn -0.5571 -0.8183 -0.1415
vn 0.0856 -0.9945 -0.0606
vn -0.4059 -0.8493 -0.3375
vn -0.0334 -0.9903 -0.1349
vn 0.4089 -0.9110 -0.0531
vn -0.2771 -0.9448 -0.1748
vn 0.2809 -0.8374 -0.4689
vn -0.2326 -0.9416 -0.2434
vn 0.2312 -0.9725 0.0286
vn 0.6961 -0.7173 -0.0292
vn 0.1579 -0.9873 0.0155
vn -0.8549 0.4724 0.2146
vn -0.2045 0.8133 0.5447
vn -0.6299 0.7741 0.0638
vn 0.7086 -0.6623 0.2433
vn 0.9750 0.2003 0.0966
vn 0.8860 0.3894 0.2520
vn 0.9553 0.1405 0.2600
vn 0.9091 0.3039 0.2851
vn 0.6271 0.3475 0.6971
vn -0.2661 0.3877 -0.8825
vn -0.5808 0.6940 -0.4256
vn -0.7029 0.3648 -0.6106
vn 0.3341 0.8230 -0.4595
vn 0.8368 0.5437 0.0644
vn 0.6317 0.4637 -0.6212
vn 0.2696 0.8309 0.4867
vn -0.5939 0.4187 0.6870
vn 0.2531 0.4329 0.8652
vn -0.8000 0.3619 -0.4786
vn -0.7406 0.6719 -0.0124
vn -0.9367 0.3416 -0.0763
vn -0.1095 0.4126 -0.9043
vn 0.4128 0.8090 -0.4184
vn 0.6157 0.4641 -0.6369
vn -0.0675 0.8335 0.5484
vn 0.7809 0.4205 0.4619
vn 0.5905 0.7814 0.2018
vn -0.2429 -0.9631 -0.1161
vn -0.4909 -0.7197 0.4910
vn -0.2274 -0.9633 -0.1423
vn 0.0861 0.9726 0.2161
vn -0.1706 0.9845 0.0395
vn 0.1053 0.9730 0.2055
vn -0.5542 0.5085 -0.6590
vn 0.2676 0.8187 -0.5081
vn 0.2658 0.5217 -0.8107
vn -0.1410 0.9888 -0.0487
vn 0.0567 0.9966 -0.0593
vn -0.1716 0.9846 -0.0332
vn 0.0329 0.9889 -0.1446
vn -0.0338 0.9934 0.1095
vn -0.4155 0.9073 -0.0644
vn 0.1164 0.9899 0.0814
vn -0.1679 0.9736 0.1546
vn 0.1161 0.9897 0.0842
vn -0.0924 0.9890 0.1152
vn -0.0946 0.9792 -0.1798
vn 0.2373 0.9679 0.0824
vn 0.0191 0.9857 -0.1675
vn -0.2055 0.9754 0.0800
vn -0.0812 0.9856 -0.1484
vn -0.0589 -0.9775 0.2024
vn -0.0814 0.9909 0.1068
vn 0.2318 0.9705 -0.0667
vn 0.0287 0.9920 0.1233
vn -0.5367 0.7894 -0.2980
vn -0.8122 0.4797 -0.3321
vn -0.2436 0.7347 -0.6331
vn -0.1266 0.3722 -0.9195
vn -0.2499 0.6889 -0.6804
vn 0.7948 0.5946 0.1213
vn -0.8071 0.3498 0.4755
vn -0.7542 0.6566 0.0081
vn -0.5978 0.6893 0.4093
vn -0.4183 0.8200 -0.3906
vn -0.8543 -0.4885 0.1779
vn -0.9512 -0.2661 -0.1560
vn -0.9369 -0.3406 0.0794
vn -0.4817 0.8096 0.3353
vn -0.7891 0.2927 0.5400
vn -0.6059 0.7950 -0.0290
vn 0.6708 0.6980 -0.2506
vn -0.0817 0.2889 0.9539
vn 0.0950 0.4410 0.8925
vn 0.1499 0.9887 0.0023
vn -0.0291 0.9696 -0.2430
vn -0.0159 0.9773 0.2114
vn 0.8765 -0.4771 -0.0643
vn 0.3785 -0.8152 0.4383
vn 0.6099 -0.7820 -0.1288
vn 0.4345 0.3815 -0.8159
vn 0.0742 -0.9807 0.1807
vn -0.3348 0.6940 0.6374
vn -0.1285 0.7272 -0.6743
vn -0.4092 0.5183 -0.7510
vn -0.1877 0.8248 -0.5334
vn 0.6373 0.2500 -0.7289
vn 0.3762 0.7335 -0.5661
vn 0.4519 0.2883 0.8442
vn 0.3867 0.7286 0.5654
vn -0.5140 0.7938 0.3251
vn 0.0598 0.9949 -0.0815
vn -0.0570 -0.9761 -0.2098
vn 0.5601 -0.0446 -0.8273
vn 0.7375 0.1601 -0.6560
vn 0.6855 -0.6884 -0.2370
vn 0.5751 -0.3844 -0.7222
vn 0.4063 -0.7026 -0.5842
vn 0.8272 0.1258 -0.5477
vn 0.8727 0.2983 -0.3866
vn 0.9040 0.0115 -0.4275
vn 0.1381 0.1596 -0.9775
vn -0.0966 0.1208 -0.9880
vn 0.2330 -0.9642 -0.1266
vn 0.4659 0.1238 -0.8762
vn 0.2637 0.1857 -0.9466
vn -0.1818 -0.8560 -0.4840
vn 0.3112 -0.4785 -0.8211
vn 0.3959 -0.7910 -0.4664
vn -0.7386 0.1433 -0.6588
vn -0.6017 0.1781 -0.7786
vn 0.2035 -0.9547 -0.2171
vn -0.4877 0.2009 -0.8496
vn -0.3028 0.1471 -0.9417
vn -0.1590 -0.8403 -0.5182
vn -0.8808 -0.4082 -0.2398
vn -0.4603 -0.3690 -0.8075
vn -0.9667 0.2218 -0.1279
vn -0.8537 0.4742 -0.2150
vn -0.9569 0.1633 -0.2403
vn -0.8031 -0.3498 0.4824
vn -0.7511 -0.6600 0.0156
vn -0.2651 -0.3887 0.8824
vn -0.5004 -0.1753 0.8479
vn -0.4097 -0.5177 0.7511
vn -0.4621 -0.8231 0.3302
vn -0.9364 0.3428 0.0756
vn -0.2645 -0.7895 0.5538
vn -0.5457 -0.5249 0.6532
vn -0.7484 -0.1171 0.6528
vn -0.7023 -0.3661 0.6105
vn -0.5833 -0.6864 0.4342
vn 0.4598 -0.1317 0.8782
vn 0.2659 -0.5220 0.8104
vn 0.4355 -0.3828 0.8148
vn -0.0128 -0.6196 0.7848
vn 0.0748 -0.5225 0.8494
vn -0.0869 -0.1412 0.9862
vn -0.0859 -0.3923 0.9158
vn 0.3817 -0.7085 0.5936
vn -0.1228 -0.7217 0.6813
vn 0.9196 -0.1088 0.3776
vn 0.7548 -0.4857 0.4409
vn 0.8670 -0.3511 0.3536
vn 0.7660 -0.1480 0.6256
vn 0.5808 -0.3725 0.7238
vn 0.6325 -0.5015 0.5902
vn -0.0934 -0.9838 0.1531
vn 0.9693 -0.1183 -0.2157
vn 0.9162 -0.3459 -0.2021
vn 0.9163 -0.3429 0.2069
vn 0.5973 -0.7897 0.1399
vn 0.8429 -0.5243 0.1211
vn 0.9706 -0.2239 0.0886
vn 0.5231 -0.1872 -0.8314
vn 0.5758 -0.5771 -0.5791
vn 0.8303 -0.1719 -0.5301
vn 0.7451 -0.5077 -0.4325
vn 0.8950 -0.1349 -0.4252
vn 0.8596 -0.3577 -0.3650
vn 0.1302 -0.1871 -0.9737
vn -0.0907 -0.1275 -0.9877
vn 0.0747 -0.5270 -0.8466
vn -0.0849 -0.3913 -0.9164
vn 0.4655 -0.1243 -0.8763
vn 0.2541 -0.1845 -0.9494
vn 0.4388 -0.3761 -0.8161
vn -0.5764 -0.1443 -0.8043
vn -0.7114 0.0433 -0.7014
vn -0.5772 -0.2995 -0.7597
vn -0.3443 -0.5145 -0.7854
vn -0.5332 -0.0094 -0.8459
vn -0.3202 0.0828 -0.9437
vn -0.2564 -0.2026 -0.9451
vn -0.9688 -0.0892 -0.2314
vn -0.9668 -0.0662 0.2467
vn -0.9760 -0.2077 0.0654
vn -0.6566 -0.7378 -0.1566
vn -0.8980 -0.2876 -0.3329
vn -0.8370 -0.4892 -0.2452
vn -0.2967 -0.1148 0.9481
vn -0.9568 0.1620 0.2413
vn -0.6809 0.6711 0.2933
vn -0.9211 -0.0730 0.3825
vn -0.8114 0.5845 0.0021
vn -0.6121 0.0627 0.7883
vn -0.7577 0.1019 0.6445
vn -0.5783 -0.1552 0.8009
vn 0.2610 0.0617 0.9634
vn 0.4513 0.0010 0.8924
vn 0.1463 0.0685 0.9869
vn -0.0710 -0.0081 0.9974
vn 0.1158 -0.1991 0.9731
vn 0.8465 0.0971 0.5235
vn 0.9243 0.1001 0.3683
vn 0.8200 -0.1490 0.5526
vn 0.7612 0.1927 0.6193
vn 0.6327 0.1116 0.7663
vn 0.6276 -0.1072 0.7711
vn 0.9818 0.0728 -0.1755
vn 0.8907 0.4518 -0.0508
vn 0.9873 0.1552 -0.0325
vn 0.9652 -0.1050 0.2395
vn -0.8219 -0.2244 0.5235
vn -0.8600 -0.1111 0.4981
vn 0.0365 -0.6317 0.7743
vn -0.0835 0.9882 -0.1285
vn 0.1163 0.9891 -0.0907
vn 0.0005 -0.9661 -0.2580
vn 0.6966 0.6827 0.2204
vn 0.9380 0.3287 -0.1098
vn 0.6051 0.7956 -0.0285
vn 0.3604 0.9173 -0.1694
vn 0.2727 0.9504 -0.1499
vn -0.7327 0.5939 0.3323
vn -0.2055 0.9666 -0.1531
vn 0.1097 0.9913 -0.0726
vn -0.2435 0.9593 -0.1428
vn -0.2696 0.9629 -0.0094
vn 0.0285 0.9927 0.1176
vn -0.2532 0.9671 0.0230
vn -0.1320 0.7481 0.6503
vn -0.3141 0.9469 -0.0692
vn -0.2088 0.9681 0.1388
vn 0.3595 0.7193 -0.5944
vn 0.1301 0.9914 0.0105
vn -0.2208 0.9725 0.0734
vn -0.0572 0.9740 0.2194
vn 0.2638 0.9635 -0.0450
vn -0.0455 -0.8237 0.5651
vn 0.5674 -0.7883 0.2380
vn -0.0591 -0.8515 -0.5210
vn 0.5667 -0.7961 -0.2123
vn -0.7409 -0.6711 0.0266
vn -0.9454 -0.3250 -0.0234
vn 0.2676 -0.9596 0.0864
vn 0.2655 -0.8139 0.5168
vn 0.3648 -0.8159 -0.4485
vn 0.1589 -0.9743 -0.1594
vn -0.3384 -0.7653 -0.5476
vn 0.1214 -0.9757 0.1825
vn -0.1871 -0.8250 0.5333
vn -0.1102 -0.9784 0.1751
vn 0.7021 -0.6727 0.2336
vn 0.3930 -0.7143 0.5790
vn -0.1496 -0.8793 -0.4521
vn 0.3944 -0.7526 -0.5273
vn -0.1467 -0.7581 -0.6354
vn -0.0239 -0.9698 0.2429
vn -0.5263 -0.7907 0.3128
vn -0.5731 -0.8039 -0.1591
vn 0.0594 -0.9846 -0.1644
vn 0.6336 -0.2614 -0.7282
vn -0.6948 0.7126 -0.0973
vn -0.6184 0.3526 -0.7023
vn -0.8803 0.3529 0.3172
vn -0.8223 0.4495 0.3491
vn -0.7116 0.5789 -0.3981
vn -0.7989 0.4870 0.3530
vn -0.6038 0.3751 0.7034
vn -0.9920 -0.1013 0.0754
vn -0.8345 0.2901 0.4685
vn -0.4022 0.5257 0.7496
vn -0.9511 -0.1800 0.2509
vn 0.2511 -0.2023 0.9466
vn 0.9855 -0.1607 -0.0539
vn -0.9804 -0.1488 -0.1292
vn -0.6931 -0.4637 0.5519
vn -0.8168 -0.4668 0.3391
vn -0.5905 -0.6956 0.4093
vn -0.6210 -0.7780 0.0954
vn -0.6083 -0.7927 0.0394
vn 0.0901 0.9850 0.1468
vn -0.1399 -0.7277 0.6715
vn -0.4341 -0.8125 0.3891
vn 0.2168 0.9761 0.0111
vn 0.2486 0.9685 0.0126
vn 0.0625 0.9922 0.1077
vn -0.0364 0.9858 0.1640
vn 0.5734 0.8055 0.1497
vn 0.7175 -0.6656 -0.2052
vn -0.1677 0.9841 0.0579
vn 0.1480 0.9890 -0.0004
vn -0.0671 0.9657 -0.2509
vn -0.7509 0.4596 -0.4742
vn -0.6281 -0.5614 -0.5388
vn -0.7825 -0.6017 0.1604
vn -0.5786 -0.8150 -0.0316
vn -0.0355 -0.7452 -0.6659
vn 0.1593 0.9665 -0.2014
vn 0.1538 0.9645 -0.2146
vn -0.3247 0.9331 -0.1544
vn -0.3667 0.9197 -0.1401
vn -0.1129 0.9770 -0.1807
vn 0.6876 0.7190 -0.1009
vn -0.5971 0.6787 -0.4276
vn -0.6455 -0.7226 -0.2476
vn 0.7042 -0.6802 0.2037
vn 0.1076 -0.2487 -0.9626
vn 0.3807 -0.5745 -0.7246
vn 0.4397 -0.2671 -0.8575
vn -0.2942 -0.2203 -0.9300
vn 0.0323 -0.2360 -0.9712
vn -0.9406 0.2983 -0.1621
vn -0.3477 0.8465 -0.4031
vn -0.4281 0.7973 0.4256
vn -0.5336 0.5895 -0.6065
vn -0.7308 0.6021 0.3217
vn -0.9698 -0.2403 0.0419
vn -0.6846 -0.4234 0.5934
vn 0.6064 -0.7553 -0.2485
vn -0.9548 -0.1689 -0.2444
vn 0.6833 0.2645 0.6806
vn -0.9540 -0.1696 -0.2472
vn -0.5185 -0.7421 0.4249
vn 0.6351 -0.7336 0.2417
vn -0.5780 0.8039 -0.1402
vn -0.7056 -0.5486 -0.4485
vn -0.8374 -0.5298 -0.1345
vn -0.4735 0.7776 0.4137
vn -0.5361 0.8144 0.2222
vn 0.5650 0.2828 0.7751
vn 0.8840 0.1836 0.4300
vn 0.8975 0.1758 0.4044
vn -0.8464 -0.2116 0.4888
vn 0.0946 -0.1469 0.9846
vn 0.1515 -0.1372 0.9789
vn 0.2269 0.9629 -0.1461
vn -0.0321 0.9821 -0.1856
vn 0.2725 0.9522 -0.1378
vn -0.5174 -0.2926 -0.8041
vn -0.6165 -0.2897 -0.7321
vn -0.6229 -0.2894 -0.7268
vn 0.6325 -0.1994 -0.7485
vn 0.1385 -0.2719 -0.9523
vn 0.6492 -0.1951 -0.7352
vn 0.9953 0.0735 -0.0627
vn 0.9957 0.0893 -0.0239
vn 0.9957 0.0899 -0.0224
vn -0.3248 -0.6810 0.6563
vn -0.4598 -0.5684 0.6823
vn -0.2054 -0.7579 0.6192
vn -0.0092 0.9918 -0.1277
vn -0.3977 0.8992 -0.1825
vn -0.2009 0.9429 -0.2655
vn -0.4792 0.5773 -0.6611
vn -0.9933 -0.0669 -0.0939
vn -0.9094 0.2103 -0.3589
vn 0.0895 -0.5240 0.8470
vn -0.9042 -0.4246 -0.0457
vn -0.7124 0.6739 -0.1959
vn -0.5326 -0.8393 -0.1094
vn -0.5472 -0.8204 0.1661
vn 0.8137 -0.5588 -0.1603
vn 0.3931 0.9070 -0.1513
vn 0.1901 -0.7126 0.6754
vn 0.5020 0.6357 0.5865
vn -0.7171 -0.5375 -0.4437
vn -0.6898 0.0578 -0.7217
vn 0.3471 -0.0642 -0.9356
vn 0.7399 0.3443 -0.5779
vn -0.3844 0.2805 -0.8795
vn -0.6685 -0.4418 0.5982
vn 0.4002 -0.6087 0.6851
vn -0.4208 0.7368 -0.5293
vn 0.6223 0.4796 -0.6186
vn 0.0465 -0.4427 -0.8954
vn -0.0325 -0.3756 -0.9262
vn 0.9933 -0.1151 0.0082
vn 0.6466 0.7533 0.1203
vn -0.5685 0.8225 -0.0148
vn -0.7642 0.5970 -0.2439
vn -0.8651 -0.3281 -0.3794
vn 0.5675 -0.6646 0.4860
vn -0.9858 0.1513 -0.0732
vn -0.7555 0.4127 -0.5088
vn -0.7662 0.1800 -0.6169
vn 0.9436 0.1120 -0.3115
vn 0.1114 0.0301 0.9933
vn -0.3630 0.0322 0.9312
vn 0.7587 0.0789 -0.6466
vn 0.4560 0.0746 -0.8868
vn 0.5580 0.0770 -0.8263
vn 0.4447 0.0611 0.8936
vn 0.2629 0.0887 -0.9607
vn 0.6871 0.0912 0.7208
vn -0.1946 0.1266 -0.9727
vn 0.8517 0.1079 0.5129
vn -0.9735 0.0999 0.2055
vn 0.9544 0.1233 0.2718
vn -0.9110 0.0659 0.4070
vn 0.9921 0.1251 -0.0111
vn -0.7492 0.0365 0.6613
vn -0.9878 -0.0288 -0.1529
vn -0.7944 -0.4805 -0.3715
vn -0.8900 -0.3133 -0.3313
vn 0.8281 0.5176 -0.2152
vn 0.9505 0.3107 0.0094
vn -0.6147 -0.6718 0.4133
vn 0.5888 0.6819 -0.4340
vn 0.1183 -0.7373 0.6651
vn -0.2853 -0.7705 0.5700
vn 0.3884 0.7441 -0.5436
vn 0.4820 -0.6029 0.6358
vn 0.3350 0.7403 -0.5828
vn 0.7402 -0.3993 0.5410
vn 0.1854 0.7361 -0.6510
vn 0.9045 -0.1655 0.3930
vn -0.2214 0.6850 -0.6941
vn 0.9735 0.0769 0.2152
vn -0.9445 -0.3226 0.0614
vn -0.8345 -0.5069 0.2160
vn 0.5994 0.7544 0.2677
vn 0.7928 0.5568 0.2478
vn 0.0119 -0.8031 -0.5958
vn 0.4959 -0.7781 -0.3856
vn 0.4614 0.8318 0.3085
vn 0.7417 -0.6560 -0.1397
vn -0.2165 0.9615 0.1695
vn 0.2266 0.9322 0.2822
vn 0.8624 -0.5063 -0.0006
vn -0.7539 0.6512 -0.0865
vn 0.9553 -0.2738 0.1115
vn -0.9591 0.0561 -0.2775
vn 0.9842 -0.0183 0.1761
vn -0.6566 -0.6146 -0.4372
vn 0.9391 0.2670 0.2163
vn -0.4356 -0.7057 -0.5588
vn 0.8103 -0.4127 -0.4160
vn 0.5554 -0.4677 -0.6877
vn 0.9214 -0.3485 -0.1717
vn -0.5191 0.1353 0.8440
vn -0.8235 0.3718 0.4284
vn 0.9799 -0.1979 0.0257
vn -0.7489 -0.3095 -0.5860
vn 0.9809 0.0031 0.1945
vn -0.5712 -0.3955 -0.7192
vn -0.9775 0.1626 -0.1343
vn 0.8815 0.2170 0.4194
vn -0.3126 -0.4291 -0.8474
vn -0.8765 -0.1638 -0.4526
vn 0.5487 0.1896 0.8142
vn 0.1148 -0.4727 -0.8737
vn -0.5826 0.6482 0.4903
vn 0.0023 0.9544 0.2986
vn -0.5820 0.3571 0.7306
vn 0.6375 -0.7631 -0.1057
vn 0.8477 -0.5302 0.0168
vn 0.9620 -0.2525 0.1040
vn -0.5045 -0.7805 -0.3691
vn -0.7444 -0.5580 -0.3667
vn -0.7065 0.7077 0.0029
vn 0.9822 0.0526 0.1804
vn -0.2972 -0.8844 -0.3598
vn -0.9132 -0.2237 -0.3406
vn -0.9352 0.2578 -0.2426
vn 0.7810 0.4631 0.4190
vn 0.8964 0.3562 0.2639
vn -0.0433 -0.9488 -0.3130
vn 0.2980 -0.9319 -0.2068
vn 0.5659 -0.2947 0.7700
vn -0.0860 0.9419 0.3246
vn 0.6385 0.0906 0.7642
vn -0.3951 -0.6467 0.6524
vn -0.6141 -0.4848 0.6227
vn -0.3456 0.8617 0.3715
vn 0.6321 0.3653 0.6833
vn -0.2970 -0.7213 0.6257
vn -0.8332 -0.0482 0.5509
vn -0.7078 0.4679 0.5292
vn 0.5583 0.5918 0.5814
vn -0.2861 -0.6492 0.7048
vn 0.4012 0.7807 0.4791
vn 0.0382 0.9503 0.3091
vn 0.1914 0.8977 0.3970
vn -0.0102 -0.7047 0.7094
vn 0.3185 -0.5105 0.7987
vn 0.9891 -0.1365 -0.0561
vn 0.5747 -0.4990 0.6487
vn 0.8133 -0.2264 0.5360
vn -0.7750 -0.1238 0.6197
vn -0.1214 -0.0231 -0.9923
vn -0.4217 -0.0619 -0.9046
vn -0.4552 -0.1087 0.8837
vn -0.6644 -0.0939 -0.7414
vn -0.2676 -0.1203 0.9560
vn -0.8338 -0.1237 -0.5381
vn 0.2057 -0.1557 0.9661
vn -0.9401 -0.1516 -0.3054
vn 0.9703 -0.1038 -0.2185
vn -0.9852 -0.1693 -0.0262
vn 0.9083 -0.0664 -0.4131
vn -0.9468 -0.1749 0.2703
vn 0.7393 -0.0410 -0.6721
vn 0.9799 0.1773 0.0911
vn 0.7615 0.5145 0.3941
vn 0.9376 0.3422 -0.0613
vn -0.8378 -0.5056 0.2059
vn 0.5904 0.7019 -0.3985
vn 0.3146 0.0097 -0.9492
vn -0.5694 -0.6887 0.4488
vn -0.1184 0.7714 -0.6253
vn -0.3600 -0.7480 0.5576
vn -0.5525 -0.1117 0.8260
vn -0.4958 0.6316 -0.5960
vn -0.3317 -0.7386 0.5868
vn -0.7309 0.4464 -0.5163
vn -0.2287 -0.7327 0.6410
vn -0.8971 0.1988 -0.3946
vn -0.0193 -0.7348 0.6780
vn -0.9702 -0.0403 -0.2389
vn -0.9562 -0.2896 -0.0422
vn 0.8259 0.5257 -0.2037
vn -0.6314 -0.7355 -0.2460
vn -0.5097 -0.8183 -0.2655
vn -0.8025 -0.5497 -0.2320
vn 0.2359 0.8409 -0.4871
vn -0.3142 0.8449 0.4328
vn -0.6257 0.7498 0.2152
vn -0.8275 0.5614 -0.0056
vn 0.1723 -0.9663 -0.1911
vn 0.7698 -0.6285 0.1118
vn -0.9397 0.3235 -0.1109
vn 0.9513 0.0840 0.2965
vn -0.9847 0.0544 -0.1653
vn 0.6266 0.6596 0.4151
vn 0.8653 0.3736 0.3343
vn -0.9506 -0.2367 -0.2009
vn 0.3571 0.7841 0.5076
vn -0.8327 0.4407 0.3352
vn -0.2729 -0.9151 -0.2967
vn 0.5905 -0.3312 -0.7360
vn -0.9323 0.3417 0.1184
vn -0.9820 0.1856 -0.0346
vn 0.7505 0.3297 0.5727
vn 0.8504 -0.3396 -0.4018
vn -0.9811 -0.0003 -0.1938
vn 0.6089 0.4025 0.6836
vn 0.8751 0.1828 0.4482
vn -0.8952 -0.1877 -0.4043
vn 0.4126 0.4732 0.7784
vn -0.0627 0.7861 0.6149
vn -0.5834 0.5422 0.6047
vn 0.0894 -0.4516 -0.8877
vn 0.4122 -0.8287 -0.3786
vn -0.6276 0.7683 0.1262
vn -0.8576 0.5142 0.0061
vn -0.9676 0.2349 -0.0928
vn 0.4953 0.7735 0.3954
vn 0.5959 -0.8031 0.0005
vn 0.9811 -0.1481 0.1245
vn -0.9801 -0.1012 -0.1709
vn 0.2999 0.8762 0.3771
vn 0.9079 0.2027 0.3670
vn -0.7658 -0.5693 -0.2991
vn -0.6560 -0.1896 -0.7305
vn 0.0530 0.9414 0.3330
vn -0.0517 0.5845 0.8098
vn 0.7369 0.5576 0.3822
vn -0.3023 -0.6573 -0.6904
vn -0.3080 0.9211 0.2383
vn -0.1183 0.0235 -0.9927
vn -0.0741 -0.6186 -0.7822
vn -0.2791 -0.1756 -0.9441
vn -0.0575 -0.1176 0.9914
vn -0.0628 -0.7015 -0.7099
vn 0.8893 -0.3552 0.2880
vn -0.2817 -0.3712 -0.8848
vn -0.8760 -0.4283 -0.2220
vn -0.0578 0.0064 0.9983
vn -0.2357 0.9718 -0.0078
vn 0.0237 -0.6444 -0.7643
vn -0.0774 -0.0529 0.9956
vn -0.3095 -0.1833 0.9331
vn 0.1355 -0.5878 -0.7976
vn 0.2313 -0.4300 -0.8727
vn 0.9641 0.2311 0.1311
vn 0.1912 0.2654 -0.9450
vn 0.2623 0.4634 0.8464
vn 0.2595 0.4570 0.8508
vn 0.1404 0.0941 0.9856
vn 0.3110 0.1672 0.9356
vn 0.1529 0.0772 0.9852
vn -0.1822 0.3035 0.9352
vn 0.1947 0.3706 0.9081
vn -0.1691 0.3643 0.9158
vn 0.1592 0.1674 0.9729
vn -0.1988 0.4386 0.8764
vn -0.2721 0.2366 0.9327
vn 0.0033 0.1563 0.9877
vn -0.2765 0.4954 0.8235
vn -0.3106 0.2045 0.9283
vn -0.3270 0.4947 0.8052
vn -0.2751 0.2055 0.9392
vn -0.2102 0.4722 0.8561
vn 0.0746 0.4560 0.8868
vn -0.2156 0.2457 0.9451
vn 0.3456 0.3253 0.8802
vn 0.3202 0.1825 0.9296
vn 0.3314 0.3787 0.8641
vn -0.3190 0.3533 0.8795
vn 0.2623 0.1970 0.9447
vn -0.3109 0.3840 0.8694
vn -0.2290 0.2148 0.9494
vn 0.0240 0.2514 0.9676
vn -0.3437 0.3920 0.8533
vn -0.3737 0.3194 0.8708
vn -0.3561 0.4244 0.8325
vn -0.3644 0.3158 0.8761
vn -0.1886 0.5329 0.8249
vn 0.2823 0.3843 0.8790
vn 0.0231 0.4401 0.8976
vn -0.3562 0.3303 0.8741
vn -0.3220 0.3365 0.8849
vn -0.5441 0.1232 -0.8299
vn -0.3101 -0.1653 -0.9362
vn -0.4638 -0.7068 -0.5342
vn -0.6055 -0.5130 -0.6085
vn 0.7125 -0.3628 -0.6006
vn -0.6790 0.0447 -0.7328
vn 0.4523 -0.4348 -0.7787
vn 0.6985 -0.2130 -0.6831
vn -0.1668 -0.4938 -0.8534
vn -0.7467 -0.2943 -0.5965
vn 0.6810 -0.1271 -0.7211
vn 0.0473 -0.8646 -0.5002
vn 0.6817 -0.0195 -0.7314
vn 0.3227 -0.8178 -0.4764
vn 0.5786 0.1433 -0.8029
vn 0.5530 -0.6647 -0.5024
vn 0.3137 0.2587 -0.9136
vn 0.6683 -0.5118 -0.5398
vn -0.3872 0.2321 -0.8923
vn 0.3519 -0.3493 -0.8684
vn 0.2241 -0.3269 -0.9181
vn 0.2023 -0.4190 -0.8852
vn -0.3336 -0.3310 -0.8827
vn -0.2502 -0.2124 -0.9446
vn -0.2677 -0.7847 -0.5591
vn -0.3038 -0.1826 -0.9351
vn 0.3466 -0.3645 -0.8643
vn 0.3472 -0.3940 -0.8510
vn 0.3529 -0.2883 -0.8901
vn 0.3305 -0.4390 -0.8355
vn 0.3551 -0.3009 -0.8851
vn -0.0961 0.2586 -0.9612
vn -0.2621 -0.3833 -0.8857
vn 0.3490 -0.3213 -0.8803
vn -0.3389 -0.3742 -0.8632
vn 0.3470 -0.3386 -0.8746
vn -0.6967 0.3291 0.6374
vn -0.1274 0.8979 0.4214
vn 0.9125 0.1912 0.3618
vn -0.4960 -0.0938 0.8632
vn -0.3143 0.9267 -0.2060
vn 0.6470 -0.1459 -0.7484
vn -0.1056 -0.9381 0.3299
vn -0.0350 -0.9482 0.3157
vn 0.1044 -0.9825 0.1539
vn 0.7423 0.2535 0.6203
vn 0.3853 0.3060 0.8706
vn -0.8653 -0.2091 0.4555
vn -0.0716 0.9791 -0.1906
vn -0.5142 -0.2926 -0.8062
vn 0.1098 -0.2736 -0.9555
vn 0.9953 0.0727 -0.0645
vn -0.6093 -0.4008 0.6842
vn -0.7518 0.4829 0.4490
vn -0.6454 0.6752 0.3570
vn -0.5482 0.8362 -0.0179
vn -0.0431 -0.2856 -0.9574
vn -0.0568 -0.4039 -0.9131
vt 0.938143 0.598257
vt 0.896300 0.545139
vt 0.936732 0.538140
vt 0.008620 1.000000
vt -0.000000 1.000000
vt 0.953064 1.000000
vt 0.944444 1.000000
vt 0.841952 1.000000
vt 0.870884 1.000000
vt 0.841987 1.000000
vt 0.786398 1.000000
vt 0.815425 1.000000
vt 0.786395 1.000000
vt 0.777778 1.000000
vt 0.675287 1.000000
vt 0.704393 1.000000
vt 0.675284 1.000000
vt 0.628990 1.000000
vt 0.648832 1.000000
vt 0.657584 1.000000
vt 0.616701 0.693585
vt 0.660679 0.598257
vt 0.661500 0.693585
vt 0.453064 1.000000
vt 0.482492 1.000000
vt 0.453062 1.000000
vt 0.397507 1.000000
vt 0.427153 1.000000
vt 0.397543 1.000000
vt 0.378729 1.000000
vt 0.341951 1.000000
vt 0.371797 1.000000
vt 0.286396 1.000000
vt 0.316009 1.000000
vt 0.286432 1.000000
vt 0.277778 1.000000
vt 0.175286 1.000000
vt 0.204018 1.000000
vt 0.175321 1.000000
vt 0.119731 1.000000
vt 0.148439 1.000000
vt 0.119729 1.000000
vt 0.604810 0.598257
vt 0.618805 0.538920
vt 0.617412 0.598257
vt 0.111111 1.000000
vt 0.049268 0.693585
vt 0.001819 0.598257
vt 0.048724 0.598257
vt 0.882901 0.598257
vt 0.881469 0.544829
vt 0.325924 0.545224
vt 0.339320 0.598257
vt 0.327346 0.598257
vt 0.063271 0.538016
vt 0.047630 0.537725
vt 0.729936 0.538078
vt 0.715921 0.598257
vt 0.714505 0.537953
vt 0.437040 0.545380
vt 0.450432 0.598257
vt 0.438457 0.598257
vt 0.159006 0.540365
vt 0.172968 0.598257
vt 0.160365 0.598257
vt 0.839635 0.598257
vt 0.825625 0.538326
vt 0.841040 0.538387
vt 0.564175 1.000000
vt 0.593341 1.000000
vt 0.564173 1.000000
vt 0.046934 0.500000
vt 0.019574 0.500000
vt 0.046901 0.500000
vt 0.270067 0.538202
vt 0.284079 0.598257
vt 0.271476 0.598257
vt 0.963848 0.500000
vt 0.984365 0.500000
vt 0.991382 0.500000
vt 0.666667 0.500000
vt 0.658047 0.500000
vt 0.658049 0.500000
vt 0.388889 0.500000
vt 0.380235 0.500000
vt 0.158012 0.500000
vt 0.121896 0.500000
vt 0.148787 0.500000
vt 0.796039 0.500000
vt 0.815454 0.500000
vt 0.824679 0.500000
vt 0.517879 1.000000
vt 0.537838 1.000000
vt 0.546551 1.000000
vt 0.243193 0.500000
vt 0.259898 0.500000
vt 0.269123 0.500000
vt 0.493698 0.598257
vt 0.451848 0.545418
vt 0.492296 0.538510
vt 0.216235 0.598257
vt 0.174339 0.539857
vt 0.214794 0.544518
vt 0.549568 0.598257
vt 0.562952 0.545678
vt 0.561543 0.598257
vt 0.285487 0.538259
vt 0.605521 0.806415
vt 0.604810 0.901743
vt 0.591229 0.887794
vt 0.672654 0.598257
vt 0.674105 0.544099
vt 0.396595 0.538407
vt 0.118500 0.545974
vt 0.783765 0.598257
vt 0.785188 0.545165
vt 0.500000 0.500000
vt 0.491378 0.500000
vt 0.491346 0.500000
vt 0.951276 0.901743
vt 0.936591 0.967876
vt 0.938143 0.901743
vt 0.228209 0.598257
vt 0.229637 0.545006
vt 0.037370 1.000000
vt 0.008617 1.000000
vt 0.659229 0.544135
vt 0.382587 0.598257
vt 0.340741 0.545267
vt 0.381182 0.538376
vt 0.103715 0.545693
vt 0.061857 0.598257
vt 0.771790 0.598257
vt 0.770365 0.545072
vt 0.548156 0.545591
vt 0.506301 0.598257
vt 0.507703 0.538557
vt 0.991380 0.500000
vt 0.055555 1.000000
vt 0.064175 1.000000
vt 0.064209 1.000000
vt 0.105944 0.693585
vt 0.105124 0.598257
vt 0.105124 0.901743
vt 0.118717 0.962147
vt 0.103506 0.962108
vt 0.161077 0.693585
vt 0.117098 0.598257
vt 0.166666 1.000000
vt 0.172256 0.693585
vt 0.217055 0.693585
vt 0.222222 1.000000
vt 0.230842 1.000000
vt 0.230840 1.000000
vt 0.227389 0.693585
vt 0.272188 0.693585
vt 0.271476 0.901743
vt 0.285612 0.967045
vt 0.269935 0.967384
vt 0.328166 0.693585
vt 0.324990 1.000000
vt 0.295657 1.000000
vt 0.383299 0.693585
vt 0.381037 0.967806
vt 0.395190 0.901743
vt 0.396744 0.967957
vt 0.439277 0.693585
vt 0.395190 0.598257
vt 0.435757 1.000000
vt 0.406768 1.000000
vt 0.563146 0.961579
vt 0.549568 0.901743
vt 0.561543 0.901743
vt 0.660679 0.901743
vt 0.616701 0.806416
vt 0.661500 0.806415
vt 0.460079 1.000000
vt 0.603414 0.538791
vt 0.571190 1.000000
vt 0.715921 0.901743
vt 0.671834 0.806415
vt 0.716632 0.806415
vt 0.674266 0.961900
vt 0.672654 0.901743
vt 0.728523 0.901743
vt 0.772611 0.806415
vt 0.771790 0.901743
vt 0.682302 1.000000
vt 0.827032 0.901743
vt 0.782945 0.806415
vt 0.827743 0.806415
vt 0.783765 0.901743
vt 0.770176 0.961991
vt 0.839635 0.901743
vt 0.883722 0.806415
vt 0.882902 0.901743
vt 0.822389 1.000000
vt 0.793413 1.000000
vt 0.894876 0.901743
vt 0.938855 0.806415
vt 0.888889 1.000000
vt 0.897509 1.000000
vt 0.897506 1.000000
vt 0.998181 0.901743
vt 0.950732 0.806415
vt 1.001123 0.806415
vt 0.047515 0.968610
vt 0.001819 0.901743
vt 0.048724 0.901743
vt 0.049268 0.806415
vt -0.001123 0.693585
vt 0.105944 0.806415
vt 0.061145 0.693585
vt 0.061857 0.901743
vt 0.161077 0.806415
vt 0.116278 0.693585
vt 0.160365 0.901743
vt 0.116278 0.806415
vt 0.172256 0.806415
vt 0.172968 0.901743
vt 0.217055 0.806415
vt 0.216235 0.901743
vt 0.272188 0.806415
vt 0.227389 0.806415
vt 0.328166 0.806415
vt 0.283367 0.693585
vt 0.327346 0.901743
vt 0.283367 0.806415
vt 0.383299 0.806415
vt 0.338500 0.693585
vt 0.339320 0.901743
vt 0.382587 0.901743
vt 0.410157 0.747698
vt 0.394478 0.806415
vt 0.394478 0.693585
vt 0.419496 0.882544
vt 0.394479 0.806415
vt 0.439132 0.823267
vt 0.494283 0.823456
vt 0.493699 0.901743
vt 0.488366 0.843916
vt 0.605521 0.693585
vt 0.605521 0.763085
vt 0.566365 0.693585
vt 0.716632 0.693585
vt 0.671834 0.693585
vt 0.727812 0.693585
vt 0.772611 0.693585
vt 0.827743 0.693585
vt 0.827032 0.598257
vt 0.782945 0.693585
vt 0.838923 0.693585
vt 0.883722 0.693585
vt 0.838923 0.806415
vt 0.938855 0.693585
vt 0.894876 0.598257
vt 0.894056 0.693585
vt 1.001123 0.693585
vt 0.951276 0.598257
vt 0.998181 0.598257
vt 0.950732 0.693585
vt -0.001123 0.806415
vt 0.550388 0.806415
vt 0.550344 0.811593
vt 0.522329 0.839043
vt 0.322988 0.500000
vt 0.328043 0.500000
vt 0.333333 0.500000
vt 0.092844 1.000000
vt 0.005517 0.544834
vt -0.004654 0.597892
vt -0.002110 0.544369
vt 0.952374 0.537500
vt 0.880269 0.500000
vt 0.851756 0.500000
vt 0.880271 0.500000
vt 0.602490 0.500000
vt 0.574939 0.500000
vt 0.602457 0.500000
vt 0.324713 0.500000
vt 0.298658 0.500000
vt 0.324715 0.500000
vt 0.713603 0.500000
vt 0.685156 0.500000
vt 0.713568 0.500000
vt 0.435824 0.500000
vt 0.409285 0.500000
vt 0.435827 0.500000
vt 0.158045 0.500000
vt 0.130772 0.500000
vt 0.824714 0.500000
vt 0.546935 0.500000
vt 0.519687 0.500000
vt 0.546938 0.500000
vt 0.269155 0.500000
vt 0.825481 0.967834
vt 0.174524 0.968027
vt 0.158810 0.967977
vt 0.436832 0.962361
vt 0.450432 0.901743
vt 0.452062 0.962560
vt 0.730841 1.000000
vt 0.759884 1.000000
vt 0.730876 1.000000
vt 0.730074 0.967786
vt 0.063428 0.968676
vt 0.341953 1.000000
vt 0.325741 0.961616
vt 0.340930 0.961806
vt 0.619730 1.000000
vt 0.619765 1.000000
vt 0.618959 0.967629
vt 0.617412 0.901743
vt 0.926401 1.000000
vt 0.881285 0.962050
vt 0.259794 1.000000
vt 0.229836 0.962423
vt 0.214611 0.962328
vt 0.508618 1.000000
vt 0.508654 1.000000
vt 0.493698 0.901743
vt 0.507857 0.968017
vt 0.492139 0.968162
vt 0.981844 1.000000
vt 0.953099 1.000000
vt -0.004672 0.598257
vt -0.006935 0.693585
vt 0.061145 0.806415
vt -0.006935 0.806415
vt -0.004672 0.901743
vt 0.117098 0.901743
vt 0.228209 0.901743
vt 0.338500 0.806415
vt 0.449733 0.679431
vt 0.554033 0.806415
vt 0.505693 0.679689
vt 0.550097 0.659726
vt 0.560722 0.806415
vt 0.560856 0.821933
vt 0.728523 0.598257
vt 0.727812 0.806415
vt 0.894056 0.806415
vt 0.560722 0.745589
vt 0.547968 0.961429
vt 0.506301 0.901743
vt 0.438733 0.869639
vt 0.438457 0.901743
vt 0.603265 0.967555
vt 0.658046 0.500000
vt 0.630133 0.500000
vt 0.611111 0.500000
vt 0.555555 0.500000
vt 0.659068 0.961851
vt 0.722222 0.500000
vt 0.714371 0.967761
vt 0.769158 0.500000
vt 0.740461 0.500000
vt 0.769160 0.500000
vt 0.833333 0.500000
vt 0.926565 0.500000
vt 0.907996 0.500000
vt 0.898789 0.500000
vt 0.841186 0.967845
vt 0.935824 0.500000
vt 0.935790 0.500000
vt 0.896493 0.962061
vt 0.952472 0.967889
vt 0.068097 0.500000
vt 0.102493 0.500000
vt 0.075076 0.500000
vt 0.464543 0.500000
vt 0.439277 0.736974
vt 0.449611 0.734410
vt 0.449611 0.792432
vt 0.444444 0.500000
vt 0.380266 0.500000
vt 0.354074 0.500000
vt 0.284079 0.901743
vt 0.317698 0.500000
vt 0.291703 0.500000
vt 0.213602 0.500000
vt 0.187265 0.500000
vt 0.213604 0.500000
vt 0.206587 0.500000
vt 0.179450 0.500000
vt 0.102491 0.500000
vt 0.994462 0.544534
vt 0.949947 0.500000
vt 0.956666 0.500000
vt 0.897510 0.500000
vt 0.664675 0.500000
vt 0.602660 0.500000
vt 0.610954 0.500000
vt 0.388733 0.500000
vt 0.333225 0.500000
vt 0.111220 0.500000
vt 0.119622 0.500000
vt 0.057416 0.500000
vt 0.064099 0.500000
vt 0.786291 0.500000
vt 0.787245 0.500000
vt 0.713768 0.500000
vt 0.722068 0.500000
vt 0.491548 0.500000
vt 0.499844 0.500000
vt 0.444336 0.500000
vt 0.222837 0.500000
vt 0.230843 0.500000
vt 0.171724 0.500000
vt 0.833178 0.500000
vt 0.547043 0.500000
vt 0.555447 0.500000
vt 0.286260 0.500000
vt 0.010727 0.500000
vt 0.037676 0.500000
vt 0.119732 1.000000
vt 0.103075 1.000000
vt 0.825381 1.000000
vt 0.158392 1.000000
vt 0.441424 1.000000
vt 0.785380 0.962009
vt 0.769474 1.000000
vt 0.730830 1.000000
vt 0.713618 1.000000
vt 0.064163 1.000000
vt 0.047836 1.000000
vt 0.384798 1.000000
vt 0.324712 1.000000
vt 0.674997 1.000000
vt 0.658046 1.000000
vt 0.619096 1.000000
vt 0.602503 1.000000
vt 0.936846 1.000000
vt 0.881055 1.000000
vt 0.275195 1.000000
vt 0.269170 1.000000
vt 0.230828 1.000000
vt 0.213601 1.000000
vt 0.563423 1.000000
vt 0.546934 1.000000
vt 0.508608 1.000000
vt 0.493012 1.000000
vt 0.005999 0.962130
vt -0.001795 0.962249
vt 0.994002 0.962108
vt -0.004654 0.902108
vt 0.440674 0.693585
vt 0.439277 0.695383
vt 0.470997 0.669934
vt 0.533247 0.645145
vt 0.482846 0.784217
vt 0.489493 0.806415
vt 0.459602 0.806415
vt 0.514285 0.806415
vt 0.524814 0.785842
vt 0.000000 0.000000
vt 0.550388 0.741215
vt 0.560850 0.678802
vt 0.494410 0.731284
vt 0.505590 0.729235
vt 0.494311 0.680343
vt 0.444355 0.806415
vt 0.439277 0.806415
vt 0.499348 0.838715
vt 0.505590 0.802305
vt 0.494410 0.800669
vt 0.561218 0.863976
vt 0.549952 0.857151
vt 0.348968 1.000000
vt 0.450065 0.859169
vt 0.095476 0.500000
vt 0.946072 0.500000
vt 0.891065 0.500000
vt 0.380436 0.500000
vt 0.324820 0.500000
vt 0.777885 0.500000
vt 0.435931 0.500000
vt 0.168294 0.500000
vt 0.824880 0.500000
vt 0.279531 0.500000
vt 0.505724 0.824354
vt 0.500031 0.806415
vt 0.289304 1.000000
vt 0.234216 0.500000
vt 0.489377 1.000000
vt 0.600315 1.000000
vt 0.711371 1.000000
vt 0.294271 0.500000
vt 0.319694 0.500000
vt 0.841941 1.000000
vt 0.175274 1.000000
vt 0.453065 1.000000
vt 0.786399 1.000000
vt 0.397497 1.000000
vt 0.340287 1.000000
vt 0.953052 1.000000
vt 0.897510 1.000000
vt 0.233107 1.000000
vt 0.293634 1.000000
vt 0.284182 1.000000
s 1
usemtl Material.001
f 89/1/1 185/2/2 182/3/3
f 251/4/4 35/5/5 248/5/6
f 255/6/7 34/7/8 252/7/9
f 263/8/10 256/9/11 33/10/12
f 267/11/13 260/12/14 32/13/15
f 32/13/15 264/14/16 267/11/13
f 275/15/17 268/16/18 30/17/19
f 30/18/19 272/19/20 275/20/17
f 43/21/21 49/22/22 52/23/23
f 291/24/24 284/25/25 26/26/26
f 295/27/27 288/28/28 25/29/29
f 295/30/27 24/31/30 292/32/31
f 303/33/32 296/34/33 23/35/34
f 23/35/34 300/36/35 303/33/32
f 311/37/36 304/38/37 21/39/38
f 315/40/39 308/41/40 20/42/41
f 41/43/42 205/44/43 42/45/44
f 315/40/39 19/46/45 312/46/46
f 175/47/47 104/48/48 172/49/49
f 185/2/2 81/50/50 186/51/51
f 226/52/52 133/53/53 132/54/54
f 245/55/55 172/49/49 246/56/56
f 197/57/57 57/58/58 198/59/59
f 218/60/60 118/61/61 117/62/62
f 238/63/63 157/64/64 156/65/65
f 74/66/66 190/67/67 189/68/68
f 283/69/69 276/70/70 28/71/71
f 247/72/72 176/73/73 1/74/74
f 230/75/75 141/76/76 140/77/77
f 180/78/78 3/79/79 2/80/80
f 7/81/81 203/82/82 8/83/83
f 220/84/84 13/85/85 12/84/86
f 17/86/87 243/87/88 18/88/89
f 192/89/90 6/90/91 5/91/92
f 28/92/71 280/93/93 283/94/69
f 232/95/94 16/96/95 15/97/96
f 111/98/97 217/99/98 214/100/99
f 148/101/100 237/102/101 234/103/102
f 81/50/50 189/68/68 186/51/51
f 105/104/103 209/105/104 106/106/105
f 132/54/54 229/107/106 226/52/52
f 45/108/107 48/109/108 526/110/109
f 198/59/59 50/111/110 201/112/111
f 117/62/62 221/113/112 218/60/60
f 156/65/65 241/114/113 238/63/63
f 190/67/67 66/115/114 193/116/115
f 10/117/116 215/118/117 11/119/118
f 95/120/119 253/121/120 96/122/121
f 230/75/75 149/123/122 233/124/123
f 251/4/4 316/125/124 36/126/125
f 202/127/126 42/45/44 205/44/43
f 124/128/127 225/129/128 222/130/129
f 242/131/130 173/132/131 245/55/55
f 65/133/132 197/57/57 194/134/133
f 210/135/134 112/136/135 213/137/136
f 179/138/137 180/78/78 2/80/80
f 36/139/125 319/140/138 19/141/45
f 167/142/139 173/132/131 164/143/140
f 163/144/141 314/145/142 313/146/143
f 159/147/144 165/148/145 156/65/65
f 20/149/41 311/37/36 21/39/38
f 158/150/146 148/101/100 151/151/147
f 21/152/38 307/153/148 22/154/149
f 150/155/150 140/77/77 143/156/151
f 139/157/152 302/158/153 301/159/154
f 135/160/155 141/76/76 132/54/54
f 23/35/34 299/161/156 24/162/30
f 127/163/157 133/53/53 124/128/127
f 293/164/158 122/165/159 294/166/160
f 119/167/161 125/168/162 117/62/62
f 25/29/29 291/169/24 26/170/26
f 282/171/163 40/172/164 39/173/165
f 56/174/166 46/175/167 53/176/168
f 284/25/25 27/177/169 26/26/26
f 206/178/170 106/106/105 209/105/104
f 276/70/70 29/179/171 28/71/71
f 64/180/172 54/181/173 61/182/174
f 274/183/175 56/174/166 55/184/176
f 63/185/177 69/186/178 72/187/179
f 268/16/18 31/188/180 30/17/19
f 80/189/181 70/190/182 77/191/183
f 71/192/184 265/193/185 72/187/179
f 79/194/186 85/195/187 88/196/188
f 32/13/15 263/197/10 33/198/12
f 87/199/189 93/200/190 96/122/121
f 33/201/12 259/202/191 34/203/8
f 98/204/192 94/205/193 99/206/194
f 317/207/195 97/208/196 171/209/197
f 168/210/198 101/211/199 175/47/47
f 160/212/200 174/213/201 167/142/139
f 170/214/202 160/212/200 163/144/141
f 152/215/203 166/216/204 159/147/144
f 155/217/205 161/218/206 152/215/203
f 151/151/147 153/219/207 158/150/146
f 154/220/208 144/221/209 147/222/210
f 136/223/211 150/155/150 143/156/151
f 139/157/152 145/224/212 136/223/211
f 128/225/213 142/226/214 135/160/155
f 131/227/215 137/228/216 128/225/213
f 120/229/217 134/230/218 127/163/157
f 130/231/219 120/229/217 123/232/220
f 481/233/221 121/234/222 126/235/223
f 520/236/224 121/237/222 519/238/225
f 510/239/226 110/240/227 521/241/228
f 52/23/23 46/175/167 43/21/21
f 44/242/229 476/243/230 473/244/231
f 473/244/231 106/106/105 41/43/42
f 60/245/232 50/111/110 57/58/58
f 61/182/174 51/246/233 60/245/232
f 59/247/234 65/133/132 68/248/235
f 69/186/178 59/247/234 68/248/235
f 76/249/236 66/115/114 73/250/237
f 76/249/236 70/190/182 67/251/238
f 75/252/239 81/50/50 84/253/240
f 84/253/240 78/254/241 75/252/239
f 92/255/242 82/256/243 89/1/1
f 93/200/190 83/257/244 92/255/242
f 102/258/245 90/259/246 103/260/247
f 99/206/194 91/261/248 102/258/245
f 171/209/197 100/262/249 168/210/198
f 37/263/250 525/264/251 527/265/252
f 17/266/87 18/267/89 13/268/85
f 319/140/138 312/269/46 19/141/45
f 177/270/253 103/271/247 178/272/254
f 90/259/246 182/3/3 181/273/255
f 187/274/256 188/275/257 4/276/258
f 50/111/110 202/127/126 201/112/111
f 207/277/259 208/278/260 9/279/261
f 222/130/129 125/168/162 124/128/127
f 227/280/262 228/281/263 14/282/264
f 164/143/140 241/114/113 165/148/145
f 66/115/114 194/134/133 193/116/115
f 199/283/265 200/284/266 7/285/81
f 111/98/97 213/137/136 112/136/135
f 219/286/267 220/287/84 12/288/86
f 148/101/100 233/124/123 149/123/122
f 239/289/268 240/290/269 17/86/87
f 191/291/270 192/89/90 5/91/92
f 211/292/271 212/293/272 10/294/116
f 231/295/273 232/95/94 15/97/96
f 79/194/186 261/296/274 80/189/181
f 155/217/205 310/297/275 309/298/276
f 289/299/277 115/300/278 290/301/279
f 271/302/280 264/303/16 31/304/180
f 270/305/281 64/180/172 63/185/177
f 318/306/282 171/209/197 170/214/202
f 299/307/156 292/32/31 24/31/30
f 297/308/283 130/231/219 298/309/284
f 279/310/285 272/19/20 29/311/171
f 278/312/286 48/109/108 47/313/287
f 259/202/191 252/314/9 34/203/8
f 87/199/189 257/315/288 88/196/188
f 307/153/148 300/316/35 22/154/149
f 147/222/210 306/317/289 305/318/290
f 287/319/291 280/93/93 27/320/169
f 110/321/227 286/322/292 285/323/293
f 255/6/7 248/324/6 35/325/5
f 174/213/201 172/49/49 173/132/131
f 103/326/247 101/211/199 102/327/245
f 170/214/202 168/210/198 169/328/294
f 99/329/194 97/208/196 98/330/192
f 166/216/204 164/143/140 165/148/145
f 162/331/295 160/212/200 161/218/206
f 157/64/64 159/147/144 156/65/65
f 154/220/208 152/215/203 153/219/207
f 149/123/122 151/151/147 148/101/100
f 146/332/296 144/221/209 145/224/212
f 142/226/214 140/77/77 141/76/76
f 137/228/216 139/157/152 136/223/211
f 134/230/218 132/54/54 133/53/53
f 130/231/219 128/225/213 129/333/297
f 126/235/223 124/128/127 125/168/162
f 122/165/159 120/229/217 121/237/222
f 477/334/298 119/167/161 117/62/62
f 525/264/251 37/263/250 523/335/299
f 465/336/300 111/98/97 112/136/135
f 106/106/105 475/337/301 105/104/103
f 38/338/302 114/339/303 523/335/299
f 42/45/44 44/242/229 41/43/42
f 47/313/287 45/108/107 46/175/167
f 51/246/233 49/22/22 50/111/110
f 55/184/176 53/176/168 54/181/173
f 59/247/234 57/58/58 58/340/304
f 63/185/177 61/182/174 62/341/305
f 66/115/114 68/248/235 65/133/132
f 70/190/182 72/187/179 69/186/178
f 74/66/66 76/249/236 73/250/237
f 78/254/241 80/189/181 77/191/183
f 82/256/243 84/253/240 81/50/50
f 86/342/306 88/196/188 85/195/187
f 91/261/248 89/1/1 90/259/246
f 94/205/193 96/122/121 93/200/190
f 46/175/167 45/108/107 476/243/230
f 470/343/307 38/338/302 523/335/299
f 281/344/308 109/345/309 40/172/164
f 285/323/293 115/300/278 110/321/227
f 518/346/310 115/300/278 116/347/311
f 277/348/312 39/173/165 48/109/108
f 203/349/82 204/350/313 8/83/83
f 207/277/259 8/351/83 204/351/313
f 211/292/271 9/352/261 208/352/260
f 54/181/173 52/23/23 51/246/233
f 273/353/314 47/313/287 56/174/166
f 199/283/265 6/354/91 196/354/315
f 62/341/305 60/245/232 59/247/234
f 269/355/316 55/184/176 64/180/172
f 195/356/317 196/357/315 6/358/91
f 67/251/238 69/186/178 68/248/235
f 72/187/179 270/305/281 63/185/177
f 5/91/92 188/359/257 191/291/270
f 75/252/239 77/191/183 76/249/236
f 261/296/274 71/192/184 80/189/181
f 4/360/258 184/361/318 187/362/256
f 86/342/306 84/253/240 83/257/244
f 88/196/188 262/363/319 79/194/186
f 183/364/320 184/361/318 3/365/79
f 94/205/193 92/255/242 91/261/248
f 96/122/121 258/366/321 87/199/189
f 246/56/56 104/48/48 177/270/253
f 100/262/249 102/327/245 101/211/199
f 98/204/192 254/367/322 95/120/119
f 169/328/294 175/47/47 174/213/201
f 247/368/72 18/369/89 244/370/323
f 215/118/117 216/371/324 11/119/118
f 466/372/325 469/373/326 108/374/327
f 116/347/311 294/166/160 122/165/159
f 12/288/86 216/375/324 219/286/267
f 127/163/157 121/234/222 120/229/217
f 123/232/220 298/309/284 130/231/219
f 223/376/328 224/377/329 13/85/85
f 135/160/155 129/333/297 128/225/213
f 297/308/283 138/378/330 131/227/215
f 14/282/264 224/268/329 227/280/262
f 143/156/151 137/228/216 136/223/211
f 301/159/154 146/332/296 139/157/152
f 15/379/96 228/281/263 231/380/273
f 151/151/147 145/224/212 144/221/209
f 147/222/210 310/297/275 154/220/208
f 235/381/331 236/382/332 16/383/95
f 152/215/203 158/150/146 153/219/207
f 309/298/276 162/331/295 155/217/205
f 17/384/87 236/382/332 239/385/268
f 167/142/139 161/218/206 160/212/200
f 313/146/143 170/214/202 163/144/141
f 243/386/88 244/370/323 18/369/89
f 103/260/247 181/273/255 178/387/254
f 178/272/254 176/73/73 177/270/253
f 181/388/255 183/389/320 180/78/78
f 185/390/2 187/362/256 184/361/318
f 202/349/126 200/81/266 201/391/111
f 206/392/170 204/351/313 205/393/43
f 221/394/112 223/376/328 220/84/84
f 225/395/128 227/280/262 224/268/329
f 242/396/130 240/290/269 241/397/113
f 246/398/56 244/370/323 245/399/55
f 193/400/115 195/401/317 192/89/90
f 198/402/59 196/354/315 197/403/57
f 214/404/99 212/117/272 213/405/136
f 217/406/98 219/286/267 216/375/324
f 234/407/102 232/95/94 233/408/123
f 237/409/101 239/385/268 236/382/332
f 189/410/68 191/291/270 188/359/257
f 210/411/134 208/352/260 209/412/104
f 229/413/106 231/380/273 228/281/263
f 178/387/254 180/78/78 179/138/137
f 247/72/72 177/270/253 176/73/73
f 182/3/3 184/361/318 183/364/320
f 186/51/51 188/275/257 187/274/256
f 193/116/115 191/291/270 190/67/67
f 194/134/133 196/357/315 195/356/317
f 201/112/111 199/283/265 198/59/59
f 202/127/126 204/350/313 203/349/82
f 207/277/259 209/105/104 208/278/260
f 212/293/272 210/135/134 213/137/136
f 217/99/98 215/118/117 214/100/99
f 218/60/60 220/287/84 219/286/267
f 225/129/128 223/376/328 222/130/129
f 226/52/52 228/281/263 227/280/262
f 233/124/123 231/295/273 230/75/75
f 234/103/102 236/382/332 235/381/331
f 241/114/113 239/289/268 238/63/63
f 242/131/130 244/370/323 243/386/88
f 1/74/74 179/414/137 2/415/80
f 313/146/143 315/416/39 312/417/46
f 262/363/319 260/418/14 261/296/274
f 310/297/275 308/419/40 309/298/276
f 290/301/279 288/420/28 289/299/277
f 266/421/333 264/422/16 265/193/185
f 269/355/316 271/423/280 268/424/18
f 317/207/195 319/425/138 316/426/124
f 294/166/160 292/427/31 293/164/158
f 298/309/284 296/428/33 297/308/283
f 273/353/314 275/429/17 272/430/20
f 277/348/312 279/431/285 276/432/70
f 254/367/322 252/433/9 253/121/120
f 258/366/321 256/434/11 257/315/288
f 301/159/154 303/435/32 300/436/35
f 305/318/290 307/437/148 304/438/37
f 281/344/308 283/439/69 280/440/93
f 285/323/293 287/441/291 284/442/25
f 250/443/334 248/5/6 249/444/335
f 255/6/7 249/445/335 248/324/6
f 250/443/334 316/125/124 251/4/4
f 252/314/9 258/366/321 253/121/120
f 263/8/10 257/315/288 256/9/11
f 260/12/14 266/421/333 261/296/274
f 271/302/280 265/193/185 264/303/16
f 268/16/18 274/183/175 269/355/316
f 279/310/285 273/353/314 272/19/20
f 276/70/70 282/171/163 277/348/312
f 287/319/291 281/344/308 280/93/93
f 284/25/25 290/301/279 285/323/293
f 295/27/27 289/299/277 288/28/28
f 292/32/31 298/309/284 293/164/158
f 303/33/32 297/308/283 296/34/33
f 300/316/35 306/317/289 301/159/154
f 311/37/36 305/318/290 304/38/37
f 308/41/40 314/145/142 309/298/276
f 319/140/138 313/146/143 312/269/46
f 97/208/196 249/444/335 98/446/192
f 387/188/336 404/17/337 386/17/338
f 385/311/339 404/18/337 403/311/340
f 464/447/341 467/448/342 119/167/161
f 479/449/343 118/61/61 111/98/97
f 480/450/344 112/136/135 105/104/103
f 513/451/345 511/452/346 516/453/347
f 37/263/250 512/454/348 515/455/349
f 476/243/230 38/338/302 470/343/307
s 0
f 466/372/350 483/373/351 469/373/352
s 1
f 486/456/353 485/456/354 484/456/355
f 470/343/307 489/457/356 488/343/357
f 471/458/358 491/337/359 475/337/301
f 477/334/298 492/447/360 464/447/341
f 468/459/361 495/460/362 472/460/363
f 465/336/300 497/461/364 474/461/365
f 498/456/366 501/456/367 499/456/368
f 484/456/369 501/456/370 486/456/371
f 485/456/372 499/456/373 484/456/374
f 500/456/375 504/456/376 505/456/377
f 503/456/378 504/456/379 502/456/380
f 485/456/354 503/456/381 502/456/382
f 498/456/383 502/456/383 504/456/383
f 500/456/384 505/456/385 503/456/386
f 517/462/387 519/238/225 113/463/388
f 514/464/389 109/345/309 110/240/227
f 468/459/361 506/465/390 507/466/391
f 522/467/392 40/172/164 524/468/393
f 712/2/394 616/1/395 709/3/396
f 778/4/397 562/5/398 563/126/399
f 782/6/400 561/7/401 562/325/398
f 790/8/402 560/10/403 783/9/404
f 794/11/405 559/13/406 787/12/407
f 791/14/408 559/13/406 794/11/405
f 802/15/409 557/17/410 795/16/411
f 799/19/412 557/18/410 802/20/409
f 576/22/413 570/21/414 579/23/415
f 818/24/416 553/26/417 811/25/418
f 822/27/419 552/29/420 815/28/421
f 822/30/419 551/31/422 552/469/420
f 830/33/423 550/35/424 823/34/425
f 827/36/426 550/35/424 830/33/423
f 838/37/427 548/39/428 831/38/429
f 842/40/430 547/42/431 835/41/432
f 568/43/433 732/44/434 733/178/435
f 842/40/430 546/46/436 547/42/431
f 702/47/437 631/48/438 628/211/439
f 712/2/394 608/50/440 609/256/441
f 660/53/442 753/52/443 659/54/444
f 772/55/445 699/49/446 700/132/447
f 724/57/448 584/58/449 585/340/450
f 645/61/451 745/60/452 644/62/453
f 684/64/454 765/63/455 683/65/456
f 717/67/457 601/66/458 716/68/459
f 810/69/460 555/71/461 803/70/462
f 774/72/463 528/74/464 703/73/465
f 668/76/466 757/75/467 667/77/468
f 530/79/469 707/78/470 529/80/471
f 534/81/472 730/82/473 727/81/474
f 540/85/475 747/84/476 539/84/477
f 544/86/478 770/87/479 767/290/480
f 533/90/481 719/89/482 532/91/483
f 807/93/484 555/92/461 810/94/460
f 543/96/485 759/95/486 542/97/487
f 741/100/488 645/61/451 638/98/489
f 764/102/490 675/101/491 761/103/492
f 716/68/459 608/50/440 713/51/493
f 632/104/494 736/105/495 737/135/496
f 756/107/497 659/54/444 753/52/443
f 575/109/498 1053/110/499 566/173/500
f 725/59/501 577/111/502 584/58/449
f 748/113/503 644/62/453 745/60/452
f 768/114/504 683/65/456 765/63/455
f 717/67/457 593/115/505 600/250/506
f 537/117/507 742/118/508 739/117/509
f 622/120/510 780/121/511 781/367/512
f 757/75/467 676/123/513 667/77/468
f 778/4/397 563/126/399 843/125/514
f 732/44/434 576/22/413 729/127/515
f 752/129/516 651/128/517 749/130/518
f 772/55/445 691/143/519 769/131/520
f 724/57/448 592/133/521 721/134/522
f 740/137/523 632/104/494 737/135/496
f 706/138/524 529/80/471 707/78/470
f 563/139/399 846/140/525 843/139/514
f 694/142/526 700/132/447 701/213/527
f 841/145/528 690/144/529 840/146/530
f 686/147/531 692/148/532 693/216/533
f 547/149/431 838/37/427 835/149/432
f 675/101/491 685/150/534 678/151/535
f 548/152/428 834/153/536 831/152/429
f 667/77/468 677/155/537 670/156/538
f 829/158/539 666/157/540 828/159/541
f 662/160/542 668/76/466 669/226/543
f 550/35/424 826/161/544 823/34/425
f 654/163/545 660/53/442 661/230/546
f 820/164/547 649/165/548 650/232/549
f 646/167/550 652/168/551 653/235/552
f 552/29/420 818/169/416 815/28/421
f 567/172/553 809/171/554 566/173/500
f 583/174/555 573/175/556 574/313/557
f 554/177/558 811/25/418 553/26/417
f 733/178/435 633/106/559 568/43/433
f 556/179/560 803/70/462 555/71/461
f 591/180/561 581/181/562 582/184/563
f 583/174/555 801/183/564 582/184/563
f 596/186/565 590/185/566 599/187/567
f 558/188/568 795/16/411 557/17/410
f 607/189/569 597/190/570 598/192/571
f 598/192/571 792/193/572 793/421/573
f 612/195/574 606/194/575 615/196/576
f 559/13/406 790/197/402 787/12/407
f 620/200/577 614/199/578 623/122/579
f 560/201/403 786/202/580 783/201/404
f 626/206/581 622/120/510 625/204/582
f 624/208/583 844/207/584 698/209/585
f 628/211/439 695/210/586 702/47/437
f 701/213/527 687/212/587 694/142/526
f 687/212/587 697/214/588 690/144/529
f 693/216/533 679/215/589 686/147/531
f 682/217/590 688/218/591 689/331/592
f 678/151/535 680/219/593 671/221/594
f 671/221/594 681/220/595 674/222/596
f 670/156/538 672/224/597 663/223/598
f 666/157/540 672/224/597 673/332/599
f 662/160/542 664/228/600 655/225/601
f 658/227/602 664/228/600 665/378/603
f 661/230/546 647/229/604 654/163/545
f 650/232/549 656/333/605 657/231/606
f 653/235/552 648/234/607 1008/233/608
f 648/237/607 649/165/548 1047/236/609
f 634/470/610 642/300/611 637/240/612
f 570/21/414 580/176/613 579/23/415
f 571/242/614 1000/244/615 1003/243/616
f 633/106/559 998/458/617 1000/244/615
f 587/245/618 577/111/502 578/246/619
f 578/246/619 588/182/620 587/245/618
f 592/133/521 586/247/621 595/248/622
f 586/247/621 596/186/565 595/248/622
f 603/249/623 593/115/505 594/251/624
f 603/249/623 597/190/570 604/191/625
f 608/50/440 602/252/626 611/253/627
f 611/253/627 605/254/628 612/195/574
f 619/255/629 609/256/441 610/257/630
f 619/255/629 613/342/631 620/200/577
f 629/258/632 617/259/633 618/261/634
f 618/261/634 626/206/581 629/258/632
f 698/209/585 627/262/635 624/208/583
f 1054/265/636 564/263/637 1039/454/638
f 531/268/639 530/268/469 535/268/640
f 846/140/525 546/141/436 839/269/641
f 704/270/642 630/271/643 631/48/438
f 709/3/396 617/259/633 708/273/644
f 714/274/645 531/276/639 715/275/646
f 729/127/515 577/111/502 728/112/647
f 734/277/648 536/279/649 735/278/650
f 652/168/551 749/130/518 651/128/517
f 754/280/651 541/282/652 755/281/653
f 691/143/519 768/114/504 769/131/520
f 721/134/522 593/115/505 720/116/654
f 726/283/655 534/285/472 727/284/474
f 638/98/489 740/137/523 741/100/488
f 746/286/656 539/288/477 747/287/476
f 675/101/491 760/124/657 761/103/492
f 766/289/658 544/86/478 767/290/480
f 718/291/659 532/91/483 719/89/482
f 738/292/660 537/294/507 739/293/509
f 758/295/661 542/97/487 759/95/486
f 606/194/575 788/296/662 789/363/663
f 837/297/664 682/217/590 836/298/665
f 816/299/666 642/300/611 643/347/667
f 798/302/668 558/304/568 791/303/408
f 591/180/561 797/305/669 590/185/566
f 698/209/585 845/306/670 697/214/588
f 826/307/544 551/31/422 819/32/671
f 824/308/672 657/231/606 658/227/602
f 806/310/673 556/311/560 799/19/412
f 575/109/498 805/312/674 574/313/557
f 786/202/580 561/203/401 779/314/675
f 614/199/578 784/315/676 785/366/677
f 834/153/536 549/154/678 827/316/426
f 833/317/679 674/222/596 832/318/680
f 814/319/681 554/320/558 807/93/484
f 813/322/682 637/321/612 812/323/683
f 782/6/400 562/325/398 775/324/684
f 699/49/446 701/213/527 700/132/447
f 628/211/439 630/326/643 629/327/632
f 695/210/586 697/214/588 696/328/685
f 624/208/583 626/329/581 625/330/582
f 691/143/519 693/216/533 692/148/532
f 687/212/587 689/331/592 688/218/591
f 684/64/454 686/147/531 685/150/534
f 679/215/589 681/220/595 680/219/593
f 676/123/513 678/151/535 677/155/537
f 671/221/594 673/332/599 672/224/597
f 667/77/468 669/226/543 668/76/466
f 664/228/600 666/157/540 665/378/603
f 659/54/444 661/230/546 660/53/442
f 655/225/601 657/231/606 656/333/605
f 651/128/517 653/235/552 652/168/551
f 647/229/604 649/165/548 648/237/607
f 646/167/550 991/447/686 1004/334/687
f 1052/264/688 1050/335/689 564/263/637
f 638/98/489 992/336/690 639/136/691
f 633/106/559 1002/337/692 998/458/617
f 565/338/693 1050/335/689 641/339/694
f 569/45/695 571/242/614 570/21/414
f 572/108/696 574/313/557 573/175/556
f 576/22/413 578/246/619 577/111/502
f 580/176/613 582/184/563 581/181/562
f 584/58/449 586/247/621 585/340/450
f 588/182/620 590/185/566 589/341/697
f 593/115/505 595/248/622 594/251/624
f 597/190/570 599/187/567 598/192/571
f 601/66/458 603/249/623 602/252/626
f 605/254/628 607/189/569 606/194/575
f 609/256/441 611/253/627 610/257/630
f 613/342/631 615/196/576 614/199/578
f 616/1/395 618/261/634 617/259/633
f 621/205/698 623/122/579 622/120/510
f 1003/243/616 572/108/696 573/175/556
f 1050/335/689 997/343/699 1005/457/700
f 636/345/701 808/344/702 567/172/553
f 642/300/611 812/323/683 637/321/612
f 1045/346/703 642/300/611 634/470/610
f 566/173/500 804/348/704 575/109/498
f 730/349/473 535/83/640 731/350/705
f 734/277/648 535/351/640 536/279/649
f 738/292/660 536/352/649 537/294/507
f 579/23/415 581/181/562 578/246/619
f 574/313/557 800/353/706 583/174/555
f 726/283/655 533/354/481 534/285/472
f 587/245/618 589/341/697 586/247/621
f 582/184/563 796/355/707 591/180/561
f 722/356/708 533/358/481 723/357/709
f 594/251/624 596/186/565 597/190/570
f 599/187/567 797/305/669 792/193/572
f 715/359/646 532/91/483 718/291/659
f 602/252/626 604/191/625 605/254/628
f 598/192/571 788/296/662 607/189/569
f 711/361/710 531/360/639 714/362/645
f 610/257/630 612/195/574 613/342/631
f 615/196/576 789/363/663 784/315/676
f 710/364/711 530/365/469 711/361/710
f 619/255/629 621/205/698 618/261/634
f 623/122/579 785/366/677 780/121/511
f 773/56/712 631/48/438 699/49/446
f 629/327/632 627/262/635 628/211/439
f 625/204/582 781/367/512 776/445/713
f 702/47/437 696/328/685 701/213/527
f 774/368/463 545/369/714 528/471/464
f 742/118/508 538/119/715 743/371/716
f 635/374/717 996/373/718 993/372/719
f 643/347/667 821/166/720 816/299/666
f 743/375/716 539/288/477 746/286/656
f 648/234/607 654/163/545 647/229/604
f 650/232/549 825/309/721 820/164/547
f 750/376/722 540/85/475 751/377/723
f 656/333/605 662/160/542 655/225/601
f 658/227/602 829/158/539 824/308/672
f 751/268/723 541/282/652 754/280/651
f 663/223/598 669/226/543 670/156/538
f 673/332/599 828/159/541 666/157/540
f 755/281/653 542/379/487 758/380/661
f 671/221/594 677/155/537 678/151/535
f 674/222/596 837/297/664 832/318/680
f 762/381/724 543/383/485 763/382/725
f 679/215/589 685/150/534 686/147/531
f 689/331/592 836/298/665 682/217/590
f 763/382/725 544/384/478 766/385/658
f 688/218/591 694/142/526 687/212/587
f 690/144/529 845/306/670 840/146/530
f 770/386/479 545/369/714 771/370/726
f 708/273/644 630/260/643 705/387/727
f 703/73/465 705/272/727 704/270/642
f 708/388/644 710/389/711 709/472/396
f 712/390/394 714/362/645 713/473/493
f 727/81/474 729/349/515 728/391/647
f 731/351/705 733/392/435 732/393/434
f 748/394/503 750/376/722 749/474/518
f 752/395/516 754/280/651 753/475/443
f 767/290/480 769/396/520 768/397/504
f 771/370/726 773/398/712 772/399/445
f 720/400/654 722/401/708 721/476/522
f 723/354/709 725/402/501 724/403/448
f 739/117/509 741/404/488 740/405/523
f 744/406/728 746/286/656 745/477/452
f 759/95/486 761/407/492 760/408/657
f 764/409/490 766/385/658 765/478/455
f 716/410/459 718/291/659 717/479/457
f 735/352/650 737/411/496 736/412/495
f 756/413/497 758/380/661 757/480/467
f 705/387/727 707/78/470 708/273/644
f 704/270/642 774/72/463 703/73/465
f 709/3/396 711/361/710 712/2/394
f 713/51/493 715/275/646 716/68/459
f 718/291/659 720/116/654 717/67/457
f 721/134/522 723/357/709 724/57/448
f 726/283/655 728/112/647 725/59/501
f 729/127/515 731/350/705 732/44/434
f 736/105/495 734/277/648 735/278/650
f 739/293/509 737/135/496 738/292/660
f 742/118/508 744/99/728 741/100/488
f 745/60/452 747/287/476 748/113/503
f 750/376/722 752/129/516 749/130/518
f 753/52/443 755/281/653 756/107/497
f 758/295/661 760/124/657 757/75/467
f 761/103/492 763/382/725 764/102/490
f 766/289/658 768/114/504 765/63/455
f 769/131/520 771/370/726 772/55/445
f 528/74/464 706/414/524 703/73/465
f 840/146/530 842/416/430 841/145/528
f 787/418/407 789/363/663 788/296/662
f 835/419/432 837/297/664 836/298/665
f 815/420/421 817/301/729 816/299/666
f 791/422/408 793/421/573 792/193/572
f 796/355/707 798/423/668 797/305/669
f 844/207/584 846/425/525 845/306/670
f 819/427/671 821/166/720 820/164/547
f 823/428/425 825/309/721 824/308/672
f 800/353/706 802/429/409 801/183/564
f 804/348/704 806/431/673 805/312/674
f 779/433/675 781/367/512 780/121/511
f 783/434/404 785/366/677 784/315/676
f 828/159/541 830/435/423 829/158/539
f 832/318/680 834/437/536 833/317/679
f 808/344/702 810/439/460 809/171/554
f 812/323/683 814/441/681 813/322/682
f 775/5/684 777/443/730 776/444/713
f 776/445/713 782/6/400 775/324/684
f 777/443/730 843/125/514 844/207/584
f 779/314/675 785/366/677 786/202/580
f 784/315/676 790/8/402 783/9/404
f 787/12/407 793/421/573 794/11/405
f 792/193/572 798/302/668 791/303/408
f 795/16/411 801/183/564 802/15/409
f 800/353/706 806/310/673 799/19/412
f 803/70/462 809/171/554 810/69/460
f 808/344/702 814/319/681 807/93/484
f 811/25/418 817/301/729 818/24/416
f 816/299/666 822/27/419 815/28/421
f 819/32/671 825/309/721 826/307/544
f 824/308/672 830/33/423 823/34/425
f 827/316/426 833/317/679 834/153/536
f 832/318/680 838/37/427 831/38/429
f 835/41/432 841/145/528 842/40/430
f 840/146/530 846/140/525 839/269/641
f 625/446/582 777/443/730 624/208/583
f 913/17/731 932/188/732 914/188/733
f 912/311/734 931/18/735 913/18/731
f 991/447/686 646/167/550 994/448/736
f 645/61/451 1004/334/687 1006/449/737
f 639/136/691 992/336/690 1007/450/738
f 1040/451/739 1034/466/740 995/459/741
f 1042/455/742 564/263/637 1005/457/700
f 565/338/693 1003/243/616 997/343/699
f 1010/373/743 993/372/719 996/373/718
f 1012/456/744 1013/456/745 1011/456/746
f 997/343/699 1016/457/747 1005/457/700
f 1018/337/748 998/458/617 1002/337/692
f 1019/447/749 1004/334/687 991/447/686
f 1022/460/750 995/459/741 999/460/751
f 1024/461/752 992/336/690 1001/461/753
f 1028/456/754 1025/456/755 1026/456/756
f 1013/456/757 1026/456/758 1011/456/759
f 1026/456/760 1012/456/761 1011/456/762
f 1027/456/763 1031/456/764 1025/456/765
f 1031/456/766 1030/456/767 1029/456/768
f 1012/456/769 1030/456/770 1014/456/771
f 1031/456/772 1012/456/773 1025/456/774
f 1030/456/775 1032/456/776 1028/456/777
f 1044/462/778 640/463/779 1046/238/780
f 636/345/701 1035/481/781 1041/464/782
f 1034/466/740 1033/465/783 995/459/741
f 567/172/553 1049/467/784 1051/468/785
f 518/346/310 1047/236/609 1045/346/703
f 519/238/225 1047/236/609 520/236/224
f 467/448/342 991/447/686 994/448/736
f 471/458/358 1000/244/615 998/458/617
f 477/334/298 1006/449/737 1004/334/687
f 479/449/343 1001/461/753 1006/449/737
f 480/450/344 992/336/690 465/336/300
f 475/337/301 1007/450/738 480/450/344
f 467/448/342 1008/233/608 481/233/221
f 466/372/325 1008/233/608 993/372/719
f 469/373/326 995/459/741 468/459/361
f 478/457/786 999/460/751 1005/457/700
f 473/244/231 1003/243/616 1000/244/615
f 470/343/307 1003/243/616 476/243/230
f 483/373/787 1009/372/788 1010/373/743
f 483/373/787 996/373/718 469/373/326
f 482/372/789 993/372/719 1009/372/788
f 489/457/356 1015/343/790 488/343/357
f 470/343/307 1015/343/790 997/343/699
f 478/457/786 1016/457/747 489/457/356
f 490/458/791 1018/337/748 491/337/359
f 491/337/359 1002/337/692 475/337/301
f 490/458/791 998/458/617 1017/458/792
f 493/334/793 1019/447/749 492/447/360
f 492/447/360 991/447/686 464/447/341
f 493/334/793 1004/334/687 1020/334/794
f 495/460/362 1021/459/795 1022/460/750
f 495/460/362 999/460/751 472/460/363
f 468/459/361 1021/459/795 494/459/796
f 497/461/364 1023/336/797 1024/461/752
f 497/461/364 1001/461/753 474/461/365
f 496/336/798 992/336/690 1023/336/797
f 511/452/346 1040/451/739 1038/452/799
f 513/451/345 1034/466/740 1040/451/739
f 514/464/389 1037/239/800 1041/464/782
f 514/464/389 1035/481/781 508/481/801
f 509/482/802 1034/466/740 507/466/391
f 509/482/802 1033/465/783 1036/482/803
f 510/239/226 1038/452/799 1037/239/800
f 515/455/349 1033/465/783 506/465/390
f 512/454/348 1042/455/742 515/455/349
f 512/454/348 1035/481/781 1039/454/638
f 521/241/228 1043/453/804 516/453/347
f 521/241/228 634/470/610 1048/241/805
f 108/374/327 1044/462/778 517/462/387
f 519/238/225 1044/462/778 1046/238/780
f 107/470/806 1045/346/703 634/470/610
f 108/374/327 1043/453/804 635/374/717
f 114/339/303 1053/110/499 641/339/694
f 522/467/392 1053/110/499 526/110/109
f 527/265/252 1052/264/688 1054/265/636
f 527/265/252 1051/468/785 524/468/393
f 114/339/303 1050/335/689 523/335/299
f 525/264/251 1050/335/689 1052/264/688
f 524/468/393 1049/467/784 522/467/392
f 89/1/1 82/256/243 185/2/2
f 251/4/4 36/126/125 35/5/5
f 255/6/7 35/325/5 34/7/8
f 32/13/15 31/14/180 264/14/16
f 30/18/19 29/311/171 272/19/20
f 43/21/21 42/45/44 49/22/22
f 295/30/27 25/469/29 24/31/30
f 23/35/34 22/36/149 300/36/35
f 41/43/42 206/178/170 205/44/43
f 315/40/39 20/42/41 19/46/45
f 175/47/47 101/211/199 104/48/48
f 185/2/2 82/256/243 81/50/50
f 226/52/52 225/129/128 133/53/53
f 245/55/55 173/132/131 172/49/49
f 197/57/57 58/340/304 57/58/58
f 218/60/60 217/99/98 118/61/61
f 238/63/63 237/102/101 157/64/64
f 74/66/66 73/250/237 190/67/67
f 230/75/75 229/107/106 141/76/76
f 180/78/78 183/389/320 3/79/79
f 7/81/81 200/81/266 203/82/82
f 220/84/84 223/376/328 13/85/85
f 17/86/87 240/290/269 243/87/88
f 192/89/90 195/401/317 6/90/91
f 28/92/71 27/320/169 280/93/93
f 232/95/94 235/484/331 16/96/95
f 111/98/97 118/61/61 217/99/98
f 148/101/100 157/64/64 237/102/101
f 81/50/50 74/66/66 189/68/68
f 105/104/103 210/135/134 209/105/104
f 132/54/54 141/76/76 229/107/106
f 48/109/108 39/173/165 526/110/109
f 39/173/165 522/467/392 526/110/109
f 526/110/109 114/339/303 45/108/107
f 114/339/303 38/338/302 45/108/107
f 198/59/59 57/58/58 50/111/110
f 117/62/62 125/168/162 221/113/112
f 156/65/65 165/148/145 241/114/113
f 190/67/67 73/250/237 66/115/114
f 10/117/116 212/117/272 215/118/117
f 95/120/119 254/367/322 253/121/120
f 230/75/75 140/77/77 149/123/122
f 202/127/126 49/22/22 42/45/44
f 124/128/127 133/53/53 225/129/128
f 242/131/130 164/143/140 173/132/131
f 65/133/132 58/340/304 197/57/57
f 210/135/134 105/104/103 112/136/135
f 36/139/125 316/139/124 319/140/138
f 167/142/139 174/213/201 173/132/131
f 163/144/141 162/331/295 314/145/142
f 159/147/144 166/216/204 165/148/145
f 20/149/41 308/149/40 311/37/36
f 158/150/146 157/64/64 148/101/100
f 21/152/38 304/152/37 307/153/148
f 150/155/150 149/123/122 140/77/77
f 139/157/152 138/378/330 302/158/153
f 135/160/155 142/226/214 141/76/76
f 23/35/34 296/34/33 299/161/156
f 127/163/157 134/230/218 133/53/53
f 293/164/158 123/232/220 122/165/159
f 119/167/161 126/235/223 125/168/162
f 25/29/29 288/28/28 291/169/24
f 282/171/163 281/344/308 40/172/164
f 56/174/166 47/313/287 46/175/167
f 284/25/25 287/485/291 27/177/169
f 206/178/170 41/43/42 106/106/105
f 276/70/70 279/486/285 29/179/171
f 64/180/172 55/184/176 54/181/173
f 274/183/175 273/353/314 56/174/166
f 63/185/177 62/341/305 69/186/178
f 268/16/18 271/487/280 31/188/180
f 80/189/181 71/192/184 70/190/182
f 71/192/184 266/421/333 265/193/185
f 79/194/186 78/254/241 85/195/187
f 32/13/15 260/12/14 263/197/10
f 87/199/189 86/342/306 93/200/190
f 33/201/12 256/201/11 259/202/191
f 98/204/192 95/120/119 94/205/193
f 317/207/195 250/443/334 97/208/196
f 168/210/198 100/262/249 101/211/199
f 160/212/200 169/328/294 174/213/201
f 170/214/202 169/328/294 160/212/200
f 152/215/203 161/218/206 166/216/204
f 155/217/205 162/331/295 161/218/206
f 151/151/147 144/221/209 153/219/207
f 154/220/208 153/219/207 144/221/209
f 136/223/211 145/224/212 150/155/150
f 139/157/152 146/332/296 145/224/212
f 128/225/213 137/228/216 142/226/214
f 131/227/215 138/378/330 137/228/216
f 120/229/217 129/333/297 134/230/218
f 130/231/219 129/333/297 120/229/217
f 126/235/223 119/167/161 467/448/342
f 481/233/221 466/372/325 113/463/388
f 126/235/223 467/448/342 481/233/221
f 481/233/221 113/463/388 121/234/222
f 518/346/310 116/347/311 520/236/224
f 116/347/311 122/165/159 520/236/224
f 122/165/159 121/237/222 520/236/224
f 121/237/222 113/463/388 519/238/225
f 110/240/227 115/300/278 107/470/806
f 521/241/228 516/453/347 511/452/346
f 110/240/227 107/470/806 521/241/228
f 511/452/346 510/239/226 521/241/228
f 52/23/23 53/176/168 46/175/167
f 41/43/42 44/242/229 473/244/231
f 473/244/231 471/458/358 106/106/105
f 60/245/232 51/246/233 50/111/110
f 61/182/174 54/181/173 51/246/233
f 59/247/234 58/340/304 65/133/132
f 69/186/178 62/341/305 59/247/234
f 76/249/236 67/251/238 66/115/114
f 76/249/236 77/191/183 70/190/182
f 75/252/239 74/66/66 81/50/50
f 84/253/240 85/195/187 78/254/241
f 92/255/242 83/257/244 82/256/243
f 93/200/190 86/342/306 83/257/244
f 102/258/245 91/261/248 90/259/246
f 99/206/194 94/205/193 91/261/248
f 171/209/197 97/208/196 100/262/249
f 524/468/393 40/172/164 527/265/252
f 40/172/164 109/345/309 527/265/252
f 109/345/309 508/481/801 527/265/252
f 508/481/801 512/454/348 527/265/252
f 512/454/348 37/263/250 527/265/252
f 18/267/89 1/488/74 12/268/86
f 1/488/74 2/268/80 11/268/118
f 12/268/86 1/488/74 11/268/118
f 2/268/80 3/268/79 10/268/116
f 3/268/79 4/268/258 9/268/261
f 10/268/116 3/268/79 9/268/261
f 4/268/258 5/268/92 7/268/81
f 5/268/92 6/268/91 7/268/81
f 7/268/81 8/268/83 4/268/258
f 8/268/83 9/268/261 4/268/258
f 10/268/116 11/268/118 2/268/80
f 12/268/86 13/268/85 18/267/89
f 13/268/85 14/379/264 16/489/95
f 14/379/264 15/379/96 16/489/95
f 16/489/95 17/266/87 13/268/85
f 177/270/253 104/48/48 103/271/247
f 90/259/246 89/1/1 182/3/3
f 50/111/110 49/22/22 202/127/126
f 222/130/129 221/113/112 125/168/162
f 164/143/140 242/131/130 241/114/113
f 66/115/114 65/133/132 194/134/133
f 111/98/97 214/100/99 213/137/136
f 148/101/100 234/103/102 233/124/123
f 79/194/186 262/363/319 261/296/274
f 155/217/205 154/220/208 310/297/275
f 289/299/277 116/347/311 115/300/278
f 270/305/281 269/355/316 64/180/172
f 318/306/282 317/207/195 171/209/197
f 297/308/283 131/227/215 130/231/219
f 278/312/286 277/348/312 48/109/108
f 87/199/189 258/366/321 257/315/288
f 147/222/210 146/332/296 306/317/289
f 110/321/227 109/345/309 286/322/292
f 174/213/201 175/47/47 172/49/49
f 103/326/247 104/48/48 101/211/199
f 170/214/202 171/209/197 168/210/198
f 99/329/194 100/262/249 97/208/196
f 166/216/204 167/142/139 164/143/140
f 162/331/295 163/144/141 160/212/200
f 157/64/64 158/150/146 159/147/144
f 154/220/208 155/217/205 152/215/203
f 149/123/122 150/155/150 151/151/147
f 146/332/296 147/222/210 144/221/209
f 142/226/214 143/156/151 140/77/77
f 137/228/216 138/378/330 139/157/152
f 134/230/218 135/160/155 132/54/54
f 130/231/219 131/227/215 128/225/213
f 126/235/223 127/163/157 124/128/127
f 122/165/159 123/232/220 120/229/217
f 117/62/62 118/61/61 477/334/298
f 477/334/298 464/447/341 119/167/161
f 465/336/300 474/461/365 111/98/97
f 106/106/105 471/458/358 475/337/301
f 42/45/44 43/21/21 44/242/229
f 47/313/287 48/109/108 45/108/107
f 51/246/233 52/23/23 49/22/22
f 55/184/176 56/174/166 53/176/168
f 59/247/234 60/245/232 57/58/58
f 63/185/177 64/180/172 61/182/174
f 66/115/114 67/251/238 68/248/235
f 70/190/182 71/192/184 72/187/179
f 74/66/66 75/252/239 76/249/236
f 78/254/241 79/194/186 80/189/181
f 82/256/243 83/257/244 84/253/240
f 86/342/306 87/199/189 88/196/188
f 91/261/248 92/255/242 89/1/1
f 94/205/193 95/120/119 96/122/121
f 44/242/229 43/21/21 476/243/230
f 43/21/21 46/175/167 476/243/230
f 523/335/299 37/263/250 478/457/786
f 478/457/786 470/343/307 523/335/299
f 281/344/308 286/322/292 109/345/309
f 285/323/293 290/301/279 115/300/278
f 518/346/310 107/470/806 115/300/278
f 277/348/312 282/171/163 39/173/165
f 207/277/259 9/279/261 8/351/83
f 211/292/271 10/294/116 9/352/261
f 54/181/173 53/176/168 52/23/23
f 273/353/314 278/312/286 47/313/287
f 199/283/265 7/285/81 6/354/91
f 62/341/305 61/182/174 60/245/232
f 269/355/316 274/183/175 55/184/176
f 67/251/238 70/190/182 69/186/178
f 72/187/179 265/193/185 270/305/281
f 5/91/92 4/359/258 188/359/257
f 75/252/239 78/254/241 77/191/183
f 261/296/274 266/421/333 71/192/184
f 4/360/258 3/365/79 184/361/318
f 86/342/306 85/195/187 84/253/240
f 88/196/188 257/315/288 262/363/319
f 94/205/193 93/200/190 92/255/242
f 96/122/121 253/121/120 258/366/321
f 246/56/56 172/49/49 104/48/48
f 100/262/249 99/329/194 102/327/245
f 98/204/192 249/445/335 254/367/322
f 169/328/294 168/210/198 175/47/47
f 247/368/72 1/471/74 18/369/89
f 517/462/387 113/463/388 108/374/327
f 113/463/388 466/372/325 108/374/327
f 116/347/311 289/299/277 294/166/160
f 12/288/86 11/375/118 216/375/324
f 127/163/157 126/235/223 121/234/222
f 123/232/220 293/164/158 298/309/284
f 135/160/155 134/230/218 129/333/297
f 297/308/283 302/158/153 138/378/330
f 14/282/264 13/268/85 224/268/329
f 143/156/151 142/226/214 137/228/216
f 301/159/154 306/317/289 146/332/296
f 15/379/96 14/282/264 228/281/263
f 151/151/147 150/155/150 145/224/212
f 147/222/210 305/318/290 310/297/275
f 152/215/203 159/147/144 158/150/146
f 309/298/276 314/145/142 162/331/295
f 17/384/87 16/383/95 236/382/332
f 167/142/139 166/216/204 161/218/206
f 313/146/143 318/306/282 170/214/202
f 103/260/247 90/259/246 181/273/255
f 178/272/254 179/414/137 176/73/73
f 181/388/255 182/472/3 183/389/320
f 185/390/2 186/473/51 187/362/256
f 202/349/126 203/82/82 200/81/266
f 206/392/170 207/277/259 204/351/313
f 221/394/112 222/474/129 223/376/328
f 225/395/128 226/475/52 227/280/262
f 242/396/130 243/87/88 240/290/269
f 246/398/56 247/368/72 244/370/323
f 193/400/115 194/476/133 195/401/317
f 198/402/59 199/283/265 196/354/315
f 214/404/99 215/118/117 212/117/272
f 217/406/98 218/477/60 219/286/267
f 234/407/102 235/484/331 232/95/94
f 237/409/101 238/478/63 239/385/268
f 189/410/68 190/479/67 191/291/270
f 210/411/134 211/292/271 208/352/260
f 229/413/106 230/480/75 231/380/273
f 178/387/254 181/273/255 180/78/78
f 247/72/72 246/56/56 177/270/253
f 182/3/3 185/2/2 184/361/318
f 186/51/51 189/68/68 188/275/257
f 193/116/115 192/89/90 191/291/270
f 194/134/133 197/57/57 196/357/315
f 201/112/111 200/284/266 199/283/265
f 202/127/126 205/44/43 204/350/313
f 207/277/259 206/178/170 209/105/104
f 212/293/272 211/292/271 210/135/134
f 217/99/98 216/371/324 215/118/117
f 218/60/60 221/113/112 220/287/84
f 225/129/128 224/377/329 223/376/328
f 226/52/52 229/107/106 228/281/263
f 233/124/123 232/95/94 231/295/273
f 234/103/102 237/102/101 236/382/332
f 241/114/113 240/290/269 239/289/268
f 242/131/130 245/55/55 244/370/323
f 1/74/74 176/73/73 179/414/137
f 313/146/143 314/145/142 315/416/39
f 262/363/319 263/490/10 260/418/14
f 310/297/275 311/491/36 308/419/40
f 290/301/279 291/492/24 288/420/28
f 266/421/333 267/493/13 264/422/16
f 269/355/316 270/305/281 271/423/280
f 317/207/195 318/306/282 319/425/138
f 294/166/160 295/494/27 292/427/31
f 298/309/284 299/495/156 296/428/33
f 273/353/314 274/183/175 275/429/17
f 277/348/312 278/312/286 279/431/285
f 254/367/322 255/496/7 252/433/9
f 258/366/321 259/497/191 256/434/11
f 301/159/154 302/158/153 303/435/32
f 305/318/290 306/317/289 307/437/148
f 281/344/308 282/171/163 283/439/69
f 285/323/293 286/322/292 287/441/291
f 250/443/334 251/4/4 248/5/6
f 255/6/7 254/367/322 249/445/335
f 250/443/334 317/207/195 316/125/124
f 252/314/9 259/202/191 258/366/321
f 263/8/10 262/363/319 257/315/288
f 260/12/14 267/11/13 266/421/333
f 271/302/280 270/305/281 265/193/185
f 268/16/18 275/15/17 274/183/175
f 279/310/285 278/312/286 273/353/314
f 276/70/70 283/69/69 282/171/163
f 287/319/291 286/322/292 281/344/308
f 284/25/25 291/24/24 290/301/279
f 295/27/27 294/166/160 289/299/277
f 292/32/31 299/307/156 298/309/284
f 303/33/32 302/158/153 297/308/283
f 300/316/35 307/153/148 306/317/289
f 311/37/36 310/297/275 305/318/290
f 308/41/40 315/40/39 314/145/142
f 319/140/138 318/306/282 313/146/143
f 97/208/196 250/443/334 249/444/335
f 387/188/336 405/188/878 404/17/337
f 385/311/339 386/18/338 404/18/337
f 111/98/97 474/461/365 479/449/343
f 479/449/343 477/334/298 118/61/61
f 105/104/103 475/337/301 480/450/344
f 480/450/344 465/336/300 112/136/135
f 108/374/327 469/373/326 516/453/347
f 469/373/326 468/459/361 513/451/345
f 516/453/347 469/373/326 513/451/345
f 468/459/361 507/466/391 513/451/345
f 506/465/390 472/460/363 515/455/349
f 472/460/363 478/457/786 515/455/349
f 478/457/786 37/263/250 515/455/349
f 476/243/230 45/108/107 38/338/302
s 0
f 466/372/351 482/372/1083 483/373/1084
s 1
f 486/456/353 487/456/1085 485/456/354
f 470/343/307 478/457/786 489/457/356
f 471/458/358 490/458/791 491/337/359
f 477/334/298 493/334/793 492/447/360
f 468/459/361 494/459/796 495/460/362
f 465/336/300 496/336/798 497/461/364
f 498/456/366 500/456/375 501/456/367
f 484/456/369 499/456/1086 501/456/370
f 485/456/372 498/456/1087 499/456/373
f 500/456/375 498/456/366 504/456/376
f 503/456/378 505/456/1088 504/456/379
f 485/456/354 487/456/1085 503/456/381
f 498/456/383 485/456/383 502/456/383
f 503/456/386 487/456/1089 500/456/384
f 487/456/1089 486/456/1090 500/456/384
f 486/456/1090 501/456/1091 500/456/384
f 110/240/227 510/239/226 514/464/389
f 514/464/389 508/481/801 109/345/309
f 472/460/363 506/465/390 468/459/361
f 506/465/390 509/482/802 507/466/391
f 522/467/392 39/173/165 40/172/164
f 712/2/394 609/256/441 616/1/395
f 778/4/397 775/5/684 562/5/398
f 782/6/400 779/7/675 561/7/401
f 791/14/408 558/14/568 559/13/406
f 799/19/412 556/311/560 557/18/410
f 576/22/413 569/45/695 570/21/414
f 822/30/419 819/32/671 551/31/422
f 827/36/426 549/36/678 550/35/424
f 568/43/433 569/45/695 732/44/434
f 842/40/430 839/46/641 546/46/436
f 702/47/437 699/49/446 631/48/438
f 712/2/394 713/51/493 608/50/440
f 660/53/442 752/129/516 753/52/443
f 772/55/445 773/56/712 699/49/446
f 724/57/448 725/59/501 584/58/449
f 645/61/451 744/99/728 745/60/452
f 684/64/454 764/102/490 765/63/455
f 717/67/457 600/250/506 601/66/458
f 668/76/466 756/107/497 757/75/467
f 530/79/469 710/389/711 707/78/470
f 534/81/472 535/83/640 730/82/473
f 540/85/475 750/376/722 747/84/476
f 544/86/478 545/88/714 770/87/479
f 533/90/481 722/401/708 719/89/482
f 807/93/484 554/320/558 555/92/461
f 543/96/485 762/484/724 759/95/486
f 741/100/488 744/99/728 645/61/451
f 764/102/490 684/64/454 675/101/491
f 716/68/459 601/66/458 608/50/440
f 632/104/494 633/106/559 736/105/495
f 756/107/497 668/76/466 659/54/444
f 575/109/498 572/108/696 1053/110/499
f 572/108/696 565/338/693 641/339/694
f 1053/110/499 572/108/696 641/339/694
f 1053/110/499 1049/467/784 566/173/500
f 725/59/501 728/112/647 577/111/502
f 748/113/503 652/168/551 644/62/453
f 768/114/504 692/148/532 683/65/456
f 717/67/457 720/116/654 593/115/505
f 537/117/507 538/119/715 742/118/508
f 622/120/510 623/122/579 780/121/511
f 757/75/467 760/124/657 676/123/513
f 732/44/434 569/45/695 576/22/413
f 752/129/516 660/53/442 651/128/517
f 772/55/445 700/132/447 691/143/519
f 724/57/448 585/340/450 592/133/521
f 740/137/523 639/136/691 632/104/494
f 563/139/399 546/141/436 846/140/525
f 694/142/526 691/143/519 700/132/447
f 841/145/528 689/331/592 690/144/529
f 686/147/531 683/65/456 692/148/532
f 547/149/431 548/39/428 838/37/427
f 675/101/491 684/64/454 685/150/534
f 548/152/428 549/154/678 834/153/536
f 667/77/468 676/123/513 677/155/537
f 829/158/539 665/378/603 666/157/540
f 662/160/542 659/54/444 668/76/466
f 550/35/424 551/162/422 826/161/544
f 654/163/545 651/128/517 660/53/442
f 820/164/547 821/166/720 649/165/548
f 646/167/550 644/62/453 652/168/551
f 552/29/420 553/170/417 818/169/416
f 567/172/553 808/344/702 809/171/554
f 583/174/555 580/176/613 573/175/556
f 554/177/558 814/485/681 811/25/418
f 733/178/435 736/105/495 633/106/559
f 556/179/560 806/486/673 803/70/462
f 591/180/561 588/182/620 581/181/562
f 583/174/555 800/353/706 801/183/564
f 596/186/565 589/341/697 590/185/566
f 558/188/568 798/487/668 795/16/411
f 607/189/569 604/191/625 597/190/570
f 598/192/571 599/187/567 792/193/572
f 612/195/574 605/254/628 606/194/575
f 559/13/406 560/198/403 790/197/402
f 620/200/577 613/342/631 614/199/578
f 560/201/403 561/203/401 786/202/580
f 626/206/581 621/205/698 622/120/510
f 624/208/583 777/443/730 844/207/584
f 628/211/439 627/262/635 695/210/586
f 701/213/527 696/328/685 687/212/587
f 687/212/587 696/328/685 697/214/588
f 693/216/533 688/218/591 679/215/589
f 682/217/590 679/215/589 688/218/591
f 678/151/535 685/150/534 680/219/593
f 671/221/594 680/219/593 681/220/595
f 670/156/538 677/155/537 672/224/597
f 666/157/540 663/223/598 672/224/597
f 662/160/542 669/226/543 664/228/600
f 658/227/602 655/225/601 664/228/600
f 661/230/546 656/333/605 647/229/604
f 650/232/549 647/229/604 656/333/605
f 994/448/736 646/167/550 653/235/552
f 648/234/607 640/463/779 1008/233/608
f 640/463/779 993/372/719 1008/233/608
f 1008/233/608 994/448/736 653/235/552
f 649/165/548 643/347/667 1047/236/609
f 643/347/667 1045/346/703 1047/236/609
f 1047/236/609 1046/238/780 648/237/607
f 1046/238/780 640/463/779 648/237/607
f 637/240/612 1037/239/800 1048/241/805
f 1037/239/800 1038/452/799 1048/241/805
f 1038/452/799 1043/453/804 1048/241/805
f 1048/241/805 634/470/610 637/240/612
f 570/21/414 573/175/556 580/176/613
f 1000/244/615 571/242/614 568/43/433
f 568/43/433 633/106/559 1000/244/615
f 587/245/618 584/58/449 577/111/502
f 578/246/619 581/181/562 588/182/620
f 592/133/521 585/340/450 586/247/621
f 586/247/621 589/341/697 596/186/565
f 603/249/623 600/250/506 593/115/505
f 603/249/623 594/251/624 597/190/570
f 608/50/440 601/66/458 602/252/626
f 611/253/627 602/252/626 605/254/628
f 619/255/629 616/1/395 609/256/441
f 619/255/629 610/257/630 613/342/631
f 629/258/632 630/260/643 617/259/633
f 618/261/634 621/205/698 626/206/581
f 698/209/585 695/210/586 627/262/635
f 636/345/701 567/172/553 1054/265/636
f 567/172/553 1051/468/785 1054/265/636
f 1054/265/636 1052/264/688 564/263/637
f 1039/454/638 1035/481/781 1054/265/636
f 1035/481/781 636/345/701 1054/265/636
f 529/268/471 528/488/464 538/268/715
f 528/488/464 545/267/714 539/268/477
f 545/267/714 544/266/478 540/268/475
f 544/266/478 543/489/485 540/268/475
f 545/267/714 540/268/475 539/268/477
f 543/489/485 542/379/487 541/379/652
f 541/379/652 540/268/475 543/489/485
f 539/268/477 538/268/715 528/488/464
f 538/268/715 537/268/507 529/268/471
f 537/268/507 536/268/649 530/268/469
f 536/268/649 535/268/640 530/268/469
f 537/268/507 530/268/469 529/268/471
f 535/268/640 534/268/472 531/268/639
f 534/268/472 533/268/481 532/268/483
f 531/268/639 534/268/472 532/268/483
f 704/270/642 705/272/727 630/271/643
f 709/3/396 616/1/395 617/259/633
f 729/127/515 576/22/413 577/111/502
f 652/168/551 748/113/503 749/130/518
f 691/143/519 692/148/532 768/114/504
f 721/134/522 592/133/521 593/115/505
f 638/98/489 639/136/691 740/137/523
f 675/101/491 676/123/513 760/124/657
f 606/194/575 607/189/569 788/296/662
f 837/297/664 681/220/595 682/217/590
f 816/299/666 817/301/729 642/300/611
f 591/180/561 796/355/707 797/305/669
f 698/209/585 844/207/584 845/306/670
f 824/308/672 825/309/721 657/231/606
f 575/109/498 804/348/704 805/312/674
f 614/199/578 615/196/576 784/315/676
f 833/317/679 673/332/599 674/222/596
f 813/322/682 636/345/701 637/321/612
f 699/49/446 702/47/437 701/213/527
f 628/211/439 631/48/438 630/326/643
f 695/210/586 698/209/585 697/214/588
f 624/208/583 627/262/635 626/329/581
f 691/143/519 694/142/526 693/216/533
f 687/212/587 690/144/529 689/331/592
f 684/64/454 683/65/456 686/147/531
f 679/215/589 682/217/590 681/220/595
f 676/123/513 675/101/491 678/151/535
f 671/221/594 674/222/596 673/332/599
f 667/77/468 670/156/538 669/226/543
f 664/228/600 663/223/598 666/157/540
f 659/54/444 662/160/542 661/230/546
f 655/225/601 658/227/602 657/231/606
f 651/128/517 654/163/545 653/235/552
f 647/229/604 650/232/549 649/165/548
f 1004/334/687 645/61/451 644/62/453
f 644/62/453 646/167/550 1004/334/687
f 638/98/489 1001/461/753 992/336/690
f 633/106/559 632/104/494 1002/337/692
f 569/45/695 568/43/433 571/242/614
f 572/108/696 575/109/498 574/313/557
f 576/22/413 579/23/415 578/246/619
f 580/176/613 583/174/555 582/184/563
f 584/58/449 587/245/618 586/247/621
f 588/182/620 591/180/561 590/185/566
f 593/115/505 592/133/521 595/248/622
f 597/190/570 596/186/565 599/187/567
f 601/66/458 600/250/506 603/249/623
f 605/254/628 604/191/625 607/189/569
f 609/256/441 608/50/440 611/253/627
f 613/342/631 612/195/574 615/196/576
f 616/1/395 619/255/629 618/261/634
f 621/205/698 620/200/577 623/122/579
f 573/175/556 570/21/414 1003/243/616
f 570/21/414 571/242/614 1003/243/616
f 1005/457/700 564/263/637 1050/335/689
f 1050/335/689 565/338/693 997/343/699
f 636/345/701 813/322/682 808/344/702
f 642/300/611 817/301/729 812/323/683
f 1045/346/703 643/347/667 642/300/611
f 566/173/500 809/171/554 804/348/704
f 734/277/648 731/351/705 535/351/640
f 738/292/660 735/352/650 536/352/649
f 579/23/415 580/176/613 581/181/562
f 574/313/557 805/312/674 800/353/706
f 726/283/655 723/354/709 533/354/481
f 587/245/618 588/182/620 589/341/697
f 582/184/563 801/183/564 796/355/707
f 594/251/624 595/248/622 596/186/565
f 599/187/567 590/185/566 797/305/669
f 715/359/646 531/359/639 532/91/483
f 602/252/626 603/249/623 604/191/625
f 598/192/571 793/421/573 788/296/662
f 711/361/710 530/365/469 531/360/639
f 610/257/630 611/253/627 612/195/574
f 615/196/576 606/194/575 789/363/663
f 619/255/629 620/200/577 621/205/698
f 623/122/579 614/199/578 785/366/677
f 773/56/712 704/270/642 631/48/438
f 629/327/632 626/329/581 627/262/635
f 625/204/582 622/120/510 781/367/512
f 702/47/437 695/210/586 696/328/685
f 774/368/463 771/370/726 545/369/714
f 993/372/719 640/463/779 635/374/717
f 640/463/779 1044/462/778 635/374/717
f 643/347/667 649/165/548 821/166/720
f 743/375/716 538/375/715 539/288/477
f 648/234/607 653/235/552 654/163/545
f 650/232/549 657/231/606 825/309/721
f 656/333/605 661/230/546 662/160/542
f 658/227/602 665/378/603 829/158/539
f 751/268/723 540/268/475 541/282/652
f 663/223/598 664/228/600 669/226/543
f 673/332/599 833/317/679 828/159/541
f 755/281/653 541/282/652 542/379/487
f 671/221/594 672/224/597 677/155/537
f 674/222/596 681/220/595 837/297/664
f 679/215/589 680/219/593 685/150/534
f 689/331/592 841/145/528 836/298/665
f 763/382/725 543/383/485 544/384/478
f 688/218/591 693/216/533 694/142/526
f 690/144/529 697/214/588 845/306/670
f 708/273/644 617/259/633 630/260/643
f 703/73/465 706/414/524 705/272/727
f 708/388/644 707/78/470 710/389/711
f 712/390/394 711/361/710 714/362/645
f 727/81/474 730/82/473 729/349/515
f 731/351/705 734/277/648 733/392/435
f 748/394/503 747/84/476 750/376/722
f 752/395/516 751/268/723 754/280/651
f 767/290/480 770/87/479 769/396/520
f 771/370/726 774/368/463 773/398/712
f 720/400/654 719/89/482 722/401/708
f 723/354/709 726/283/655 725/402/501
f 739/117/509 742/118/508 741/404/488
f 744/406/728 743/375/716 746/286/656
f 759/95/486 762/484/724 761/407/492
f 764/409/490 763/382/725 766/385/658
f 716/410/459 715/359/646 718/291/659
f 735/352/650 738/292/660 737/411/496
f 756/413/497 755/281/653 758/380/661
f 705/387/727 706/138/524 707/78/470
f 704/270/642 773/56/712 774/72/463
f 709/3/396 710/364/711 711/361/710
f 713/51/493 714/274/645 715/275/646
f 718/291/659 719/89/482 720/116/654
f 721/134/522 722/356/708 723/357/709
f 726/283/655 727/284/474 728/112/647
f 729/127/515 730/349/473 731/350/705
f 736/105/495 733/178/435 734/277/648
f 739/293/509 740/137/523 737/135/496
f 742/118/508 743/371/716 744/99/728
f 745/60/452 746/286/656 747/287/476
f 750/376/722 751/377/723 752/129/516
f 753/52/443 754/280/651 755/281/653
f 758/295/661 759/95/486 760/124/657
f 761/103/492 762/381/724 763/382/725
f 766/289/658 767/290/480 768/114/504
f 769/131/520 770/386/479 771/370/726
f 528/74/464 529/415/471 706/414/524
f 840/146/530 839/417/641 842/416/430
f 787/418/407 790/490/402 789/363/663
f 835/419/432 838/491/427 837/297/664
f 815/420/421 818/492/416 817/301/729
f 791/422/408 794/493/405 793/421/573
f 796/355/707 795/424/411 798/423/668
f 844/207/584 843/426/514 846/425/525
f 819/427/671 822/494/419 821/166/720
f 823/428/425 826/495/544 825/309/721
f 800/353/706 799/430/412 802/429/409
f 804/348/704 803/432/462 806/431/673
f 779/433/675 782/496/400 781/367/512
f 783/434/404 786/497/580 785/366/677
f 828/159/541 827/436/426 830/435/423
f 832/318/680 831/438/429 834/437/536
f 808/344/702 807/440/484 810/439/460
f 812/323/683 811/442/418 814/441/681
f 775/5/684 778/4/397 777/443/730
f 776/445/713 781/367/512 782/6/400
f 777/443/730 778/4/397 843/125/514
f 779/314/675 780/121/511 785/366/677
f 784/315/676 789/363/663 790/8/402
f 787/12/407 788/296/662 793/421/573
f 792/193/572 797/305/669 798/302/668
f 795/16/411 796/355/707 801/183/564
f 800/353/706 805/312/674 806/310/673
f 803/70/462 804/348/704 809/171/554
f 808/344/702 813/322/682 814/319/681
f 811/25/418 812/323/683 817/301/729
f 816/299/666 821/166/720 822/27/419
f 819/32/671 820/164/547 825/309/721
f 824/308/672 829/158/539 830/33/423
f 827/316/426 828/159/541 833/317/679
f 832/318/680 837/297/664 838/37/427
f 835/41/432 836/298/665 841/145/528
f 840/146/530 845/306/670 846/140/525
f 625/446/582 776/444/713 777/443/730
f 913/17/731 931/17/735 932/188/732
f 912/311/734 930/311/992 931/18/735
f 1006/449/737 1001/461/753 638/98/489
f 638/98/489 645/61/451 1006/449/737
f 1007/450/738 1002/337/692 632/104/494
f 632/104/494 639/136/691 1007/450/738
f 995/459/741 996/373/718 1040/451/739
f 996/373/718 635/374/717 1043/453/804
f 1040/451/739 996/373/718 1043/453/804
f 1043/453/804 1038/452/799 1040/451/739
f 1005/457/700 999/460/751 1042/455/742
f 999/460/751 1033/465/783 1042/455/742
f 1042/455/742 1039/454/638 564/263/637
f 565/338/693 572/108/696 1003/243/616
f 1010/373/743 1009/372/788 993/372/719
f 1012/456/744 1014/456/1092 1013/456/745
f 997/343/699 1015/343/790 1016/457/747
f 1018/337/748 1017/458/792 998/458/617
f 1019/447/749 1020/334/794 1004/334/687
f 1022/460/750 1021/459/795 995/459/741
f 1024/461/752 1023/336/797 992/336/690
f 1028/456/754 1027/456/1093 1025/456/755
f 1013/456/757 1028/456/1094 1026/456/758
f 1026/456/760 1025/456/1095 1012/456/761
f 1027/456/763 1032/456/1096 1031/456/764
f 1031/456/766 1032/456/1097 1030/456/767
f 1012/456/769 1029/456/1098 1030/456/770
f 1031/456/772 1029/456/1099 1012/456/773
f 1013/456/1100 1014/456/1101 1028/456/777
f 1014/456/1101 1030/456/775 1028/456/777
f 1032/456/776 1027/456/1102 1028/456/777
f 1041/464/782 1037/239/800 637/240/612
f 637/240/612 636/345/701 1041/464/782
f 1036/482/803 1033/465/783 1034/466/740
f 1033/465/783 999/460/751 995/459/741
f 567/172/553 566/173/500 1049/467/784
f 518/346/310 520/236/224 1047/236/609
f 519/238/225 1046/238/780 1047/236/609
f 467/448/342 464/447/341 991/447/686
f 471/458/358 473/244/231 1000/244/615
f 477/334/298 479/449/343 1006/449/737
f 479/449/343 474/461/365 1001/461/753
f 480/450/344 1007/450/738 992/336/690
f 475/337/301 1002/337/692 1007/450/738
f 467/448/342 994/448/736 1008/233/608
f 466/372/325 481/233/221 1008/233/608
f 469/373/326 996/373/718 995/459/741
f 478/457/786 472/460/363 999/460/751
f 473/244/231 476/243/230 1003/243/616
f 470/343/307 997/343/699 1003/243/616
f 483/373/787 482/372/789 1009/372/788
f 483/373/787 1010/373/743 996/373/718
f 482/372/789 466/372/325 993/372/719
f 489/457/356 1016/457/747 1015/343/790
f 470/343/307 488/343/357 1015/343/790
f 478/457/786 1005/457/700 1016/457/747
f 490/458/791 1017/458/792 1018/337/748
f 491/337/359 1018/337/748 1002/337/692
f 490/458/791 471/458/358 998/458/617
f 493/334/793 1020/334/794 1019/447/749
f 492/447/360 1019/447/749 991/447/686
f 493/334/793 477/334/298 1004/334/687
f 495/460/362 494/459/796 1021/459/795
f 495/460/362 1022/460/750 999/460/751
f 468/459/361 995/459/741 1021/459/795
f 497/461/364 496/336/798 1023/336/797
f 497/461/364 1024/461/752 1001/461/753
f 496/336/798 465/336/300 992/336/690
f 511/452/346 513/451/345 1040/451/739
f 513/451/345 507/466/391 1034/466/740
f 514/464/389 510/239/226 1037/239/800
f 514/464/389 1041/464/782 1035/481/781
f 509/482/802 1036/482/803 1034/466/740
f 509/482/802 506/465/390 1033/465/783
f 510/239/226 511/452/346 1038/452/799
f 515/455/349 1042/455/742 1033/465/783
f 512/454/348 1039/454/638 1042/455/742
f 512/454/348 508/481/801 1035/481/781
f 521/241/228 1048/241/805 1043/453/804
f 521/241/228 107/470/806 634/470/610
f 108/374/327 635/374/717 1044/462/778
f 519/238/225 517/462/387 1044/462/778
f 107/470/806 518/346/310 1045/346/703
f 108/374/327 516/453/347 1043/453/804
f 114/339/303 526/110/109 1053/110/499
f 522/467/392 1049/467/784 1053/110/499
f 527/265/252 525/264/251 1052/264/688
f 527/265/252 1054/265/636 1051/468/785
f 114/339/303 641/339/694 1050/335/689
f 525/264/251 523/335/299 1050/335/689
f 524/468/393 1051/468/785 1049/467/784
usemtl Material.002
f 36/126/125 337/5/807 35/5/5
f 337/325/807 354/7/808 336/7/809
f 29/179/171 330/71/810 28/71/71
f 21/152/38 324/154/811 323/152/812
f 30/18/19 331/311/813 29/311/171
f 23/35/34 324/36/811 22/36/149
f 30/17/19 333/188/814 332/17/815
f 24/162/30 325/35/816 23/35/34
f 31/14/180 334/13/817 333/14/814
f 25/469/29 326/31/818 24/31/30
f 32/13/15 335/198/819 334/13/817
f 26/170/26 327/29/820 25/29/29
f 19/141/45 320/139/821 36/139/125
f 33/201/12 336/203/809 335/201/819
f 27/177/169 328/26/822 26/26/26
f 20/42/41 321/46/823 19/46/45
f 34/7/8 337/325/807 336/7/809
f 28/92/71 329/320/824 27/320/169
f 21/39/38 322/149/825 20/149/41
f 355/5/826 356/126/827 373/5/828
f 329/320/824 348/92/829 347/320/830
f 323/39/812 340/149/831 322/149/825
f 320/126/821 355/5/826 337/5/807
f 330/71/810 349/179/832 348/71/829
f 323/152/812 342/154/833 341/152/834
f 331/311/813 350/18/835 349/311/832
f 324/36/811 343/35/836 342/36/833
f 332/17/815 351/188/837 350/17/835
f 325/35/816 344/162/838 343/35/836
f 333/14/814 352/13/839 351/14/837
f 326/31/818 345/469/840 344/31/838
f 334/13/817 353/198/841 352/13/839
f 327/29/820 346/170/842 345/29/840
f 321/141/823 338/139/843 320/139/821
f 336/203/809 353/201/841 335/201/819
f 328/26/822 347/177/830 346/26/842
f 322/42/825 339/46/844 321/46/823
f 367/311/845 386/18/338 385/311/339
f 349/179/832 366/71/846 348/71/829
f 342/154/833 359/152/847 341/152/834
f 350/18/835 367/311/845 349/311/832
f 343/35/836 360/36/848 342/36/833
f 351/188/837 368/17/849 350/17/835
f 344/162/838 361/35/850 343/35/836
f 351/14/837 370/13/851 369/14/852
f 345/469/840 362/31/853 344/31/838
f 352/13/839 371/198/854 370/13/851
f 346/170/842 363/29/855 345/29/840
f 339/141/844 356/139/827 338/139/843
f 353/201/841 372/203/856 371/201/854
f 347/177/830 364/26/857 346/26/842
f 340/42/831 357/46/858 339/46/844
f 354/7/808 373/325/828 372/7/856
f 348/92/829 365/320/859 347/320/830
f 340/149/831 359/39/847 358/149/860
f 360/36/848 379/35/861 378/36/862
f 368/17/849 387/188/336 386/17/338
f 361/35/850 380/162/863 379/35/861
f 369/14/852 388/13/864 387/14/336
f 363/469/855 380/31/863 362/31/853
f 370/13/851 389/198/865 388/13/864
f 364/170/857 381/29/866 363/29/855
f 357/141/858 374/139/867 356/139/827
f 372/203/856 389/201/865 371/201/854
f 365/177/859 382/26/868 364/26/857
f 358/42/860 375/46/869 357/46/858
f 373/325/828 390/7/870 372/7/856
f 366/92/846 383/320/871 365/320/859
f 359/39/847 376/149/872 358/149/860
f 356/126/827 391/5/873 373/5/828
f 367/179/845 384/71/874 366/71/846
f 359/152/847 378/154/862 377/152/875
f 406/13/876 423/14/877 405/14/878
f 380/162/863 397/35/879 379/35/861
f 388/13/864 405/14/878 387/14/336
f 381/469/866 398/31/880 380/31/863
f 389/198/865 406/13/876 388/13/864
f 382/170/868 399/29/881 381/29/866
f 374/139/867 393/141/882 392/139/883
f 390/203/870 407/201/884 389/201/865
f 383/177/871 400/26/885 382/26/868
f 375/46/869 394/42/886 393/46/882
f 390/7/870 409/325/887 408/7/888
f 383/320/871 402/92/889 401/320/890
f 376/149/872 395/39/891 394/149/886
f 391/5/873 392/126/883 409/5/887
f 384/71/874 403/179/340 402/71/889
f 378/154/862 395/152/891 377/152/875
f 379/35/861 396/36/892 378/36/862
f 399/469/881 416/31/893 398/31/880
f 407/198/884 424/13/894 406/13/876
f 400/170/885 417/29/895 399/29/881
f 392/139/883 411/141/896 410/139/897
f 408/203/888 425/201/898 407/201/884
f 401/177/890 418/26/899 400/26/885
f 393/46/882 412/42/900 411/46/896
f 408/7/888 427/325/901 426/7/902
f 402/92/889 419/320/903 401/320/890
f 394/149/886 413/39/904 412/149/900
f 409/5/887 410/126/897 427/5/901
f 403/179/340 420/71/905 402/71/889
f 396/154/892 413/152/904 395/152/891
f 403/311/340 422/18/906 421/311/907
f 397/35/879 414/36/908 396/36/892
f 405/188/878 422/17/906 404/17/337
f 398/162/880 415/35/909 397/35/879
f 864/5/910 563/126/399 562/5/398
f 881/7/911 864/325/910 863/7/912
f 555/71/461 858/179/913 556/179/560
f 548/152/428 851/154/914 549/154/678
f 858/311/913 557/18/410 556/311/560
f 549/36/678 852/35/915 550/35/424
f 557/17/410 860/188/916 558/188/568
f 550/35/424 853/162/917 551/162/422
f 558/14/568 861/13/918 559/13/406
f 551/31/422 854/469/919 552/469/420
f 559/13/406 862/198/920 560/198/403
f 552/29/420 855/170/921 553/170/417
f 847/139/922 546/141/436 563/139/399
f 560/201/403 863/203/912 561/203/401
f 553/26/417 856/177/923 554/177/558
f 848/46/924 547/42/431 546/46/436
f 863/7/912 562/325/398 561/7/401
f 554/320/558 857/92/925 555/92/461
f 849/149/926 548/39/428 547/149/431
f 882/5/927 883/126/928 865/126/929
f 856/320/923 875/92/930 857/92/925
f 867/149/931 850/39/932 849/149/926
f 882/5/927 847/126/922 864/5/910
f 857/71/925 876/179/933 858/179/913
f 850/152/932 869/154/934 851/154/914
f 858/311/913 877/18/935 859/18/936
f 851/36/914 870/35/937 852/35/915
f 859/17/936 878/188/938 860/188/916
f 852/35/915 871/162/939 853/162/917
f 860/14/916 879/13/940 861/13/918
f 853/31/917 872/469/941 854/469/919
f 861/13/918 880/198/942 862/198/920
f 854/29/919 873/170/943 855/170/921
f 865/139/929 848/141/924 847/139/922
f 880/201/942 863/203/912 862/201/920
f 855/26/921 874/177/944 856/177/923
f 866/46/945 849/42/926 848/46/924
f 894/311/946 913/18/731 895/18/947
f 893/71/948 876/179/933 875/71/930
f 868/152/949 887/154/950 869/154/934
f 894/311/946 877/18/935 876/311/933
f 869/36/934 888/35/951 870/35/937
f 895/17/947 878/188/938 877/17/935
f 870/35/937 889/162/952 871/162/939
f 878/14/938 897/13/953 879/13/940
f 889/31/952 872/469/941 871/31/939
f 879/13/940 898/198/954 880/198/942
f 890/29/955 873/170/943 872/29/941
f 883/139/928 866/141/945 865/139/929
f 880/201/942 899/203/956 881/203/911
f 891/26/957 874/177/944 873/26/943
f 884/46/958 867/42/931 866/46/945
f 881/7/911 900/325/959 882/325/927
f 892/320/960 875/92/930 874/320/944
f 885/149/961 868/39/949 867/149/931
f 887/36/950 906/35/962 888/35/951
f 895/17/947 914/188/733 896/188/963
f 906/35/962 889/162/952 888/35/951
f 896/14/963 915/13/964 897/13/953
f 907/31/965 890/469/955 889/31/952
f 915/13/964 898/198/954 897/13/953
f 908/29/966 891/170/957 890/29/955
f 901/139/967 884/141/958 883/139/928
f 916/201/968 899/203/956 898/201/954
f 909/26/969 892/177/960 891/26/957
f 902/46/970 885/42/961 884/46/958
f 899/7/956 918/325/971 900/325/959
f 910/320/972 893/92/948 892/320/960
f 903/149/973 886/39/974 885/149/961
f 900/5/959 901/126/967 883/126/928
f 893/71/948 912/179/734 894/179/946
f 886/152/974 905/154/975 887/154/950
f 950/14/976 933/13/977 932/14/732
f 924/35/978 907/162/965 906/35/962
f 932/14/732 915/13/964 914/14/733
f 925/31/979 908/469/966 907/31/965
f 933/13/977 916/198/968 915/13/964
f 926/29/980 909/170/969 908/29/966
f 901/139/967 920/141/981 902/141/970
f 934/201/982 917/203/983 916/201/968
f 927/26/984 910/177/972 909/26/969
f 902/46/970 921/42/985 903/42/973
f 917/7/983 936/325/986 918/325/971
f 910/320/972 929/92/987 911/92/988
f 903/149/973 922/39/989 904/39/990
f 918/5/971 919/126/991 901/126/967
f 911/71/988 930/179/992 912/179/734
f 922/152/989 905/154/975 904/152/990
f 923/36/993 906/35/962 905/36/975
f 943/31/994 926/469/980 925/31/979
f 951/13/995 934/198/982 933/13/977
f 944/29/996 927/170/984 926/29/980
f 919/139/991 938/141/997 920/141/981
f 952/201/998 935/203/999 934/201/982
f 945/26/1000 928/177/1001 927/26/984
f 920/46/981 939/42/1002 921/42/985
f 935/7/999 954/325/1003 936/325/986
f 928/320/1001 947/92/1004 929/92/987
f 921/149/985 940/39/1005 922/39/989
f 936/5/986 937/126/1006 919/126/991
f 929/71/987 948/179/1007 930/179/992
f 940/152/1005 923/154/993 922/152/989
f 930/311/992 949/18/1008 931/18/735
f 941/36/1009 924/35/978 923/36/993
f 949/17/1008 932/188/732 931/17/735
f 942/35/1010 925/162/979 924/35/978
f 36/126/125 320/126/821 337/5/807
f 337/325/807 355/325/826 354/7/808
f 29/179/171 331/179/813 330/71/810
f 21/152/38 22/154/149 324/154/811
f 30/18/19 332/18/815 331/311/813
f 23/35/34 325/35/816 324/36/811
f 30/17/19 31/188/180 333/188/814
f 24/162/30 326/162/818 325/35/816
f 31/14/180 32/13/15 334/13/817
f 25/469/29 327/469/820 326/31/818
f 32/13/15 33/198/12 335/198/819
f 26/170/26 328/170/822 327/29/820
f 19/141/45 321/141/823 320/139/821
f 33/201/12 34/203/8 336/203/809
f 27/177/169 329/177/824 328/26/822
f 20/42/41 322/42/825 321/46/823
f 34/7/8 35/325/5 337/325/807
f 28/92/71 330/92/810 329/320/824
f 21/39/38 323/39/812 322/149/825
f 355/5/826 338/126/843 356/126/827
f 329/320/824 330/92/810 348/92/829
f 323/39/812 341/39/834 340/149/831
f 320/126/821 338/126/843 355/5/826
f 330/71/810 331/179/813 349/179/832
f 323/152/812 324/154/811 342/154/833
f 331/311/813 332/18/815 350/18/835
f 324/36/811 325/35/816 343/35/836
f 332/17/815 333/188/814 351/188/837
f 325/35/816 326/162/818 344/162/838
f 333/14/814 334/13/817 352/13/839
f 326/31/818 327/469/820 345/469/840
f 334/13/817 335/198/819 353/198/841
f 327/29/820 328/170/822 346/170/842
f 321/141/823 339/141/844 338/139/843
f 336/203/809 354/203/808 353/201/841
f 328/26/822 329/177/824 347/177/830
f 322/42/825 340/42/831 339/46/844
f 367/311/845 368/18/849 386/18/338
f 349/179/832 367/179/845 366/71/846
f 342/154/833 360/154/848 359/152/847
f 350/18/835 368/18/849 367/311/845
f 343/35/836 361/35/850 360/36/848
f 351/188/837 369/188/852 368/17/849
f 344/162/838 362/162/853 361/35/850
f 351/14/837 352/13/839 370/13/851
f 345/469/840 363/469/855 362/31/853
f 352/13/839 353/198/841 371/198/854
f 346/170/842 364/170/857 363/29/855
f 339/141/844 357/141/858 356/139/827
f 353/201/841 354/203/808 372/203/856
f 347/177/830 365/177/859 364/26/857
f 340/42/831 358/42/860 357/46/858
f 354/7/808 355/325/826 373/325/828
f 348/92/829 366/92/846 365/320/859
f 340/149/831 341/39/834 359/39/847
f 360/36/848 361/35/850 379/35/861
f 368/17/849 369/188/852 387/188/336
f 361/35/850 362/162/853 380/162/863
f 369/14/852 370/13/851 388/13/864
f 363/469/855 381/469/866 380/31/863
f 370/13/851 371/198/854 389/198/865
f 364/170/857 382/170/868 381/29/866
f 357/141/858 375/141/869 374/139/867
f 372/203/856 390/203/870 389/201/865
f 365/177/859 383/177/871 382/26/868
f 358/42/860 376/42/872 375/46/869
f 373/325/828 391/325/873 390/7/870
f 366/92/846 384/92/874 383/320/871
f 359/39/847 377/39/875 376/149/872
f 356/126/827 374/126/867 391/5/873
f 367/179/845 385/179/339 384/71/874
f 359/152/847 360/154/848 378/154/862
f 406/13/876 424/13/894 423/14/877
f 380/162/863 398/162/880 397/35/879
f 388/13/864 406/13/876 405/14/878
f 381/469/866 399/469/881 398/31/880
f 389/198/865 407/198/884 406/13/876
f 382/170/868 400/170/885 399/29/881
f 374/139/867 375/141/869 393/141/882
f 390/203/870 408/203/888 407/201/884
f 383/177/871 401/177/890 400/26/885
f 375/46/869 376/42/872 394/42/886
f 390/7/870 391/325/873 409/325/887
f 383/320/871 384/92/874 402/92/889
f 376/149/872 377/39/875 395/39/891
f 391/5/873 374/126/867 392/126/883
f 384/71/874 385/179/339 403/179/340
f 378/154/862 396/154/892 395/152/891
f 379/35/861 397/35/879 396/36/892
f 399/469/881 417/469/895 416/31/893
f 407/198/884 425/198/898 424/13/894
f 400/170/885 418/170/899 417/29/895
f 392/139/883 393/141/882 411/141/896
f 408/203/888 426/203/902 425/201/898
f 401/177/890 419/177/903 418/26/899
f 393/46/882 394/42/886 412/42/900
f 408/7/888 409/325/887 427/325/901
f 402/92/889 420/92/905 419/320/903
f 394/149/886 395/39/891 413/39/904
f 409/5/887 392/126/883 410/126/897
f 403/179/340 421/179/907 420/71/905
f 396/154/892 414/154/908 413/152/904
f 403/311/340 404/18/337 422/18/906
f 397/35/879 415/35/909 414/36/908
f 405/188/878 423/188/877 422/17/906
f 398/162/880 416/162/893 415/35/909
f 864/5/910 847/126/922 563/126/399
f 881/7/911 882/325/927 864/325/910
f 555/71/461 857/71/925 858/179/913
f 548/152/428 850/152/932 851/154/914
f 858/311/913 859/18/936 557/18/410
f 549/36/678 851/36/914 852/35/915
f 557/17/410 859/17/936 860/188/916
f 550/35/424 852/35/915 853/162/917
f 558/14/568 860/14/916 861/13/918
f 551/31/422 853/31/917 854/469/919
f 559/13/406 861/13/918 862/198/920
f 552/29/420 854/29/919 855/170/921
f 847/139/922 848/141/924 546/141/436
f 560/201/403 862/201/920 863/203/912
f 553/26/417 855/26/921 856/177/923
f 848/46/924 849/42/926 547/42/431
f 863/7/912 864/325/910 562/325/398
f 554/320/558 856/320/923 857/92/925
f 849/149/926 850/39/932 548/39/428
f 882/5/927 900/5/959 883/126/928
f 856/320/923 874/320/944 875/92/930
f 867/149/931 868/39/949 850/39/932
f 882/5/927 865/126/929 847/126/922
f 857/71/925 875/71/930 876/179/933
f 850/152/932 868/152/949 869/154/934
f 858/311/913 876/311/933 877/18/935
f 851/36/914 869/36/934 870/35/937
f 859/17/936 877/17/935 878/188/938
f 852/35/915 870/35/937 871/162/939
f 860/14/916 878/14/938 879/13/940
f 853/31/917 871/31/939 872/469/941
f 861/13/918 879/13/940 880/198/942
f 854/29/919 872/29/941 873/170/943
f 865/139/929 866/141/945 848/141/924
f 880/201/942 881/203/911 863/203/912
f 855/26/921 873/26/943 874/177/944
f 866/46/945 867/42/931 849/42/926
f 894/311/946 912/311/734 913/18/731
f 893/71/948 894/179/946 876/179/933
f 868/152/949 886/152/974 887/154/950
f 894/311/946 895/18/947 877/18/935
f 869/36/934 887/36/950 888/35/951
f 895/17/947 896/188/963 878/188/938
f 870/35/937 888/35/951 889/162/952
f 878/14/938 896/14/963 897/13/953
f 889/31/952 890/469/955 872/469/941
f 879/13/940 897/13/953 898/198/954
f 890/29/955 891/170/957 873/170/943
f 883/139/928 884/141/958 866/141/945
f 880/201/942 898/201/954 899/203/956
f 891/26/957 892/177/960 874/177/944
f 884/46/958 885/42/961 867/42/931
f 881/7/911 899/7/956 900/325/959
f 892/320/960 893/92/948 875/92/930
f 885/149/961 886/39/974 868/39/949
f 887/36/950 905/36/975 906/35/962
f 895/17/947 913/17/731 914/188/733
f 906/35/962 907/162/965 889/162/952
f 896/14/963 914/14/733 915/13/964
f 907/31/965 908/469/966 890/469/955
f 915/13/964 916/198/968 898/198/954
f 908/29/966 909/170/969 891/170/957
f 901/139/967 902/141/970 884/141/958
f 916/201/968 917/203/983 899/203/956
f 909/26/969 910/177/972 892/177/960
f 902/46/970 903/42/973 885/42/961
f 899/7/956 917/7/983 918/325/971
f 910/320/972 911/92/988 893/92/948
f 903/149/973 904/39/990 886/39/974
f 900/5/959 918/5/971 901/126/967
f 893/71/948 911/71/988 912/179/734
f 886/152/974 904/152/990 905/154/975
f 950/14/976 951/13/995 933/13/977
f 924/35/978 925/162/979 907/162/965
f 932/14/732 933/13/977 915/13/964
f 925/31/979 926/469/980 908/469/966
f 933/13/977 934/198/982 916/198/968
f 926/29/980 927/170/984 909/170/969
f 901/139/967 919/139/991 920/141/981
f 934/201/982 935/203/999 917/203/983
f 927/26/984 928/177/1001 910/177/972
f 902/46/970 920/46/981 921/42/985
f 917/7/983 935/7/999 936/325/986
f 910/320/972 928/320/1001 929/92/987
f 903/149/973 921/149/985 922/39/989
f 918/5/971 936/5/986 919/126/991
f 911/71/988 929/71/987 930/179/992
f 922/152/989 923/154/993 905/154/975
f 923/36/993 924/35/978 906/35/962
f 943/31/994 944/469/996 926/469/980
f 951/13/995 952/198/998 934/198/982
f 944/29/996 945/170/1000 927/170/984
f 919/139/991 937/139/1006 938/141/997
f 952/201/998 953/203/1053 935/203/999
f 945/26/1000 946/177/1055 928/177/1001
f 920/46/981 938/46/997 939/42/1002
f 935/7/999 953/7/1053 954/325/1003
f 928/320/1001 946/320/1055 947/92/1004
f 921/149/985 939/149/1002 940/39/1005
f 936/5/986 954/5/1003 937/126/1006
f 929/71/987 947/71/1004 948/179/1007
f 940/152/1005 941/154/1009 923/154/993
f 930/311/992 948/311/1007 949/18/1008
f 941/36/1009 942/35/1010 924/35/978
f 949/17/1008 950/188/976 932/188/732
f 942/35/1010 943/162/994 925/162/979
usemtl Material.003
f 424/13/894 443/198/1011 442/13/1012
f 429/141/1013 446/139/1014 428/139/1015
f 418/170/899 435/29/1016 417/29/895
f 411/141/896 428/139/1015 410/139/897
f 425/201/898 444/203/1017 443/201/1011
f 419/177/903 436/26/1018 418/26/899
f 412/42/900 429/46/1013 411/46/896
f 426/7/902 445/325/1019 444/7/1017
f 420/92/905 437/320/1020 419/320/903
f 412/149/900 431/39/1021 430/149/1022
f 410/126/897 445/5/1019 427/5/901
f 421/179/907 438/71/1023 420/71/905
f 413/152/904 432/154/1024 431/152/1021
f 422/18/906 439/311/1025 421/311/907
f 414/36/908 433/35/1026 432/36/1024
f 423/188/877 440/17/1027 422/17/906
f 416/162/893 433/35/1026 415/35/909
f 423/14/877 442/13/1012 441/14/1028
f 417/469/895 434/31/1029 416/31/893
f 462/36/1030 463/36/1031 446/36/1014
f 443/201/1011 462/203/1030 461/201/1032
f 437/177/1020 454/26/1033 436/26/1018
f 430/42/1022 447/46/1034 429/46/1013
f 444/7/1017 463/325/1031 462/7/1030
f 438/92/1023 455/320/1035 437/320/1020
f 430/149/1022 449/39/1036 448/149/1037
f 428/126/1015 463/5/1031 445/5/1019
f 439/179/1025 456/71/1038 438/71/1023
f 431/152/1021 450/154/1039 449/152/1036
f 440/18/1027 457/311/1040 439/311/1025
f 432/36/1024 451/35/1041 450/36/1039
f 441/188/1028 458/17/1042 440/17/1027
f 434/162/1029 451/35/1041 433/35/1026
f 441/14/1028 460/13/1043 459/14/1044
f 435/469/1016 452/31/1045 434/31/1029
f 442/13/1012 461/198/1032 460/13/1043
f 436/170/1018 453/29/1046 435/29/1016
f 951/13/995 970/198/1047 952/198/998
f 973/139/1048 956/141/1049 955/139/1050
f 962/29/1051 945/170/1000 944/29/996
f 955/139/1050 938/141/997 937/139/1006
f 952/201/998 971/203/1052 953/203/1053
f 963/26/1054 946/177/1055 945/26/1000
f 956/46/1049 939/42/1002 938/46/997
f 953/7/1053 972/325/1056 954/325/1003
f 964/320/1057 947/92/1004 946/320/1055
f 939/149/1002 958/39/1058 940/39/1005
f 972/5/1056 937/126/1006 954/5/1003
f 965/71/1059 948/179/1007 947/71/1004
f 940/152/1005 959/154/1060 941/154/1009
f 966/311/1061 949/18/1008 948/311/1007
f 941/36/1009 960/35/1062 942/35/1010
f 967/17/1063 950/188/976 949/17/1008
f 942/35/1010 961/162/1064 943/162/994
f 950/14/976 969/13/1065 951/13/995
f 961/31/1064 944/469/996 943/31/994
f 981/483/1066 976/36/1067 985/36/1068
f 970/201/1047 989/203/1069 971/203/1052
f 981/26/1066 964/177/1057 963/26/1054
f 974/46/1070 957/42/1071 956/46/1049
f 971/7/1052 990/325/1072 972/325/1056
f 982/320/1073 965/92/1059 964/320/1057
f 957/149/1071 976/39/1067 958/39/1058
f 990/5/1072 955/126/1050 972/5/1056
f 983/71/1074 966/179/1061 965/71/1059
f 958/152/1058 977/154/1075 959/154/1060
f 984/311/1076 967/18/1063 966/311/1061
f 959/36/1060 978/35/1077 960/35/1062
f 985/17/1068 968/188/1078 967/17/1063
f 978/35/1077 961/162/1064 960/35/1062
f 968/14/1078 987/13/1079 969/13/1065
f 979/31/1080 962/469/1051 961/31/1064
f 969/13/1065 988/198/1081 970/198/1047
f 980/29/1082 963/170/1054 962/29/1051
f 424/13/894 425/198/898 443/198/1011
f 429/141/1013 447/141/1034 446/139/1014
f 418/170/899 436/170/1018 435/29/1016
f 411/141/896 429/141/1013 428/139/1015
f 425/201/898 426/203/902 444/203/1017
f 419/177/903 437/177/1020 436/26/1018
f 412/42/900 430/42/1022 429/46/1013
f 426/7/902 427/325/901 445/325/1019
f 420/92/905 438/92/1023 437/320/1020
f 412/149/900 413/39/904 431/39/1021
f 410/126/897 428/126/1015 445/5/1019
f 421/179/907 439/179/1025 438/71/1023
f 413/152/904 414/154/908 432/154/1024
f 422/18/906 440/18/1027 439/311/1025
f 414/36/908 415/35/909 433/35/1026
f 423/188/877 441/188/1028 440/17/1027
f 416/162/893 434/162/1029 433/35/1026
f 423/14/877 424/13/894 442/13/1012
f 417/469/895 435/469/1016 434/31/1029
f 446/36/1014 447/498/1034 461/36/1032
f 447/498/1034 448/36/1037 461/36/1032
f 461/36/1032 448/36/1037 460/36/1043
f 448/36/1037 449/36/1036 453/499/1046
f 449/36/1036 450/36/1039 451/36/1041
f 448/36/1037 453/499/1046 454/483/1033
f 451/36/1041 452/162/1045 449/36/1036
f 452/162/1045 453/499/1046 449/36/1036
f 454/483/1033 455/500/1035 459/36/1044
f 455/500/1035 456/36/1038 458/36/1042
f 456/36/1038 457/36/1040 458/36/1042
f 458/36/1042 459/36/1044 455/500/1035
f 459/36/1044 460/36/1043 448/36/1037
f 454/483/1033 459/36/1044 448/36/1037
f 461/36/1032 462/36/1030 446/36/1014
f 443/201/1011 444/203/1017 462/203/1030
f 437/177/1020 455/177/1035 454/26/1033
f 430/42/1022 448/42/1037 447/46/1034
f 444/7/1017 445/325/1019 463/325/1031
f 438/92/1023 456/92/1038 455/320/1035
f 430/149/1022 431/39/1021 449/39/1036
f 428/126/1015 446/126/1014 463/5/1031
f 439/179/1025 457/179/1040 456/71/1038
f 431/152/1021 432/154/1024 450/154/1039
f 440/18/1027 458/18/1042 457/311/1040
f 432/36/1024 433/35/1026 451/35/1041
f 441/188/1028 459/188/1044 458/17/1042
f 434/162/1029 452/162/1045 451/35/1041
f 441/14/1028 442/13/1012 460/13/1043
f 435/469/1016 453/469/1046 452/31/1045
f 442/13/1012 443/198/1011 461/198/1032
f 436/170/1018 454/170/1033 453/29/1046
f 951/13/995 969/13/1065 970/198/1047
f 973/139/1048 974/141/1070 956/141/1049
f 962/29/1051 963/170/1054 945/170/1000
f 955/139/1050 956/141/1049 938/141/997
f 952/201/998 970/201/1047 971/203/1052
f 963/26/1054 964/177/1057 946/177/1055
f 956/46/1049 957/42/1071 939/42/1002
f 953/7/1053 971/7/1052 972/325/1056
f 964/320/1057 965/92/1059 947/92/1004
f 939/149/1002 957/149/1071 958/39/1058
f 972/5/1056 955/126/1050 937/126/1006
f 965/71/1059 966/179/1061 948/179/1007
f 940/152/1005 958/152/1058 959/154/1060
f 966/311/1061 967/18/1063 949/18/1008
f 941/36/1009 959/36/1060 960/35/1062
f 967/17/1063 968/188/1078 950/188/976
f 942/35/1010 960/35/1062 961/162/1064
f 950/14/976 968/14/1078 969/13/1065
f 961/31/1064 962/469/1051 944/469/996
f 975/36/1103 974/498/1070 987/36/1079
f 974/498/1070 973/36/1048 988/36/1081
f 987/36/1079 974/498/1070 988/36/1081
f 973/36/1048 990/36/1072 989/36/1069
f 989/36/1069 988/36/1081 973/36/1048
f 987/36/1079 986/36/1104 975/36/1103
f 986/36/1104 985/36/1068 975/36/1103
f 985/36/1068 984/36/1076 982/500/1073
f 984/36/1076 983/36/1074 982/500/1073
f 982/500/1073 981/483/1066 985/36/1068
f 981/483/1066 980/499/1082 976/36/1067
f 980/499/1082 979/162/1080 976/36/1067
f 979/162/1080 978/36/1077 976/36/1067
f 978/36/1077 977/36/1075 976/36/1067
f 976/36/1067 975/36/1103 985/36/1068
f 970/201/1047 988/201/1081 989/203/1069
f 981/26/1066 982/177/1073 964/177/1057
f 974/46/1070 975/42/1103 957/42/1071
f 971/7/1052 989/7/1069 990/325/1072
f 982/320/1073 983/92/1074 965/92/1059
f 957/149/1071 975/149/1103 976/39/1067
f 990/5/1072 973/126/1048 955/126/1050
f 983/71/1074 984/179/1076 966/179/1061
f 958/152/1058 976/152/1067 977/154/1075
f 984/311/1076 985/18/1068 967/18/1063
f 959/36/1060 977/36/1075 978/35/1077
f 985/17/1068 986/188/1104 968/188/1078
f 978/35/1077 979/162/1080 961/162/1064
f 968/14/1078 986/14/1104 987/13/1079
f 979/31/1080 980/469/1082 962/469/1051
f 969/13/1065 987/13/1079 988/198/1081
f 980/29/1082 981/170/1066 963/170/1054
