# Blender 4.5.2 LTS
# www.blender.org
mtllib player.mtl
o Kawasaki_Ninja_ZX-6R
v 0.103544 -0.397022 -0.240567
v 0.089198 -0.195117 -0.581018
v 0.165134 -0.201382 -0.247702
v 0.251258 -0.094749 -0.777212
v 0.273993 -0.094815 -0.777212
v 0.247408 -0.128818 -0.490611
v 0.244840 0.036151 -0.549503
v 0.274118 -0.027406 -0.777153
v 0.257718 -0.031924 -0.771063
v 0.261264 0.006546 -0.777163
v 0.267537 0.005456 -0.780916
v 0.256999 0.085671 -0.549503
v 0.166995 -0.173497 -0.505830
v 0.150154 1.353616 1.495499
v 0.149613 1.432072 1.559941
v 0.145548 1.349204 1.491884
v 0.145611 1.437181 1.564144
v 0.149717 1.393328 1.607600
v 0.145995 1.398078 1.611512
v 0.375454 1.107535 1.472280
v 0.316468 1.106622 1.442488
v 0.186488 1.000818 1.522291
v 0.137379 -0.281339 -0.466640
v 0.223690 -0.245572 -0.473388
v -0.731396 0.458742 -1.220804
v -0.730617 0.429945 -1.194433
v -0.731347 0.438385 -1.201697
v -0.765697 1.790315 1.372695
v -0.784541 1.785053 1.388678
v -0.764223 1.778475 1.349855
v -0.283182 1.252013 -2.530995
v -0.297950 1.229273 -2.457484
v -0.297995 1.246047 -2.539941
v -0.795218 1.751115 1.364220
v -0.429868 -0.094749 -0.777212
v -0.426025 -0.128818 -0.490611
v -0.452609 -0.094815 -0.777212
v -0.423456 0.036151 -0.549503
v -0.436334 -0.031924 -0.771063
v -0.452734 -0.027406 -0.777153
v -0.439880 0.006546 -0.777163
v -0.435615 0.085671 -0.549503
v -0.446149 0.005456 -0.780916
v 0.524266 0.430591 -1.194433
v 0.525049 0.459386 -1.220804
v 0.525000 0.439032 -1.201697
v 0.571281 1.790315 1.372695
v 0.569809 1.778475 1.349859
v 0.590125 1.785053 1.388682
v 0.600802 1.751115 1.364220
v 0.077520 -0.433827 0.929078
v -0.018495 -0.627264 1.032769
v 0.044538 -0.505806 1.018869
v -0.307595 -0.397022 -0.240567
v -0.369185 -0.201382 -0.247702
v -0.293249 -0.195117 -0.581018
v -0.371040 -0.173497 -0.505830
v -0.579503 1.107535 1.472280
v -0.390539 1.000818 1.522291
v -0.520517 1.106622 1.442488
v -0.341430 -0.281339 -0.466640
v -0.427741 -0.245572 -0.473388
v -0.281565 -0.433827 0.929078
v -0.248589 -0.505806 1.018869
v -0.185556 -0.627264 1.032769
v 0.158822 1.192988 -2.580426
v 0.141277 1.199895 -2.540004
v 0.141277 1.154279 -2.540004
v 0.158822 1.166309 -2.580426
v 0.090464 1.160289 -2.531456
v 0.090464 1.193881 -2.531456
v 0.214983 1.211932 -2.594667
v 0.214004 1.157922 -2.594667
v 0.280266 1.191530 -2.580426
v 0.279844 1.178527 -2.580426
v 0.289714 1.198240 -2.540004
v 0.288856 1.171683 -2.540004
v 0.262960 1.171683 -2.475168
v 0.263822 1.198240 -2.475168
v 0.215066 1.204592 -2.458411
v 0.215066 1.160116 -2.468489
v 0.141277 1.199895 -2.475168
v 0.141277 1.154279 -2.475168
v 0.090464 1.193881 -2.483716
v 0.090464 1.160289 -2.483716
v 0.215066 1.221567 -2.540004
v 0.215066 1.148591 -2.540004
v 0.034615 0.934815 -1.308452
v 0.031011 1.087327 -1.391606
v 0.062892 0.987053 -1.282483
v -0.016799 0.996708 -1.430502
v 0.041930 0.905761 -1.322868
v 0.035861 1.475613 -2.323097
v -0.004436 0.946305 -1.452088
v 0.092511 0.869411 -1.340840
v -0.009647 1.396268 -2.372542
v 0.081072 0.883258 -1.479005
v 0.125760 0.869317 -1.340840
v 0.028446 1.443424 -2.492564
v 0.059579 1.490732 -2.446281
v 0.036505 1.409410 -2.500299
v 0.002124 1.347578 -2.389348
v 0.083530 1.278459 -2.391158
v 0.092195 1.353003 -2.477618
v 0.137281 0.883099 -1.479005
v 0.071804 1.416611 -2.429149
v 0.162135 1.459301 -2.373629
v 0.142368 1.406762 -2.394292
v 0.192940 1.393017 -2.376029
v 0.184704 1.363991 -2.395313
v 0.128790 1.341786 -2.451687
v 0.137043 1.271725 -2.375796
v 0.218785 1.320308 -2.327152
v 0.223140 0.945661 -1.452088
v 0.230826 1.365999 -2.303509
v 0.235790 0.995993 -1.430502
v 0.185798 1.456739 -2.280058
v 0.188496 1.086881 -1.391606
v 0.156050 0.986784 -1.282483
v 0.184029 0.934389 -1.308452
v 0.176545 0.905380 -1.322868
v 0.109322 0.934603 -1.308452
v 0.275991 0.061824 -0.932525
v 0.236434 0.090268 -0.844098
v 0.236122 0.046927 -0.920899
v 0.276244 0.099502 -0.849484
v 0.288737 0.093814 -0.848587
v 0.248752 0.041508 -0.921325
v 0.249070 0.084874 -0.843415
v 0.288478 0.056077 -0.932805
v 0.289769 0.265453 -1.000152
v 0.276116 0.301435 -1.173824
v 0.289867 0.301396 -1.173824
v 0.276012 0.265492 -1.000152
v 0.252303 0.032403 -0.812278
v 0.238809 0.030087 -0.810924
v 0.289461 0.157809 -1.095399
v 0.276077 0.288476 -1.184238
v 0.275710 0.157850 -1.095399
v 0.289832 0.288438 -1.184238
v 0.241761 -0.014652 -0.890316
v 0.251892 -0.009788 -0.888719
v 0.274470 -0.028736 -0.900750
v 0.500631 1.285109 1.788825
v 0.522933 1.267103 1.785810
v 0.511993 1.260999 1.788358
v 0.510048 1.291645 1.789272
v 0.258903 -0.036348 -0.902450
v 0.272854 -0.071437 -0.985875
v 0.272992 -0.048154 -0.969461
v 0.272744 -0.110405 -0.986360
v 0.265692 -0.122816 -0.860355
v 0.272740 -0.133395 -0.960138
v 0.258204 -0.131793 -0.777212
v 0.241800 -0.165638 -0.490611
v 0.287349 -0.108982 -0.978739
v 0.286799 -0.126382 -0.958060
v 0.287363 -0.006499 -0.889274
v 0.269635 0.094737 -0.715418
v 0.287651 0.094686 -0.715418
v 0.269347 -0.006450 -0.889274
v 0.287855 0.165754 -0.703537
v 0.307858 0.118588 -0.729363
v 0.307928 0.141738 -0.689594
v 0.287789 0.142604 -0.743308
v 0.287496 0.041419 -0.917168
v 0.307571 0.017403 -0.903219
v 0.255233 0.156694 -0.698212
v 0.255170 0.133544 -0.737983
v 0.254882 0.032359 -0.911843
v 0.248104 0.033696 -0.679853
v 0.269700 0.117885 -0.675643
v 0.248167 0.056846 -0.640084
v -0.102024 -0.390600 -0.241384
v 0.183205 0.271274 -0.336288
v -0.102024 0.392084 -0.288077
v 0.241710 0.802991 1.209342
v 0.397338 0.548097 1.536738
v 0.312325 0.066173 1.059921
v 0.375593 0.759536 1.771449
v -0.019714 -0.630777 0.826439
v -0.102024 -0.634029 1.042123
v -0.102024 -0.635372 0.819199
v 0.115769 -0.514800 0.627951
v -0.102024 -0.508379 0.627138
v 0.168910 -0.547208 0.003804
v -0.102024 -0.540786 0.002993
v 0.082499 0.952831 1.103290
v 0.018921 1.352874 1.110204
v 0.008273 1.290365 0.945830
v 0.022283 1.013573 1.271240
v -0.102024 1.036730 1.328328
v -0.102024 1.372376 1.168095
v 0.028248 1.042543 1.664955
v 0.112417 1.136187 1.604961
v 0.332931 1.184174 1.481415
v 0.431113 1.297507 1.680869
v 0.107449 1.193705 1.876221
v -0.006593 1.063584 1.893607
v 0.453735 1.280636 1.792077
v 0.057319 1.132215 2.017606
v 0.508507 1.205289 1.673267
v 0.185060 0.299159 -0.594421
v 0.183175 0.096264 -0.579197
v 0.229977 1.105819 -1.508907
v 0.250071 0.967233 -1.520151
v 0.223690 1.088999 -1.484589
v 0.270330 0.984672 -1.547227
v 0.198306 0.933212 -1.570468
v 0.193896 1.440125 -2.187608
v 0.283123 1.347790 -2.262097
v 0.198746 1.242463 -2.283852
v 0.261412 1.407616 -2.338999
v 0.169493 1.480374 -2.288170
v 0.141159 1.491590 -2.394797
v 0.139161 1.496168 -2.392220
v 0.212245 0.417166 -0.578567
v 0.036083 0.418769 -0.578284
v -0.102024 0.835403 -1.036877
v -0.102024 0.456595 -0.549652
v 0.143513 0.838013 -1.015738
v 0.127889 0.933659 -1.115099
v 0.240556 0.097098 -0.563730
v 0.232120 0.416954 -0.566201
v 0.281416 -0.115923 -0.861851
v 0.287343 -0.070207 -0.977842
v 0.286693 -0.054150 -0.965597
v 0.273904 -0.124776 -0.777212
v 0.220035 -0.257353 -0.338723
v 0.235076 0.083732 -0.311587
v 0.232438 -0.377682 -0.250112
v 0.231337 0.372288 -0.319241
v 0.230385 0.611705 -0.448811
v 0.331269 0.147866 -0.189062
v 0.233027 0.464644 -0.259633
v 0.254481 0.728499 -0.288748
v 0.324262 0.396082 -0.199594
v 0.389244 0.144082 0.146186
v 0.381305 0.478240 0.064448
v 0.263080 -0.081999 0.701170
v 0.241250 -0.124364 0.710841
v 0.359336 0.251270 0.629152
v 0.182710 -0.237869 0.753061
v 0.146747 -0.307512 0.794378
v 0.408490 0.699266 0.264432
v 0.428648 0.690840 0.301887
v 0.393385 0.711971 0.206290
v 0.397992 0.609067 0.703070
v 0.400575 0.629340 0.802025
v 0.417619 0.604749 1.030445
v 0.409219 0.739125 0.251207
v 0.369895 1.006333 0.299339
v 0.425564 0.795434 0.346135
v 0.434216 0.870304 0.473759
v 0.367049 1.109231 0.523457
v 0.453928 0.838284 0.550384
v 0.449390 0.838200 0.514919
v 0.463574 0.808208 0.553375
v 0.448151 0.838349 0.573558
v 0.462383 0.838467 0.628131
v 0.348278 1.033489 0.704216
v 0.280218 1.193573 0.748287
v 0.457054 0.973679 0.962160
v 0.455213 0.889574 0.927932
v 0.457643 0.899834 0.987679
v 0.301284 1.088145 0.939002
v 0.487545 0.957840 1.133361
v 0.484803 0.924377 1.128507
v 0.479849 0.922884 1.167773
v 0.425717 1.069217 1.320552
v 0.480379 0.918674 1.276689
v 0.426222 1.068706 1.320507
v 0.425961 1.069183 1.321311
v 0.434212 1.056577 1.319669
v 0.453184 1.034371 1.385082
v 0.472263 1.011752 1.447570
v 0.496338 0.971897 1.529551
v 0.490695 0.982664 1.528585
v 0.490120 0.947129 1.498836
v 0.493634 0.960225 1.531604
v 0.222842 1.075923 1.051519
v 0.136492 1.248502 0.849811
v 0.338584 1.018592 0.282364
v 0.336070 1.085770 0.420663
v 0.260297 1.108709 0.176565
v 0.223299 0.742527 -0.308702
v 0.153515 0.964446 -0.396679
v 0.149464 0.967316 -0.486470
v 0.169485 0.881050 -0.652475
v 0.214595 0.621605 -0.453796
v 0.172747 0.846298 -0.648092
v 0.167218 0.824632 -0.705824
v 0.171136 0.778013 -0.785257
v 0.169458 0.763901 -0.808111
v -0.102021 1.090204 2.109444
v -0.102024 1.054385 1.689065
v 0.275039 1.011436 1.259715
v -0.102024 1.304940 0.979124
v -0.102024 1.194906 -1.568515
v 0.282008 0.980780 -1.466826
v 0.350154 1.180376 -1.740004
v -0.102024 1.366868 -1.966246
v -0.102024 1.449513 -2.160241
v 0.071426 1.599218 -2.469767
v -0.102024 1.517892 -2.491086
v 0.016302 1.616040 -2.565158
v -0.102024 1.699385 -2.647514
v -0.736207 0.437083 -1.185418
v -0.736800 0.445939 -1.193059
v -0.734040 0.387695 -1.288043
v -0.734044 0.346645 -1.256106
v -0.729070 0.411399 -1.171924
v -0.740164 0.416755 -1.166226
v -0.740629 0.346621 -1.256102
v -0.739791 0.467763 -1.210871
v -0.740629 0.387670 -1.288037
v -0.288156 0.642198 -0.746189
v -0.312183 0.681339 -0.775522
v -0.288270 0.681404 -0.775522
v -0.312068 0.642129 -0.746189
v -0.305518 0.587540 -0.814637
v -0.339983 0.587446 -0.814643
v 0.287716 0.117830 -0.675643
v 0.266189 0.056791 -0.640084
v 0.278774 0.141817 -0.689594
v -0.340091 0.626642 -0.843966
v -0.305632 0.626740 -0.843966
v -0.288354 0.731504 -0.871521
v -0.312466 0.763037 -0.908917
v -0.288450 0.763102 -0.908917
v -0.312376 0.731435 -0.871521
v -0.304140 0.667152 -0.932377
v -0.337548 0.667058 -0.932377
v -0.337642 0.698656 -0.969762
v -0.304228 0.698750 -0.969762
v -0.752466 0.560292 -1.398939
v -0.782037 0.360123 -1.241905
v -0.747968 0.360219 -1.241905
v -0.770398 0.560535 -1.398596
v -0.748048 0.387809 -1.209774
v -0.770433 0.572916 -1.384177
v -0.752501 0.573259 -1.383834
v -0.782117 0.387715 -1.209774
v -0.355063 1.430639 1.559941
v -0.270556 1.470950 1.592858
v -0.351085 1.435770 1.564144
v -0.355157 1.352183 1.495499
v -0.350525 1.347795 1.491884
v -0.280699 1.337486 1.483250
v -0.102460 1.337991 1.483250
v -0.102904 1.494995 1.612217
v 0.064880 1.471902 1.592858
v -0.102319 1.289170 1.443146
v -0.188997 1.288924 1.443146
v -0.159878 1.267207 1.425240
v -0.102260 1.267370 1.425240
v -0.044638 1.267535 1.425240
v -0.015643 1.289413 1.443146
v 0.075781 1.338497 1.483250
v 0.064994 1.432920 1.640319
v 0.146217 1.310306 1.539415
v 0.150268 1.314128 1.542544
v -0.102796 1.456009 1.659679
v -0.270448 1.431968 1.640319
v -0.351248 1.396670 1.611512
v -0.355047 1.312691 1.542544
v -0.350975 1.308897 1.539415
v -0.354943 1.391895 1.607600
v -0.280589 1.298497 1.530711
v -0.188889 1.249939 1.490610
v -0.159770 1.228221 1.472702
v -0.102146 1.228388 1.472702
v -0.044524 1.228547 1.472702
v -0.015533 1.250430 1.490610
v 0.075889 1.299511 1.530711
v -0.084226 1.307924 1.641143
v -0.120743 1.384719 1.597881
v -0.084444 1.384823 1.597881
v -0.120525 1.307820 1.641143
v -0.120553 1.317327 1.541388
v -0.084250 1.317427 1.541388
v -0.120335 1.241609 1.508685
v -0.084036 1.241713 1.508685
v -0.083640 1.102314 1.198839
v -0.119940 1.102210 1.198839
v -0.120138 1.172115 1.579702
v -0.083838 1.172219 1.579702
v -0.119642 0.997367 1.245589
v -0.083343 0.997467 1.245589
v -0.754515 1.772002 1.397202
v -0.750963 1.763086 1.387875
v -0.507233 1.606305 1.494115
v -0.503602 1.620140 1.456160
v -0.767383 1.748587 1.395481
v -0.493665 1.637332 1.465660
v -1.005020 1.843703 1.253670
v -0.854595 1.917399 1.262577
v -0.970456 1.917205 1.255487
v -0.866785 1.825434 1.269124
v -0.742554 1.887273 1.269560
v -0.991100 1.766895 1.254847
v -0.727999 1.808584 1.270775
v -0.877967 1.738811 1.261888
v -0.762886 1.740220 1.268924
v -0.833356 1.847615 1.376589
v -0.772317 1.835630 1.378829
v -0.920976 1.857320 1.347192
v -0.837860 1.750055 1.380580
v -0.781173 1.749504 1.380030
v -0.929174 1.769196 1.344821
v -0.768176 1.783235 1.389571
v -0.418944 1.542513 1.512608
v -0.433211 1.628555 1.424109
v -0.395711 1.621226 1.373716
v -0.450210 1.576358 1.522818
v -0.499278 1.622619 1.496808
v -0.764496 1.769215 1.405673
v -0.470352 1.564511 1.526006
v -0.448206 1.524263 1.520135
v -0.485567 1.561763 1.510102
v -0.469996 1.522577 1.494045
v -0.466797 1.606592 1.410794
v -0.442192 1.585620 1.347822
v -0.447025 1.625660 1.400951
v -0.414697 1.615237 1.337011
v -0.102024 0.802376 1.209436
v -0.102021 0.896254 2.079210
v 0.221578 0.837898 1.923446
v 0.136943 -0.287131 -0.335004
v -0.207062 1.443424 -2.492564
v -0.214477 1.475613 -2.323097
v -0.238189 1.490732 -2.446281
v -0.168963 1.396268 -2.372542
v -0.215121 1.409410 -2.500299
v -0.161817 0.996708 -1.430502
v -0.209627 1.087327 -1.391606
v -0.213231 0.934815 -1.308452
v -0.241508 0.987053 -1.282483
v -0.220546 0.905761 -1.322868
v -0.174180 0.946305 -1.452088
v -0.271127 0.869411 -1.340840
v -0.180736 1.347578 -2.389348
v -0.259688 0.883258 -1.479005
v -0.304376 0.869317 -1.340840
v -0.270805 1.353003 -2.477618
v -0.262146 1.278459 -2.391158
v -0.315891 0.883099 -1.479005
v -0.250420 1.416611 -2.429149
v -0.340745 1.459301 -2.373629
v -0.320980 1.406762 -2.394292
v -0.371550 1.393017 -2.376029
v -0.363320 1.363991 -2.395313
v -0.307408 1.341786 -2.451687
v -0.315659 1.271725 -2.375796
v -0.397401 1.320308 -2.327152
v -0.401756 0.945661 -1.452088
v -0.409442 1.365999 -2.303509
v -0.414406 0.995989 -1.430502
v -0.364410 1.456739 -2.280058
v -0.367112 1.086881 -1.391606
v -0.334666 0.986784 -1.282483
v -0.362639 0.934389 -1.308452
v -0.355161 0.905380 -1.322868
v -0.287938 0.934603 -1.308452
v -0.074695 0.339599 -0.848149
v -0.136419 0.109077 -0.814206
v -0.081131 0.112405 -0.792039
v -0.124025 0.339461 -0.848149
v -0.191794 0.112093 -0.792029
v -0.171230 0.330806 -0.865303
v -0.218473 0.339192 -0.848145
v -0.214785 0.119726 -0.738185
v -0.251625 0.909366 -1.323653
v -0.124154 0.380639 -0.765222
v -0.251826 0.978578 -1.288306
v -0.291221 0.894940 -1.330966
v -0.330892 0.909147 -1.323653
v -0.347371 0.943702 -1.305979
v -0.238041 0.359728 -0.806684
v -0.331096 0.978360 -1.288306
v -0.218597 0.380376 -0.765216
v -0.291498 0.992790 -1.280995
v -0.191849 0.127495 -0.684316
v -0.171393 0.389030 -0.748064
v -0.074803 0.380783 -0.765222
v -0.081186 0.127807 -0.684326
v -0.027608 0.389436 -0.748064
v 0.084250 0.993856 -1.280995
v 0.044658 0.979420 -1.288306
v 0.123932 0.979648 -1.288306
v 0.006840 0.378645 -0.767151
v 0.140400 0.945086 -1.305979
v 0.026399 0.359405 -0.806005
v 0.124119 0.910438 -1.323653
v -0.058201 0.120166 -0.738191
v 0.006940 0.340060 -0.844852
v 0.084527 0.896006 -1.330966
v 0.044846 0.910210 -1.323657
v -0.020206 -0.379605 -0.655058
v -0.042615 -0.360092 -0.603917
v -0.042238 -0.399913 -0.706309
v -0.031378 -0.539457 -0.483906
v -0.050548 -0.496305 -0.466644
v -0.050138 -0.582873 -0.501229
v -0.025292 -0.517587 0.771255
v -0.046383 -0.467013 0.769410
v -0.046110 -0.568264 0.773100
v -0.096731 -0.601081 -0.508448
v -0.096676 -0.589334 0.773858
v -0.097277 -0.409121 -0.727632
v -0.143261 -0.582981 -0.501163
v -0.147367 -0.568551 0.773100
v -0.168467 -0.517995 0.771255
v -0.152078 -0.401560 -0.705694
v -0.162433 -0.539830 -0.483906
v -0.147664 -0.467300 0.769410
v -0.143672 -0.496419 -0.466585
v -0.174477 -0.382115 -0.654548
v -0.152459 -0.361813 -0.603287
v -0.454603 0.061824 -0.932525
v -0.415050 0.090268 -0.844098
v -0.454860 0.099502 -0.849484
v -0.414738 0.046927 -0.920899
v -0.467353 0.093814 -0.848587
v -0.427368 0.041508 -0.921325
v -0.467094 0.056077 -0.932805
v -0.427686 0.084874 -0.843415
v -0.468077 0.157809 -1.095399
v -0.454693 0.288476 -1.184238
v -0.468448 0.288438 -1.184238
v -0.454326 0.157850 -1.095392
v -0.420371 -0.014652 -0.890316
v -0.430504 -0.009788 -0.888719
v -0.468385 0.265453 -1.000152
v -0.468483 0.301396 -1.173824
v -0.430913 0.032403 -0.812278
v -0.453086 -0.028736 -0.900750
v -0.454728 0.301435 -1.173824
v -0.454628 0.265492 -1.000152
v -0.417425 0.030087 -0.810924
v -0.437519 -0.036348 -0.902450
v -0.465959 -0.070207 -0.977842
v -0.465309 -0.054150 -0.965597
v -0.460032 -0.115923 -0.861851
v -0.465963 -0.108982 -0.978739
v -0.465408 -0.126382 -0.958060
v -0.452520 -0.124776 -0.777212
v -0.420416 -0.165638 -0.490611
v -0.444308 -0.122816 -0.860355
v -0.451360 -0.110405 -0.986360
v -0.451356 -0.133395 -0.960138
v -0.451470 -0.071437 -0.985875
v -0.451602 -0.048154 -0.969461
v -0.436820 -0.131793 -0.777212
v -0.046379 1.495662 -2.283257
v -0.150887 1.344725 -2.509434
v -0.045953 1.345023 -2.509434
v -0.151316 1.495364 -2.283257
v -0.281924 1.148401 -2.481689
v -0.297698 1.140982 -2.483186
v -0.267145 1.175245 -2.476234
v -0.167640 1.247279 -2.453893
v 0.071261 1.176207 -2.476234
v 0.016308 1.159153 -2.497269
v -0.212092 1.158503 -2.497269
v -0.028650 1.247674 -2.453893
v 0.101761 1.230409 -2.457484
v -0.151191 1.451310 -2.237479
v -0.046254 1.451605 -2.237479
v 0.086193 1.149449 -2.481689
v 0.102007 1.142118 -2.483186
v -0.297736 1.154733 -2.550777
v -0.281963 1.162152 -2.549274
v -0.267186 1.188996 -2.543823
v 0.101710 1.247183 -2.539941
v 0.086154 1.163198 -2.549274
v 0.101973 1.155869 -2.550777
v 0.071223 1.189958 -2.543823
v 0.086868 1.253065 -2.530995
v -0.028715 1.270461 -2.527385
v -0.167705 1.270070 -2.527385
v -0.212112 1.165375 -2.531065
v 0.016287 1.166026 -2.531065
v -0.102350 1.299005 1.530711
v -0.102211 1.250184 1.490610
v -0.828363 1.785779 1.393286
v -0.931777 1.808425 1.349166
v -0.339477 1.154279 -2.540004
v -0.357022 1.192988 -2.580426
v -0.357022 1.166309 -2.580426
v -0.339477 1.199895 -2.540004
v -0.288662 1.160289 -2.531456
v -0.288662 1.193881 -2.531456
v -0.412204 1.157922 -2.594667
v -0.478466 1.191530 -2.580426
v -0.478044 1.178527 -2.580426
v -0.413181 1.211932 -2.594667
v -0.461160 1.171683 -2.475168
v -0.487912 1.198240 -2.540004
v -0.462022 1.198240 -2.475168
v -0.487054 1.171683 -2.540004
v -0.288662 1.193881 -2.483716
v -0.288662 1.160289 -2.483716
v -0.413266 1.148591 -2.540004
v -0.413266 1.160116 -2.468489
v -0.339477 1.154279 -2.475168
v 0.529860 0.437727 -1.185418
v 0.530456 0.446583 -1.193059
v 0.527697 0.347285 -1.256102
v 0.522723 0.412039 -1.171920
v 0.527687 0.388335 -1.288043
v 0.533818 0.417399 -1.166226
v 0.534289 0.347265 -1.256102
v 0.533445 0.468407 -1.210871
v 0.534278 0.388316 -1.288037
v 0.081810 0.642838 -0.746189
v 0.105832 0.681979 -0.775522
v 0.105722 0.642769 -0.746189
v 0.081920 0.682049 -0.775522
v 0.099171 0.588186 -0.814637
v 0.099279 0.627387 -0.843966
v 0.133636 0.588092 -0.814643
v 0.133746 0.627287 -0.843966
v 0.082007 0.732144 -0.871521
v 0.106119 0.763677 -0.908917
v 0.106030 0.732079 -0.871521
v 0.082097 0.763746 -0.908917
v 0.097787 0.667796 -0.932377
v 0.097877 0.699390 -0.969762
v 0.131202 0.667702 -0.932377
v 0.131289 0.699296 -0.969762
v 0.546119 0.560931 -1.398939
v 0.575691 0.360763 -1.241905
v 0.564052 0.561173 -1.398596
v 0.541622 0.360863 -1.241905
v 0.541697 0.388455 -1.209774
v 0.564086 0.573556 -1.384181
v 0.575770 0.388355 -1.209774
v 0.546154 0.573903 -1.383834
v 0.560099 1.772002 1.397202
v 0.556549 1.763086 1.387875
v 0.309188 1.620140 1.456160
v 0.299245 1.637332 1.465660
v 0.660181 1.917399 1.262577
v 0.810606 1.843703 1.253670
v 0.776042 1.917209 1.255487
v 0.672371 1.825434 1.269124
v 0.796686 1.766895 1.254847
v 0.548140 1.887273 1.269560
v 0.683553 1.738811 1.261888
v 0.533583 1.808584 1.270779
v 0.568470 1.740220 1.268924
v 0.643443 1.750055 1.380580
v 0.734758 1.769196 1.344821
v 0.586759 1.749504 1.380030
v 0.726562 1.857320 1.347192
v 0.737361 1.808425 1.349166
v 0.638942 1.847615 1.376589
v 0.633953 1.785779 1.393286
v 0.573762 1.783235 1.389571
v 0.577903 1.835636 1.378829
v 0.291151 1.561763 1.510102
v 0.247775 1.585620 1.347822
v 0.275575 1.522577 1.494045
v 0.272383 1.606592 1.410794
v 0.312817 1.606305 1.494115
v 0.220283 1.615237 1.337011
v 0.238795 1.628555 1.424109
v 0.201295 1.621226 1.373716
v 0.252611 1.625660 1.400951
v 0.259280 -0.417755 -0.232677
v 0.128553 -0.516101 -0.194954
v 0.125385 -0.409077 -0.211299
v 0.261260 -0.486432 -0.222173
v 0.095502 -0.560502 -0.273147
v 0.292754 -0.508260 -0.305349
v 0.115020 -0.422551 -0.297995
v 0.290591 -0.439574 -0.315773
v 0.325612 -0.443125 -0.920348
v 0.326346 -0.463521 -0.940338
v 0.334131 -0.462568 -0.935135
v 0.308201 -0.445262 -0.931995
v 0.309801 -0.503102 -0.917431
v 0.335936 -0.486301 -0.928356
v 0.327063 -0.489382 -0.933826
v 0.329648 -0.496220 -0.905192
v 0.289708 -0.448713 -0.891555
v 0.290615 -0.481367 -0.883333
v 0.208059 -0.449433 -0.695300
v 0.212434 -0.488821 -0.694695
v 0.212557 -0.445396 -0.297112
v 0.215170 -0.493096 -0.293587
v -0.348111 1.480374 -2.288170
v -0.319771 1.491590 -2.394797
v -0.317771 1.496168 -2.392220
v -0.440024 1.407616 -2.338999
v -0.461735 1.347790 -2.262097
v -0.377362 1.242463 -2.283852
v -0.372508 1.440121 -2.187608
v -0.376922 0.933212 -1.570468
v -0.448940 0.984672 -1.547227
v -0.408594 1.105819 -1.508907
v -0.428687 0.967233 -1.520151
v -0.402306 1.088999 -1.484589
v 0.373426 -0.256719 -0.585273
v 0.271047 -0.264385 -0.560749
v 0.373409 -0.262703 -0.560274
v 0.260273 -0.258375 -0.585744
v 0.246238 -0.256395 -0.593856
v 0.248226 -0.149933 -0.966798
v 0.262267 -0.149972 -0.966798
v -0.339477 1.199895 -2.475168
v -0.413266 1.204592 -2.458411
v -0.413266 1.221567 -2.540004
v 0.271137 -0.232534 -0.551159
v 0.373495 -0.232826 -0.551159
v 0.260346 -0.232603 -0.587369
v 0.373495 -0.232925 -0.587369
v 0.266748 0.009284 -0.973453
v 0.284289 0.003662 -0.895671
v 0.270250 0.003700 -0.895671
v 0.251331 0.008277 -0.971210
v 0.250791 -0.024952 -0.950270
v 0.266332 -0.024997 -0.950270
v 0.245113 -0.062709 -1.002194
v 0.259151 -0.062750 -1.002194
v 0.246664 -0.105149 -0.947657
v 0.260709 -0.105188 -0.947657
v 0.246303 -0.232563 -0.587369
v 0.283143 -0.074120 -0.908838
v 0.534719 -0.068580 -0.942444
v 0.534711 -0.075736 -0.918032
v 0.291632 -0.059834 -0.957604
v 0.291567 -0.114953 -0.920803
v 0.534690 -0.092721 -0.923015
v 0.537228 -0.086745 -0.944413
v 0.291583 -0.103037 -0.961443
v 0.266120 0.033643 -0.679853
v -0.552042 -0.256719 -0.585271
v -0.449659 -0.264385 -0.560749
v -0.438889 -0.258375 -0.585744
v -0.552021 -0.262703 -0.560274
v -0.426842 -0.149933 -0.966798
v -0.440883 -0.149972 -0.966798
v -0.424854 -0.256395 -0.593856
v -0.449753 -0.232534 -0.551159
v -0.552105 -0.232826 -0.551159
v -0.438958 -0.232603 -0.587369
v -0.552105 -0.232925 -0.587369
v -0.448860 0.003700 -0.895671
v -0.445364 0.009284 -0.973453
v -0.429947 0.008273 -0.971210
v -0.462905 0.003662 -0.895671
v -0.429407 -0.024952 -0.950270
v -0.444948 -0.024997 -0.950270
v -0.423729 -0.062709 -1.002194
v -0.437768 -0.062750 -1.002194
v -0.425280 -0.105149 -0.947657
v -0.439319 -0.105188 -0.947657
v -0.424920 -0.232563 -0.587369
v -0.461759 -0.074120 -0.908838
v -0.713335 -0.068580 -0.942444
v -0.470248 -0.059834 -0.957604
v -0.713327 -0.075736 -0.918032
v -0.470183 -0.114953 -0.920803
v -0.713306 -0.092721 -0.923015
v -0.715844 -0.086745 -0.944413
v -0.470199 -0.103037 -0.961443
v -0.444734 0.033643 -0.679853
v -0.448251 0.094737 -0.715418
v -0.466267 0.094686 -0.715418
v -0.426720 0.033696 -0.679853
v -0.465979 -0.006499 -0.889274
v -0.447963 -0.006450 -0.889274
v -0.466112 0.041419 -0.917168
v -0.486475 0.118588 -0.729363
v -0.486187 0.017403 -0.903219
v -0.466401 0.142604 -0.743308
v -0.466471 0.165754 -0.703537
v -0.486538 0.141738 -0.689592
v 0.572967 1.748587 1.395481
v -0.433498 0.032359 -0.911843
v -0.433786 0.133544 -0.737983
v -0.433849 0.156694 -0.698212
v -0.448316 0.117885 -0.675643
v -0.426783 0.056839 -0.640084
v 0.275938 1.564511 1.526006
v 0.253792 1.524263 1.520135
v 0.255790 1.576358 1.522818
v 0.224528 1.542513 1.512608
v 0.304864 1.622625 1.496808
v 0.570082 1.769215 1.405673
v -0.466330 0.117830 -0.675643
v -0.444805 0.056791 -0.640084
v -0.457390 0.141817 -0.689592
v 0.299543 -0.447508 -0.884985
v 0.226061 -0.446760 -0.688189
v 0.280803 -0.442267 -0.305306
v 0.301818 -0.477480 -0.876426
v 0.230430 -0.486148 -0.687584
v 0.283416 -0.489967 -0.301785
v 0.022750 -0.507616 1.035839
v -0.030980 -0.509887 1.036157
v -0.102024 -0.583617 1.042961
v -0.102024 0.143656 1.055040
v 0.247647 0.144826 1.052585
v 0.256330 -0.097681 0.972172
v -0.704682 1.285109 1.788825
v -0.716042 1.260999 1.788358
v -0.726982 1.267103 1.785810
v -0.714093 1.291645 1.789272
v -0.387250 0.271274 -0.336288
v -0.445761 0.802991 1.209342
v -0.516376 0.066173 1.059921
v -0.601387 0.548097 1.536738
v -0.579642 0.759536 1.771449
v -0.184331 -0.630777 0.826439
v -0.319820 -0.514800 0.627951
v -0.372955 -0.547208 0.003806
v -0.286550 0.952831 1.103290
v -0.212324 1.290365 0.945830
v -0.222966 1.352874 1.110204
v -0.226332 1.013573 1.271240
v -0.232300 1.042543 1.664955
v -0.316462 1.136187 1.604961
v -0.536982 1.184174 1.481415
v -0.635158 1.297507 1.680869
v -0.311498 1.193705 1.876221
v -0.197458 1.063584 1.893607
v -0.657786 1.280636 1.792077
v -0.261368 1.132215 2.017606
v -0.712556 1.205289 1.673267
v -0.389109 0.299159 -0.594421
v -0.387222 0.096264 -0.579197
v -0.416290 0.417166 -0.578567
v -0.240134 0.418769 -0.578284
v -0.347560 0.838013 -1.015738
v -0.331940 0.933659 -1.115099
v -0.444605 0.097098 -0.563730
v -0.436165 0.416954 -0.566201
v -0.424086 -0.257353 -0.338723
v -0.439125 0.083732 -0.311587
v -0.436487 -0.377682 -0.250112
v -0.435382 0.372288 -0.319241
v -0.434434 0.611705 -0.448811
v -0.535320 0.147866 -0.189062
v -0.437078 0.464644 -0.259633
v -0.458530 0.728499 -0.288748
v -0.528307 0.396082 -0.199594
v -0.593289 0.144082 0.146186
v -0.585354 0.478240 0.064448
v -0.467129 -0.081999 0.701172
v -0.445301 -0.124364 0.710841
v -0.563387 0.251270 0.629152
v -0.386759 -0.237869 0.753061
v -0.350798 -0.307512 0.794380
v -0.612535 0.699266 0.264432
v -0.632697 0.690840 0.301887
v -0.597430 0.711971 0.206290
v -0.602041 0.609067 0.703070
v -0.604626 0.629340 0.802025
v -0.621670 0.604749 1.030445
v -0.613264 0.739125 0.251207
v -0.573946 1.006333 0.299339
v -0.629609 0.795434 0.346135
v -0.638263 0.870304 0.473759
v -0.571093 1.109231 0.523457
v -0.657979 0.838284 0.550384
v -0.653441 0.838200 0.514919
v -0.667625 0.808208 0.553375
v -0.652196 0.838349 0.573558
v -0.666428 0.838467 0.628131
v -0.552329 1.033489 0.704216
v -0.484263 1.193573 0.748287
v -0.661103 0.973679 0.962160
v -0.659264 0.889574 0.927932
v -0.661688 0.899834 0.987679
v -0.505329 1.088145 0.939002
v -0.691596 0.957840 1.133361
v -0.688854 0.924377 1.128507
v -0.683900 0.922884 1.167773
v -0.629762 1.069217 1.320552
v -0.684430 0.918674 1.276689
v -0.630273 1.068706 1.320507
v -0.630010 1.069183 1.321311
v -0.638261 1.056577 1.319669
v -0.657235 1.034371 1.385082
v -0.676308 1.011752 1.447570
v -0.700383 0.971897 1.529551
v -0.694744 0.982664 1.528585
v -0.694165 0.947129 1.498836
v -0.697686 0.960225 1.531604
v -0.426893 1.075923 1.051519
v -0.340543 1.248502 0.849811
v -0.542633 1.018592 0.282364
v -0.464342 1.108709 0.176565
v -0.540119 1.085770 0.420663
v -0.427344 0.742527 -0.308702
v -0.357566 0.964446 -0.396679
v -0.353516 0.967316 -0.486470
v -0.373530 0.881050 -0.652475
v -0.418640 0.621605 -0.453796
v -0.376798 0.846298 -0.648092
v -0.371263 0.824632 -0.705824
v -0.375185 0.778013 -0.785257
v -0.373509 0.763901 -0.808111
v -0.479090 1.011436 1.259715
v -0.486057 0.980780 -1.466826
v -0.554203 1.180376 -1.740004
v -0.275471 1.599218 -2.469767
v -0.220353 1.616040 -2.565158
v -0.425627 0.837898 1.923446
v -0.340990 -0.287131 -0.335004
v -0.226799 -0.507616 1.035839
v -0.173065 -0.509887 1.036157
v -0.451696 0.144826 1.052585
v -0.460381 -0.097681 0.972172
v -0.457037 0.017486 -0.903219
v 0.278428 0.017486 -0.903219
v 0.355772 1.475586 1.567457
v 0.350871 1.464985 1.562261
v 0.089398 -0.312282 -0.639998
v 0.168918 -0.618938 -0.061985
v 0.170977 -0.574873 -0.550851
v 0.123946 -0.564123 -0.549206
v 0.137485 -0.194979 -0.581018
v 0.346023 0.974725 1.604228
v 0.500513 0.978582 1.717892
v 0.339477 0.902016 1.600246
v 0.384245 0.230864 0.656177
v -0.102021 0.935524 2.144008
v -0.047296 0.969453 2.144296
v -0.050464 0.971724 2.138985
v 0.356916 1.349818 1.817408
v 0.357155 1.343054 1.817508
v 0.031451 1.302803 1.941372
v 0.029782 1.295519 1.941784
v 0.161128 1.083880 2.044855
v 0.402147 1.161899 1.909118
v 0.398082 1.163724 1.904080
v 0.164168 1.081535 2.050209
v -0.008979 1.334668 1.910997
v -0.102021 0.931422 2.150410
v -0.156755 0.969453 2.144296
v -0.368219 1.081535 2.050209
v -0.153585 0.971724 2.138985
v -0.365179 1.083880 2.044855
v -0.606198 1.161899 1.909118
v -0.602131 1.163724 1.904080
v -0.560967 1.349818 1.817408
v -0.235496 1.302803 1.941372
v -0.561206 1.343054 1.817508
v -0.195066 1.334668 1.910997
v -0.233827 1.295519 1.941784
v -0.006334 1.323451 1.913766
v -0.559821 1.475586 1.567457
v -0.554916 1.464985 1.562261
v -0.293447 -0.312282 -0.639998
v -0.372965 -0.618938 -0.061985
v -0.327991 -0.564123 -0.549206
v -0.375026 -0.574873 -0.550851
v -0.341534 -0.194979 -0.581018
v -0.550068 0.974725 1.604228
v -0.543522 0.902016 1.600246
v -0.704562 0.978582 1.717892
v -0.588290 0.230864 0.656177
v -0.197711 1.323451 1.913766
v 0.325249 1.706704 0.969414
v 0.273816 1.779614 0.981644
v 0.264736 1.771547 0.977895
v 0.334929 1.713943 0.973575
v 0.311846 1.628282 1.100510
v 0.321734 1.635051 1.104958
v 0.292277 1.574438 1.326051
v 0.300062 1.584187 1.328848
v -0.010807 1.324736 1.903203
v 0.029716 1.292811 1.933586
v 0.109336 1.550736 1.605781
v 0.353277 1.339276 1.811165
v 0.182100 1.670726 1.355221
v 0.235755 1.743266 1.153070
v 0.434039 1.015081 1.807019
v 0.460772 1.052271 1.683740
v 0.155941 0.927198 1.934944
v 0.057302 0.896161 2.006721
v -0.004128 1.115276 2.085929
v 0.228883 0.864075 1.923599
v 0.345224 0.857609 1.842519
v 0.422867 0.891023 1.800226
v 0.459879 0.620041 1.084357
v 0.449878 0.645248 0.828486
v 0.439869 0.741228 0.358166
v 0.106105 1.540271 1.599235
v 0.174796 1.661171 1.351064
v 0.225757 1.736958 1.148417
v -0.102024 -0.587385 -0.614916
v 0.012336 -0.587658 -0.886736
v 0.080774 -0.593599 -0.609466
v -0.102024 -0.585819 -0.887072
v 0.024579 -0.625246 -0.914446
v -0.102024 -0.635635 -0.616543
v 0.104472 -0.635070 -0.616543
v -0.102024 -0.625594 -0.914446
v 0.293969 0.882434 1.625035
v 0.128190 0.905027 1.721268
v -0.102024 1.470331 0.840547
v 0.088352 1.427962 0.819401
v -0.102024 1.493103 0.758649
v 0.280307 1.366456 0.705818
v 0.146231 1.472082 0.701582
v -0.102024 1.515195 0.479873
v 0.340751 1.328509 0.457266
v 0.216053 1.469389 0.452104
v 0.326315 1.321301 0.398934
v 0.119960 1.496449 -0.114341
v -0.102024 1.567312 -0.175093
v 0.149014 1.430847 -0.172102
v -0.102024 1.451144 -0.338698
v -0.031918 1.123255 -0.558975
v -0.102024 1.144817 -0.587479
v -0.037368 1.127231 -0.587309
v -0.102024 1.145787 -0.598651
v -0.024034 1.121940 -0.578626
v -0.023443 1.115826 -0.576698
v 0.094837 1.014445 -0.484625
v 0.125791 0.987866 -0.467765
v 0.075508 1.640963 -2.474458
v -0.027188 1.698714 -2.604734
v 0.027659 1.653008 -2.588822
v 0.385169 1.289007 -1.730940
v 0.192969 1.381869 -1.720848
v 0.398488 1.206774 -1.526224
v 0.130839 0.980531 -0.899341
v 0.134637 0.977834 -0.815144
v 0.111485 0.997501 -0.858871
v 0.124046 1.037450 -0.913934
v 0.153864 1.075882 -0.990219
v 0.247928 1.148868 -1.207355
v 0.310849 1.199126 -1.400774
v 0.238363 1.263727 -1.460792
v 0.253830 1.284753 -1.528357
v 0.222004 1.274745 -1.473317
v 0.186335 1.280696 -1.495474
v 0.142765 1.309929 -1.516416
v 0.029459 1.376756 -1.558701
v -0.010838 1.284375 -1.419981
v -0.076678 1.284243 -1.392974
v -0.102024 1.380366 -1.555537
v -0.102024 1.281203 -1.386066
v 0.155401 1.435014 -1.590507
v 0.117094 1.520669 -1.580213
v 0.052960 1.629730 -2.136021
v 0.143371 1.512408 -2.052258
v -0.040819 1.666943 -2.176059
v 0.012877 1.577498 -1.574778
v -0.102024 1.578391 -1.573365
v -0.102024 1.674669 -2.196475
v -0.043339 1.644906 -2.204964
v -0.102024 1.661721 -2.234034
v -0.102024 1.711797 -2.647327
v 0.203741 -0.381927 -0.489916
v 0.132871 -0.291704 -0.636265
v 0.201513 -0.379379 -0.674463
v 0.044970 1.398442 -1.531133
v 0.000261 1.391614 -1.499490
v 0.001753 1.422364 -1.475609
v 0.046462 1.429192 -1.507258
v -0.102024 1.386083 -1.489350
v -0.102024 1.422254 -1.465171
v 0.157081 -0.396700 -0.670705
v -0.102021 1.071280 2.116824
v -0.015851 1.113535 2.083024
v -0.529300 1.706704 0.969414
v -0.468785 1.771547 0.977895
v -0.477865 1.779614 0.981644
v -0.538980 1.713943 0.973575
v -0.515895 1.628282 1.100510
v -0.525783 1.635051 1.104958
v -0.496328 1.574438 1.326051
v -0.504113 1.584187 1.328848
v -0.193242 1.324736 1.903203
v -0.233767 1.292811 1.933586
v -0.313381 1.550736 1.605781
v -0.557322 1.339276 1.811165
v -0.386149 1.670726 1.355221
v -0.439806 1.743266 1.153070
v -0.638088 1.015081 1.807019
v -0.664821 1.052271 1.683740
v -0.359991 0.927198 1.934944
v -0.261353 0.896161 2.006721
v -0.199917 1.115276 2.085929
v -0.432932 0.864075 1.923599
v -0.549273 0.857609 1.842519
v -0.626916 0.891023 1.800226
v -0.663924 0.620041 1.084357
v -0.653927 0.645248 0.828486
v -0.643921 0.741228 0.358166
v -0.310154 1.540271 1.599235
v -0.378845 1.661171 1.351064
v -0.429808 1.736958 1.148417
v -0.284823 -0.593599 -0.609466
v -0.216385 -0.587658 -0.886736
v -0.228624 -0.625246 -0.914446
v -0.308517 -0.635070 -0.616543
v -0.332242 0.905027 1.721268
v -0.498018 0.882434 1.625035
v -0.292401 1.427962 0.819401
v -0.484356 1.366456 0.705818
v -0.350282 1.472082 0.701582
v -0.544800 1.328509 0.457266
v -0.420104 1.469389 0.452104
v -0.530360 1.321301 0.398934
v -0.324005 1.496449 -0.114341
v -0.353063 1.430847 -0.172102
v -0.172133 1.123255 -0.558975
v -0.166677 1.127231 -0.587309
v -0.180017 1.121940 -0.578626
v -0.180602 1.115826 -0.576698
v -0.298888 1.014445 -0.484625
v -0.329836 0.987866 -0.467765
v -0.279553 1.640963 -2.474458
v -0.231708 1.653008 -2.588822
v -0.176863 1.698714 -2.604734
v -0.589218 1.289007 -1.730940
v -0.397020 1.381869 -1.720848
v -0.602539 1.206774 -1.526224
v -0.334884 0.980531 -0.899341
v -0.338684 0.977834 -0.815144
v -0.315534 0.997501 -0.858871
v -0.328095 1.037450 -0.913934
v -0.357909 1.075882 -0.990219
v -0.451979 1.148868 -1.207355
v -0.514894 1.199126 -1.400774
v -0.442414 1.263727 -1.460792
v -0.457875 1.284753 -1.528357
v -0.426049 1.274745 -1.473317
v -0.390386 1.280696 -1.495474
v -0.346810 1.309929 -1.516416
v -0.233509 1.376756 -1.558701
v -0.193213 1.284375 -1.419981
v -0.127373 1.284243 -1.392974
v -0.359446 1.435014 -1.590507
v -0.321143 1.520669 -1.580213
v -0.257009 1.629730 -2.136021
v -0.347416 1.512408 -2.052258
v -0.163232 1.666943 -2.176059
v -0.216926 1.577498 -1.574778
v -0.160706 1.644906 -2.204964
v -0.407790 -0.381927 -0.489916
v -0.336922 -0.291704 -0.636265
v -0.405564 -0.379379 -0.674463
v -0.249021 1.398442 -1.531133
v -0.204310 1.391614 -1.499490
v -0.205804 1.422364 -1.475609
v -0.250513 1.429192 -1.507258
v -0.361132 -0.396700 -0.670705
v -0.188198 1.113535 2.083024
v -0.102024 1.173326 -0.915571
v 0.116770 1.098420 -0.929571
v -0.102024 1.263454 -1.355732
v -0.320817 1.098420 -0.929571
v -0.102021 1.372119 1.901442
v -0.102024 1.617968 1.641748
v -0.102024 1.790454 1.439363
v -0.102024 1.860649 1.321009
v -0.102024 1.913792 1.205202
v -0.329705 0.093330 -1.011250
v -0.422995 0.026130 -1.080043
v -0.413868 0.004638 -1.077745
v -0.352678 0.092770 -1.006521
v -0.333544 -0.073561 -0.844514
v -0.386280 -0.403915 -0.923388
v -0.342158 -0.085269 -0.897372
v -0.381578 -0.387646 -0.871052
v 0.105059 -0.073561 -0.844514
v 0.157797 -0.403913 -0.923388
v 0.153097 -0.387646 -0.871052
v 0.113671 -0.085269 -0.897372
v 0.172965 0.054945 -0.805409
v 0.225998 0.027973 -1.080043
v 0.216956 0.006453 -1.077674
v 0.181395 0.076805 -0.806620
v 0.155303 0.094211 -1.006521
v 0.132192 0.094215 -1.010569
v -0.378671 0.075218 -0.806620
v -0.369621 0.053622 -0.805132
v -0.339516 0.230852 -1.025899
v -0.317012 0.225778 -1.030178
v -0.309706 0.442605 -1.175190
v -0.289272 0.432131 -1.180011
v -0.236611 0.525298 -1.202898
v -0.227886 0.506450 -1.213811
v -0.099869 0.545163 -1.214943
v -0.100024 0.565224 -1.202776
v 0.036783 0.526073 -1.202898
v 0.028108 0.507182 -1.213775
v 0.090109 0.433409 -1.180945
v 0.110346 0.443796 -1.175190
v 0.118839 0.226940 -1.029835
v 0.141356 0.232216 -1.025899
v 0.075700 0.315178 -0.946482
v -0.099436 0.357075 -0.943318
v -0.098686 0.107022 -0.707871
v -0.274330 0.314185 -0.946482
v -0.099942 0.079424 -0.727090
v -0.425223 -0.105393 -1.877711
v -0.479304 -0.312617 -1.859709
v -0.424636 -0.312462 -1.859709
v -0.479894 -0.105544 -1.877770
v -0.278246 0.144755 -0.342588
v -0.277210 0.038024 -0.214481
v -0.277453 0.123593 -0.214481
v -0.277834 -0.000110 -0.339057
v -0.286348 -0.033998 -0.626316
v -0.298562 0.106011 -0.634500
v -0.326906 0.074330 -0.835943
v -0.275408 -0.077382 -0.585891
v -0.379140 -0.525035 -0.904760
v -0.351293 0.037812 -0.214481
v -0.361999 0.144514 -0.342608
v -0.361937 0.123355 -0.214481
v -0.353952 -0.000324 -0.339057
v -0.356561 0.084631 -0.632624
v -0.387481 -0.029892 -0.624188
v -0.372531 -0.076743 -0.581809
v -0.463629 -0.533677 -0.902677
v -0.455555 -0.393564 -0.874141
v -0.420606 -0.069691 -0.843599
v -0.385344 0.060980 -0.834508
v -0.402184 0.051804 -0.923416
v -0.426532 -0.081714 -0.898858
v -0.477274 -0.028242 -1.432568
v -0.470566 -0.516970 -0.960499
v -0.467429 -0.408600 -0.924020
v -0.479718 -0.226701 -1.466702
v -0.479618 -0.288727 -1.466467
v -0.479190 -0.353352 -1.498151
v -0.424520 -0.353197 -1.498151
v -0.394029 -0.516183 -0.961308
v -0.114242 -0.524272 -0.904760
v -0.114242 -0.515375 -0.961308
v -0.424712 -0.285818 -1.462447
v -0.424871 -0.230051 -1.462357
v -0.425433 -0.031873 -1.433348
v -0.342433 0.059953 -0.927789
v -0.323159 -0.000141 -1.662622
v -0.419811 -0.012878 -1.682488
v -0.330019 -0.012622 -1.682488
v -0.426744 -0.000432 -1.662622
v -0.420324 0.167169 -1.582972
v -0.323603 0.156708 -1.602694
v -0.323634 0.167444 -1.582972
v -0.420294 0.156435 -1.602694
v -0.323167 0.002979 -1.361443
v -0.419762 -0.031123 -1.368234
v -0.419855 0.002703 -1.361443
v -0.323071 -0.030850 -1.368234
v -0.426642 -0.036632 -1.527529
v -0.323018 -0.049337 -1.484229
v -0.323055 -0.036336 -1.527529
v -0.426612 -0.047502 -1.491313
v -0.323055 -0.036336 -1.652922
v -0.426540 -0.072829 -1.590226
v -0.322953 -0.072535 -1.590226
v -0.426642 -0.036630 -1.652922
v -0.329954 -0.035496 -1.676357
v -0.419747 -0.035751 -1.676357
v -0.323336 0.062558 -1.626423
v -0.323318 0.056063 -1.427995
v -0.323261 0.036059 -1.652922
v -0.420006 0.055790 -1.427995
v -0.426850 0.035763 -1.652922
v -0.426907 0.056636 -1.632050
v -0.114242 0.060603 -0.927789
v 0.098421 0.074330 -0.835943
v -0.114242 0.074937 -0.835943
v 0.113950 0.059953 -0.927789
v 0.173699 0.051804 -0.923416
v 0.248789 -0.028242 -1.432568
v 0.156859 0.060980 -0.834508
v 0.196948 -0.031873 -1.433348
v 0.251406 -0.105542 -1.877772
v 0.196740 -0.105393 -1.877711
v 0.128074 0.084631 -0.632624
v 0.070077 0.106011 -0.634500
v 0.133516 0.144514 -0.342608
v 0.049761 0.144755 -0.342588
v 0.048968 0.123593 -0.214481
v 0.133454 0.123355 -0.214481
v 0.165546 -0.516181 -0.961308
v -0.114242 -0.403134 -0.923388
v -0.114242 -0.084617 -0.897372
v 0.250819 -0.312617 -1.859709
v 0.196151 -0.312462 -1.859709
v 0.048727 0.038024 -0.214481
v 0.049351 -0.000110 -0.339057
v 0.057865 -0.033998 -0.626316
v 0.046921 -0.077382 -0.585891
v 0.150657 -0.525033 -0.904760
v 0.158995 -0.029892 -0.624188
v 0.192118 -0.069691 -0.843599
v 0.198049 -0.081714 -0.898858
v 0.251235 -0.226701 -1.466702
v 0.196386 -0.230051 -1.462357
v 0.196226 -0.285818 -1.462447
v 0.251133 -0.288727 -1.466467
v 0.196037 -0.353197 -1.498151
v 0.235146 -0.533677 -0.902677
v 0.242081 -0.516970 -0.960499
v 0.250705 -0.353350 -1.498151
v 0.122810 0.037812 -0.214481
v 0.125467 -0.000324 -0.339057
v 0.144046 -0.076741 -0.581811
v 0.227074 -0.393564 -0.874141
v 0.238946 -0.408600 -0.924020
v -0.114242 -0.386881 -0.871050
v -0.114242 -0.072933 -0.844514
v 0.218363 0.047474 -1.886406
v 0.191749 -0.131083 -1.970609
v 0.222086 -0.131049 -1.970322
v 0.188025 0.047561 -1.886671
v 0.211821 0.131548 -1.723570
v 0.181480 0.131681 -1.723790
v 0.136023 0.263335 -0.226577
v 0.105681 0.263435 -0.226756
v 0.134241 0.254287 -0.179470
v 0.103887 0.254367 -0.179397
v 0.132095 0.192108 -0.119110
v 0.101738 0.192090 -0.118933
v 0.131936 0.136763 -0.110914
v 0.101581 0.136667 -0.110721
v 0.133336 0.064289 -0.141768
v 0.102982 0.064063 -0.141622
v 0.135526 0.031816 -0.195862
v 0.105184 0.031443 -0.195941
v 0.208557 -0.498878 -1.601218
v 0.178218 -0.499235 -1.601406
v 0.214153 -0.492815 -1.738218
v 0.183809 -0.493151 -1.738287
v 0.218393 -0.436088 -1.852364
v 0.188051 -0.436383 -1.852533
v 0.221629 -0.306623 -1.945668
v 0.191291 -0.306815 -1.945929
v 0.217191 0.030675 -1.863273
v 0.220648 -0.136337 -1.940179
v 0.211425 0.101561 -1.718118
v 0.135942 0.232866 -0.226618
v 0.134606 0.226249 -0.191633
v 0.133034 0.180969 -0.147619
v 0.132912 0.138527 -0.141328
v 0.133931 0.085371 -0.163970
v 0.135681 0.059673 -0.207900
v 0.208469 -0.468899 -1.607390
v 0.213503 -0.463410 -1.730298
v 0.217315 -0.412306 -1.833114
v 0.220218 -0.295373 -1.917213
v 0.186854 0.030760 -1.863534
v 0.190310 -0.136374 -1.940467
v 0.181087 0.101693 -1.718341
v 0.105599 0.232966 -0.226795
v 0.104256 0.226330 -0.191564
v 0.102682 0.180952 -0.147442
v 0.102554 0.138431 -0.141134
v 0.103577 0.085145 -0.163823
v 0.105338 0.059300 -0.207982
v 0.178131 -0.469260 -1.607575
v 0.183158 -0.463749 -1.730367
v 0.186977 -0.412604 -1.833286
v 0.189882 -0.295563 -1.917474
v -0.045726 0.031788 -0.642155
v -0.102026 0.011543 -0.546770
v -0.045726 0.018291 -0.578565
v -0.158323 0.031788 -0.642155
v -0.102026 0.038536 -0.673951
v -0.158323 0.018289 -0.578565
v -0.045726 0.112935 -0.624932
v -0.045726 0.099438 -0.561342
v -0.102026 0.092690 -0.529546
v -0.158323 0.099436 -0.561342
v -0.158323 0.112935 -0.624932
v -0.102026 0.119683 -0.656728
v -0.102026 0.486218 -0.578934
v -0.045726 0.289339 -0.587493
v -0.045726 0.479470 -0.547139
v -0.102026 0.296089 -0.619287
v -0.158323 0.479470 -0.547139
v -0.158323 0.289339 -0.587493
v -0.158323 0.465971 -0.483549
v -0.158323 0.275843 -0.523901
v -0.102026 0.459223 -0.451753
v -0.102026 0.269094 -0.492105
v -0.045726 0.465971 -0.483549
v -0.045726 0.275843 -0.523901
v -0.153083 0.334876 -1.869363
v 0.077015 0.354953 -1.794805
v -0.052738 0.335161 -1.869363
v -0.284173 0.353927 -1.794805
v 0.077182 0.328943 -1.670669
v -0.281488 0.327924 -1.670669
v 0.074662 0.296164 -1.569993
v -0.281488 0.295153 -1.569993
v -0.283586 0.217745 -1.466076
v 0.077602 0.218750 -1.466278
v -0.283586 0.147177 -1.390827
v 0.077602 0.148203 -1.390827
v -0.052002 0.075096 -1.363194
v 0.078158 0.045149 -1.329926
v -0.152343 0.074813 -1.363194
v -0.051830 0.015329 -1.332948
v -0.283027 0.044144 -1.329724
v 0.078158 -0.048664 -1.290964
v -0.152174 0.015044 -1.332948
v -0.283027 -0.049690 -1.290964
v -0.279849 -0.180716 -1.271166
v 0.078817 -0.179699 -1.271166
v -0.279849 -0.281655 -1.277399
v 0.076297 -0.280644 -1.277399
v 0.078817 -0.378418 -1.303201
v -0.279849 -0.379436 -1.303201
v 0.079428 -0.496758 -1.362760
v -0.281755 -0.497783 -1.362760
v -0.050238 -0.546427 -1.423866
v 0.079430 -0.573734 -1.429087
v -0.150582 -0.546712 -1.423866
v -0.050104 -0.593666 -1.471364
v -0.281755 -0.574759 -1.429087
v 0.079873 -0.652569 -1.519133
v -0.150447 -0.593952 -1.471364
v -0.281312 -0.653594 -1.519132
v -0.281312 -0.697070 -1.612853
v 0.079873 -0.696065 -1.612656
v -0.278554 -0.738170 -1.735562
v 0.077594 -0.737161 -1.735562
v -0.278554 -0.737797 -1.841624
v 0.080111 -0.736780 -1.841624
v -0.281115 -0.723781 -1.967482
v 0.080073 -0.722756 -1.967482
v -0.049855 -0.680787 -2.033726
v 0.079787 -0.687671 -2.074288
v -0.150198 -0.681072 -2.033726
v -0.049942 -0.650212 -2.093330
v -0.281398 -0.688676 -2.074088
v 0.079787 -0.622186 -2.163992
v -0.150286 -0.650497 -2.093330
v -0.281398 -0.623211 -2.163992
v 0.079278 -0.540150 -2.253642
v -0.279392 -0.541169 -2.253642
v 0.076758 -0.442497 -2.311318
v -0.279392 -0.443508 -2.311318
v -0.282548 -0.331789 -2.354400
v 0.078637 -0.330784 -2.354600
v -0.282548 -0.218493 -2.369292
v 0.078637 -0.217470 -2.369292
v -0.051386 -0.142300 -2.349968
v 0.078020 -0.109940 -2.362830
v -0.151727 -0.142586 -2.349968
v -0.051571 -0.076166 -2.339307
v -0.283166 -0.110945 -2.362630
v 0.078020 0.000498 -2.334365
v -0.151915 -0.076452 -2.339307
v -0.283166 -0.000528 -2.334365
v 0.077463 0.106386 -2.277738
v -0.281202 0.105369 -2.277738
v 0.074945 0.196133 -2.208988
v -0.281202 0.195122 -2.208988
v -0.284075 0.265820 -2.109666
v 0.077110 0.266825 -2.109866
v -0.284075 0.319787 -2.012897
v 0.077110 0.320811 -2.012898
v -0.052709 0.324861 -1.935556
v 0.077015 0.342768 -1.902592
v -0.153053 0.324576 -1.935556
v -0.284171 0.341762 -1.902392
v -0.077608 -0.465786 -1.643740
v -0.077689 -0.436587 -1.603318
v 0.053457 -0.275767 -1.676796
v 0.053688 -0.357057 -1.802336
v 0.173529 -0.223170 -1.726063
v 0.053317 -0.226522 -1.658311
v 0.173723 -0.291753 -1.820533
v 0.053679 -0.354696 -1.854884
v 0.052907 -0.082007 -1.696828
v 0.173213 -0.112131 -1.762100
v -0.078617 -0.109410 -1.507656
v -0.078752 -0.061944 -1.522932
v 0.052813 -0.049210 -1.737953
v 0.173213 -0.112091 -1.878839
v 0.053414 -0.260419 -1.970989
v 0.173529 -0.223103 -1.914950
v -0.077661 -0.446485 -2.024729
v -0.077577 -0.475910 -1.984469
v 0.053270 -0.209715 -1.984980
v 0.052791 -0.041184 -1.887297
v -0.079298 0.130140 -1.804538
v -0.079298 0.130280 -1.854400
v 0.052872 -0.070160 -1.931197
v -0.078705 -0.078183 -2.124106
v -0.078570 -0.125564 -2.139647
v -0.124979 -0.436724 -1.603318
v -0.124896 -0.465922 -1.643740
v -0.256807 -0.357939 -1.802336
v -0.257035 -0.276650 -1.676796
v -0.377405 -0.224732 -1.726063
v -0.257176 -0.227402 -1.658311
v -0.377209 -0.293316 -1.820533
v -0.256813 -0.355577 -1.854884
v -0.257078 -0.261302 -1.970989
v -0.377405 -0.224664 -1.914950
v -0.124867 -0.476044 -1.984469
v -0.124951 -0.446622 -2.024729
v -0.257223 -0.210595 -1.984980
v -0.257620 -0.071041 -1.931197
v -0.377719 -0.113654 -1.878839
v -0.125862 -0.125699 -2.139647
v -0.125997 -0.078317 -2.124106
v -0.257702 -0.042065 -1.887297
v -0.257677 -0.050091 -1.737953
v -0.377719 -0.113697 -1.762100
v -0.126590 0.130146 -1.854400
v -0.126588 0.130007 -1.804538
v -0.257586 -0.082888 -1.696828
v -0.126042 -0.062077 -1.522932
v -0.125907 -0.109544 -1.507656
v -0.383591 0.035665 -1.988917
v -0.383591 -0.106755 -2.092390
v -0.383591 -0.026878 -2.052580
v -0.383591 -0.194779 -2.107132
v -0.383591 0.076886 -1.909758
v -0.383591 -0.026880 -1.590399
v -0.383591 0.035665 -1.654062
v -0.383591 0.090067 -1.821487
v -0.383591 0.076886 -1.733219
v -0.383591 -0.466442 -1.909758
v -0.383591 -0.282800 -2.092390
v -0.383591 -0.425221 -1.988917
v -0.383591 -0.362675 -2.052580
v -0.383591 -0.362675 -1.590399
v -0.383591 -0.479622 -1.821489
v -0.383591 -0.425221 -1.654062
v -0.383591 -0.466442 -1.733219
v -0.383591 -0.282801 -1.550587
v -0.383591 -0.106757 -1.550587
v -0.383591 -0.194777 -1.535845
v 0.195586 -0.455272 -1.632792
v 0.195586 -0.516603 -1.821551
v 0.195586 -0.501263 -1.722180
v 0.195586 -0.501263 -1.920918
v 0.195586 -0.384447 -1.561392
v 0.195586 -0.006418 -1.561392
v 0.195586 -0.294703 -1.516128
v 0.195586 -0.096229 -1.516128
v 0.195586 -0.195433 -1.499978
v 0.195586 -0.195431 -2.143117
v 0.195586 -0.455272 -2.010311
v 0.195586 -0.294703 -2.126971
v 0.195586 -0.384445 -2.081705
v 0.195586 0.110399 -1.920918
v 0.195586 -0.096227 -2.126971
v 0.195586 0.064342 -2.010311
v 0.195586 -0.006418 -2.081703
v 0.195586 0.125673 -1.821551
v 0.195586 0.064342 -1.632790
v 0.195586 0.110399 -1.722177
v 0.154482 -0.192701 -1.820841
v -0.358531 -0.194159 -1.820845
v 0.150671 -0.292888 -1.170831
v 0.150671 -0.411246 -1.200873
v 0.107987 -0.434206 -1.138633
v 0.107987 -0.303265 -1.105305
v 0.151403 -0.547669 -1.268112
v -0.041908 -0.462177 -1.063621
v -0.041908 -0.316066 -1.026280
v 0.108794 -0.583813 -1.212427
v 0.151403 -0.642151 -1.345993
v -0.041013 -0.627694 -1.145265
v -0.161581 -0.462509 -1.063699
v -0.161581 -0.316407 -1.026292
v 0.108794 -0.688464 -1.298428
v 0.151970 -0.740853 -1.460616
v -0.160686 -0.628033 -1.145278
v -0.311530 -0.435364 -1.138903
v -0.311530 -0.304454 -1.105345
v -0.041013 -0.744605 -1.241118
v 0.109418 -0.796537 -1.424398
v 0.151970 -0.794068 -1.572485
v -0.160686 -0.744935 -1.241197
v -0.316209 -0.595843 -1.194623
v -0.354260 -0.412640 -1.201202
v -0.354260 -0.294319 -1.170878
v -0.353526 -0.549102 -1.268161
v -0.353526 -0.643545 -1.346320
v -0.316209 -0.703739 -1.283315
v -0.352959 -0.742284 -1.460665
v -0.310101 -0.797725 -1.424437
v -0.352959 -0.795462 -1.572813
v -0.159992 -0.864320 -1.380729
v -0.352657 -0.840471 -1.715099
v -0.310101 -0.856905 -1.548097
v -0.040320 -0.863980 -1.380719
v -0.352655 -0.842122 -1.841512
v -0.159992 -0.930748 -1.518222
v -0.309767 -0.905843 -1.704604
v -0.040320 -0.930415 -1.518145
v -0.352667 -0.826681 -1.987472
v -0.309767 -0.908285 -1.843972
v -0.159619 -0.984413 -1.691935
v 0.109418 -0.855747 -1.547826
v -0.352994 -0.780237 -2.123882
v -0.039949 -0.984074 -1.691923
v -0.309781 -0.890656 -2.004525
v -0.159619 -0.987819 -1.846876
v 0.109752 -0.904652 -1.704563
v -0.039949 -0.987489 -1.846798
v -0.159634 -0.967546 -2.025078
v -0.310140 -0.838873 -2.154685
v -0.352994 -0.703298 -2.230690
v 0.152274 -0.839038 -1.715052
v 0.109752 -0.907127 -1.843701
v 0.152274 -0.840728 -1.841186
v -0.039963 -0.967206 -2.025069
v -0.353579 -0.606220 -2.333870
v 0.152262 -0.825248 -1.987423
v 0.109738 -0.889468 -2.004483
v -0.160035 -0.909319 -2.191878
v -0.310140 -0.754798 -2.272341
v -0.353579 -0.491659 -2.402693
v 0.151933 -0.778820 -2.124110
v -0.040363 -0.908984 -2.191932
v 0.109379 -0.837696 -2.154879
v -0.310780 -0.647256 -2.385914
v -0.160035 -0.816636 -2.322561
v -0.361075 -0.365958 -2.473479
v -0.040363 -0.816296 -2.322551
v 0.109379 -0.753605 -2.272301
v -0.160747 -0.696477 -2.448719
v -0.310780 -0.521752 -2.461742
v -0.361075 -0.228777 -2.492749
v -0.041076 -0.696140 -2.448772
v 0.151933 -0.701865 -2.230639
v -0.311595 -0.378157 -2.519214
v -0.160747 -0.557774 -2.532945
v -0.355085 -0.089049 -2.466069
v 0.108739 -0.646079 -2.386104
v 0.151350 -0.604806 -2.334100
v -0.311595 -0.231818 -2.539984
v -0.161652 -0.397568 -2.596783
v -0.041076 -0.557436 -2.532932
v -0.355085 0.041084 -2.431563
v 0.151350 -0.490226 -2.402644
v 0.108739 -0.520562 -2.461702
v -0.041979 -0.397234 -2.596840
v 0.150612 -0.360423 -2.455155
v 0.107924 -0.376981 -2.519403
v -0.161652 -0.235724 -2.619849
v 0.150612 -0.226923 -2.473697
v 0.107924 -0.230630 -2.539941
v -0.041979 -0.235384 -2.619839
v -0.312441 -0.077781 -2.531481
v 0.149844 -0.087636 -2.466299
v 0.107075 -0.076607 -2.531675
v -0.042919 -0.063583 -2.610465
v -0.162592 -0.063920 -2.610410
v -0.312441 0.064872 -2.493530
v 0.149844 0.042516 -2.431515
v 0.107075 0.066061 -2.493491
v -0.162592 0.093832 -2.568251
v -0.042919 0.094173 -2.568239
v -0.355750 0.164392 -2.365348
v 0.149181 0.165807 -2.365576
v 0.106346 0.202469 -2.420764
v -0.043733 0.246403 -2.487275
v -0.163403 0.246067 -2.487220
v -0.313171 0.201293 -2.420574
v -0.355750 0.270071 -2.283432
v 0.149181 0.271502 -2.283383
v 0.106346 0.318205 -2.330378
v -0.043733 0.374249 -2.387062
v -0.313171 0.317016 -2.330420
v -0.356194 0.354955 -2.170249
v -0.163403 0.373909 -2.387074
v 0.148735 0.356370 -2.170479
v 0.105856 0.412304 -2.205936
v -0.313663 0.411130 -2.205743
v -0.356196 0.419011 -2.054971
v -0.163947 0.479152 -2.248588
v -0.044277 0.479486 -2.248645
v 0.148735 0.420443 -2.054921
v -0.356343 0.449690 -1.914510
v -0.313663 0.481019 -2.078851
v 0.105856 0.482210 -2.078812
v -0.044277 0.556421 -2.107625
v -0.163947 0.556081 -2.107636
v 0.148586 0.451105 -1.914740
v -0.313826 0.515445 -1.924139
v 0.105693 0.516621 -1.924328
v -0.044458 0.595356 -1.935847
v -0.164129 0.595022 -1.935790
v 0.148586 0.463584 -1.785630
v -0.356343 0.462153 -1.785681
v 0.105693 0.529714 -1.782285
v -0.313826 0.528523 -1.782328
v -0.356172 0.432281 -1.642623
v -0.164129 0.608844 -1.778265
v -0.044458 0.609185 -1.778256
v -0.356172 0.392033 -1.522128
v -0.313636 0.496277 -1.624755
v -0.163917 0.573732 -1.603243
v -0.044246 0.574066 -1.603298
v -0.355705 0.305726 -1.401041
v -0.313636 0.451313 -1.492121
v -0.355705 0.220779 -1.309878
v -0.163917 0.523084 -1.455909
v -0.313124 0.356922 -1.358742
v 0.105883 0.497451 -1.624947
v -0.355028 0.091852 -1.231821
v -0.044246 0.523422 -1.455897
v -0.313124 0.262740 -1.258404
v -0.163350 0.418940 -1.307759
v 0.148759 0.433694 -1.642853
v 0.105883 0.452503 -1.492076
v 0.148759 0.393466 -1.522077
v -0.043680 0.419274 -1.307816
v -0.163350 0.313620 -1.196303
v 0.149224 0.307141 -1.401271
v 0.106395 0.358099 -1.358933
v -0.043680 0.313958 -1.196293
v -0.312380 0.121418 -1.172407
v 0.106395 0.263928 -1.258363
v 0.149224 0.222212 -1.309829
v -0.162522 0.157348 -1.100785
v -0.355028 -0.021998 -1.185634
v 0.149899 0.093267 -1.232052
v 0.107139 0.122592 -1.172598
v -0.042850 0.157683 -1.100840
v -0.312380 -0.004591 -1.121594
v -0.354260 -0.172357 -1.164222
v 0.149899 -0.020567 -1.185585
v 0.107139 -0.003401 -1.121551
v -0.042850 0.017015 -1.044325
v -0.162522 0.016675 -1.044337
v -0.311530 -0.169513 -1.097969
v -0.161581 -0.165813 -1.018103
v -0.041908 -0.165479 -1.018158
v 0.107987 -0.168339 -1.098163
v 0.150671 -0.170944 -1.164454
v -0.206188 0.073176 1.632219
v -0.318713 0.072856 1.632219
v -0.276884 0.072976 1.632217
v -0.001280 0.073178 1.632219
v 0.069416 0.072976 1.632219
v 0.111245 0.072858 1.632219
v -0.205605 -0.131656 1.468596
v -0.205592 -0.136672 1.487847
v -0.318117 -0.136990 1.487847
v -0.318130 -0.131974 1.468596
v -0.298568 -0.185554 1.675846
v -0.343140 -0.185680 1.675844
v -0.318054 -0.158873 1.571857
v -0.276226 -0.158753 1.571857
v -0.299227 0.046177 1.736204
v -0.339328 0.046061 1.736204
v -0.205497 -0.170162 1.458567
v -0.318019 -0.170480 1.458567
v -0.318007 -0.175495 1.477819
v -0.205482 -0.175177 1.477819
v -0.317944 -0.197378 1.561830
v -0.276118 -0.197258 1.561828
v -0.205421 -0.197060 1.561828
v -0.298460 -0.224059 1.665811
v -0.343030 -0.224186 1.665813
v -0.352388 -0.212750 1.698702
v -0.298491 -0.212597 1.698702
v -0.373150 -0.122827 1.842680
v -0.332647 -0.122710 1.842682
v -0.206296 0.111683 1.642250
v -0.206359 0.133564 1.558240
v -0.206249 0.095059 1.548208
v -0.206371 0.138578 1.538987
v -0.206263 0.100074 1.528954
v -0.205937 -0.015633 1.532616
v -0.206025 0.016034 1.520147
v -0.205890 -0.031056 1.591828
v -0.205953 -0.009498 1.618162
v -0.205843 -0.047861 1.587453
v -0.205888 -0.032436 1.528236
v -0.205590 -0.136769 1.564291
v -0.205654 -0.115212 1.590625
v -0.205755 -0.079528 1.599922
v -0.205827 -0.053995 1.501902
v -0.205725 -0.089681 1.492608
v -0.205529 -0.158553 1.571857
v -0.318774 0.094739 1.548208
v -0.318547 0.015714 1.520147
v -0.318458 -0.015953 1.532616
v -0.318411 -0.032756 1.528240
v -0.318350 -0.054316 1.501906
v -0.318248 -0.089999 1.492612
v -0.357666 0.079604 1.770713
v -0.330015 0.082698 1.777486
v -0.333840 1.076942 1.331578
v -0.361487 1.073847 1.324813
v -0.385336 0.082539 1.777484
v -0.389160 1.076785 1.331576
v -0.413052 0.101948 1.821251
v -0.416877 1.096193 1.375351
v -0.385448 0.121514 1.865016
v -0.389271 1.115757 1.419122
v -0.330127 0.121669 1.865016
v -0.333952 1.115912 1.419124
v -0.302411 0.102262 1.821251
v -0.306236 1.096505 1.375351
v -0.318368 -0.048179 1.587453
v -0.318415 -0.031376 1.591828
v -0.318113 -0.137092 1.564291
v -0.318278 -0.079844 1.599918
v -0.318176 -0.115530 1.590623
v -0.318476 -0.009816 1.618160
v -0.318821 0.111361 1.642250
v -0.318882 0.133246 1.558240
v -0.318786 0.099754 1.528954
v -0.318896 0.138260 1.538987
v -0.339448 0.088464 1.727721
v -0.357646 0.071989 1.753610
v -0.319771 -0.228565 1.898331
v -0.393813 -0.228777 1.898331
v -0.393817 -0.228094 1.968220
v -0.319771 -0.227882 1.968218
v -0.283687 0.102315 1.821251
v -0.320635 0.076130 1.762670
v -0.320784 0.128292 1.879831
v -0.320227 -0.067353 1.966938
v -0.394828 0.128082 1.879831
v -0.319917 -0.176402 2.015492
v -0.394271 -0.067563 1.966938
v -0.393964 -0.176612 2.015492
v -0.431776 0.101895 1.821251
v -0.403389 -0.093671 1.908357
v -0.394679 0.075918 1.762670
v -0.394125 -0.119726 1.849777
v -0.299345 0.088578 1.727721
v -0.276992 0.111481 1.642250
v 0.125181 -0.122710 1.842680
v 0.112301 -0.228565 1.898329
v 0.186347 -0.228775 1.898331
v 0.165682 -0.122827 1.842680
v 0.186655 -0.119726 1.849777
v 0.150176 0.071989 1.753610
v 0.187209 0.075918 1.762670
v 0.186347 -0.228092 1.968218
v 0.195919 -0.093669 1.908359
v 0.224306 0.101895 1.821251
v 0.186802 -0.067563 1.966938
v 0.186494 -0.176612 2.015492
v 0.187358 0.128082 1.879831
v 0.112449 -0.176400 2.015490
v 0.112759 -0.067353 1.966938
v 0.113316 0.128292 1.879831
v 0.112303 -0.227884 1.968220
v 0.076219 0.102315 1.821251
v 0.113167 0.076130 1.762670
v -0.001172 0.111681 1.642250
v 0.069524 0.111481 1.642252
v -0.001816 -0.115212 1.590627
v 0.110645 -0.137090 1.564289
v -0.001878 -0.136771 1.564291
v 0.110706 -0.115530 1.590623
v -0.001715 -0.079528 1.599922
v 0.110808 -0.079846 1.599920
v 0.110900 -0.048179 1.587453
v -0.001625 -0.047861 1.587453
v -0.001578 -0.031058 1.591828
v 0.110947 -0.031376 1.591828
v 0.111006 -0.009816 1.618160
v -0.001515 -0.009498 1.618162
v 0.098768 1.096507 1.375351
v 0.122547 0.082698 1.777486
v 0.126370 1.076942 1.331578
v 0.094941 0.102262 1.821251
v 0.126482 1.115914 1.419124
v 0.122657 0.121671 1.865018
v 0.181803 1.115759 1.419124
v 0.177978 0.121512 1.865018
v 0.209407 1.096195 1.375351
v 0.205582 0.101948 1.821251
v 0.181690 1.076787 1.331578
v 0.177868 0.082539 1.777484
v 0.154015 1.073847 1.324813
v 0.150198 0.079604 1.770713
v 0.110780 -0.090001 1.492612
v 0.110941 -0.032754 1.528240
v 0.110882 -0.054318 1.501906
v 0.110647 -0.136990 1.487847
v 0.110990 -0.015953 1.532618
v 0.111304 0.094739 1.548210
v 0.111077 0.015712 1.520149
v 0.110586 -0.158873 1.571859
v 0.111351 0.111363 1.642250
v 0.131858 0.046063 1.736204
v 0.111412 0.133246 1.558240
v 0.111318 0.099756 1.528954
v 0.111426 0.138260 1.538987
v 0.131980 0.088466 1.727723
v 0.135670 -0.185680 1.675844
v 0.144918 -0.212750 1.698702
v 0.135562 -0.224186 1.665813
v 0.110474 -0.197378 1.561830
v 0.110539 -0.175493 1.477819
v 0.110551 -0.170480 1.458567
v 0.110662 -0.131974 1.468596
v -0.001643 -0.053995 1.501902
v -0.001878 -0.136672 1.487847
v -0.001743 -0.089681 1.492608
v -0.001580 -0.032434 1.528236
v -0.001533 -0.015633 1.532616
v -0.001939 -0.158555 1.571857
v -0.002047 -0.197058 1.561828
v -0.001986 -0.175175 1.477817
v -0.001863 -0.131654 1.468594
v -0.001971 -0.170160 1.458565
v -0.001219 0.095061 1.548208
v -0.001443 0.016032 1.520147
v -0.001111 0.133564 1.558240
v -0.001097 0.138578 1.538987
v -0.001205 0.100074 1.528954
v 0.091098 -0.185554 1.675846
v 0.068650 -0.197258 1.561830
v 0.068758 -0.158753 1.571857
v 0.090988 -0.224057 1.665813
v 0.091023 -0.212597 1.698702
v 0.091757 0.046175 1.736204
v 0.091875 0.088578 1.727725
v -0.349907 0.063245 1.913128
v -0.327442 -0.028583 1.950707
v -0.310908 -0.017574 1.963920
v -0.377611 0.061251 1.922479
v -0.336078 -0.022885 1.957568
v 0.122095 -0.028583 1.950707
v 0.144559 0.063245 1.913128
v 0.105563 -0.017572 1.963920
v 0.172263 0.061249 1.922479
v 0.130735 -0.022883 1.957568
v -0.371880 0.446689 1.745623
v -0.355978 0.446316 1.762868
v -0.320611 0.470405 1.732809
v -0.299612 0.465329 1.741963
v -0.306937 0.408288 1.582868
v -0.328664 0.409784 1.591594
v -0.305644 0.266424 1.433181
v -0.327960 0.162584 1.571826
v -0.309995 0.177672 1.571875
v -0.328229 0.260521 1.430861
v -0.309502 0.229890 1.654788
v -0.328148 0.225800 1.668427
v -0.374861 0.387370 1.771398
v -0.354321 0.391692 1.781883
v -0.371258 0.055361 1.907431
v -0.336099 -0.016942 1.971933
v -0.312054 0.087078 1.986984
v -0.327475 -0.017545 1.980532
v -0.320672 0.086745 1.978322
v -0.313104 0.457855 1.950828
v -0.321726 0.458605 1.942184
v -0.382241 0.390638 1.784899
v -0.303229 0.507196 1.961113
v -0.307928 0.526739 1.959464
v -0.303251 0.515860 1.965427
v -0.378418 0.450754 1.751886
v -0.299453 0.531510 2.094194
v -0.301477 0.543689 2.094359
v -0.257337 0.540209 2.203875
v -0.259537 0.552441 2.203882
v -0.166637 0.559279 2.280097
v -0.167232 0.571409 2.278062
v -0.102674 0.565536 2.302105
v -0.169101 0.615007 2.204087
v -0.184337 0.649144 2.093349
v -0.320437 0.509530 1.862667
v -0.199285 0.652334 1.980389
v -0.320519 0.480283 1.738173
v -0.332568 0.416520 1.578558
v -0.336778 0.228985 1.657583
v -0.336613 0.172883 1.571859
v -0.331605 0.273394 1.429032
v -0.207348 0.523783 1.504903
v -0.211439 0.609273 1.670889
v -0.102674 0.555395 1.480706
v -0.325102 0.239044 1.368071
v -0.326333 0.229405 1.375836
v -0.175841 0.379146 1.338361
v -0.207123 0.645405 1.844670
v -0.134107 0.078990 1.174986
v -0.132166 0.068215 1.180678
v -0.154298 0.258680 1.253018
v -0.102672 0.639914 1.664123
v -0.102674 0.677545 1.845956
v -0.102674 0.077914 1.168364
v -0.102672 0.067777 1.168015
v -0.073180 0.068213 1.180678
v -0.102672 0.400041 1.306932
v -0.102672 0.256464 1.215369
v -0.071241 0.078990 1.174986
v 0.120986 0.229405 1.375836
v -0.051052 0.258680 1.253018
v 0.119754 0.239046 1.368071
v 0.122886 0.260521 1.430861
v -0.029506 0.379146 1.338361
v 0.126258 0.273394 1.429034
v 0.122617 0.162584 1.571828
v 0.002000 0.523785 1.504903
v 0.131265 0.172883 1.571859
v 0.122800 0.225800 1.668427
v 0.127220 0.416520 1.578558
v 0.131430 0.228985 1.657585
v 0.123316 0.409782 1.591596
v 0.115261 0.470409 1.732809
v 0.115169 0.480283 1.738173
v 0.166533 0.446689 1.745623
v 0.173073 0.450756 1.751886
v 0.006094 0.609273 1.670892
v 0.115094 0.509530 1.862667
v 0.102580 0.526737 1.959464
v 0.116380 0.458607 1.942181
v 0.176893 0.390638 1.784901
v 0.001778 0.645407 1.844670
v -0.006063 0.652334 1.980389
v -0.102674 0.682613 1.983810
v -0.021011 0.649144 2.093349
v -0.102674 0.666638 2.104306
v -0.102672 0.624873 2.218946
v -0.036244 0.615007 2.204087
v -0.102674 0.576406 2.296056
v -0.038118 0.571407 2.278064
v -0.038709 0.559281 2.280097
v 0.054187 0.552439 2.203882
v 0.051989 0.540209 2.203875
v 0.096132 0.543689 2.094362
v 0.094105 0.531510 2.094194
v 0.097905 0.515860 1.965427
v 0.097881 0.507194 1.961113
v 0.107756 0.457857 1.950830
v 0.115326 0.086745 1.978326
v 0.106708 0.087080 1.986982
v 0.130751 -0.016940 1.971933
v 0.122127 -0.017545 1.980534
v -0.304005 0.231986 1.382566
v -0.120694 0.078266 1.198509
v -0.102672 0.068401 1.191406
v -0.084652 0.078266 1.198506
v 0.098658 0.231988 1.382566
v 0.100297 0.266424 1.433181
v 0.104649 0.177672 1.571875
v 0.104152 0.229888 1.654788
v 0.101589 0.408290 1.582866
v 0.165913 0.055361 1.907434
v 0.169513 0.387370 1.771398
v 0.094264 0.465329 1.741963
v 0.150633 0.446316 1.762870
v -0.295449 0.085265 1.970508
v -0.296497 0.457729 1.934255
v -0.286582 0.511304 1.945095
v -0.282315 0.521946 1.956769
v -0.276868 0.535469 2.089224
v -0.238322 0.543630 2.190564
v -0.155711 0.556586 2.259510
v -0.102674 0.554551 2.281383
v -0.049635 0.556586 2.259510
v 0.032974 0.543628 2.190564
v 0.071522 0.535469 2.089224
v 0.076968 0.521948 1.956769
v 0.081235 0.511306 1.945097
v 0.091151 0.457727 1.934255
v 0.090099 0.085265 1.970508
v 0.148973 0.391692 1.781883
v 0.069500 -0.288042 1.531604
v 0.069500 -0.072450 1.531604
v 0.069500 -0.180251 1.517050
v 0.069500 -0.388679 1.572896
v 0.069500 0.028177 1.572894
v 0.069500 0.236607 1.933904
v 0.069500 0.114258 1.639397
v 0.069500 0.222055 1.826107
v 0.069500 0.180757 1.725476
v 0.069500 -0.388679 2.294912
v 0.069500 -0.597108 1.933904
v 0.069500 -0.474750 1.639399
v 0.069500 -0.582547 1.826107
v 0.069500 -0.541259 1.725476
v 0.069500 -0.582545 2.041700
v 0.069500 -0.474750 2.228407
v 0.069500 -0.541259 2.142333
v 0.069500 0.028179 2.294910
v 0.069500 -0.288042 2.336202
v 0.069500 -0.072450 2.336202
v 0.069500 -0.180249 2.350759
v 0.069500 0.114258 2.228407
v 0.069500 0.222055 2.041697
v 0.069500 0.180759 2.142330
v -0.263141 -0.288324 2.336237
v -0.263141 -0.072731 2.336235
v -0.263141 -0.180522 2.350791
v -0.263141 -0.388951 2.294943
v -0.263141 0.027906 2.294943
v -0.263141 0.236334 1.933935
v -0.263141 0.113976 2.228440
v -0.263141 0.221774 2.041730
v -0.263141 0.180485 2.142361
v -0.263141 -0.388953 1.572927
v -0.263141 -0.597381 1.933935
v -0.263141 -0.475031 2.228440
v -0.263141 -0.582828 2.041732
v -0.263141 -0.541532 2.142363
v -0.263141 -0.582828 1.826140
v -0.263141 -0.475033 1.639432
v -0.263141 -0.541532 1.725507
v -0.263141 0.027904 1.572927
v -0.263141 -0.288326 1.531635
v -0.263141 -0.072733 1.531635
v -0.263141 -0.180524 1.517079
v -0.263141 0.113976 1.639430
v -0.263141 0.221774 1.826140
v -0.263141 0.180485 1.725507
v 0.014874 0.368859 1.960100
v -0.069437 0.349065 1.885544
v -0.134639 0.348782 1.885544
v -0.219821 0.367833 1.960100
v 0.013347 0.350123 2.084883
v -0.218073 0.349130 2.085081
v 0.013347 0.310070 2.184911
v -0.218073 0.309059 2.184911
v -0.219439 0.238954 2.289673
v 0.015258 0.239959 2.289475
v -0.219439 0.161083 2.364078
v 0.015258 0.162108 2.364080
v -0.068958 0.089002 2.391711
v 0.015621 0.066358 2.425826
v -0.134158 0.088719 2.391711
v -0.068845 0.029235 2.421959
v -0.219076 0.065353 2.426024
v 0.015621 -0.034758 2.463942
v -0.134048 0.028950 2.421959
v -0.219076 -0.035784 2.463942
v -0.217013 -0.159509 2.484584
v 0.014412 -0.158516 2.484386
v -0.217013 -0.267749 2.477508
v 0.014412 -0.266738 2.477508
v 0.016446 -0.387132 2.442829
v -0.218251 -0.388139 2.443027
v 0.016448 -0.482852 2.392149
v -0.218251 -0.483877 2.392147
v -0.067810 -0.532523 2.331040
v 0.016734 -0.570458 2.319858
v -0.133014 -0.532809 2.331040
v -0.067724 -0.579760 2.283542
v -0.217961 -0.571465 2.320058
v 0.016734 -0.638663 2.235775
v -0.132924 -0.580046 2.283542
v -0.217961 -0.639690 2.235777
v -0.216169 -0.696640 2.124288
v 0.015254 -0.695647 2.124092
v -0.216169 -0.724266 2.019347
v 0.015254 -0.723255 2.019347
v -0.216169 -0.730890 1.911030
v 0.015254 -0.729899 1.911228
v -0.217833 -0.709875 1.787425
v 0.016862 -0.708852 1.787425
v -0.067563 -0.666883 1.721181
v 0.016862 -0.670526 1.686573
v -0.132765 -0.667168 1.721181
v -0.067620 -0.636308 1.661579
v -0.217833 -0.671531 1.686374
v 0.016677 -0.608282 1.590917
v -0.132820 -0.636593 1.661579
v -0.218018 -0.609307 1.590917
v 0.016677 -0.533553 1.513460
v -0.218018 -0.534558 1.513260
v 0.014709 -0.428593 1.443591
v -0.216714 -0.429605 1.443591
v -0.216714 -0.329567 1.403822
v 0.014709 -0.328574 1.404021
v -0.218767 -0.204591 1.385614
v 0.015931 -0.203566 1.385614
v -0.068558 -0.128396 1.404939
v 0.015931 -0.096560 1.391059
v -0.133758 -0.128684 1.404939
v -0.068678 -0.062262 1.415599
v -0.218767 -0.097565 1.390859
v 0.015531 0.014401 1.420539
v -0.133880 -0.062548 1.415599
v -0.219166 0.013378 1.420539
v 0.015531 0.110407 1.467837
v -0.219166 0.109402 1.467636
v 0.013533 0.210037 1.545916
v -0.217890 0.209025 1.545914
v -0.219757 0.286886 1.645883
v 0.014940 0.287891 1.645681
v -0.219757 0.333691 1.742008
v 0.014940 0.334716 1.742008
v -0.069416 0.338767 1.819349
v 0.014874 0.363923 1.852922
v -0.134621 0.338482 1.819349
v -0.219821 0.362920 1.853122
v -0.085596 -0.451880 2.111165
v -0.085649 -0.422683 2.151588
v -0.000430 -0.261863 2.078111
v -0.000281 -0.343153 1.952571
v 0.077592 -0.209266 2.028841
v -0.000520 -0.212618 2.096594
v 0.077718 -0.277849 1.934375
v -0.000285 -0.340790 1.900023
v -0.000787 -0.068101 2.058079
v -0.086252 -0.095506 2.247251
v -0.086340 -0.048038 2.231975
v 0.077386 -0.098228 1.992807
v -0.000848 -0.035305 2.016951
v 0.065212 -0.178798 1.934065
v 0.077386 -0.098187 1.876068
v 0.077592 -0.209199 1.839954
v -0.000459 -0.246516 1.783918
v -0.085632 -0.432581 1.730177
v -0.085577 -0.462004 1.770440
v -0.000550 -0.195811 1.769926
v -0.000864 -0.027278 1.867609
v -0.086692 0.144045 1.950369
v -0.086692 0.144184 1.900504
v -0.000809 -0.056256 1.823710
v -0.086309 -0.064279 1.630800
v -0.086223 -0.111661 1.615259
v -0.116378 -0.422818 2.151588
v -0.116323 -0.452016 2.111165
v -0.202037 -0.344034 1.952571
v -0.202188 -0.262744 2.078111
v -0.280399 -0.210828 2.028841
v -0.202279 -0.213499 2.096596
v -0.280275 -0.279412 1.934375
v -0.202041 -0.341671 1.900023
v -0.202214 -0.247396 1.783918
v -0.116305 -0.462141 1.770440
v -0.116360 -0.432718 1.730177
v -0.280401 -0.210763 1.839954
v -0.202310 -0.196691 1.769926
v -0.268138 -0.180253 1.934061
v -0.202567 -0.057135 1.823710
v -0.116953 -0.111795 1.615259
v -0.117039 -0.064413 1.630800
v -0.280607 -0.099750 1.876068
v -0.202620 -0.028161 1.867609
v -0.280607 -0.099791 1.992807
v -0.202604 -0.036185 2.016953
v -0.117424 0.144050 1.900504
v -0.117422 0.143911 1.950369
v -0.202544 -0.068982 2.058079
v -0.117069 -0.048173 2.231975
v -0.116982 -0.095640 2.247251
v 0.041834 -0.288042 1.531604
v 0.041834 -0.180251 1.517050
v 0.041834 -0.072450 1.531604
v 0.041834 -0.388679 1.572896
v 0.041834 0.028177 1.572894
v 0.041834 0.236607 1.933904
v 0.041834 0.114258 1.639397
v 0.041834 0.222055 1.826107
v 0.041834 0.180757 1.725476
v 0.041834 -0.388679 2.294912
v 0.041834 -0.597108 1.933904
v 0.041834 -0.474750 1.639399
v 0.041834 -0.582547 1.826107
v 0.041834 -0.541259 1.725476
v 0.041834 -0.582545 2.041700
v 0.041834 -0.474750 2.228407
v 0.041834 -0.541259 2.142333
v 0.041834 0.028179 2.294910
v 0.041834 -0.288042 2.336202
v 0.041834 -0.072450 2.336202
v 0.041834 -0.180249 2.350759
v 0.041834 0.114258 2.228407
v 0.041834 0.222055 2.041697
v 0.041834 0.180759 2.142330
v -0.235476 -0.288324 2.336237
v -0.235476 -0.180522 2.350791
v -0.235476 -0.072731 2.336235
v -0.235476 -0.388951 2.294943
v -0.235476 0.027906 2.294943
v -0.235476 0.236334 1.933935
v -0.235476 0.113976 2.228440
v -0.235476 0.221774 2.041730
v -0.235476 0.180485 2.142361
v -0.235476 -0.388953 1.572927
v -0.235476 -0.597381 1.933935
v -0.235476 -0.475031 2.228440
v -0.235476 -0.582828 2.041732
v -0.235476 -0.541532 2.142363
v -0.235476 -0.582828 1.826140
v -0.235476 -0.475033 1.639432
v -0.235476 -0.541532 1.725507
v -0.235476 0.027904 1.572927
v -0.235476 -0.288326 1.531635
v -0.235476 -0.072733 1.531635
v -0.235476 -0.180524 1.517079
v -0.235476 0.113976 1.639430
v -0.235476 0.221774 1.826140
v -0.235476 0.180485 1.725507
v 0.062737 -0.278980 2.584075
v 0.063214 -0.418600 2.545589
v 0.035527 -0.443187 2.607256
v 0.035003 -0.289359 2.649600
v 0.063214 -0.533761 2.486794
v 0.035527 -0.569907 2.542482
v -0.061818 -0.473121 2.681687
v -0.062399 -0.302160 2.728629
v 0.063584 -0.645629 2.394475
v -0.061818 -0.613788 2.609641
v -0.139579 -0.473455 2.681742
v -0.140162 -0.302501 2.728617
v 0.035932 -0.693174 2.440858
v 0.063584 -0.726947 2.294295
v -0.061365 -0.750802 2.496855
v -0.139579 -0.614127 2.609629
v -0.240638 -0.451515 2.627062
v -0.237598 -0.290548 2.649561
v 0.035934 -0.782629 2.330510
v 0.063779 -0.791567 2.164084
v -0.061365 -0.850076 2.374187
v -0.139128 -0.751137 2.496912
v -0.240638 -0.581938 2.560282
v -0.264886 -0.420015 2.545819
v -0.265361 -0.280413 2.584029
v -0.264886 -0.535196 2.486745
v -0.264517 -0.647044 2.394705
v -0.236666 -0.694350 2.441051
v -0.264517 -0.728379 2.294243
v -0.236666 -0.783819 2.330469
v -0.264320 -0.792981 2.164316
v -0.139128 -0.850416 2.374180
v -0.264320 -0.826565 2.039808
v -0.236450 -0.855048 2.187360
v -0.138888 -0.929637 2.215119
v -0.264320 -0.835217 1.911142
v -0.236450 -0.891937 2.050303
v -0.061125 -0.929304 2.215062
v -0.264328 -0.812777 1.767435
v -0.236450 -0.901380 1.908679
v -0.138888 -0.970509 2.062973
v 0.036148 -0.853872 2.187168
v -0.264328 -0.768556 1.646692
v -0.236459 -0.876752 1.750381
v -0.138888 -0.980912 1.905780
v -0.061125 -0.970170 2.062986
v 0.036148 -0.890748 2.050344
v -0.061125 -0.980582 1.905858
v -0.138896 -0.953642 1.729831
v -0.236459 -0.827974 1.617485
v -0.264540 -0.689396 1.524218
v 0.063779 -0.825134 2.039859
v 0.036148 -0.900220 1.908952
v 0.063779 -0.833821 1.911472
v -0.061135 -0.953302 1.729841
v -0.264540 -0.600094 1.432219
v -0.138896 -0.899376 1.582328
v -0.236693 -0.740892 1.482565
v 0.063773 -0.811344 1.767484
v 0.036142 -0.875562 1.750424
v -0.264919 -0.477753 1.352212
v -0.061135 -0.899046 1.582405
v -0.139155 -0.802733 1.432347
v -0.236693 -0.642477 1.381320
v 0.063773 -0.767159 1.647020
v 0.036140 -0.826816 1.617759
v -0.264919 -0.358963 1.304807
v -0.061394 -0.802392 1.432358
v -0.139155 -0.693329 1.320002
v -0.237109 -0.507849 1.293164
v 0.063559 -0.687963 1.524267
v 0.035908 -0.739702 1.482608
v -0.269792 -0.214875 1.262157
v -0.061394 -0.692999 1.320079
v -0.139617 -0.543873 1.221962
v -0.237109 -0.376959 1.241022
v 0.063559 -0.598700 1.432547
v 0.035908 -0.641319 1.381593
v -0.269792 -0.083567 1.267770
v -0.061857 -0.543532 1.221974
v -0.237639 -0.217914 1.214922
v -0.139617 -0.398402 1.164160
v 0.063180 -0.476322 1.352262
v 0.035490 -0.506658 1.293207
v -0.265900 0.054988 1.323343
v -0.061857 -0.398070 1.164240
v -0.237639 -0.077335 1.220849
v -0.140209 -0.221821 1.135058
v 0.063180 -0.357569 1.305135
v 0.035490 -0.375801 1.241297
v -0.265900 0.169175 1.380427
v -0.238187 0.078774 1.261374
v -0.062444 -0.221480 1.135068
v -0.140209 -0.065584 1.141755
v 0.062701 -0.213019 1.281207
v 0.034960 -0.216724 1.214965
v -0.266330 0.283975 1.471473
v -0.238187 0.204593 1.324289
v -0.140818 0.107734 1.186653
v -0.062444 -0.065251 1.141832
v 0.062701 -0.085463 1.286816
v 0.034960 -0.076175 1.221120
v -0.266619 0.375994 1.585259
v -0.238664 0.330920 1.424484
v -0.140818 0.247576 1.256655
v -0.063055 0.108074 1.186668
v 0.062199 0.056419 1.323392
v 0.034412 0.079965 1.261415
v -0.063055 0.247906 1.256734
v -0.141346 0.387813 1.367832
v -0.238982 0.432153 1.549739
v 0.062199 0.170569 1.380751
v 0.034412 0.205751 1.324561
v -0.063584 0.388151 1.367842
v 0.061769 0.285406 1.471523
v 0.033934 0.332109 1.424527
v -0.141699 0.500154 1.506865
v -0.266619 0.432915 1.699935
v 0.061480 0.377409 1.585029
v -0.063938 0.500491 1.506807
v 0.033616 0.433329 1.549547
v -0.238982 0.494925 1.676054
v -0.266715 0.470842 1.840955
v 0.061480 0.434346 1.699984
v -0.141699 0.569984 1.647267
v 0.033616 0.496116 1.676094
v -0.063938 0.570323 1.647277
v -0.266715 0.476057 1.969221
v -0.239088 0.536594 1.831298
v 0.061384 0.472256 1.840725
v -0.141817 0.616165 1.819612
v -0.064054 0.616500 1.819557
v 0.033510 0.537769 1.831108
v -0.266603 0.453488 2.113126
v -0.239088 0.542429 1.972577
v 0.061384 0.477488 1.969272
v -0.141817 0.622750 1.976638
v -0.064054 0.623091 1.976648
v 0.033510 0.543618 1.972620
v -0.266603 0.405939 2.232776
v -0.238966 0.517483 2.130993
v 0.061496 0.454903 2.112896
v -0.141681 0.594940 2.152506
v -0.063918 0.595275 2.152453
v 0.033635 0.518658 2.130802
v -0.266303 0.326935 2.354706
v -0.238966 0.465221 2.262784
v 0.061496 0.407372 2.232827
v -0.141681 0.536988 2.298996
v 0.033635 0.466409 2.262827
v -0.063918 0.537328 2.299008
v -0.266301 0.234685 2.445027
v -0.238632 0.378131 2.397007
v 0.061798 0.328350 2.354477
v -0.141312 0.440149 2.447987
v -0.063549 0.440483 2.447932
v 0.033967 0.379305 2.396816
v -0.265861 0.113061 2.523927
v -0.238632 0.276646 2.496502
v -0.141312 0.327526 2.558602
v -0.063549 0.327866 2.558614
v 0.033967 0.277836 2.496543
v -0.238151 0.142626 2.583342
v -0.265861 -0.008092 2.569270
v -0.140773 0.178557 2.654966
v -0.265361 -0.151151 2.591529
v -0.238151 0.009317 2.633312
v -0.063013 0.178891 2.654911
v 0.061798 0.236118 2.445078
v -0.237598 -0.148305 2.657779
v -0.140773 0.030581 2.710568
v -0.140162 -0.144604 2.737648
v 0.034450 0.143801 2.583150
v 0.062236 0.114476 2.523699
v -0.063013 0.030923 2.710580
v -0.062399 -0.144268 2.737593
v 0.034450 0.010505 2.633353
v 0.062236 -0.006661 2.569321
v 0.035003 -0.147130 2.657588
v 0.062737 -0.149736 2.591297
v 0.154345 0.060664 -1.651842
v 0.154345 -0.210459 -0.360111
v 0.154345 0.038153 -1.548422
v -0.383503 -0.141159 -1.767484
v -0.383503 -0.279740 -1.580140
v -0.383503 -0.277168 -1.768862
v -0.383503 -0.141721 -1.578562
v -0.407766 -0.279740 -1.580140
v -0.407766 -0.141159 -1.767484
v -0.407766 -0.277168 -1.768862
v -0.407766 -0.141721 -1.578562
v 0.172543 -0.225054 -0.845189
v 0.372718 -0.253828 -0.862283
v 0.372718 -0.225054 -0.845189
v 0.172543 -0.253828 -0.862283
v 0.372718 -0.224243 -0.812596
v 0.172543 -0.224243 -0.812596
v 0.172543 -0.254418 -0.795285
v 0.372718 -0.254418 -0.795285
v 0.172543 -0.283192 -0.812382
v 0.372718 -0.283192 -0.812382
v 0.372718 -0.281991 -0.844773
v 0.172543 -0.281991 -0.844773
v -0.397656 -0.225841 -1.672298
v -0.397656 -0.283594 -0.808357
v -0.397656 -0.274532 -1.673093
v -0.397656 -0.234903 -0.807562
v 0.176585 -0.283594 -0.808357
v 0.176585 -0.225841 -1.672298
v 0.176585 -0.274532 -1.673093
v 0.176585 -0.234903 -0.807562
v 0.192763 -0.279740 -1.580140
v 0.192763 -0.141159 -1.767484
v 0.192763 -0.277168 -1.768862
v 0.192763 -0.141721 -1.578562
v 0.206915 -0.164473 -1.656017
v -0.432031 -0.177358 -1.689815
v 0.206915 -0.177358 -1.689815
v -0.432031 -0.164473 -1.656017
v 0.206915 -0.177945 -1.622817
v -0.432031 -0.177945 -1.622817
v 0.206915 -0.210557 -1.703287
v -0.432031 -0.210557 -1.703287
v 0.206915 -0.244354 -1.690402
v -0.432031 -0.244354 -1.690402
v -0.432031 -0.257828 -1.657202
v 0.206915 -0.257828 -1.657202
v -0.432031 -0.244944 -1.623406
v 0.206915 -0.244944 -1.623406
v 0.206915 -0.211743 -1.609932
v -0.432031 -0.211743 -1.609932
v -0.369348 -0.281991 -0.844773
v -0.569526 -0.253828 -0.862283
v -0.569526 -0.281991 -0.844773
v -0.369348 -0.253828 -0.862283
v -0.569526 -0.225054 -0.845189
v -0.369348 -0.225054 -0.845189
v -0.569526 -0.283192 -0.812382
v -0.369348 -0.254418 -0.795285
v -0.369348 -0.283192 -0.812382
v -0.569526 -0.254418 -0.795285
v -0.369348 -0.224243 -0.812596
v -0.569526 -0.224243 -0.812596
v 0.130080 -0.210459 -0.360111
v 0.130080 0.038153 -1.548422
v 0.130080 0.060664 -1.651842
v 0.154345 0.040522 -1.755451
v 0.130080 0.040522 -1.755451
v 0.154345 -0.017643 -1.844568
v 0.130080 -0.017643 -1.844568
v 0.154345 -0.434991 -0.350001
v 0.154345 -0.499463 -1.658959
v 0.154345 -0.453500 -0.347785
v 0.154345 -0.481155 -1.659165
v 0.154345 -0.458644 -1.762583
v 0.154345 -0.476350 -1.768414
v 0.154345 -0.399311 -1.848105
v 0.154345 -0.412190 -1.861581
v 0.154345 -0.312207 -1.906471
v 0.154345 -0.318647 -1.923370
v 0.154345 -0.208595 -1.926614
v 0.154345 -0.206789 -1.944722
v 0.154345 -0.097334 -1.921609
v 0.154345 -0.105175 -1.904102
v 0.154345 -0.004167 -1.857448
v 0.154345 0.057622 -1.763906
v 0.154345 0.078974 -1.652046
v 0.154345 0.055861 -1.542591
v 0.154345 -0.192553 -0.356292
v 0.130080 -0.004167 -1.857448
v 0.130080 -0.097334 -1.921609
v 0.130080 -0.206789 -1.944722
v 0.130080 -0.318647 -1.923370
v 0.130080 -0.412190 -1.861581
v 0.130080 0.055861 -1.542591
v 0.130080 -0.192553 -0.356292
v 0.130080 0.078974 -1.652046
v 0.130080 0.057622 -1.763906
v 0.130080 -0.105175 -1.904102
v 0.130080 -0.208595 -1.926614
v 0.130080 -0.312207 -1.906471
v 0.130080 -0.399311 -1.848105
v 0.130080 -0.476350 -1.768414
v 0.130080 -0.458644 -1.762583
v 0.130080 -0.499463 -1.658959
v 0.130080 -0.481155 -1.659165
v 0.130080 -0.434991 -0.350001
v 0.130080 -0.453500 -0.347785
v -0.102026 0.296089 -0.619287
v -0.045726 0.112935 -0.624932
v -0.045726 0.289339 -0.587493
v -0.102026 0.119683 -0.656728
v -0.158323 0.289339 -0.587493
v -0.158323 0.112935 -0.624932
v -0.158323 0.275843 -0.523901
v -0.158323 0.099438 -0.561342
v -0.102026 0.269094 -0.492105
v -0.102026 0.092690 -0.529546
v -0.045726 0.275843 -0.523901
v -0.045726 0.099438 -0.561342
v 0.162274 1.773139 0.988384
v 0.166492 1.770148 0.981693
v 0.178172 1.737392 0.997905
v 0.167713 1.744803 1.014486
v 0.136258 1.737511 0.997905
v 0.149583 1.770195 0.981695
v 0.153819 1.773164 0.988384
v 0.146757 1.744864 1.014486
v 0.153801 1.767205 0.975006
v 0.146716 1.730098 0.981324
v 0.157189 1.728756 0.978372
v 0.160141 1.766972 0.974523
v 0.167672 1.730039 0.981324
v 0.123136 1.693071 0.950315
v 0.135697 1.715225 0.964126
v 0.113554 1.730917 0.999228
v 0.088525 1.717599 1.005189
v 0.192498 1.692873 0.950313
v 0.180066 1.715099 0.964126
v 0.157878 1.714830 0.963379
v 0.157807 1.689193 0.941824
v 0.227250 1.717207 1.005189
v 0.202294 1.730665 0.999228
v 0.192799 0.518727 1.466188
v 0.154474 0.514660 1.456810
v 0.116176 0.518945 1.466186
v 0.077940 0.546044 1.526807
v 0.123277 1.741933 1.060066
v 0.116327 0.572924 1.587428
v 0.192636 1.741735 1.060064
v 0.192950 0.572706 1.587428
v 0.231186 0.545607 1.526807
v -0.402726 1.730665 0.999228
v -0.393069 1.741735 1.060064
v -0.427682 1.717207 1.005189
v -0.380588 1.746357 1.034329
v -0.323710 1.741933 1.060064
v -0.336217 1.746483 1.034329
v -0.288958 1.717600 1.005189
v -0.313989 1.730917 0.999228
v -0.378604 1.737392 0.997903
v -0.368145 1.744805 1.014486
v -0.368105 1.730039 0.981324
v -0.347189 1.744864 1.014486
v -0.380498 1.715099 0.964126
v -0.336690 1.737511 0.997905
v -0.357624 1.728754 0.978372
v -0.336129 1.715225 0.964126
v -0.358311 1.714830 0.963379
v -0.347147 1.730098 0.981324
v -0.393230 0.518727 1.466188
v -0.392930 1.692871 0.950313
v -0.431617 0.545607 1.526807
v -0.393383 0.572706 1.587428
v -0.316762 0.572922 1.587428
v -0.278373 0.546042 1.526807
v -0.316609 0.518945 1.466186
v -0.323569 1.693069 0.950313
v -0.354908 0.514660 1.456810
v -0.358239 1.689191 0.941824
v -0.360574 1.766974 0.974523
v -0.354233 1.767205 0.975006
v -0.350015 1.770195 0.981695
v -0.366922 1.770148 0.981695
v -0.354249 1.773162 0.988382
v -0.362706 1.773137 0.988384
v 0.180155 1.746357 1.034331
v 0.135785 1.746481 1.034331
v -0.445146 1.661087 1.020790
v -0.430389 1.733427 1.061097
v -0.430387 1.689943 1.081064
v -0.445144 1.704571 1.000816
v -0.392141 1.623147 0.945830
v -0.392143 1.666631 0.925861
v -0.100215 1.656790 0.895953
v -0.100217 1.719501 1.037548
v -0.373358 1.740909 1.084673
v 0.244711 1.704571 1.000818
v 0.191707 1.666631 0.925861
v 0.229955 1.733427 1.061097
v 0.172928 1.740911 1.084673
v -0.100217 1.613308 0.915924
v -0.101573 1.677442 1.057168
v -0.373358 1.697428 1.104644
v 0.244711 1.661089 1.020788
v 0.191709 1.623147 0.945832
v 0.229955 1.689943 1.081064
v 0.172926 1.697428 1.104642
v -0.498648 1.615822 1.125219
v -0.418033 1.575826 1.065511
v -0.464581 1.558868 1.106212
v -0.388618 1.600813 1.121445
v -0.502256 1.677209 1.077911
v -0.391042 1.677356 1.090389
v -0.413721 1.665707 1.064369
v -0.535251 1.671839 1.039275
v -0.547713 1.622435 1.089476
v -0.453233 1.668649 1.007018
v -0.421784 1.651240 1.031929
v -0.430703 1.631132 0.994425
v -0.413639 1.636816 0.999485
v -0.429352 1.555806 1.037159
v -0.410239 1.562028 1.034467
v -0.449727 1.545953 0.987581
v -0.456673 1.610507 0.957557
v -0.494733 1.666531 0.980564
v -0.579234 1.653752 1.010555
v -0.538719 1.648441 0.951844
v -0.500654 1.592419 0.928839
v -0.493710 1.527865 0.958864
v -0.591695 1.604348 1.060759
v -0.509549 1.541659 1.077013
v -0.566718 1.537431 1.064655
v -0.523112 1.503393 1.019307
v -0.566514 1.492343 0.990352
v -0.606655 1.523672 1.032090
v -0.629641 1.585263 1.028506
v -0.618172 1.630735 0.982297
v -0.580879 1.625848 0.928260
v -0.545846 1.574283 0.907084
v -0.539455 1.514868 0.934717
v -0.553940 1.498461 1.171524
v -0.491814 1.519615 1.211771
v -0.357234 1.607053 1.135260
v -0.358239 1.683878 1.104830
v -0.357475 1.691638 1.097598
v -0.388859 1.685397 1.083784
v -0.291202 1.685674 1.083784
v -0.288974 1.677644 1.090389
v -0.290964 1.601090 1.121445
v -0.258083 1.651705 1.031929
v -0.261647 1.660857 1.027850
v -0.261406 1.576271 1.065509
v -0.288829 1.625589 0.973467
v -0.291059 1.635868 0.971915
v -0.358056 1.618963 0.959029
v -0.357299 1.629528 0.958099
v -0.290821 1.551282 1.009575
v -0.339722 1.576048 1.065509
v -0.357057 1.544944 0.995760
v -0.410479 1.646612 0.996810
v -0.418273 1.660410 1.027850
v -0.410559 1.674253 1.058889
v -0.513659 1.556181 1.223942
v -0.575856 1.534960 1.183777
v -0.868067 1.309407 1.014039
v -0.850500 1.305670 1.017010
v -0.853990 1.307729 1.004215
v -0.866508 1.308485 1.019760
v -0.872738 1.321794 1.025495
v -0.869641 1.340297 1.016082
v -0.864436 1.335441 1.029841
v -0.875064 1.323965 1.019344
v -0.724181 1.404794 1.029040
v -0.565522 1.529484 1.177467
v -0.548337 1.505570 1.169414
v -0.739844 1.423255 1.036257
v -0.830914 1.325527 1.013224
v -0.838781 1.342332 1.020470
v -0.551420 1.551476 1.142242
v -0.741273 1.427126 1.024508
v -0.841721 1.345074 1.012702
v -0.534238 1.527560 1.134189
v -0.725612 1.408664 1.017293
v -0.832885 1.326687 1.006003
v 0.147583 1.607053 1.130795
v 0.181387 1.677354 1.085927
v 0.178967 1.600813 1.116982
v 0.148588 1.683878 1.100365
v 0.147821 1.691639 1.093138
v 0.179205 1.685397 1.079321
v 0.081551 1.685674 1.079323
v 0.079322 1.677646 1.085927
v 0.081310 1.601088 1.116982
v 0.048432 1.651703 1.027464
v 0.051995 1.660857 1.023385
v 0.051755 1.576271 1.061046
v 0.079176 1.625587 0.969004
v 0.081408 1.635868 0.967453
v 0.148402 1.618963 0.954564
v 0.147646 1.629530 0.953636
v 0.081167 1.551282 1.005114
v 0.130068 1.576046 1.061048
v 0.208383 1.575824 1.061046
v 0.200587 1.562026 1.030007
v 0.147407 1.544944 0.991300
v 0.203986 1.636818 0.995022
v 0.200828 1.646612 0.992345
v 0.212133 1.651238 1.027464
v 0.208622 1.660410 1.023387
v 0.204067 1.665707 1.059909
v 0.200905 1.674253 1.054429
v 0.288996 1.615824 1.120754
v 0.254931 1.558868 1.101747
v 0.292605 1.677209 1.073446
v 0.325597 1.671839 1.034810
v 0.338060 1.622435 1.085015
v 0.243582 1.668649 1.002553
v 0.221052 1.631132 0.989962
v 0.219698 1.555806 1.032696
v 0.240075 1.545953 0.983120
v 0.247021 1.610507 0.953094
v 0.285082 1.666531 0.976101
v 0.369583 1.653750 1.006093
v 0.329065 1.648443 0.947382
v 0.291004 1.592417 0.924377
v 0.284056 1.527865 0.954401
v 0.382045 1.604346 1.056298
v 0.299899 1.541659 1.072551
v 0.357067 1.537431 1.060190
v 0.313461 1.503393 1.014845
v 0.356865 1.492343 0.985889
v 0.397003 1.523672 1.027627
v 0.419992 1.585261 1.024043
v 0.408520 1.630735 0.977834
v 0.371228 1.625850 0.923796
v 0.336195 1.574283 0.902622
v 0.329803 1.514868 0.930256
v 0.344288 1.498463 1.167062
v 0.282162 1.519615 1.207306
v 0.304007 1.556181 1.219481
v 0.366205 1.534960 1.179312
v 0.658412 1.309407 1.009575
v 0.640842 1.305672 1.012547
v 0.656852 1.308487 1.015297
v 0.644336 1.307731 0.999754
v 0.663082 1.321796 1.021032
v 0.659986 1.340299 1.011619
v 0.665411 1.323967 1.014881
v 0.654781 1.335441 1.025379
v 0.629128 1.342332 1.016007
v 0.621258 1.325525 1.008761
v 0.530189 1.423257 1.031795
v 0.514525 1.404796 1.024578
v 0.355864 1.529484 1.173004
v 0.338682 1.505570 1.164951
v 0.632065 1.345074 1.008237
v 0.531620 1.427126 1.020043
v 0.341764 1.551476 1.137781
v 0.623230 1.326687 1.001540
v 0.515954 1.408666 1.012831
v 0.324582 1.527560 1.129729
v -0.438779 1.779141 1.073213
v -0.490126 1.782956 1.080010
v -0.491845 1.778495 1.075839
v -0.440514 1.783561 1.077419
v -0.399397 1.779453 1.108877
v -0.403599 1.783853 1.110669
v -0.396765 1.779245 1.161944
v -0.401005 1.783661 1.160283
v -0.432426 1.778646 1.201328
v -0.434251 1.783098 1.197200
v -0.485492 1.777998 1.203956
v -0.483861 1.782495 1.199791
v -0.524874 1.777686 1.168293
v -0.520778 1.782201 1.166542
v -0.527504 1.777894 1.115225
v -0.523371 1.782393 1.116925
v -0.487286 1.687487 1.083448
v -0.518297 1.686961 1.118030
v -0.480729 1.673018 1.096697
v -0.504195 1.672620 1.122868
v -0.515773 1.686781 1.164417
v -0.502283 1.672486 1.157967
v -0.481188 1.687059 1.195432
v -0.476116 1.672694 1.181437
v -0.434805 1.687623 1.192910
v -0.441017 1.673122 1.179528
v -0.403794 1.688149 1.158326
v -0.417550 1.673521 1.153357
v -0.406320 1.688325 1.111939
v -0.419462 1.673656 1.118259
v -0.440903 1.688051 1.080924
v -0.445631 1.673448 1.094789
v -0.485989 1.673156 1.111747
v -0.432035 1.658527 1.106556
v -0.432065 1.673120 1.111753
v -0.485961 1.658398 1.106373
v -0.486140 1.672441 1.171406
v -0.432214 1.672404 1.171410
v -0.432218 1.667615 1.171530
v -0.486142 1.667650 1.171526
v -0.422100 1.643750 1.048143
v -0.476026 1.643842 1.048088
v -0.432043 1.655630 1.110608
v -0.422110 1.639100 1.049293
v -0.432077 1.668247 1.115207
v -0.486006 1.668282 1.115203
v -0.485967 1.655501 1.110422
v -0.476034 1.639192 1.049238
v -0.055818 1.703323 1.131372
v -0.064605 1.746073 1.089902
v -0.048603 1.752471 1.110713
v -0.071822 1.696926 1.110563
v -0.095716 1.727672 1.035259
v -0.004889 1.696726 1.133464
v 0.002324 1.745873 1.112801
v 0.056699 1.671022 1.093823
v 0.063914 1.720169 1.073162
v -0.080244 1.717197 1.015740
v 0.006512 1.711601 1.032730
v 0.063584 1.709741 1.048239
v 0.130309 1.660635 1.023387
v -0.339960 1.660633 1.027848
v -0.601721 1.538383 1.004427
v -0.578099 1.519945 0.979862
v -0.615250 1.574631 1.002317
v -0.562172 1.533201 0.947123
v -0.608498 1.601392 0.975120
v -0.565933 1.568169 0.930858
v -0.586551 1.598517 0.943318
v -0.460872 1.673071 1.138114
v -0.462167 1.781302 1.138597
v 0.392068 1.538383 0.999964
v 0.368447 1.519945 0.975398
v 0.405599 1.574631 0.997852
v 0.352521 1.533201 0.942658
v 0.398848 1.601392 0.970660
v 0.356284 1.568169 0.926393
v 0.376900 1.598517 0.938856
v 0.126847 0.526417 1.483040
v 0.099243 0.545981 1.526809
v 0.154498 0.523326 1.476272
v 0.126959 0.565391 1.570576
v 0.182170 0.526262 1.483040
v 0.182278 0.565232 1.570576
v 0.209884 0.545669 1.526809
v -0.327281 0.526419 1.483040
v -0.299675 0.545983 1.526807
v -0.354930 0.523324 1.476269
v -0.327389 0.565391 1.570576
v -0.382600 0.526260 1.483040
v -0.382710 0.565232 1.570574
v -0.410316 0.545669 1.526809
v -0.875890 1.410313 0.748317
v -0.889349 1.399110 0.775987
v -0.879070 1.439864 0.734572
v -0.896495 1.465511 0.745104
v -0.915041 1.467941 0.771981
v -0.920746 1.445326 0.794965
v -0.909313 1.414692 0.796749
v 0.666238 1.410313 0.743852
v 0.679698 1.399110 0.771526
v 0.669417 1.439864 0.730109
v 0.686840 1.465513 0.740641
v 0.705390 1.467941 0.767518
v 0.711094 1.445326 0.790500
v 0.699661 1.414692 0.792284
v 0.688334 1.434680 0.762348
v -0.897990 1.434682 0.766810
vn -0.9814 0.1439 0.1267
vn -0.9288 0.3003 0.2172
vn -0.9815 0.1439 0.1267
vn 0.0028 0.9930 0.1181
vn 0.3536 -0.8882 0.2934
vn -0.0325 0.9439 -0.3287
vn -0.3532 0.9304 0.0980
vn -0.0014 0.6347 -0.7728
vn -0.0017 0.6347 -0.7727
vn -0.0016 0.6346 -0.7728
vn 0.8556 0.4025 0.3254
vn 0.8555 0.4027 0.3256
vn 0.2926 -0.7784 -0.5554
vn 0.0760 -0.3589 -0.9303
vn 0.5596 0.5679 0.6036
vn -0.5517 0.7254 -0.4117
vn -0.4580 0.8711 0.1775
vn -0.6980 0.5500 -0.4585
vn -0.0028 0.9930 0.1181
vn -0.3536 -0.8882 0.2934
vn 0.0325 0.9439 -0.3287
vn -0.5574 0.5689 0.6046
vn 0.5518 0.7253 -0.4117
vn 0.6980 0.5501 -0.4585
vn 0.8981 -0.4392 0.0221
vn 0.8844 -0.4644 -0.0474
vn 0.8906 -0.4542 -0.0226
vn 0.9814 0.1439 0.1267
vn 0.9815 0.1439 0.1267
vn 0.9288 0.3003 0.2172
vn 0.3533 0.9304 0.0980
vn -0.2926 -0.7784 -0.5554
vn -0.0760 -0.3589 -0.9303
vn -0.8981 -0.4392 0.0222
vn -0.8906 -0.4542 -0.0226
vn -0.8844 -0.4644 -0.0475
vn -0.9173 -0.0000 -0.3982
vn -0.1659 -0.0000 -0.9861
vn -0.0966 0.0002 -0.9953
vn -0.2474 0.0021 -0.9689
vn -0.2458 -0.0000 -0.9693
vn 0.0602 -0.0021 -0.9982
vn 0.2127 -0.0052 -0.9771
vn 0.2135 -0.0069 -0.9769
vn 0.9965 -0.0323 0.0776
vn 0.9744 -0.0316 -0.2225
vn 0.9965 -0.0322 0.0776
vn 0.9283 -0.0301 0.3707
vn 0.1054 -0.1526 0.9827
vn 0.2569 -0.1147 0.9596
vn 0.3238 -0.0105 0.9461
vn -0.0364 -0.1473 0.9884
vn -0.1540 -0.0726 0.9854
vn -0.1407 -0.0000 0.9900
vn -0.1659 -0.0000 0.9861
vn -1.0000 -0.0000 -0.0000
vn -0.1572 0.9862 0.0510
vn -0.1175 0.9931 -0.0000
vn -0.2664 0.9562 -0.1211
vn 0.0660 0.9978 -0.0049
vn 0.0434 0.9781 0.2035
vn 0.2455 0.9562 0.1594
vn 0.2979 0.9531 -0.0529
vn 0.3089 0.9312 -0.1936
vn -0.1141 0.9674 -0.2260
vn -0.3737 0.8737 -0.3115
vn -0.0971 -0.9921 -0.0791
vn -0.1175 -0.9931 -0.0000
vn -0.0438 -0.9976 0.0532
vn 0.0542 -0.9969 -0.0570
vn -0.1316 -0.9621 -0.2387
vn 0.2029 -0.9695 0.1372
vn 0.1515 -0.9697 -0.1915
vn 0.2972 -0.9541 -0.0369
vn 0.2466 -0.9641 0.0985
vn 0.3356 -0.9136 -0.2295
vn -0.9136 0.0473 0.4038
vn -0.8551 0.2325 0.4634
vn -0.8789 0.2966 0.3736
vn -0.9775 0.0349 0.2080
vn -0.8476 -0.5116 0.1408
vn -0.8699 0.4909 0.0478
vn -0.8369 -0.5440 -0.0605
vn -0.4167 -0.9071 -0.0593
vn -0.9890 0.0512 -0.1386
vn -0.3302 -0.9172 -0.2232
vn 0.1428 -0.9115 0.3856
vn -0.9191 0.3527 -0.1757
vn -0.7953 0.6010 -0.0794
vn -0.3464 -0.0392 -0.9373
vn -0.7433 -0.5439 -0.3894
vn -0.1500 -0.8307 -0.5361
vn 0.2590 -0.1166 -0.9588
vn 0.3202 -0.9198 -0.2270
vn 0.6821 0.2791 -0.6759
vn 0.8449 0.1558 -0.5118
vn 0.7045 -0.0475 -0.7081
vn 0.4700 0.0955 -0.8775
vn 0.4702 0.4090 -0.7821
vn 0.3974 0.3185 -0.8606
vn 0.7171 0.0063 -0.6970
vn 0.5396 -0.2497 -0.8041
vn 0.4797 -0.7172 -0.5055
vn 0.8911 -0.2787 -0.3582
vn 0.9017 0.1521 -0.4047
vn 0.8283 -0.5576 -0.0548
vn 0.9541 0.2320 -0.1895
vn 0.7304 0.6534 -0.1991
vn 0.9763 0.0802 0.2012
vn 0.5934 0.7968 0.1139
vn 0.2098 0.9769 0.0405
vn 0.0313 0.9520 0.3046
vn 0.3434 0.7707 0.5368
vn 0.0024 0.8425 0.5386
vn 0.0021 0.7366 0.6763
vn 0.6454 0.4536 0.6145
vn 0.9343 -0.1571 0.3200
vn 0.5186 -0.7059 0.4825
vn -0.0013 -0.4446 0.8957
vn -0.0013 -0.4447 0.8957
vn -0.3428 0.8387 -0.4232
vn -0.4243 0.7893 -0.4437
vn -0.3428 0.8387 -0.4231
vn -0.2580 0.8801 -0.3985
vn 0.3337 -0.8427 0.4226
vn 0.2519 -0.8460 0.4699
vn 0.4124 -0.8318 0.3715
vn 0.0028 0.9792 0.2027
vn 0.1759 0.8136 0.5542
vn 0.4157 0.7798 0.4681
vn 0.1351 0.6709 0.7292
vn -0.0361 0.6529 0.7566
vn 0.0818 0.4269 0.9006
vn 0.1005 0.3600 0.9275
vn 0.1272 0.4146 0.9011
vn 0.1054 0.5473 0.8303
vn 0.1245 0.6618 0.7392
vn 0.1055 0.5474 0.8302
vn 0.0019 0.6619 0.7496
vn -0.0017 -0.5624 -0.8269
vn -0.0016 -0.5624 -0.8269
vn -0.0086 -0.4291 -0.9032
vn 0.3586 -0.4850 -0.7976
vn 0.0714 -0.4889 -0.8694
vn -0.1819 -0.3528 -0.9178
vn -0.2448 -0.4903 -0.8365
vn -0.1911 -0.6957 -0.6924
vn -0.1910 -0.8387 -0.5100
vn -0.0026 -0.8614 -0.5079
vn 1.0000 -0.0038 0.0011
vn 1.0000 -0.0028 0.0001
vn 1.0000 -0.0047 0.0009
vn 1.0000 -0.0058 0.0013
vn 1.0000 -0.0063 -0.0003
vn 0.7861 0.5859 -0.1969
vn 0.5672 0.8000 -0.1954
vn 0.9390 0.3236 -0.1164
vn 0.9774 0.1828 -0.1062
vn 0.9986 0.0437 -0.0291
vn 0.9987 0.0432 -0.0281
vn 0.3881 -0.4107 0.8251
vn 0.1890 0.0701 0.9795
vn 0.1138 -0.0254 0.9932
vn 0.2523 -0.6419 0.7241
vn -0.0948 0.4411 -0.8924
vn -0.1068 0.4197 -0.9013
vn -0.0948 0.4411 -0.8925
vn -0.0827 0.4620 -0.8830
vn -0.9951 0.0145 -0.0975
vn -0.9582 0.1687 -0.2312
vn -0.9760 0.0871 -0.1998
vn -0.9933 -0.0590 -0.0989
vn -0.9937 -0.0656 -0.0911
vn -0.9955 -0.0714 -0.0627
vn -0.9956 0.0522 -0.0778
vn -0.9886 0.1357 -0.0650
vn -0.9831 0.1584 -0.0915
vn -0.9662 0.2372 -0.1006
vn -0.9894 -0.0835 -0.1189
vn -0.9954 -0.0733 -0.0614
vn -0.9992 -0.0171 -0.0375
vn -0.9879 0.1505 -0.0388
vn 0.1920 -0.0661 0.9792
vn -0.0000 -0.0009 1.0000
vn 0.1921 -0.0661 0.9791
vn 0.3761 -0.1285 0.9176
vn 0.0018 0.6264 -0.7795
vn 0.4087 -0.6952 -0.5914
vn 0.3851 -0.6940 -0.6084
vn 0.4319 -0.6957 -0.5740
vn -0.0024 -0.8643 0.5030
vn 0.8105 0.5057 -0.2957
vn 0.8104 0.5057 -0.2958
vn 0.8105 0.5056 -0.2956
vn 0.8104 0.5057 -0.2957
vn -0.3066 0.8228 -0.4784
vn -0.3067 0.8229 -0.4784
vn -0.9566 0.2527 -0.1455
vn -0.9565 0.2527 -0.1455
vn -0.9954 0.0837 -0.0471
vn -0.9867 -0.1399 0.0830
vn -0.9518 -0.2644 0.1554
vn -0.0000 -0.0952 -0.9955
vn -0.0000 -0.0596 -0.9982
vn -0.0410 -0.1245 -0.9914
vn 0.0564 -0.1127 -0.9920
vn 0.0028 -0.0373 -0.9993
vn -0.9360 -0.2358 0.2614
vn -0.9336 -0.1550 0.3231
vn -0.9287 -0.3141 0.1969
vn 0.0778 -0.9858 -0.1486
vn 0.0825 -0.9965 0.0165
vn -0.0000 -0.9999 0.0112
vn -0.0000 -0.9383 -0.3458
vn 0.0130 -0.9430 -0.3325
vn -0.0000 -0.9876 -0.1571
vn -0.0253 -0.9689 -0.2462
vn -0.0000 -0.9690 -0.2470
vn -0.0000 -0.8535 -0.5211
vn -0.0246 -0.8546 -0.5187
vn 0.9844 0.1550 0.0835
vn 0.9797 0.1578 -0.1235
vn 0.9469 0.1455 0.2868
vn -0.0000 0.4319 0.9019
vn 0.4434 0.3879 0.8081
vn 0.4458 0.3865 0.8074
vn -0.0000 0.4308 0.9024
vn -0.7586 0.4095 -0.5068
vn -0.5936 0.2453 -0.7665
vn -0.6262 0.2010 -0.7533
vn -0.5949 0.6442 -0.4808
vn -0.4576 0.7038 -0.5434
vn -0.3324 0.9365 -0.1121
vn -0.5431 0.8396 0.0079
vn -0.7549 0.6514 -0.0763
vn -0.1725 0.9475 0.2691
vn -0.4827 0.8527 0.1997
vn -0.1725 0.9475 0.2692
vn 0.4208 0.3340 -0.8434
vn 0.5581 0.4425 -0.7020
vn 0.5380 0.3877 -0.7485
vn 0.5696 0.6679 -0.4790
vn 0.7056 0.6204 -0.3425
vn 0.4839 0.8226 -0.2986
vn 0.1244 0.8629 -0.4899
vn -0.9999 0.0088 -0.0062
vn -0.9994 0.0340 -0.0104
vn -0.9997 0.0212 -0.0152
vn -0.9988 0.0464 -0.0127
vn -0.9982 0.0597 -0.0008
vn 0.9208 0.1589 0.3563
vn 0.9410 0.1105 0.3197
vn 0.9070 -0.2460 0.3418
vn 0.9750 -0.1618 0.1521
vn 0.6737 -0.7037 -0.2255
vn 0.8492 0.5044 0.1564
vn 0.9940 0.0266 -0.1064
vn 0.7527 -0.5195 -0.4044
vn 0.8841 0.4465 -0.1377
vn 0.7447 0.6664 0.0367
vn 0.7450 0.6545 -0.1291
vn 0.8609 0.4764 -0.1786
vn -0.9215 -0.3546 0.1584
vn -0.9994 -0.0284 0.0201
vn -0.9983 -0.0570 0.0157
vn -0.8808 -0.4257 0.2071
vn -0.7357 -0.6146 0.2846
vn -0.8333 -0.5180 0.1930
vn 0.0220 -0.4885 -0.8723
vn -0.0004 0.1332 -0.9911
vn -0.1261 -0.5130 -0.8491
vn -0.0000 -0.7404 -0.6722
vn -0.0000 -0.7895 -0.6138
vn 0.0676 -0.7135 -0.6974
vn 0.2267 -0.2634 -0.9377
vn 0.1984 -0.2683 -0.9427
vn 0.2390 -0.2013 -0.9499
vn 0.3439 -0.1103 -0.9325
vn 0.4343 -0.0255 -0.9004
vn 0.5153 -0.0005 -0.8570
vn 0.5282 -0.0076 -0.8491
vn 0.9962 0.0512 0.0702
vn 0.9981 0.0308 0.0525
vn 0.9986 0.0148 0.0515
vn 0.9915 -0.0067 0.1299
vn 0.9951 0.0570 0.0808
vn 0.9612 -0.1415 0.2366
vn 0.9977 -0.0104 0.0675
vn 0.9950 -0.0030 0.0995
vn 0.9927 -0.0768 0.0925
vn 0.9859 -0.1502 0.0736
vn 0.9908 0.1333 0.0242
vn 0.9962 0.0557 0.0666
vn 0.9949 -0.0171 0.0998
vn 0.9634 -0.2366 0.1259
vn 0.9982 -0.0395 -0.0452
vn 0.9988 -0.0430 0.0233
vn 0.9998 -0.0122 0.0183
vn 0.9592 -0.0315 -0.2809
vn 0.9683 -0.1853 -0.1674
vn 0.9582 0.0632 -0.2790
vn 0.9998 0.0163 0.0061
vn 0.9990 -0.0300 -0.0328
vn 0.8945 -0.0485 -0.4445
vn 0.9402 0.1467 -0.3073
vn 0.9732 -0.0297 -0.2280
vn 0.8844 0.2134 -0.4151
vn 0.9911 -0.1229 -0.0508
vn 0.9724 0.1241 -0.1974
vn 0.9308 -0.3359 0.1441
vn 0.9489 -0.3063 0.0762
vn 0.8913 -0.3518 0.2862
vn 0.8918 -0.4207 0.1663
vn 0.9948 -0.1006 0.0159
vn 0.8946 -0.4390 0.0839
vn 0.8936 -0.4482 0.0253
vn 0.8937 -0.4476 0.0311
vn 0.9339 0.0798 -0.3484
vn 0.9787 0.0110 -0.2050
vn 0.9563 -0.1078 -0.2719
vn 0.9819 -0.1891 0.0131
vn 0.9898 -0.1408 -0.0206
vn 0.9941 -0.0710 -0.0818
vn 0.9603 0.0406 -0.2760
vn 0.9513 0.2206 -0.2154
vn 0.9520 0.1999 -0.2317
vn 0.9551 0.2520 -0.1557
vn 0.9633 0.2605 0.0645
vn 0.9516 0.3069 0.0185
vn 0.9551 0.2519 -0.1557
vn 0.9777 0.2022 -0.0560
vn 0.9032 0.4258 0.0544
vn 0.9565 0.2755 -0.0963
vn 0.8624 0.5060 0.0124
vn 0.8309 0.4141 0.3718
vn 0.9199 0.3811 -0.0923
vn 0.9998 -0.0170 -0.0119
vn 0.9916 -0.0350 -0.1242
vn 0.7236 0.6885 -0.0484
vn 0.9389 0.3348 -0.0800
vn 0.9966 -0.0773 -0.0299
vn 0.9863 -0.1508 0.0674
vn 0.6891 0.6996 -0.1889
vn 0.9736 -0.2277 -0.0135
vn 0.7666 0.6303 -0.1225
vn 0.8913 0.4425 -0.0987
vn 0.8322 0.5518 -0.0542
vn 0.8659 0.4983 -0.0434
vn 0.9971 0.0720 -0.0247
vn 0.8865 0.4614 -0.0360
vn 0.9736 -0.2278 -0.0135
vn 0.2505 0.8025 0.5416
vn 0.4425 0.8046 0.3959
vn 0.4378 0.4970 0.7492
vn 0.1774 0.6217 0.7629
vn 0.5129 0.5767 0.6358
vn 0.8627 0.4219 -0.2790
vn 0.9421 0.2006 -0.2688
vn 0.9535 0.1373 -0.2684
vn 0.9568 0.2470 -0.1537
vn 0.8338 0.5027 -0.2283
vn 0.8387 0.5442 -0.0204
vn 0.9820 0.1685 -0.0858
vn 0.9903 0.0906 -0.1054
vn 0.9893 0.0773 -0.1237
vn 0.9890 0.1137 -0.0944
vn 0.9914 0.1023 -0.0817
vn 0.9930 0.0528 -0.1053
vn 0.9930 0.0527 -0.1053
vn 0.9930 0.0529 -0.1052
vn -0.3932 0.8752 -0.2818
vn -0.0798 0.9849 -0.1536
vn -0.0000 0.9813 -0.1925
vn -0.0000 0.9975 -0.0713
vn 0.1125 0.9910 -0.0718
vn -0.0000 0.9980 -0.0638
vn -0.0432 0.9972 -0.0618
vn 0.0548 0.9913 -0.1195
vn -0.2545 0.9666 0.0291
vn -0.3023 0.9531 0.0150
vn -0.1790 0.9262 0.3318
vn -0.1122 0.9685 0.2225
vn -0.4137 0.8932 0.1760
vn -0.3235 0.9110 -0.2559
vn -0.2942 0.9434 -0.1530
vn -0.2160 0.9266 -0.3077
vn 0.4122 -0.9090 0.0612
vn 0.4280 -0.8951 0.1251
vn 0.4181 -0.9000 0.1231
vn 0.4052 -0.9142 -0.0004
vn 0.4032 -0.9125 -0.0689
vn 0.4070 -0.9106 -0.0718
vn 0.4066 -0.9097 -0.0842
vn 0.0035 0.9381 -0.3462
vn 0.0159 0.9342 -0.3563
vn -0.0000 0.9381 -0.3463
vn -0.0000 0.9418 -0.3361
vn -0.1283 -0.8861 -0.4455
vn -0.0000 -0.8284 -0.5602
vn -0.0000 -0.8747 -0.4846
vn -0.3363 -0.8216 -0.4603
vn -0.1758 -0.8658 -0.4685
vn -0.0000 -0.9190 -0.3944
vn -0.0000 -0.9316 -0.3635
vn 0.2708 -0.8918 -0.3624
vn -0.0000 -0.8700 -0.4930
vn 0.2579 -0.7606 -0.5958
vn -0.0000 -0.6529 -0.7575
vn 0.8996 0.3226 0.2944
vn 0.9023 0.3146 0.2946
vn 0.8967 0.3307 0.2942
vn 0.9996 -0.0168 -0.0215
vn 0.9994 -0.0137 -0.0313
vn 0.9991 -0.0072 -0.0421
vn 0.9986 -0.0024 -0.0523
vn 0.9980 0.0060 -0.0636
vn -0.0319 -0.7891 0.6134
vn 0.0033 -0.7884 0.6152
vn -0.0671 -0.7889 0.6108
vn -0.0592 0.6905 -0.7209
vn -0.1149 0.6851 -0.7193
vn -0.0592 0.6906 -0.7209
vn -0.0033 0.6938 -0.7201
vn 0.0017 -0.6140 -0.7893
vn 0.0016 -0.6140 -0.7893
vn 0.0019 -0.6139 -0.7894
vn -0.0017 0.5990 0.8007
vn -0.0016 0.5991 0.8007
vn -0.0581 -0.8678 0.4935
vn -0.1181 -0.8280 0.5482
vn -0.0280 -0.8276 0.5606
vn 0.0022 -0.8465 0.5324
vn 0.0022 -0.7817 0.6236
vn 0.0023 -0.7817 0.6236
vn 0.0015 0.5030 0.8643
vn 0.0015 0.5031 0.8642
vn 0.0014 0.5030 0.8643
vn 0.0014 0.5029 0.8643
vn 0.0527 0.8446 -0.5328
vn 0.1078 0.8109 -0.5752
vn 0.0253 0.8147 -0.5794
vn -0.0024 0.8302 -0.5574
vn -0.0022 0.7816 -0.6237
vn -0.0021 0.7816 -0.6238
vn -0.0022 0.7638 0.6454
vn -0.0021 0.7638 0.6454
vn -0.0022 0.7638 0.6455
vn -0.0032 -0.7599 0.6501
vn -0.0085 -0.7554 0.6552
vn -0.0006 -0.7246 0.6891
vn 0.0020 -0.7269 0.6867
vn 0.0020 -0.6873 0.7263
vn -0.0082 0.7294 -0.6841
vn -0.0144 0.7341 -0.6789
vn -0.0051 0.7086 -0.7056
vn -0.0020 0.7061 -0.7081
vn -0.0019 0.6873 -0.7264
vn -0.0108 -0.6162 -0.7875
vn 0.0017 -0.6174 -0.7867
vn -0.0234 -0.6149 -0.7882
vn -0.0144 0.6847 0.7286
vn -0.0270 0.6838 0.7292
vn -0.0019 0.6856 0.7280
vn 0.9998 0.0146 -0.0101
vn 0.9998 0.0145 -0.0101
vn 0.0021 -0.7587 0.6515
vn 0.0021 -0.7586 0.6515
vn -0.9989 0.0336 -0.0312
vn -0.9989 0.0336 -0.0313
vn -0.0021 0.7587 -0.6514
vn -0.0022 0.7587 -0.6514
vn -0.0020 0.7588 -0.6514
vn -0.0017 0.6347 -0.7728
vn -0.0016 0.6344 -0.7730
vn -0.0018 0.6347 -0.7727
vn -0.0018 0.6348 -0.7727
vn 0.4873 0.6753 0.5535
vn 0.4874 0.6753 0.5536
vn 0.4873 0.6754 0.5535
vn 0.7756 -0.4828 -0.4066
vn 0.7780 -0.4808 -0.4044
vn 0.8970 -0.3376 -0.2852
vn 0.9756 -0.1669 -0.1424
vn 1.0000 0.0052 0.0020
vn 1.0000 0.0052 0.0021
vn -0.1811 0.7598 0.6245
vn -0.0627 0.7711 0.6336
vn 0.0583 0.7715 0.6336
vn 0.1768 0.7608 0.6245
vn -0.4912 0.6726 0.5535
vn -0.7728 -0.4873 -0.4066
vn -0.7703 -0.4899 -0.4082
vn -0.9417 -0.2590 -0.2149
vn -0.9423 -0.2575 -0.2139
vn -0.9637 0.2060 0.1698
vn -0.9638 0.2058 0.1697
vn -0.8580 0.3975 0.3253
vn -0.8579 0.3977 0.3254
vn -0.3858 -0.7134 -0.5851
vn -0.1892 -0.7590 -0.6230
vn -0.1891 -0.7590 -0.6230
vn -0.3858 -0.7133 -0.5851
vn -0.6110 -0.6124 -0.5016
vn -0.6541 -0.5853 -0.4792
vn -0.6950 -0.5564 -0.4554
vn -0.6950 -0.5563 -0.4554
vn 0.0022 -0.7727 -0.6347
vn 0.0021 -0.7727 -0.6348
vn 0.6982 -0.5524 -0.4554
vn 0.6981 -0.5524 -0.4555
vn 0.6574 -0.5815 -0.4792
vn 0.6145 -0.6090 -0.5016
vn 0.3898 -0.7112 -0.5851
vn 0.1934 -0.7579 -0.6230
vn -0.0014 0.4903 0.8715
vn -0.0016 0.5657 -0.8246
vn -0.0018 0.6424 -0.7664
vn -0.0013 0.4830 -0.8756
vn -0.0011 0.3965 -0.9180
vn -0.0026 0.9120 -0.4103
vn 0.0012 -0.4124 0.9110
vn 0.0017 -0.5993 0.8005
vn 0.0022 -0.7652 0.6438
vn 0.0024 -0.8861 0.4635
vn 0.0011 -0.4072 -0.9133
vn 0.0012 -0.4072 -0.9133
vn 0.8970 0.4237 -0.1260
vn 0.8754 0.4694 -0.1153
vn 0.9161 0.3770 -0.1363
vn 0.1551 -0.7924 -0.5899
vn -0.3953 -0.8502 -0.3477
vn -0.1873 -0.7337 -0.6531
vn 0.2647 -0.6658 -0.6976
vn 0.4544 -0.7593 -0.4659
vn 0.4544 -0.7593 -0.4658
vn 0.4783 0.5137 -0.7123
vn 0.3739 0.2736 -0.8862
vn 0.4782 0.5137 -0.7123
vn 0.5355 0.7030 -0.4681
vn 0.0910 -0.0276 -0.9955
vn 0.0611 -0.0041 -0.9981
vn 0.0675 -0.0548 -0.9962
vn 0.0598 -0.0001 -0.9982
vn 0.0259 -0.0450 -0.9987
vn 0.0959 0.0389 -0.9946
vn 0.0123 0.0033 -0.9999
vn 0.0701 0.0740 -0.9948
vn 0.0371 0.0476 -0.9982
vn 0.0540 0.8539 0.5176
vn 0.1553 0.8761 0.4564
vn 0.1771 0.8644 0.4706
vn 0.0832 0.8568 0.5089
vn -0.0702 0.8285 0.5555
vn -0.1065 0.8052 0.5833
vn -0.0011 -0.9962 0.0870
vn -0.0089 -0.9966 0.0818
vn -0.1341 -0.9806 0.1428
vn -0.1216 -0.9835 0.1342
vn -0.2644 -0.9444 0.1957
vn -0.2811 -0.9348 0.2174
vn 0.9289 0.1578 0.3351
vn 0.9366 0.1399 0.3212
vn 0.9514 -0.0305 0.3065
vn 0.9362 -0.2367 0.2599
vn 0.8821 -0.4274 0.1982
vn 0.8739 -0.4509 0.1815
vn 0.7132 0.5566 0.4261
vn 0.6987 0.5660 0.4376
vn 0.6302 0.6331 0.4494
vn 0.5560 0.6978 0.4516
vn 0.3730 0.7899 0.4867
vn 0.3951 0.8011 0.4496
vn 0.2476 0.8207 0.5150
vn 0.2349 0.8067 0.5423
vn 0.2114 0.8268 0.5213
vn 0.2113 0.8268 0.5213
vn -0.7313 -0.2238 0.6443
vn -0.7363 -0.2276 0.6372
vn -0.6572 -0.2624 0.7066
vn -0.5289 -0.1889 0.8274
vn -0.3697 0.0616 0.9271
vn -0.3749 0.0299 0.9266
vn -0.0359 0.1285 0.9911
vn -0.3786 -0.0200 0.9253
vn -0.2361 -0.2943 0.9261
vn 0.2717 -0.0391 0.9616
vn -0.6700 -0.3474 0.6560
vn -0.6511 -0.4946 0.5757
vn -0.7109 -0.0957 0.6967
vn -0.7137 -0.6077 -0.3484
vn -0.6450 -0.6961 -0.3154
vn -0.8026 -0.4945 -0.3337
vn -0.8858 -0.3376 -0.3185
vn -0.9270 -0.2450 -0.2838
vn -0.9253 -0.2512 -0.2842
vn -0.7134 0.4660 -0.5233
vn -0.7299 0.5124 -0.4525
vn -0.7274 0.5145 -0.4540
vn -0.7275 0.5145 -0.4539
vn -0.7032 0.4413 -0.5575
vn -0.7135 0.4660 -0.5233
vn -0.6696 0.3586 -0.6504
vn -0.0000 -0.9942 0.1073
vn -0.1977 -0.9783 0.0621
vn -0.0000 -0.9971 0.0760
vn -0.2953 -0.9546 0.0383
vn -0.4279 -0.9033 0.0321
vn -0.0000 -0.9657 -0.2596
vn -0.0000 -0.9709 -0.2395
vn -0.4639 -0.8344 -0.2975
vn -0.5150 -0.8251 -0.2323
vn -0.4025 -0.9098 -0.1012
vn 0.5201 0.5134 -0.6826
vn 0.4732 0.4579 -0.7526
vn 0.4920 0.4509 -0.7447
vn 0.5645 0.5586 -0.6077
vn 0.5716 0.6588 -0.4891
vn 0.5973 0.6401 -0.4833
vn 0.5399 0.7311 -0.4171
vn 0.5301 0.7551 -0.3858
vn 0.5315 0.7690 -0.3553
vn 0.5569 0.7575 -0.3407
vn 0.1695 -0.5730 -0.8018
vn 0.2798 -0.8390 -0.4666
vn 0.3210 -0.8869 -0.3321
vn 0.3565 -0.9327 -0.0555
vn 0.3772 -0.9235 -0.0706
vn 0.9191 0.3528 -0.1757
vn 0.7953 0.6009 -0.0793
vn 0.8699 0.4909 0.0478
vn 0.9890 0.0512 -0.1386
vn 0.3463 -0.0392 -0.9373
vn 0.9775 0.0349 0.2080
vn 0.8789 0.2966 0.3736
vn 0.9136 0.0473 0.4038
vn 0.8551 0.2325 0.4634
vn 0.8476 -0.5116 0.1408
vn 0.8369 -0.5440 -0.0605
vn 0.4167 -0.9071 -0.0593
vn 0.7433 -0.5440 -0.3894
vn 0.3302 -0.9171 -0.2232
vn -0.1428 -0.9115 0.3856
vn -0.2590 -0.1166 -0.9588
vn 0.1500 -0.8307 -0.5361
vn -0.3202 -0.9198 -0.2270
vn -0.6821 0.2791 -0.6759
vn -0.8449 0.1558 -0.5118
vn -0.7045 -0.0474 -0.7081
vn -0.4700 0.0955 -0.8775
vn -0.4702 0.4090 -0.7821
vn -0.3974 0.3185 -0.8606
vn -0.7171 0.0064 -0.6970
vn -0.5396 -0.2497 -0.8041
vn -0.4798 -0.7171 -0.5055
vn -0.8911 -0.2787 -0.3582
vn -0.9017 0.1521 -0.4048
vn -0.8283 -0.5576 -0.0548
vn -0.9541 0.2320 -0.1895
vn -0.7304 0.6534 -0.1991
vn -0.9763 0.0802 0.2012
vn -0.5934 0.7968 0.1139
vn -0.2098 0.9769 0.0405
vn -0.0313 0.9520 0.3046
vn -0.3434 0.7707 0.5368
vn -0.0024 0.8425 0.5386
vn -0.0021 0.7366 0.6763
vn -0.6455 0.4536 0.6145
vn -0.9343 -0.1571 0.3200
vn -0.5187 -0.7059 0.4824
vn 0.0013 -0.4446 0.8957
vn 0.0013 -0.4447 0.8957
vn 0.1909 -0.1928 -0.9625
vn 0.3740 -0.2323 -0.8979
vn -0.0001 -0.1732 -0.9849
vn 0.3419 -0.2451 -0.9072
vn -0.3747 -0.2635 -0.8889
vn 0.0009 -0.5390 -0.8423
vn -0.7932 -0.3619 -0.4898
vn -0.9957 -0.0889 0.0264
vn 0.8107 -0.2601 -0.5245
vn 0.9865 0.1183 -0.1132
vn 0.9855 0.0794 -0.1498
vn -0.0068 -0.6375 -0.7705
vn -0.5890 -0.5829 -0.5597
vn -0.9823 -0.1874 -0.0018
vn -0.9900 -0.0413 0.1348
vn -0.7706 0.3295 0.5455
vn -0.7044 0.2929 0.6465
vn -0.1277 0.6411 0.7567
vn -0.2141 0.2481 0.9448
vn 0.0750 0.5143 0.8543
vn 0.3577 0.6570 0.6637
vn 0.2515 0.4024 0.8802
vn -0.2288 0.4600 0.8579
vn 0.5926 0.1618 0.7891
vn 0.1472 0.4805 0.8646
vn -0.1338 0.6692 0.7309
vn -0.3611 0.6534 0.6653
vn 0.6164 0.4470 0.6483
vn 0.8091 0.1079 0.5777
vn 0.9743 0.0045 0.2250
vn 0.9688 -0.2438 0.0439
vn 0.7752 -0.4906 -0.3978
vn 0.9877 -0.1560 -0.0101
vn 0.5892 -0.5232 -0.6158
vn 0.0187 -0.6487 -0.7608
vn -0.3404 0.1290 -0.9314
vn -0.9131 -0.1354 -0.3846
vn -0.8365 0.4707 -0.2804
vn -0.9870 0.0710 -0.1442
vn -0.0026 0.8956 -0.4448
vn -0.0025 0.8957 -0.4447
vn 0.5798 -0.2007 -0.7897
vn 0.9994 -0.0201 0.0268
vn 0.9182 0.2221 0.3279
vn 0.7216 -0.3471 -0.5990
vn 0.9951 0.0515 0.0846
vn 0.9270 0.3610 0.1013
vn 0.8059 -0.5578 -0.1984
vn 1.0000 0.0046 -0.0054
vn 0.9231 0.3845 -0.0122
vn 0.5992 -0.8006 0.0078
vn 0.1409 -0.9283 -0.3440
vn -0.1270 -0.9919 0.0080
vn 0.0018 -0.4851 -0.8745
vn -0.1375 -0.1739 -0.9751
vn -0.6747 -0.7009 -0.2314
vn -0.7050 -0.7092 0.0058
vn -0.9890 -0.1478 -0.0025
vn -0.7138 -0.3462 -0.6087
vn -0.7940 -0.1607 -0.5863
vn -0.9909 0.1341 -0.0075
vn -0.7194 0.6944 -0.0183
vn -0.3578 0.9335 -0.0231
vn -0.0021 0.9997 -0.0236
vn -0.0019 0.9997 -0.0236
vn -0.0012 0.9997 -0.0237
vn -0.3578 0.9335 -0.0232
vn -0.9874 -0.1429 -0.0673
vn -0.9998 -0.0205 0.0038
vn -0.9873 -0.0546 0.1495
vn -0.7143 0.4773 0.5118
vn -0.5757 0.3778 0.7252
vn -0.0037 0.7113 0.7029
vn -0.3586 0.1240 0.9252
vn -0.0015 0.3610 0.9326
vn -0.0004 0.1626 0.9867
vn 0.3429 0.8387 -0.4231
vn 0.2580 0.8801 -0.3985
vn 0.3428 0.8387 -0.4231
vn 0.4244 0.7893 -0.4437
vn -0.3337 -0.8427 0.4226
vn -0.4124 -0.8318 0.3715
vn -0.2519 -0.8460 0.4699
vn 0.0020 -0.5624 -0.8269
vn 0.0016 -0.5624 -0.8269
vn 0.1910 -0.8387 -0.5100
vn 0.0028 -0.8614 -0.5079
vn 0.1911 -0.6959 -0.6923
vn 0.1911 -0.6957 -0.6924
vn 0.2447 -0.4903 -0.8365
vn 0.1911 -0.8387 -0.5100
vn 0.1819 -0.3528 -0.9178
vn 0.0086 -0.4291 -0.9032
vn -0.0714 -0.4889 -0.8694
vn -0.3585 -0.4851 -0.7976
vn -1.0000 -0.0058 0.0013
vn -1.0000 -0.0063 -0.0003
vn -1.0000 -0.0047 0.0009
vn -1.0000 -0.0038 0.0011
vn -1.0000 -0.0028 0.0001
vn -0.9986 0.0435 -0.0287
vn -0.9987 0.0432 -0.0281
vn -0.9390 0.3235 -0.1164
vn -0.9774 0.1828 -0.1061
vn -0.7860 0.5860 -0.1969
vn -0.5672 0.8001 -0.1954
vn -0.9942 -0.0690 0.0824
vn -0.9982 -0.0239 0.0549
vn -0.9980 -0.0180 0.0601
vn -0.9991 0.0431 0.0047
vn -0.9985 0.0540 -0.0066
vn -0.9900 0.1137 -0.0836
vn 0.8711 -0.3225 -0.3703
vn 0.6582 -0.5582 -0.5051
vn 0.6730 -0.4983 -0.5466
vn 0.8744 -0.2890 -0.3898
vn 0.9809 -0.1147 -0.1572
vn -0.0028 0.9792 0.2027
vn -0.0027 0.9151 0.4032
vn -0.0026 0.9150 0.4033
vn -0.0878 0.8052 0.5864
vn -0.1055 0.5473 0.8303
vn -0.1272 0.4146 0.9011
vn -0.1005 0.3600 0.9275
vn -0.0818 0.4269 0.9006
vn -0.1353 0.6709 0.7291
vn 0.0362 0.6529 0.7566
vn -0.1760 0.8136 0.5541
vn -0.4161 0.7797 0.4679
vn -0.8473 0.3528 0.3971
vn -0.6753 0.5716 0.4661
vn -0.6866 0.5034 0.5246
vn -0.8486 0.3154 0.4247
vn -0.9528 0.1802 0.2445
vn -0.9528 0.1801 0.2445
vn 0.9214 -0.3550 0.1581
vn 0.8333 -0.5180 0.1930
vn 0.7357 -0.6146 0.2846
vn 0.8808 -0.4257 0.2072
vn 0.9982 -0.0570 0.0157
vn 0.9994 -0.0284 0.0201
vn 0.0948 0.4411 -0.8924
vn 0.0827 0.4621 -0.8830
vn 0.0948 0.4410 -0.8925
vn 0.1068 0.4197 -0.9014
vn -0.9951 0.0571 0.0808
vn -0.9612 -0.1415 0.2366
vn -0.9915 -0.0067 0.1299
vn -0.9962 0.0511 0.0702
vn -0.9986 0.0147 0.0515
vn -0.9982 0.0305 0.0525
vn -0.9977 -0.0104 0.0675
vn -0.9950 -0.0030 0.0995
vn -0.9927 -0.0768 0.0925
vn -0.9859 -0.1502 0.0736
vn -0.9908 0.1334 0.0242
vn -0.9962 0.0558 0.0666
vn -0.9949 -0.0170 0.0998
vn -0.9634 -0.2366 0.1259
vn 0.9937 -0.0657 -0.0911
vn 0.9955 -0.0714 -0.0627
vn 0.9933 -0.0590 -0.0989
vn 0.9951 0.0145 -0.0974
vn 0.9760 0.0869 -0.1998
vn 0.9583 0.1683 -0.2311
vn 0.9956 0.0522 -0.0778
vn 0.9886 0.1357 -0.0650
vn 0.9831 0.1584 -0.0915
vn 0.9662 0.2372 -0.1006
vn 0.9894 -0.0835 -0.1189
vn 0.9954 -0.0734 -0.0614
vn 0.9991 -0.0171 -0.0381
vn 0.9879 0.1505 -0.0388
vn 0.8626 -0.3696 -0.3454
vn 0.6369 -0.5268 -0.5629
vn 0.6335 -0.5605 -0.5334
vn 0.8609 -0.3875 -0.3296
vn 0.9845 -0.1329 -0.1148
vn -0.1920 -0.0661 0.9792
vn -0.3761 -0.1285 0.9176
vn -0.1921 -0.0661 0.9791
vn -0.0018 0.6264 -0.7795
vn -0.4032 -0.9125 -0.0689
vn -0.4066 -0.9097 -0.0842
vn -0.4070 -0.9106 -0.0718
vn -0.4055 -0.9141 -0.0004
vn -0.4123 -0.9090 0.0612
vn -0.4182 -0.9000 0.1231
vn -0.4282 -0.8950 0.1251
vn -0.4087 -0.6952 -0.5914
vn -0.4320 -0.6957 -0.5739
vn -0.3851 -0.6940 -0.6084
vn -0.0024 0.8323 -0.5543
vn 0.0816 -0.2709 0.9591
vn 0.0403 -0.2792 0.9594
vn 0.1228 -0.2622 0.9572
vn 0.0056 -0.4203 0.9074
vn 0.0179 -0.3187 0.9477
vn 0.0061 -0.5676 0.8233
vn -0.0032 -0.4371 0.8994
vn 0.0022 -0.7796 0.6263
vn -0.0029 -0.5346 0.8451
vn -0.0161 -0.3188 0.9477
vn 0.0021 -0.7277 0.6859
vn -0.0029 -0.5347 0.8450
vn 0.0020 -0.7277 0.6859
vn -0.0801 -0.2714 0.9591
vn -0.0388 -0.2794 0.9594
vn -0.1213 -0.2629 0.9572
vn -0.8401 0.3761 0.3908
vn -0.6335 0.4353 0.6397
vn -0.6428 0.5117 0.5700
vn -0.8401 0.4132 0.3514
vn -0.9618 0.2079 0.1780
vn -1.0000 -0.0028 -0.0000
vn -1.0000 -0.0029 -0.0000
vn 0.8801 -0.4652 -0.0952
vn 0.8801 -0.4651 -0.0952
vn -0.0368 0.4373 -0.8986
vn -0.0397 0.1176 -0.9923
vn -0.0812 0.1249 -0.9888
vn -0.0251 -0.1415 -0.9896
vn 0.0244 0.2937 -0.9556
vn -0.0016 0.5592 -0.8290
vn -0.0016 0.5593 -0.8289
vn -0.0006 0.2168 -0.9762
vn -0.0007 0.2339 -0.9723
vn 0.0244 -0.0229 -0.9994
vn 0.0465 0.1587 -0.9862
vn -0.0004 0.1992 -0.9800
vn 0.0013 -0.4728 -0.8812
vn 1.0000 0.0028 -0.0000
vn 1.0000 0.0029 -0.0000
vn 1.0000 0.0028 0.0001
vn 0.4326 -0.8834 -0.1800
vn -0.4276 -0.8859 -0.1800
vn -0.4277 -0.8858 -0.1800
vn -0.6861 -0.7129 -0.1447
vn -0.6861 -0.7130 -0.1447
vn -0.8774 -0.4702 -0.0952
vn 0.0018 -0.6347 0.7728
vn 0.0025 -0.6347 0.7727
vn 0.0020 -0.6347 0.7727
vn 0.0018 -0.6347 0.7727
vn 0.0017 -0.6345 0.7729
vn 0.0018 -0.6348 0.7727
vn 0.0017 -0.6347 0.7728
vn 0.0018 -0.6346 0.7729
vn 0.0019 -0.6347 0.7727
vn 0.0021 -0.6347 0.7727
vn -0.1479 0.9491 0.2782
vn -0.1388 0.9458 0.2934
vn -0.1479 0.9490 0.2783
vn -0.1571 0.9519 0.2629
vn 0.2492 0.9359 0.2489
vn 0.1513 0.9442 0.2926
vn 0.1425 0.9494 0.2799
vn 0.2977 0.9276 0.2256
vn 0.4531 0.8736 0.1774
vn -0.9864 0.1641 -0.0096
vn -0.9767 0.2046 0.0643
vn -0.9925 0.1224 0.0069
vn -0.9965 0.0807 -0.0219
vn -0.9925 0.1223 0.0069
vn -0.9985 0.0384 0.0397
vn 0.0416 0.0612 0.9973
vn 0.0035 0.2011 0.9796
vn -0.1462 0.2016 0.9685
vn -0.1358 -0.0728 0.9881
vn 0.0264 -0.3127 0.9495
vn -0.2730 -0.2271 0.9348
vn -0.5755 -0.0104 0.8177
vn -0.6253 -0.1268 0.7700
vn -0.8133 -0.1274 0.5677
vn -0.6147 0.2155 0.7588
vn -0.7757 0.1288 0.6179
vn -0.7262 0.3265 0.6050
vn 0.9173 -0.0000 -0.3982
vn 0.1659 -0.0000 -0.9861
vn -0.0602 -0.0021 -0.9982
vn -0.2135 -0.0069 -0.9769
vn -0.2129 -0.0057 -0.9771
vn 0.0966 0.0002 -0.9953
vn 0.2474 0.0021 -0.9689
vn 0.2458 -0.0000 -0.9693
vn -0.1804 0.9381 -0.2957
vn -0.5759 0.6244 -0.5277
vn -0.2923 0.8819 -0.3698
vn 0.0206 0.9887 -0.1488
vn 0.0101 0.9888 -0.1491
vn 0.0205 0.9887 -0.1488
vn -0.0139 0.9880 -0.1540
vn -0.9283 -0.0301 0.3707
vn -0.9965 -0.0323 0.0776
vn -0.9965 -0.0322 0.0776
vn -0.9744 -0.0316 -0.2225
vn -0.9744 -0.0316 -0.2224
vn 1.0000 -0.0000 -0.0000
vn -0.2972 -0.9541 -0.0369
vn -0.3356 -0.9136 -0.2295
vn -0.1515 -0.9697 -0.1915
vn -0.0542 -0.9969 -0.0570
vn 0.1316 -0.9621 -0.2387
vn 0.0971 -0.9921 -0.0791
vn -0.2029 -0.9695 0.1372
vn -0.2466 -0.9641 0.0985
vn 0.0438 -0.9976 0.0532
vn 0.1175 -0.9931 -0.0000
vn -0.8993 0.3235 0.2944
vn -0.8965 0.3312 0.2942
vn -0.8995 0.3228 0.2944
vn -0.9023 0.3148 0.2946
vn -0.9991 -0.0072 -0.0421
vn -0.9980 0.0059 -0.0635
vn -0.9986 -0.0024 -0.0523
vn -0.9994 -0.0137 -0.0313
vn -0.9996 -0.0169 -0.0214
vn 0.0327 -0.7891 0.6134
vn 0.0676 -0.7889 0.6108
vn -0.0024 -0.7884 0.6152
vn 0.0590 0.6905 -0.7209
vn 0.0026 0.6938 -0.7201
vn 0.1150 0.6850 -0.7194
vn -0.0018 -0.6140 -0.7893
vn -0.0014 -0.6141 -0.7892
vn -0.0015 -0.6141 -0.7892
vn -0.0014 -0.6140 -0.7893
vn 0.0017 0.5990 0.8007
vn -0.8711 -0.3226 -0.3702
vn -0.9809 -0.1148 -0.1571
vn -0.8744 -0.2891 -0.3897
vn -0.6730 -0.4984 -0.5465
vn -0.6582 -0.5582 -0.5051
vn -0.0022 -0.7817 0.6236
vn -0.0023 -0.7817 0.6236
vn 0.0281 -0.8276 0.5607
vn -0.0022 -0.8465 0.5324
vn 0.0583 -0.8677 0.4936
vn 0.1184 -0.8278 0.5485
vn 0.8473 0.3528 0.3971
vn 0.9527 0.1803 0.2445
vn 0.8486 0.3154 0.4247
vn 0.6866 0.5034 0.5246
vn 0.6753 0.5716 0.4661
vn 0.0023 0.7817 -0.6237
vn -0.0252 0.8146 -0.5794
vn 0.0024 0.8302 -0.5574
vn -0.0527 0.8446 -0.5328
vn -0.1076 0.8110 -0.5751
vn 0.0021 0.7638 0.6454
vn 0.0022 0.7638 0.6454
vn 0.0022 0.7638 0.6455
vn -0.8626 -0.3696 -0.3454
vn -0.9845 -0.1329 -0.1147
vn -0.8610 -0.3875 -0.3295
vn -0.6335 -0.5605 -0.5334
vn -0.6369 -0.5268 -0.5628
vn -0.0019 -0.6874 0.7263
vn 0.0006 -0.7246 0.6891
vn -0.0020 -0.7269 0.6867
vn 0.0031 -0.7599 0.6501
vn 0.0084 -0.7555 0.6551
vn 0.8401 0.3762 0.3908
vn 0.9618 0.2079 0.1779
vn 0.8401 0.4133 0.3513
vn 0.6428 0.5118 0.5699
vn 0.6335 0.4353 0.6397
vn 0.0020 0.6873 -0.7264
vn 0.0051 0.7086 -0.7055
vn 0.0020 0.7062 -0.7080
vn 0.0082 0.7294 -0.6841
vn 0.0144 0.7341 -0.6789
vn 0.0108 -0.6162 -0.7875
vn 0.0234 -0.6149 -0.7882
vn -0.0018 -0.6174 -0.7866
vn 0.0147 0.6847 0.7286
vn 0.0020 0.6856 0.7279
vn 0.0147 0.6848 0.7286
vn 0.0273 0.6838 0.7292
vn -0.9998 0.0145 -0.0101
vn -0.9998 0.0145 -0.0102
vn -0.0022 -0.7586 0.6515
vn 0.9989 0.0336 -0.0313
vn 0.9989 0.0336 -0.0312
vn 0.0021 0.7586 -0.6516
vn 0.0021 0.7586 -0.6515
vn 0.0022 0.7586 -0.6516
vn -0.8970 0.4237 -0.1260
vn -0.9162 0.3769 -0.1364
vn -0.8970 0.4237 -0.1261
vn -0.8755 0.4693 -0.1154
vn -0.4783 0.5137 -0.7122
vn -0.5355 0.7029 -0.4682
vn -0.4783 0.5135 -0.7124
vn -0.3738 0.2736 -0.8862
vn -0.0675 -0.0548 -0.9962
vn -0.0611 -0.0041 -0.9981
vn -0.0910 -0.0276 -0.9955
vn -0.0598 -0.0001 -0.9982
vn -0.0959 0.0389 -0.9946
vn -0.0259 -0.0450 -0.9987
vn -0.0694 0.0741 -0.9948
vn -0.0123 0.0028 -0.9999
vn -0.0372 0.0476 -0.9982
vn 0.2644 -0.9444 0.1957
vn 0.2811 -0.9347 0.2174
vn 0.1341 -0.9806 0.1428
vn 0.1216 -0.9835 0.1342
vn 0.0011 -0.9962 0.0870
vn 0.0089 -0.9966 0.0818
vn 0.7757 0.1288 0.6179
vn 0.7262 0.3265 0.6050
vn 0.6147 0.2154 0.7588
vn 0.5755 -0.0104 0.8177
vn 0.8133 -0.1274 0.5677
vn 0.6253 -0.1268 0.7700
vn 0.2730 -0.2271 0.9348
vn 0.1462 0.2016 0.9685
vn 0.1358 -0.0728 0.9881
vn -0.0264 -0.3126 0.9495
vn -0.0416 0.0612 0.9973
vn -0.0035 0.2011 0.9796
vn 0.8858 -0.3375 -0.3187
vn 0.9252 -0.2513 -0.2842
vn 0.9270 -0.2451 -0.2838
vn 0.8026 -0.4945 -0.3337
vn 0.8857 -0.3377 -0.3185
vn 0.7137 -0.6077 -0.3484
vn 0.6450 -0.6961 -0.3154
vn -0.0101 0.9888 -0.1491
vn 0.0139 0.9880 -0.1540
vn -0.0206 0.9887 -0.1488
vn 0.1803 0.9381 -0.2956
vn 0.2924 0.8820 -0.3697
vn 0.5758 0.6246 -0.5276
vn 0.1655 0.1537 0.9742
vn 0.1654 0.1538 0.9742
vn 0.2842 -0.8868 0.3644
vn 0.2758 -0.8813 0.3839
vn 0.2925 -0.8919 0.3448
vn -0.1159 -0.1563 -0.9809
vn -0.1177 -0.1599 -0.9801
vn -0.1159 -0.1562 -0.9809
vn -0.1142 -0.1526 -0.9817
vn 0.0513 0.9776 -0.2042
vn 0.0789 0.9836 -0.1623
vn 0.0236 0.9691 -0.2456
vn 0.9393 0.0794 0.3338
vn 0.9395 0.0801 0.3330
vn 0.9392 0.0791 0.3341
vn 0.9390 0.0783 0.3350
vn 0.3603 0.6595 -0.6597
vn 0.3602 0.6596 -0.6597
vn 0.3604 0.6595 -0.6597
vn 0.4494 -0.8589 -0.2457
vn 0.4495 -0.8589 -0.2455
vn 0.4495 -0.8589 -0.2456
vn 0.4494 -0.8589 -0.2458
vn 0.5617 -0.1873 -0.8058
vn 0.5618 -0.1873 -0.8058
vn 0.5616 -0.1875 -0.8059
vn 0.5615 -0.1875 -0.8060
vn -0.5777 -0.2143 -0.7876
vn -0.7610 -0.1782 -0.6238
vn -0.7610 -0.1781 -0.6238
vn -0.9039 -0.1279 -0.4083
vn -0.9104 -0.1201 -0.3959
vn -0.9598 -0.1152 -0.2558
vn -0.9879 -0.0924 -0.1242
vn -0.9966 -0.0822 0.0093
vn -0.9985 -0.0543 0.0062
vn -0.7448 0.6663 0.0367
vn -0.8607 0.4767 -0.1786
vn -0.7450 0.6545 -0.1292
vn -0.8841 0.4465 -0.1377
vn -0.9940 0.0266 -0.1064
vn -0.7528 -0.5195 -0.4044
vn -0.8492 0.5044 0.1564
vn -0.6737 -0.7037 -0.2255
vn -0.9751 -0.1617 0.1520
vn -0.9208 0.1589 0.3562
vn -0.9070 -0.2460 0.3417
vn -0.9410 0.1105 0.3197
vn 0.9928 0.1195 0.0030
vn 0.9969 0.0736 -0.0277
vn 0.9969 0.0736 -0.0278
vn 0.9841 0.1774 0.0045
vn 0.9928 0.1196 0.0030
vn 0.9756 0.2101 0.0643
vn 0.0161 -0.9715 -0.2364
vn 0.0171 -0.9724 -0.2327
vn 0.0152 -0.9707 -0.2400
vn -0.0027 -0.9725 -0.2327
vn 0.0102 -0.9672 -0.2536
vn 0.0059 -0.9655 -0.2603
vn 0.0102 -0.9617 -0.2740
vn -0.0027 -0.9618 -0.2736
vn 0.1407 -0.0000 0.9900
vn 0.1659 -0.0000 0.9861
vn 0.1541 -0.0726 0.9854
vn 0.0364 -0.1473 0.9884
vn -0.1054 -0.1526 0.9827
vn -0.2569 -0.1147 0.9596
vn -0.3238 -0.0105 0.9461
vn 0.1572 0.9862 0.0510
vn 0.1175 0.9931 -0.0000
vn 0.2664 0.9562 -0.1211
vn -0.0660 0.9978 -0.0049
vn -0.0434 0.9781 0.2035
vn -0.2455 0.9562 0.1594
vn -0.2979 0.9531 -0.0529
vn -0.3089 0.9312 -0.1936
vn 0.1142 0.9674 -0.2259
vn 0.3737 0.8737 -0.3115
vn -0.0003 -0.2901 0.9570
vn -0.0008 -0.2918 0.9565
vn -0.0003 -0.2900 0.9570
vn 0.0003 -0.2883 0.9575
vn 0.0028 1.0000 -0.0028
vn 0.0026 -0.0754 -0.9972
vn 0.0054 -0.0878 -0.9961
vn 0.0026 -0.0754 -0.9971
vn -0.0002 -0.0629 -0.9980
vn 1.0000 -0.0029 -0.0000
vn -0.0257 0.9970 0.0727
vn 0.0028 0.9974 0.0715
vn -0.0543 0.9958 0.0739
vn -0.0025 -0.8851 0.4654
vn -0.0024 -0.8851 0.4654
vn -0.0026 -0.8851 0.4654
vn -0.0010 -0.3761 -0.9266
vn -0.0011 -0.3761 -0.9266
vn 0.0001 0.0326 0.9995
vn 0.0028 0.9858 0.1678
vn 0.0024 1.0000 -0.0029
vn 0.0027 0.9745 0.2243
vn 0.0026 0.9428 0.3334
vn 0.9803 -0.1187 -0.1579
vn 0.9593 -0.1661 -0.2283
vn 0.9856 -0.1033 -0.1336
vn 0.9977 -0.0359 -0.0575
vn 0.9998 -0.0028 -0.0181
vn 0.9995 0.0321 0.0062
vn 0.9999 0.0130 0.0067
vn 1.0000 -0.0028 -0.0000
vn 0.9942 -0.0690 0.0823
vn 0.9980 -0.0180 0.0600
vn 0.9982 -0.0239 0.0548
vn 0.9991 0.0431 0.0047
vn 0.9985 0.0540 -0.0066
vn 0.9900 0.1138 -0.0836
vn -0.0785 0.3899 -0.9175
vn 0.0011 0.3705 -0.9288
vn -0.0784 0.3899 -0.9175
vn -0.1575 0.4066 -0.8999
vn 0.0166 0.9591 0.2825
vn 0.0164 0.9595 0.2813
vn 0.0166 0.9591 0.2826
vn 0.0168 0.9587 0.2838
vn 0.0339 -0.2781 0.9600
vn 0.0345 -0.2814 0.9590
vn 0.0334 -0.2747 0.9610
vn 0.9954 0.0594 0.0753
vn 1.0000 -0.0012 -0.0000
vn 0.9815 0.1194 0.1498
vn 0.0645 0.1024 -0.9927
vn 0.0660 0.1166 -0.9910
vn 0.0645 0.1024 -0.9926
vn 0.0631 0.0883 -0.9941
vn -0.9900 -0.0858 -0.1116
vn -0.9858 0.0160 -0.1669
vn -0.9900 -0.0858 -0.1117
vn -0.9810 -0.1863 -0.0550
vn 0.0842 -0.9593 -0.2695
vn 0.0829 -0.9563 -0.2804
vn 0.0843 -0.9593 -0.2695
vn 0.0856 -0.9622 -0.2585
vn 0.9566 -0.2527 0.1454
vn 0.8790 -0.4128 0.2387
vn 0.8946 -0.3869 0.2236
vn 0.8076 -0.5103 0.2956
vn 0.8076 -0.5103 0.2957
vn -0.0014 -0.5030 -0.8643
vn -0.0015 -0.5030 -0.8643
vn -0.0161 -0.9715 -0.2364
vn -0.0152 -0.9707 -0.2400
vn -0.0171 -0.9724 -0.2328
vn -0.0059 -0.9655 -0.2603
vn 0.0027 -0.9618 -0.2736
vn -0.0102 -0.9617 -0.2740
vn -0.0102 -0.9673 -0.2536
vn 0.0027 -0.9725 -0.2327
vn 0.0003 -0.2900 0.9570
vn -0.0003 -0.2883 0.9575
vn 0.0003 -0.2901 0.9570
vn 0.0008 -0.2918 0.9565
vn -0.0028 1.0000 -0.0028
vn -0.0026 -0.0754 -0.9971
vn 0.0002 -0.0629 -0.9980
vn -0.0054 -0.0878 -0.9961
vn -1.0000 -0.0027 -0.0000
vn -1.0000 -0.0027 0.0001
vn 0.0259 0.9970 0.0727
vn 0.0546 0.9958 0.0739
vn -0.0028 0.9974 0.0715
vn 0.0025 -0.8851 0.4654
vn 0.0026 -0.8851 0.4654
vn 0.0024 -0.8851 0.4654
vn 0.0010 -0.3761 -0.9266
vn 0.0011 -0.3761 -0.9266
vn -0.0001 0.0326 0.9995
vn -0.0026 0.9428 0.3334
vn -0.0028 0.9745 0.2243
vn -0.0029 0.9858 0.1678
vn -0.0026 1.0000 -0.0028
vn 0.8117 -0.1589 0.5621
vn 0.8080 -0.1677 0.5649
vn 0.9522 -0.0904 0.2919
vn 0.9528 -0.0773 0.2935
vn 0.9978 0.0061 -0.0663
vn 0.9995 0.0074 -0.0315
vn 0.9957 0.0715 0.0597
vn 0.9958 0.0324 0.0853
vn 0.9805 0.1160 0.1587
vn 0.9530 0.1725 0.2491
vn -0.9999 0.0132 0.0068
vn -0.9998 -0.0027 -0.0181
vn -0.9995 0.0322 0.0063
vn -0.9977 -0.0360 -0.0574
vn -0.9856 -0.1034 -0.1336
vn -0.9803 -0.1187 -0.1579
vn -0.9593 -0.1661 -0.2283
vn 0.0785 0.3899 -0.9175
vn 0.1576 0.4066 -0.8999
vn -0.0011 0.3705 -0.9288
vn -0.0166 0.9591 0.2825
vn -0.0168 0.9587 0.2838
vn -0.0166 0.9591 0.2824
vn -0.0164 0.9595 0.2813
vn -0.0339 -0.2781 0.9600
vn -0.0334 -0.2747 0.9610
vn -0.0345 -0.2814 0.9590
vn -0.9954 0.0594 0.0753
vn -0.9815 0.1194 0.1498
vn -1.0000 -0.0012 0.0003
vn -0.0645 0.1024 -0.9927
vn -0.0631 0.0883 -0.9941
vn -0.0645 0.1024 -0.9926
vn -0.0660 0.1166 -0.9910
vn 0.9900 -0.0857 -0.1117
vn 0.9810 -0.1863 -0.0550
vn 0.9900 -0.0858 -0.1117
vn 0.9858 0.0160 -0.1669
vn -0.0842 -0.9593 -0.2695
vn -0.0856 -0.9622 -0.2585
vn -0.0843 -0.9593 -0.2695
vn -0.0829 -0.9563 -0.2804
vn 0.0014 -0.5030 -0.8643
vn 0.0015 -0.5030 -0.8643
vn 0.0024 -0.8643 0.5030
vn 0.0023 -0.8643 0.5030
vn -0.8104 0.5057 -0.2957
vn -0.8105 0.5057 -0.2957
vn -0.8105 0.5056 -0.2957
vn -0.8105 0.5056 -0.2956
vn -0.1551 -0.7925 -0.5899
vn -0.4544 -0.7593 -0.4658
vn -0.4544 -0.7592 -0.4659
vn -0.2647 -0.6658 -0.6976
vn 0.1873 -0.7337 -0.6532
vn 0.3953 -0.8502 -0.3477
vn 0.3067 0.8229 -0.4784
vn 0.3067 0.8228 -0.4784
vn 0.3066 0.8229 -0.4784
vn -0.0540 0.8539 0.5176
vn 0.1065 0.8052 0.5833
vn 0.0702 0.8285 0.5556
vn -0.0832 0.8568 0.5089
vn -0.1771 0.8644 0.4706
vn -0.1552 0.8762 0.4563
vn 0.9518 -0.2644 0.1554
vn 0.9867 -0.1399 0.0830
vn 0.9954 0.0837 -0.0471
vn 0.9566 0.2527 -0.1455
vn -0.9362 -0.2367 0.2599
vn -0.8739 -0.4509 0.1815
vn -0.8821 -0.4274 0.1982
vn -0.9514 -0.0305 0.3065
vn -0.9289 0.1578 0.3351
vn -0.9366 0.1399 0.3212
vn 0.6700 -0.3474 0.6560
vn 0.7110 -0.0958 0.6966
vn 0.3786 -0.0200 0.9253
vn 0.2361 -0.2943 0.9261
vn 0.6511 -0.4947 0.5756
vn 0.0358 0.1285 0.9911
vn -0.2717 -0.0391 0.9616
vn 0.3697 0.0616 0.9271
vn 0.3749 0.0299 0.9266
vn 0.5289 -0.1890 0.8274
vn 0.6571 -0.2625 0.7066
vn 0.7313 -0.2239 0.6443
vn 0.7363 -0.2276 0.6372
vn -0.2476 0.8206 0.5150
vn -0.2114 0.8268 0.5213
vn -0.2115 0.8268 0.5213
vn -0.2349 0.8067 0.5423
vn -0.3731 0.7899 0.4867
vn -0.3951 0.8011 0.4496
vn -0.5559 0.6979 0.4516
vn -0.6301 0.6332 0.4494
vn -0.7132 0.5565 0.4261
vn -0.6302 0.6331 0.4494
vn -0.6987 0.5660 0.4376
vn 0.6696 0.3586 -0.6504
vn 0.7032 0.4413 -0.5575
vn 0.7135 0.4660 -0.5233
vn 0.7275 0.5145 -0.4539
vn 0.7299 0.5123 -0.4525
vn 0.0028 -0.9799 -0.1993
vn -0.3504 -0.9178 -0.1865
vn -0.3505 -0.9178 -0.1864
vn 0.3556 -0.9158 -0.1865
vn 0.3557 -0.9158 -0.1865
vn 0.3556 -0.9159 -0.1865
vn -0.8076 -0.5103 0.2957
vn -0.8790 -0.4128 0.2388
vn -0.8076 -0.5102 0.2956
vn -0.8946 -0.3868 0.2236
vn -0.9566 -0.2526 0.1455
vn -0.8790 -0.4128 0.2387
vn -0.9566 -0.2527 0.1454
vn -0.0014 0.5030 0.8643
vn -0.0015 0.5029 0.8643
vn -0.0015 0.5030 0.8643
vn -0.0014 0.5031 0.8642
vn -0.4527 0.2924 -0.8424
vn -0.4619 0.0097 -0.8869
vn -0.4727 0.0150 -0.8811
vn -0.4404 0.3113 -0.8421
vn -0.4298 0.6765 -0.5980
vn -0.1820 0.8634 -0.4705
vn -0.0229 0.9619 -0.2724
vn 0.4051 0.8821 -0.2405
vn -0.9530 0.1725 0.2491
vn -0.9805 0.1160 0.1588
vn -0.9957 0.0715 0.0597
vn -0.9958 0.0324 0.0853
vn -0.9995 0.0074 -0.0315
vn -0.9978 0.0061 -0.0663
vn -0.9522 -0.0904 0.2919
vn -0.9528 -0.0773 0.2935
vn -0.8117 -0.1589 0.5621
vn -0.8079 -0.1678 0.5649
vn 0.1822 0.8634 -0.4705
vn -0.4051 0.8821 -0.2406
vn 0.0229 0.9619 -0.2723
vn 0.4299 0.6764 -0.5980
vn 0.4527 0.2923 -0.8424
vn 0.4404 0.3114 -0.8421
vn 0.4727 0.0150 -0.8811
vn 0.4618 0.0097 -0.8869
vn -0.1228 0.9924 0.0017
vn -0.1364 0.9904 0.0222
vn -0.1198 0.9925 -0.0222
vn -0.1247 0.9918 -0.0263
vn -0.1086 0.9940 -0.0164
vn -0.0989 0.9951 0.0002
vn -0.0470 0.9989 -0.0096
vn 0.0775 -0.9174 0.3904
vn -0.0292 -0.8503 0.5255
vn -0.0292 -0.8502 0.5256
vn 0.1374 -0.9674 0.2126
vn 0.1931 -0.9808 0.0256
vn 0.1131 -0.9936 -0.0062
vn 0.0977 -0.9951 -0.0138
vn 0.0439 -0.9989 -0.0159
vn 0.8886 0.1871 0.4188
vn 0.9323 0.1631 0.3229
vn 0.9323 0.1630 0.3228
vn 0.8339 0.2092 0.5108
vn 0.8273 0.2115 0.5205
vn 0.8827 0.1713 0.4375
vn 0.9718 0.1327 0.1948
vn 0.9957 0.0890 0.0244
vn 0.9875 0.0755 -0.1381
vn 0.9889 0.0437 -0.1419
vn 0.1153 0.0794 0.9902
vn 0.1152 0.0795 0.9902
vn 0.1153 0.0795 0.9902
vn -0.9742 0.0879 0.2078
vn -0.9385 0.1853 0.2915
vn -0.9927 -0.0110 0.1204
vn 0.6099 -0.2297 0.7585
vn 0.3280 -0.1371 0.9347
vn 0.2187 -0.0756 0.9729
vn 0.0598 -0.0224 0.9980
vn -0.0000 -0.0167 0.9999
vn -0.0000 -0.0166 0.9999
vn -0.0000 -0.0757 0.9971
vn -0.0353 -0.2203 0.9748
vn 0.2955 -0.2911 0.9099
vn -0.0000 -0.2302 0.9732
vn -0.4121 -0.2573 0.8741
vn -0.1870 -0.2280 0.9555
vn -0.3882 -0.4106 0.8251
vn -0.1138 -0.0254 0.9932
vn -0.1890 0.0701 0.9795
vn -0.4658 -0.7072 0.5319
vn 0.0411 -0.1245 -0.9914
vn -0.0564 -0.1127 -0.9920
vn -0.0028 -0.0373 -0.9993
vn 0.9360 -0.2358 0.2614
vn 0.9336 -0.1550 0.3231
vn 0.9287 -0.3141 0.1969
vn -0.0778 -0.9858 -0.1486
vn -0.0825 -0.9965 0.0165
vn -0.0130 -0.9430 -0.3325
vn 0.0253 -0.9689 -0.2462
vn 0.0246 -0.8546 -0.5186
vn -0.9844 0.1550 0.0835
vn -0.9844 0.1550 0.0834
vn -0.9797 0.1579 -0.1235
vn -0.9469 0.1455 0.2869
vn -0.4458 0.3865 0.8074
vn -0.4434 0.3879 0.8081
vn 0.7586 0.4095 -0.5068
vn 0.6262 0.2010 -0.7533
vn 0.5936 0.2453 -0.7665
vn 0.5949 0.6441 -0.4808
vn 0.4576 0.7038 -0.5434
vn 0.3324 0.9365 -0.1121
vn 0.5431 0.8396 0.0079
vn 0.7549 0.6514 -0.0763
vn 0.1725 0.9475 0.2691
vn 0.4828 0.8527 0.1997
vn 0.4827 0.8527 0.1997
vn -0.4208 0.3340 -0.8434
vn -0.5380 0.3877 -0.7485
vn -0.5581 0.4425 -0.7019
vn -0.5696 0.6679 -0.4790
vn -0.7055 0.6204 -0.3426
vn -0.4839 0.8226 -0.2986
vn -0.4838 0.8226 -0.2986
vn -0.1244 0.8629 -0.4899
vn 0.9999 0.0088 -0.0062
vn 0.9997 0.0213 -0.0152
vn 0.9994 0.0341 -0.0104
vn 0.9988 0.0464 -0.0127
vn 0.9982 0.0597 -0.0007
vn -0.0220 -0.4885 -0.8723
vn 0.1261 -0.5130 -0.8491
vn 0.0004 0.1332 -0.9911
vn -0.0676 -0.7135 -0.6974
vn -0.2267 -0.2634 -0.9377
vn -0.2390 -0.2013 -0.9499
vn -0.1983 -0.2683 -0.9427
vn -0.3439 -0.1103 -0.9325
vn -0.4343 -0.0254 -0.9004
vn -0.5153 -0.0005 -0.8570
vn -0.5282 -0.0076 -0.8491
vn -0.9982 -0.0395 -0.0452
vn -0.9998 -0.0121 0.0183
vn -0.9988 -0.0430 0.0234
vn -0.9592 -0.0315 -0.2809
vn -0.9683 -0.1853 -0.1674
vn -0.9582 0.0632 -0.2791
vn -0.9998 0.0164 0.0061
vn -0.9990 -0.0300 -0.0328
vn -0.8945 -0.0485 -0.4444
vn -0.9402 0.1467 -0.3073
vn -0.9732 -0.0297 -0.2280
vn -0.8844 0.2134 -0.4151
vn -0.9911 -0.1229 -0.0508
vn -0.9724 0.1241 -0.1974
vn -0.9308 -0.3359 0.1441
vn -0.9489 -0.3063 0.0762
vn -0.8913 -0.3518 0.2862
vn -0.8918 -0.4207 0.1663
vn -0.9948 -0.1006 0.0159
vn -0.8946 -0.4390 0.0839
vn -0.8936 -0.4482 0.0254
vn -0.8937 -0.4476 0.0312
vn -0.9339 0.0798 -0.3484
vn -0.9787 0.0110 -0.2050
vn -0.9563 -0.1078 -0.2719
vn -0.9819 -0.1891 0.0131
vn -0.9898 -0.1408 -0.0206
vn -0.9941 -0.0710 -0.0818
vn -0.9603 0.0406 -0.2760
vn -0.9513 0.2205 -0.2154
vn -0.9520 0.1999 -0.2317
vn -0.9551 0.2520 -0.1557
vn -0.9633 0.2605 0.0645
vn -0.9515 0.3070 0.0186
vn -0.9777 0.2022 -0.0560
vn -0.9032 0.4258 0.0544
vn -0.9565 0.2755 -0.0963
vn -0.8624 0.5060 0.0124
vn -0.8309 0.4141 0.3718
vn -0.9199 0.3811 -0.0923
vn -0.9998 -0.0170 -0.0119
vn -0.9917 -0.0350 -0.1241
vn -0.7236 0.6885 -0.0484
vn -0.9387 0.3352 -0.0803
vn -0.9966 -0.0773 -0.0299
vn -0.9863 -0.1508 0.0674
vn -0.6863 0.7017 -0.1910
vn -0.9736 -0.2277 -0.0135
vn -0.7649 0.6320 -0.1243
vn -0.8909 0.4433 -0.0993
vn -0.8322 0.5518 -0.0542
vn -0.8660 0.4982 -0.0434
vn -0.9971 0.0721 -0.0247
vn -0.8865 0.4612 -0.0361
vn -0.9737 -0.2275 -0.0136
vn -0.2505 0.8025 0.5416
vn -0.4426 0.8046 0.3959
vn -0.4378 0.4970 0.7492
vn -0.1774 0.6217 0.7629
vn -0.5129 0.5767 0.6358
vn -0.8626 0.4219 -0.2790
vn -0.9535 0.1373 -0.2684
vn -0.9421 0.2006 -0.2688
vn -0.9568 0.2470 -0.1537
vn -0.8338 0.5026 -0.2284
vn -0.8387 0.5442 -0.0204
vn -0.9820 0.1685 -0.0858
vn -0.9903 0.0906 -0.1054
vn -0.9893 0.0774 -0.1237
vn -0.9890 0.1137 -0.0944
vn -0.9914 0.1023 -0.0817
vn -0.9930 0.0528 -0.1053
vn -0.9930 0.0527 -0.1053
vn 0.3932 0.8752 -0.2818
vn 0.0798 0.9849 -0.1536
vn -0.1125 0.9911 -0.0718
vn 0.0432 0.9972 -0.0618
vn -0.0548 0.9913 -0.1195
vn 0.2546 0.9666 0.0295
vn 0.3023 0.9531 0.0150
vn 0.1790 0.9262 0.3318
vn 0.1122 0.9685 0.2225
vn 0.4144 0.8925 0.1779
vn 0.3235 0.9110 -0.2559
vn 0.2946 0.9435 -0.1520
vn 0.2160 0.9266 -0.3077
vn -0.0035 0.9382 -0.3462
vn -0.0159 0.9342 -0.3563
vn 0.1283 -0.8860 -0.4455
vn 0.3363 -0.8216 -0.4603
vn 0.1758 -0.8658 -0.4685
vn -0.2708 -0.8918 -0.3624
vn -0.2579 -0.7606 -0.5958
vn 0.1977 -0.9783 0.0622
vn 0.2953 -0.9546 0.0383
vn 0.4279 -0.9033 0.0321
vn 0.4639 -0.8344 -0.2975
vn 0.5150 -0.8251 -0.2323
vn 0.4025 -0.9098 -0.1012
vn -0.5200 0.5134 -0.6827
vn -0.4920 0.4509 -0.7448
vn -0.4732 0.4579 -0.7526
vn -0.5644 0.5586 -0.6078
vn -0.5716 0.6588 -0.4892
vn -0.5972 0.6401 -0.4833
vn -0.5399 0.7311 -0.4172
vn -0.5301 0.7551 -0.3858
vn -0.5315 0.7689 -0.3553
vn -0.5569 0.7575 -0.3407
vn -0.1695 -0.5730 -0.8018
vn -0.3210 -0.8869 -0.3321
vn -0.2798 -0.8390 -0.4666
vn -0.3565 -0.9327 -0.0554
vn -0.3772 -0.9235 -0.0706
vn -0.6098 -0.2297 0.7585
vn -0.2187 -0.0756 0.9729
vn -0.3280 -0.1370 0.9347
vn -0.0598 -0.0224 0.9980
vn 0.0353 -0.2203 0.9748
vn -0.2956 -0.2911 0.9099
vn 0.4121 -0.2573 0.8741
vn 0.1871 -0.2292 0.9552
vn 0.0013 -0.5031 -0.8642
vn 0.0014 -0.5032 -0.8642
vn 0.0013 -0.5030 -0.8643
vn 0.0014 -0.5031 -0.8642
vn -0.0013 -0.5031 -0.8642
vn -0.0014 -0.5032 -0.8642
vn -0.0013 -0.5030 -0.8643
vn -0.0014 -0.5031 -0.8642
vn 0.1817 -0.6380 -0.7483
vn -0.8747 -0.4170 0.2471
vn -0.9993 -0.0176 0.0317
vn -0.2249 -0.9704 -0.0884
vn -0.0028 0.9618 -0.2737
vn 0.8558 0.4774 -0.1993
vn -0.5927 0.0093 0.8053
vn 0.5594 -0.3262 -0.7620
vn 0.4381 -0.7019 -0.5616
vn -0.2044 -0.0217 -0.9786
vn -0.3585 0.0294 -0.9331
vn 0.0754 -0.9165 -0.3928
vn 0.0528 -0.9034 -0.4256
vn 0.3263 -0.7734 -0.5435
vn 0.5103 -0.0730 0.8569
vn 0.2255 -0.8399 -0.4937
vn 0.2246 -0.8393 -0.4951
vn 0.5501 -0.7705 -0.3220
vn 0.3881 -0.4107 0.8250
vn 0.2523 -0.6420 0.7240
vn 0.1506 -0.9543 0.2582
vn -0.5639 0.7980 0.2127
vn -0.3525 -0.0262 -0.9354
vn 0.1504 -0.9542 0.2584
vn -0.3580 -0.8410 -0.4056
vn -0.7131 -0.6458 0.2728
vn 0.5066 -0.1640 -0.8464
vn 0.4647 -0.7455 -0.4777
vn -0.0000 -0.8420 -0.5395
vn -0.4647 -0.7456 -0.4777
vn -0.2255 -0.8399 -0.4938
vn -0.2246 -0.8393 -0.4951
vn -0.6275 -0.0839 0.7741
vn -0.0528 -0.9034 -0.4256
vn -0.0754 -0.9165 -0.3928
vn -0.3263 -0.7734 -0.5436
vn -0.5504 -0.7705 -0.3217
vn -0.4659 -0.7071 0.5319
vn -0.3882 -0.4107 0.8250
vn -0.1506 -0.9543 0.2582
vn 0.5641 0.7978 0.2127
vn 0.0500 -0.4783 0.8768
vn 0.3525 -0.0262 -0.9354
vn -0.1506 -0.9542 0.2583
vn 0.3581 -0.8409 -0.4058
vn -0.5066 -0.1640 -0.8464
vn 0.7130 -0.6460 0.2726
vn 0.5806 -0.0635 -0.8117
vn -0.0002 0.4797 0.8775
vn -0.6395 -0.3229 -0.6977
vn -0.1817 -0.6380 -0.7483
vn 0.8747 -0.4169 0.2472
vn 0.9993 -0.0176 0.0317
vn 0.2249 -0.9704 -0.0884
vn 0.0028 0.9618 -0.2737
vn -0.8557 0.4775 -0.1992
vn 0.5927 0.0093 0.8053
vn -0.5595 -0.3263 -0.7619
vn -0.4380 -0.7019 -0.5617
vn 0.2044 -0.0217 -0.9786
vn 0.3585 0.0294 -0.9331
vn -0.5806 -0.0635 -0.8117
vn 0.0002 0.4797 0.8775
vn 0.6397 -0.3227 -0.6975
vn 0.1707 0.2789 -0.9450
vn 0.1542 0.2683 -0.9509
vn 0.1871 0.2894 -0.9387
vn 0.6322 -0.7236 -0.2772
vn 0.6526 -0.6778 -0.3387
vn 0.6420 -0.6846 -0.3452
vn 0.6828 -0.7066 -0.1860
vn 0.7348 -0.6450 -0.2101
vn 0.8410 -0.4650 -0.2765
vn 0.8405 -0.2771 -0.4656
vn 0.8617 -0.1626 -0.4807
vn 0.7857 -0.0616 -0.6155
vn -0.7214 -0.3418 0.6023
vn -0.7214 -0.3434 0.6014
vn -0.3531 -0.8448 -0.4019
vn -0.3341 0.8634 0.3780
vn 0.0450 0.7186 0.6940
vn 0.1272 0.6606 0.7399
vn 0.2959 0.6806 0.6702
vn 0.1505 -0.9543 0.2581
vn 0.3572 -0.6119 0.7057
vn 0.3597 -0.5884 0.7242
vn 0.1418 -0.4305 0.8914
vn -0.5639 0.7980 0.2126
vn 0.4675 0.5331 0.7051
vn 0.4164 0.8229 0.3867
vn 0.0322 0.9534 0.3000
vn 0.6085 0.7628 0.2189
vn 0.7480 0.5755 0.3305
vn 0.1267 0.9473 0.2942
vn 0.7629 0.5555 0.3307
vn 0.7176 0.6317 0.2933
vn 0.4674 0.5331 0.7052
vn 0.2960 0.6805 0.6703
vn 0.5712 0.1200 0.8120
vn 0.5713 0.1200 0.8119
vn 0.8500 -0.1268 0.5112
vn 0.4675 0.5331 0.7052
vn 0.5103 -0.0731 0.8569
vn 0.8500 -0.2287 0.4746
vn 0.5104 -0.0731 0.8568
vn 0.9512 -0.3076 0.0244
vn 0.9499 0.3115 0.0261
vn 0.5575 -0.4841 0.6744
vn 0.9853 0.0435 0.1650
vn 0.4013 -0.2609 0.8780
vn 0.4523 -0.3663 0.8132
vn 0.1796 0.4536 0.8729
vn -0.0000 0.4797 0.8774
vn -0.0000 -0.3478 0.9376
vn -0.0000 -0.3477 0.9376
vn -0.0000 -0.6540 0.7565
vn 0.4933 -0.1469 0.8574
vn 0.5294 -0.2365 0.8147
vn 0.6962 -0.3501 0.6267
vn 0.5362 -0.3801 0.7537
vn 0.7197 -0.3852 0.5777
vn 0.9677 -0.2381 0.0828
vn 0.9934 -0.1130 0.0202
vn 0.9562 -0.2861 0.0624
vn 0.9362 -0.3464 0.0592
vn 0.9062 -0.4205 -0.0445
vn 0.9979 -0.0635 -0.0095
vn 0.9838 0.0358 -0.1758
vn -0.9360 0.3318 -0.1178
vn -0.9432 0.2945 -0.1540
vn -0.9365 0.3250 -0.1314
vn -0.8550 0.5186 -0.0055
vn 0.0323 0.9534 0.3001
vn -0.6487 0.7579 0.0694
vn 0.1268 0.9473 0.2941
vn -0.6090 0.7927 0.0273
vn -0.6665 0.7455 0.0101
vn -0.7179 -0.6318 -0.2923
vn -0.7632 -0.5553 -0.3303
vn -0.7764 -0.5267 -0.3461
vn -0.7483 -0.5753 -0.3302
vn -0.6039 -0.7233 -0.3350
vn -0.6093 -0.7622 -0.2188
vn -0.4117 -0.8248 -0.3875
vn -0.2317 -0.8117 -0.5362
vn -0.2728 -0.8293 -0.4878
vn -0.3686 -0.8312 -0.4162
vn -0.1360 -0.7812 -0.6093
vn -0.1545 -0.7769 -0.6103
vn -0.0000 1.0000 0.0095
vn 0.0336 0.9993 0.0131
vn 0.0248 0.9996 0.0094
vn -0.0000 1.0000 0.0058
vn 0.0027 -0.9994 -0.0337
vn -0.0000 -0.9994 -0.0337
vn 0.4994 -0.0873 0.8620
vn 0.4920 -0.0821 0.8667
vn 0.5067 -0.0926 0.8571
vn 0.0565 0.9917 0.1151
vn 0.1770 0.9814 0.0744
vn 0.2057 0.9742 0.0925
vn 0.1748 0.9797 0.0983
vn -0.1687 0.9741 0.1509
vn -0.3989 0.8914 0.2153
vn -0.4445 0.8650 0.2329
vn -0.5717 0.7710 0.2808
vn 0.3297 -0.9425 0.0550
vn 0.3353 -0.9406 0.0540
vn 0.3286 -0.9430 0.0520
vn 0.1659 -0.9781 0.1256
vn 0.0817 -0.9837 0.1603
vn -0.1695 -0.9499 0.2626
vn 0.6975 0.4749 -0.5366
vn 0.5712 0.5547 -0.6051
vn 0.6976 0.4748 -0.5365
vn 0.8051 0.3821 -0.4536
vn -0.0000 0.6993 0.7148
vn -0.0000 0.6422 0.7665
vn 0.3633 0.6649 0.6526
vn -0.0000 0.9658 0.2594
vn 0.7312 0.4445 0.5175
vn 0.4059 0.8859 0.2246
vn -0.0000 0.9986 0.0527
vn 0.9280 0.3725 -0.0082
vn 0.5453 0.8379 -0.0240
vn 0.9179 0.3176 -0.2380
vn 0.5344 0.8283 -0.1680
vn -0.0000 0.9159 -0.4015
vn 0.7571 0.4525 -0.4713
vn -0.0000 0.6623 -0.7492
vn 0.6533 0.7502 -0.1021
vn -0.0000 0.9785 -0.2062
vn 0.2951 0.9524 0.0765
vn -0.0000 0.9962 0.0866
vn 0.7767 0.5673 0.2737
vn 0.8083 0.5700 0.1475
vn 0.6531 0.7572 -0.0052
vn 0.6531 0.7572 -0.0053
vn 0.8574 0.4813 -0.1822
vn 0.7486 -0.1528 -0.6452
vn 0.6609 0.7233 -0.2003
vn 0.6539 -0.4342 -0.6196
vn 0.1627 -0.5669 -0.8075
vn 0.8652 -0.1714 -0.4712
vn 0.9485 0.2832 -0.1416
vn 0.7128 0.6800 0.1718
vn 0.9023 -0.3416 -0.2630
vn 0.8338 0.4663 0.2955
vn 0.8151 -0.5723 0.0902
vn 0.9755 0.1160 0.1869
vn 0.9774 -0.2114 0.0022
vn 0.7822 0.6228 -0.0154
vn 0.8780 0.4093 0.2482
vn 0.8915 0.2094 0.4017
vn 0.8665 0.2185 0.4488
vn 0.7038 0.5622 0.4344
vn 0.4392 0.8244 0.3571
vn 0.3909 0.8496 0.3540
vn 0.2985 0.8691 0.3945
vn 0.1555 0.9521 0.2633
vn 0.1638 0.8802 0.4455
vn 0.2386 0.7749 0.5853
vn 0.2155 0.8224 0.5265
vn 0.2397 0.7723 0.5883
vn 0.1177 0.8319 0.5423
vn -0.0000 0.8632 0.5048
vn -0.0000 0.8631 0.5050
vn 0.9126 0.3959 0.1016
vn 0.6888 0.7195 0.0885
vn 0.6006 0.7991 -0.0255
vn 0.9004 0.4349 0.0125
vn 0.3032 0.9464 -0.1117
vn 0.2526 0.9601 0.1203
vn -0.0000 0.9888 0.1495
vn -0.0000 0.9616 -0.2745
vn 0.3020 0.9407 -0.1548
vn 0.2220 0.9651 0.1389
vn -0.0000 0.9951 -0.0985
vn -0.0000 0.9917 0.1288
vn 0.9391 0.3313 -0.0914
vn 0.6712 0.7405 0.0348
vn 0.9411 0.3312 -0.0675
vn 0.9835 0.1739 -0.0491
vn 0.9750 -0.2206 -0.0274
vn 0.9582 -0.2639 -0.1108
vn 1.0000 -0.0035 0.0039
vn 0.9160 0.4002 -0.0286
vn 0.9709 -0.1915 -0.1437
vn 0.9039 -0.3417 -0.2572
vn 0.9916 0.0439 -0.1216
vn 0.8376 -0.4739 -0.2716
vn 0.7667 -0.6011 -0.2255
vn 0.4662 -0.7847 0.4086
vn 0.2899 -0.8985 0.3295
vn 0.4661 -0.7641 0.4459
vn 0.5006 -0.6840 0.5306
vn 0.3027 -0.7708 0.5606
vn 0.3755 -0.1648 0.9120
vn 0.5419 -0.5317 0.6509
vn -0.0000 -0.8448 0.5350
vn -0.0000 -0.9963 0.0860
vn -0.0001 0.2146 0.9767
vn 0.1383 0.5372 0.8320
vn -0.0000 0.5696 0.8219
vn 0.4898 0.3042 0.8171
vn 0.5926 -0.0480 0.8041
vn 0.6020 -0.1957 0.7741
vn 0.5306 -0.5358 0.6568
vn -0.9891 0.1001 0.1077
vn -0.9731 -0.2304 0.0020
vn -0.7936 -0.6002 -0.0992
vn -0.9877 0.1087 0.1121
vn -0.9741 -0.1944 0.1151
vn -0.9741 -0.1529 0.1666
vn -0.8536 0.4246 0.3017
vn -0.8823 0.4124 0.2266
vn -0.2267 -0.2355 0.9451
vn -0.0000 -0.0337 0.9994
vn -0.0000 -0.1010 0.9949
vn -0.2601 -0.4601 0.8489
vn -0.3777 -0.5808 0.7211
vn -0.1261 -0.6645 0.7366
vn 0.0619 0.5967 -0.8001
vn -0.0000 0.5669 -0.8238
vn -0.0000 0.5815 -0.8135
vn -0.0582 0.7024 -0.7094
vn -0.1305 0.6074 -0.7836
vn -0.2132 0.4891 -0.8458
vn -0.1361 0.3566 -0.9243
vn -0.0745 0.4173 -0.9057
vn -0.0815 0.4742 -0.8766
vn -0.0013 0.4496 -0.8932
vn 0.3931 -0.8992 -0.1919
vn 0.3751 -0.9150 -0.1488
vn 0.4104 -0.9007 -0.1425
vn 0.4186 -0.9005 -0.1176
vn 0.4790 -0.8682 -0.1292
vn -0.0000 0.0154 -0.9999
vn 0.4917 0.1500 -0.8578
vn -0.0000 0.1721 -0.9851
vn 0.4778 0.2839 -0.8313
vn -0.0000 -0.4553 -0.8903
vn 0.0898 -0.6451 -0.7588
vn -0.1047 -0.5931 -0.7983
vn -0.1861 -0.4521 -0.8724
vn -0.1400 -0.2737 -0.9516
vn -0.0000 -0.1963 -0.9805
vn -0.2694 -0.4681 -0.8416
vn -0.3039 -0.4939 -0.8147
vn -0.3401 -0.4706 -0.8141
vn -0.3519 -0.4709 -0.8090
vn -0.7139 -0.2544 -0.6524
vn -0.0000 -0.3633 -0.9317
vn 0.7139 -0.2544 -0.6524
vn -0.1707 0.2789 -0.9450
vn -0.1542 0.2683 -0.9509
vn -0.1871 0.2894 -0.9387
vn -0.6322 -0.7236 -0.2772
vn -0.6420 -0.6846 -0.3452
vn -0.6526 -0.6778 -0.3387
vn -0.6828 -0.7066 -0.1860
vn -0.7348 -0.6450 -0.2101
vn -0.8409 -0.4651 -0.2766
vn -0.8404 -0.2772 -0.4657
vn -0.8616 -0.1629 -0.4807
vn -0.7856 -0.0618 -0.6156
vn 0.7214 -0.3421 0.6021
vn 0.7131 -0.6460 0.2725
vn 0.7214 -0.3436 0.6012
vn 0.7214 -0.3420 0.6021
vn 0.3580 -0.8410 -0.4056
vn 0.3342 0.8634 0.3779
vn -0.1272 0.6606 0.7399
vn -0.0450 0.7186 0.6940
vn -0.2960 0.6806 0.6702
vn -0.1505 -0.9543 0.2581
vn -0.3596 -0.5884 0.7242
vn -0.3572 -0.6118 0.7058
vn -0.1418 -0.4306 0.8913
vn 0.5641 0.7979 0.2126
vn -0.4674 0.5331 0.7052
vn -0.4164 0.8229 0.3867
vn -0.0322 0.9534 0.2999
vn -0.6085 0.7627 0.2191
vn -0.7480 0.5755 0.3305
vn -0.1266 0.9473 0.2941
vn -0.7629 0.5555 0.3307
vn -0.7176 0.6317 0.2933
vn -0.6276 -0.0840 0.7740
vn -0.2960 0.6805 0.6703
vn -0.6276 -0.0838 0.7740
vn -0.4675 0.5331 0.7052
vn -0.8500 -0.1268 0.5113
vn -0.4457 0.0696 0.8924
vn -0.8500 -0.2287 0.4746
vn -0.8501 -0.1268 0.5112
vn -0.4458 0.0697 0.8924
vn -0.9512 -0.3076 0.0244
vn -0.9499 0.3115 0.0261
vn -0.5575 -0.4841 0.6744
vn -0.9853 0.0435 0.1650
vn -0.4013 -0.2609 0.8780
vn -0.4523 -0.3663 0.8132
vn -0.1796 0.4536 0.8729
vn -0.4932 -0.1476 0.8573
vn -0.5294 -0.2365 0.8147
vn -0.6962 -0.3501 0.6267
vn -0.5362 -0.3801 0.7537
vn -0.7197 -0.3852 0.5777
vn -0.9677 -0.2381 0.0828
vn -0.9934 -0.1130 0.0202
vn -0.9562 -0.2861 0.0624
vn -0.9362 -0.3464 0.0592
vn -0.9062 -0.4205 -0.0446
vn -0.9979 -0.0635 -0.0095
vn -0.9838 0.0358 -0.1758
vn 0.9361 0.3315 -0.1180
vn 0.9366 0.3247 -0.1316
vn 0.9432 0.2942 -0.1542
vn 0.9360 0.3315 -0.1180
vn 0.3342 0.8634 0.3781
vn 0.8551 0.5184 -0.0056
vn -0.0323 0.9533 0.3001
vn 0.6487 0.7579 0.0694
vn -0.1269 0.9473 0.2942
vn 0.6090 0.7927 0.0273
vn 0.6665 0.7455 0.0101
vn 0.7179 -0.6318 -0.2922
vn 0.7764 -0.5267 -0.3461
vn 0.7632 -0.5553 -0.3303
vn 0.7483 -0.5753 -0.3302
vn 0.6039 -0.7233 -0.3350
vn 0.6093 -0.7622 -0.2186
vn 0.4117 -0.8248 -0.3875
vn 0.2317 -0.8117 -0.5362
vn 0.2728 -0.8292 -0.4878
vn 0.3686 -0.8312 -0.4162
vn 0.1359 -0.7812 -0.6093
vn 0.1545 -0.7769 -0.6103
vn -0.0248 0.9996 0.0094
vn -0.0336 0.9993 0.0131
vn -0.0027 -0.9994 -0.0337
vn -0.4994 -0.0873 0.8620
vn -0.4920 -0.0821 0.8667
vn -0.5067 -0.0926 0.8571
vn -0.0564 0.9917 0.1151
vn -0.2057 0.9742 0.0925
vn -0.1770 0.9814 0.0744
vn -0.1748 0.9797 0.0983
vn 0.1687 0.9740 0.1510
vn 0.3989 0.8914 0.2153
vn 0.4445 0.8650 0.2329
vn 0.5717 0.7710 0.2808
vn -0.3298 -0.9425 0.0550
vn -0.3287 -0.9430 0.0520
vn -0.3353 -0.9406 0.0541
vn -0.1659 -0.9781 0.1256
vn -0.0817 -0.9837 0.1603
vn 0.1695 -0.9499 0.2626
vn -0.6976 0.4748 -0.5365
vn -0.6977 0.4748 -0.5365
vn -0.5712 0.5547 -0.6050
vn -0.8052 0.3821 -0.4535
vn -0.3633 0.6649 0.6526
vn -0.7312 0.4444 0.5175
vn -0.4059 0.8859 0.2246
vn -0.9280 0.3725 -0.0082
vn -0.5453 0.8379 -0.0240
vn -0.9179 0.3176 -0.2380
vn -0.5344 0.8283 -0.1680
vn -0.7571 0.4525 -0.4713
vn -0.6533 0.7502 -0.1021
vn -0.2951 0.9524 0.0764
vn -0.7768 0.5671 0.2738
vn -0.8084 0.5698 0.1476
vn -0.6531 0.7572 -0.0052
vn -0.8574 0.4814 -0.1822
vn -0.6609 0.7233 -0.2003
vn -0.7486 -0.1528 -0.6452
vn -0.6539 -0.4343 -0.6195
vn -0.1627 -0.5669 -0.8075
vn -0.8652 -0.1714 -0.4712
vn -0.9486 0.2832 -0.1416
vn -0.7128 0.6800 0.1718
vn -0.9023 -0.3416 -0.2630
vn -0.8338 0.4663 0.2955
vn -0.8151 -0.5723 0.0902
vn -0.9755 0.1160 0.1868
vn -0.9774 -0.2114 0.0022
vn -0.7823 0.6227 -0.0154
vn -0.8780 0.4092 0.2483
vn -0.8915 0.2094 0.4016
vn -0.8665 0.2185 0.4488
vn -0.7038 0.5621 0.4344
vn -0.4391 0.8244 0.3571
vn -0.3908 0.8497 0.3540
vn -0.2985 0.8691 0.3945
vn -0.1555 0.9521 0.2633
vn -0.1638 0.8802 0.4455
vn -0.2386 0.7749 0.5853
vn -0.2155 0.8224 0.5265
vn -0.2397 0.7722 0.5884
vn -0.1177 0.8319 0.5423
vn -0.9126 0.3959 0.1017
vn -0.6888 0.7195 0.0885
vn -0.6006 0.7991 -0.0256
vn -0.9004 0.4349 0.0125
vn -0.3032 0.9464 -0.1117
vn -0.2526 0.9601 0.1203
vn -0.3020 0.9406 -0.1548
vn -0.2220 0.9651 0.1389
vn -0.9391 0.3313 -0.0914
vn -0.9411 0.3313 -0.0674
vn -0.6712 0.7405 0.0348
vn -0.9835 0.1739 -0.0491
vn -0.9750 -0.2206 -0.0274
vn -0.9582 -0.2639 -0.1108
vn -1.0000 -0.0034 0.0039
vn -0.9160 0.4002 -0.0286
vn -0.9709 -0.1915 -0.1437
vn -0.9040 -0.3416 -0.2571
vn -0.9916 0.0439 -0.1216
vn -0.8376 -0.4739 -0.2716
vn -0.7667 -0.6011 -0.2254
vn -0.4662 -0.7847 0.4086
vn -0.4661 -0.7641 0.4459
vn -0.2900 -0.8985 0.3295
vn -0.5006 -0.6840 0.5306
vn -0.3027 -0.7708 0.5605
vn -0.3755 -0.1648 0.9120
vn -0.5419 -0.5317 0.6509
vn -0.1383 0.5372 0.8321
vn -0.4898 0.3042 0.8171
vn -0.5926 -0.0481 0.8041
vn -0.6020 -0.1958 0.7741
vn -0.5306 -0.5357 0.6568
vn 0.9891 0.1001 0.1077
vn 0.7936 -0.6002 -0.0992
vn 0.9731 -0.2304 0.0020
vn 0.9877 0.1087 0.1121
vn 0.9742 -0.1943 0.1151
vn 0.9741 -0.1529 0.1666
vn 0.8537 0.4246 0.3016
vn 0.8823 0.4124 0.2266
vn 0.2267 -0.2355 0.9451
vn 0.2601 -0.4601 0.8489
vn 0.3777 -0.5808 0.7211
vn 0.1261 -0.6645 0.7366
vn -0.0620 0.5967 -0.8001
vn 0.0582 0.7024 -0.7094
vn 0.1305 0.6074 -0.7836
vn 0.2132 0.4891 -0.8458
vn 0.1361 0.3566 -0.9243
vn 0.0745 0.4173 -0.9057
vn 0.0815 0.4742 -0.8766
vn 0.0013 0.4496 -0.8932
vn -0.3931 -0.8992 -0.1919
vn -0.4104 -0.9007 -0.1425
vn -0.3751 -0.9150 -0.1488
vn -0.4186 -0.9005 -0.1176
vn -0.4791 -0.8682 -0.1292
vn -0.4917 0.1500 -0.8578
vn -0.4778 0.2839 -0.8314
vn 0.1047 -0.5931 -0.7983
vn -0.0898 -0.6451 -0.7588
vn 0.1861 -0.4521 -0.8724
vn 0.1400 -0.2737 -0.9516
vn 0.2694 -0.4681 -0.8416
vn 0.3039 -0.4939 -0.8147
vn 0.3401 -0.4706 -0.8141
vn 0.3519 -0.4709 -0.8090
vn -0.0000 0.9754 0.2203
vn 0.7017 0.6235 0.3447
vn -0.0000 0.9015 0.4328
vn -0.7017 0.6236 0.3447
vn -0.0000 0.5937 0.8047
vn 0.1973 0.6722 0.7136
vn -0.0000 0.6992 0.7150
vn 0.3030 0.7501 0.5878
vn -0.0000 0.7852 0.6193
vn 0.4189 0.7633 0.4918
vn -0.0000 0.8412 0.5407
vn 0.4682 0.7994 0.3766
vn -0.0000 0.8859 0.4640
vn -0.0000 0.9298 0.3682
vn 0.4667 0.8384 0.2814
vn -0.1973 0.6722 0.7136
vn -0.3030 0.7501 0.5878
vn -0.4189 0.7633 0.4918
vn -0.4682 0.7994 0.3766
vn -0.4667 0.8384 0.2814
vn 0.5245 0.1328 -0.8410
vn -0.1405 0.7967 -0.5878
vn -0.9832 0.1253 0.1325
vn -0.9881 0.1475 0.0429
vn 0.9881 0.1475 0.0429
vn 0.9832 0.1253 0.1324
vn 0.9126 -0.3503 0.2106
vn 0.9093 -0.3588 0.2108
vn 0.9127 -0.3503 0.2106
vn 0.9160 -0.3416 0.2104
vn -0.2784 0.4793 -0.8323
vn -0.6240 0.1784 -0.7608
vn -0.2785 0.4793 -0.8323
vn 0.1271 0.6770 -0.7249
vn -0.9069 -0.3639 0.2125
vn -0.9063 -0.3651 0.2127
vn -0.9068 -0.3641 0.2125
vn -0.9074 -0.3627 0.2122
vn -0.2044 -0.1181 -0.9717
vn -0.1975 -0.1177 -0.9732
vn -0.2322 -0.2608 -0.9371
vn -0.2330 -0.2606 -0.9369
vn -0.3127 -0.3897 -0.8662
vn -0.2043 -0.1181 -0.9718
vn -0.3331 -0.3782 -0.8637
vn -0.4632 -0.1460 -0.8742
vn -0.3103 0.2723 -0.9108
vn -0.3963 0.3157 -0.8621
vn -0.0013 0.4846 -0.8747
vn -0.0013 0.5186 -0.8550
vn 0.3132 0.2811 -0.9071
vn 0.3899 0.3184 -0.8641
vn 0.4795 -0.1296 -0.8679
vn 0.3519 -0.3665 -0.8613
vn 0.3165 -0.3884 -0.8654
vn 0.2165 -0.2630 -0.9402
vn 0.1849 -0.1206 -0.9753
vn 0.1713 -0.1200 -0.9779
vn 0.6707 0.7414 -0.0230
vn 0.8929 0.4434 -0.0779
vn 0.7085 0.5995 0.3724
vn 0.9356 0.3239 0.1405
vn 0.5183 0.6550 0.5499
vn 0.7405 0.5316 0.4111
vn 0.4064 0.7350 0.5428
vn -0.0022 0.7843 0.6203
vn -0.0019 0.6780 0.7350
vn -0.0019 0.6855 0.7281
vn -0.6113 0.6749 0.4134
vn -0.6136 0.5853 0.5300
vn -0.4105 0.7327 0.5428
vn -0.7435 0.5275 0.4111
vn -0.8620 0.2593 0.4355
vn -0.8810 0.4491 0.1488
vn -0.6749 0.7375 -0.0230
vn 0.1090 -0.4128 0.9043
vn 0.2712 -0.0514 0.9611
vn 0.2550 -0.3197 0.9126
vn -0.1012 -0.4212 0.9013
vn -0.2622 -0.3249 0.9087
vn -0.3246 -0.0710 0.9432
vn 0.0011 -0.0868 -0.9962
vn 0.0002 -0.0866 -0.9962
vn 0.0010 -0.0868 -0.9962
vn 0.0013 -0.0869 -0.9962
vn 0.9993 0.0224 -0.0304
vn 1.0000 0.0028 -0.0057
vn 1.0000 0.0028 -0.0058
vn 0.9987 -0.0326 -0.0387
vn 0.9913 0.0890 -0.0969
vn 0.9885 0.0392 -0.1461
vn 0.9837 0.0175 -0.1789
vn 0.9904 -0.0367 -0.1336
vn 0.9906 -0.1272 0.0495
vn 0.9803 -0.1905 -0.0524
vn 0.9665 0.0772 -0.2447
vn -0.9960 -0.0891 0.0090
vn -0.9922 -0.1235 -0.0199
vn -0.9970 -0.0779 0.0036
vn -0.9981 0.0305 0.0544
vn -0.9803 0.1840 0.0713
vn -0.9873 0.1169 0.1078
vn -0.9896 -0.0019 0.1441
vn -0.9874 0.0721 0.1408
vn -0.9762 -0.0081 0.2167
vn -0.9652 0.2392 0.1060
vn -0.9593 0.2497 0.1317
vn -0.9709 0.2122 0.1107
vn -0.9875 0.1288 0.0905
vn -0.9951 0.0690 0.0706
vn -0.9946 -0.0042 0.1040
vn -0.9903 -0.0177 0.1378
vn -0.9997 0.0009 0.0244
vn -1.0000 0.0044 0.0017
vn -1.0000 -0.0036 -0.0005
vn -1.0000 -0.0002 0.0095
vn -0.9999 -0.0095 0.0058
vn 0.0037 -0.9793 -0.2022
vn 0.0028 -0.9937 -0.1120
vn 0.0028 -0.9793 -0.2022
vn 0.0197 -0.9740 -0.2255
vn 0.0068 -0.9585 -0.2850
vn 0.0515 -0.9721 -0.2289
vn 0.0493 -0.9847 -0.1671
vn -0.0000 -0.9878 -0.1554
vn -0.0762 0.0009 0.9971
vn -0.0732 0.0037 0.9973
vn -0.0791 -0.0018 0.9969
vn 0.9978 -0.0044 -0.0668
vn 0.9965 -0.0450 -0.0703
vn 0.9990 -0.0020 -0.0445
vn 0.9997 0.0140 -0.0211
vn 0.9992 0.0084 -0.0379
vn 0.9947 -0.0010 -0.1028
vn 0.9881 -0.0030 -0.1538
vn 0.9872 -0.0309 -0.1565
vn -0.0398 0.8001 -0.5985
vn -0.0263 0.6816 -0.7312
vn -0.0251 0.6813 -0.7316
vn -0.0489 0.8933 -0.4468
vn -0.0629 0.9974 -0.0339
vn -0.0573 0.9976 -0.0385
vn -0.0627 0.9741 0.2172
vn -0.0675 0.9739 0.2167
vn -0.0390 -0.6819 -0.7304
vn -0.0430 -0.6777 -0.7341
vn -0.0350 -0.6860 -0.7267
vn 0.0026 -0.9021 0.4315
vn 0.0027 -0.9562 0.2927
vn 0.0328 -0.8264 0.5622
vn 0.0469 -0.7334 0.6782
vn 0.0915 -0.7321 0.6750
vn -0.0000 -0.0000 1.0000
vn -0.0024 0.8471 -0.5314
vn -0.0024 0.8470 -0.5315
vn -0.0025 0.8783 -0.4780
vn -0.0025 0.8783 -0.4781
vn 0.0006 -0.1968 0.9804
vn 0.0027 -0.9578 -0.2875
vn 0.0027 -0.9578 -0.2876
vn -0.0078 -0.9898 -0.1424
vn -0.0077 -1.0000 0.0005
vn -0.0127 -0.9894 0.1446
vn 0.0028 -0.9913 0.1318
vn 0.0026 -0.9349 -0.3548
vn 0.0025 -0.8660 -0.5000
vn 0.0028 -0.9805 -0.1963
vn 0.0028 -0.9993 -0.0366
vn 0.9952 -0.0228 -0.0955
vn 0.9804 -0.0484 -0.1912
vn 0.9560 -0.0734 -0.2841
vn 0.0007 -0.2589 -0.9659
vn -0.0022 0.7921 0.6104
vn -0.0022 0.7818 0.6236
vn -0.0023 0.8022 0.5971
vn -0.0023 0.8120 0.5836
vn -0.0012 0.4210 -0.9071
vn -0.0007 0.2588 -0.9659
vn -0.0007 0.2589 -0.9659
vn -0.0016 0.5750 -0.8181
vn 0.0119 0.5711 -0.8208
vn 0.0123 0.4239 -0.9056
vn 0.0189 0.2634 -0.9645
vn -0.0008 0.2822 -0.9593
vn -0.9982 -0.0143 0.0575
vn -0.9988 0.0138 0.0466
vn -0.9990 0.0270 0.0367
vn -0.9986 0.0449 0.0276
vn -0.9995 0.0276 0.0133
vn -0.9994 0.0329 0.0071
vn -0.9991 0.0392 0.0163
vn -0.9999 0.0108 0.0122
vn -0.9928 -0.0336 -0.1149
vn -0.9950 -0.0285 -0.0955
vn -1.0000 -0.0030 0.0003
vn -0.9555 -0.0788 -0.2841
vn -0.9556 -0.0788 -0.2841
vn 0.0025 -0.8660 0.5000
vn -0.0000 0.9880 -0.1542
vn 0.1586 0.9808 -0.1136
vn 0.0562 0.9868 -0.1520
vn 0.1704 0.9796 -0.1070
vn 0.0038 0.9863 -0.1651
vn 0.2238 0.9721 -0.0700
vn -0.0432 0.9837 -0.1745
vn -0.0319 0.9854 -0.1672
vn 0.0025 0.9866 -0.1632
vn 0.3062 0.9436 -0.1257
vn 0.2349 0.9613 -0.1438
vn 0.0906 0.9959 -0.0004
vn 0.0029 0.9999 0.0160
vn 0.0028 0.9866 0.1630
vn 0.0028 0.9866 0.1629
vn 0.0007 0.2421 -0.9703
vn 0.0009 0.3201 -0.9474
vn -0.0000 0.3201 -0.9474
vn -0.0000 0.1620 -0.9868
vn -0.0000 -0.0142 -0.9999
vn -0.0000 -0.1105 -0.9939
vn -0.0006 -0.2050 -0.9788
vn -0.0000 -0.2050 -0.9788
vn -0.0012 -0.0868 -0.9962
vn -0.0014 -0.0869 -0.9962
vn -0.0004 -0.0867 -0.9962
vn -0.0002 -0.0866 -0.9962
vn -1.0000 0.0027 -0.0058
vn -1.0000 0.0028 -0.0057
vn -0.9993 0.0224 -0.0304
vn -0.9987 -0.0326 -0.0387
vn -0.9913 0.0890 -0.0969
vn -0.9885 0.0391 -0.1461
vn -0.9837 0.0175 -0.1789
vn -0.9904 -0.0367 -0.1336
vn -0.9906 -0.1271 0.0496
vn -0.9803 -0.1905 -0.0524
vn -0.9665 0.0772 -0.2447
vn 0.0388 -0.9820 0.1851
vn 0.0360 -0.9819 0.1858
vn 0.0409 -0.9784 0.2025
vn 0.0414 -0.9788 0.2006
vn 0.0437 -0.9721 0.2303
vn 0.0565 -0.9681 0.2442
vn 0.0622 -0.9650 0.2548
vn 0.0793 -0.9628 0.2583
vn 0.0762 0.0009 0.9971
vn 0.0791 -0.0018 0.9969
vn 0.0759 0.0011 0.9971
vn 0.0732 0.0037 0.9973
vn -0.9881 -0.0030 -0.1538
vn -0.9872 -0.0309 -0.1565
vn -0.9947 -0.0010 -0.1028
vn -0.9992 0.0084 -0.0379
vn -1.0000 0.0028 -0.0000
vn -0.9997 0.0140 -0.0211
vn -0.9990 -0.0020 -0.0445
vn -0.9978 -0.0044 -0.0668
vn -0.9965 -0.0450 -0.0703
vn -0.0197 -0.9740 -0.2255
vn -0.0494 -0.9847 -0.1671
vn -0.0515 -0.9721 -0.2290
vn -0.0069 -0.9585 -0.2850
vn -0.0037 -0.9793 -0.2023
vn -0.0028 -0.9793 -0.2022
vn -0.0028 -0.9937 -0.1120
vn 0.9970 -0.0779 0.0036
vn 0.9922 -0.1235 -0.0199
vn 0.9960 -0.0890 0.0091
vn 0.9981 0.0305 0.0543
vn 0.9803 0.1840 0.0713
vn 0.9873 0.1169 0.1078
vn 0.9896 -0.0019 0.1441
vn 0.9874 0.0721 0.1408
vn 0.9762 -0.0081 0.2167
vn 0.9652 0.2392 0.1060
vn 0.9593 0.2497 0.1316
vn 0.9709 0.2122 0.1107
vn 0.9875 0.1289 0.0906
vn 0.9951 0.0690 0.0706
vn 0.9946 -0.0042 0.1040
vn 0.9903 -0.0177 0.1378
vn 0.9997 0.0008 0.0243
vn 1.0000 0.0044 0.0017
vn 1.0000 -0.0036 -0.0005
vn 1.0000 -0.0002 0.0095
vn 0.9999 -0.0095 0.0057
vn 0.0390 -0.6819 -0.7304
vn 0.0350 -0.6860 -0.7267
vn 0.0430 -0.6777 -0.7341
vn -0.0469 -0.7334 0.6782
vn -0.0916 -0.7321 0.6750
vn -0.0329 -0.8264 0.5622
vn -0.0026 -0.9021 0.4315
vn -0.0027 -0.9562 0.2927
vn 0.0006 -0.2050 -0.9788
vn 0.0001 -0.0142 -0.9999
vn -0.0007 0.2421 -0.9703
vn -0.0009 0.3201 -0.9474
vn -0.1586 0.9808 -0.1136
vn -0.0562 0.9868 -0.1520
vn -0.1704 0.9795 -0.1070
vn -0.2238 0.9721 -0.0700
vn -0.0038 0.9863 -0.1651
vn -0.3062 0.9436 -0.1257
vn 0.0432 0.9837 -0.1745
vn 0.0319 0.9854 -0.1673
vn -0.0025 0.9866 -0.1632
vn -0.2349 0.9613 -0.1438
vn -0.0906 0.9959 -0.0004
vn -0.0029 0.9999 0.0160
vn -0.0028 0.9866 0.1630
vn -0.0028 0.9866 0.1629
vn 0.0007 -0.2383 0.9712
vn -0.0000 -0.2383 0.9712
vn -0.0000 -0.1874 0.9823
vn 0.0004 -0.1359 0.9907
vn -0.0000 -0.0754 0.9972
vn 0.0002 -0.0667 0.9978
vn -0.0000 -0.0579 0.9983
vn 0.0002 -0.0579 0.9983
vn -0.0622 -0.9650 0.2548
vn -0.0793 -0.9628 0.2583
vn -0.0565 -0.9681 0.2442
vn -0.0437 -0.9721 0.2303
vn -0.0409 -0.9784 0.2025
vn -0.0414 -0.9788 0.2004
vn -0.0388 -0.9819 0.1851
vn -0.0360 -0.9819 0.1858
vn 0.0629 0.9974 -0.0339
vn 0.0675 0.9739 0.2167
vn 0.0627 0.9741 0.2172
vn 0.0573 0.9976 -0.0385
vn 0.0489 0.8933 -0.4467
vn 0.0398 0.8001 -0.5985
vn 0.0252 0.6813 -0.7316
vn 0.0262 0.6816 -0.7313
vn -0.0002 -0.0667 0.9978
vn -0.0002 -0.0579 0.9983
vn -0.0004 -0.1360 0.9907
vn -0.0007 -0.2383 0.9712
vn 0.0083 0.6085 -0.7935
vn 0.0081 0.4255 -0.9049
vn 0.0087 0.4254 -0.9049
vn 0.0080 0.7705 -0.6374
vn 0.0064 0.9402 -0.3406
vn 0.0054 0.9766 -0.2148
vn 0.0037 1.0000 0.0046
vn 0.0030 0.9953 0.0973
vn 0.0030 0.9248 0.3804
vn 0.0036 0.8256 0.5642
vn 0.0045 0.5360 0.8442
vn 0.0048 0.3446 0.9387
vn 0.0071 -0.0340 0.9994
vn 0.0070 -0.2195 0.9756
vn 0.0067 -0.5715 0.8206
vn 0.0089 -0.7336 0.6795
vn 0.0096 -0.8864 0.4629
vn 0.0095 -0.9125 0.4090
vn 0.0107 -0.9742 0.2253
vn 0.0109 -0.9959 0.0903
vn 0.0116 -0.9834 -0.1809
vn 0.0113 -0.9483 -0.3171
vn 0.0111 -0.8131 -0.5820
vn 0.0110 -0.7068 -0.7073
vn 0.0103 -0.4479 -0.8940
vn 0.0108 -0.2954 -0.9553
vn 0.0095 -0.1391 -0.9902
vn 0.9989 -0.0042 0.0468
vn 0.9988 0.0042 0.0479
vn 0.9988 -0.0015 0.0487
vn 0.9989 -0.0055 0.0455
vn 0.9989 -0.0061 0.0460
vn 0.9988 -0.0040 0.0483
vn 0.9989 -0.0031 0.0463
vn 0.9991 -0.0028 0.0419
vn 0.9993 -0.0025 0.0361
vn 0.9994 -0.0025 0.0356
vn 0.9994 -0.0007 0.0333
vn 0.9995 0.0006 0.0328
vn 0.9995 0.0032 0.0323
vn 0.9995 0.0041 0.0322
vn 0.9994 0.0070 0.0335
vn 0.9994 0.0077 0.0338
vn 0.9992 0.0108 0.0386
vn 0.9990 0.0122 0.0427
vn 0.9989 0.0127 0.0449
vn 0.9990 0.0117 0.0434
vn 0.9991 0.0109 0.0418
vn 0.9991 0.0108 0.0418
vn 0.9990 0.0098 0.0438
vn 0.9990 0.0093 0.0447
vn 0.9989 0.0066 0.0469
vn 0.9989 0.0059 0.0473
vn -0.0082 -0.6098 0.7925
vn -0.0081 -0.4183 0.9083
vn -0.0082 -0.4183 0.9083
vn -0.0079 -0.7786 0.6275
vn -0.0062 -0.9452 0.3264
vn -0.0054 -0.9782 0.2076
vn -0.0037 -1.0000 -0.0034
vn -0.0030 -0.9954 -0.0953
vn -0.0030 -0.9256 -0.3784
vn -0.0036 -0.8263 -0.5632
vn -0.0045 -0.5365 -0.8439
vn -0.0054 -0.3449 -0.9386
vn -0.0065 0.0339 -0.9994
vn -0.0070 0.2195 -0.9756
vn -0.0082 0.5745 -0.8185
vn -0.0089 0.7389 -0.6737
vn -0.0096 0.8898 -0.4562
vn -0.0096 0.9140 -0.4055
vn -0.0107 0.9743 -0.2252
vn -0.0110 0.9959 -0.0901
vn -0.0117 0.9834 0.1812
vn -0.0114 0.9483 0.3172
vn -0.0112 0.8130 0.5822
vn -0.0110 0.7063 0.7078
vn -0.0104 0.4484 0.8938
vn -0.0101 0.2976 0.9546
vn -0.0095 0.1429 0.9897
vn -0.0096 0.1429 0.9897
vn -0.0000 -0.9782 -0.2076
vn 0.0001 -0.9782 -0.2076
vn 0.9449 0.0680 -0.3202
vn 0.9449 -0.0680 0.3202
vn 0.7560 0.1359 -0.6403
vn 0.7560 -0.1359 0.6403
vn 0.1889 -0.2039 0.9606
vn -0.1889 -0.2039 0.9606
vn -0.7560 -0.1359 0.6403
vn -0.9449 -0.0680 0.3202
vn -0.9449 0.0680 -0.3202
vn -0.7560 0.1359 -0.6403
vn -0.1889 0.2039 -0.9606
vn 0.1889 0.2039 -0.9606
vn 0.7559 0.1359 -0.6404
vn -0.1890 0.2039 -0.9606
vn -0.7559 0.1359 -0.6404
vn -0.9449 0.0680 -0.3203
vn -0.9449 -0.0680 0.3203
vn -0.7559 -0.1359 0.6404
vn -0.1890 -0.2039 0.9606
vn 0.1890 -0.2039 0.9606
vn 0.7559 -0.1359 0.6404
vn 0.9449 -0.0680 0.3203
vn -0.0414 -0.9803 0.1929
vn 0.0623 -0.9830 0.1728
vn 0.0242 -0.9942 0.1046
vn -0.0184 -0.9998 -0.0118
vn 0.0028 -0.9707 -0.2402
vn 0.0027 -0.9614 -0.2751
vn 0.0024 -0.8881 -0.4597
vn 0.0025 -0.8881 -0.4597
vn 0.0019 -0.7787 -0.6274
vn 0.0019 -0.7548 -0.6560
vn -0.0193 -0.5475 -0.8366
vn 0.0359 -0.5406 -0.8405
vn 0.0572 -0.4177 -0.9068
vn 0.1118 -0.4457 -0.8882
vn -0.0738 -0.4389 -0.8955
vn 0.0782 -0.4605 -0.8842
vn -0.1097 -0.4461 -0.8882
vn 0.0230 -0.3615 -0.9321
vn -0.0566 -0.4825 -0.8741
vn -0.0356 -0.3645 -0.9305
vn 0.0002 -0.0794 -0.9968
vn -0.0000 -0.0088 -1.0000
vn -0.0005 0.1593 -0.9872
vn -0.0008 0.3215 -0.9469
vn -0.0010 0.3866 -0.9223
vn 0.0259 0.5917 -0.8057
vn -0.0291 0.6747 -0.7375
vn 0.0557 0.7308 -0.6803
vn 0.1085 0.7019 -0.7040
vn -0.0782 0.7132 -0.6966
vn 0.0726 0.6963 -0.7141
vn -0.1112 0.7014 -0.7040
vn 0.0184 0.7807 -0.6246
vn -0.0572 0.6796 -0.7314
vn -0.0360 0.7756 -0.6302
vn -0.0024 0.9220 -0.3873
vn -0.0025 0.9358 -0.3526
vn -0.0027 0.9771 -0.2129
vn -0.0028 0.9945 -0.1046
vn -0.0028 0.9992 0.0393
vn -0.0028 0.9972 0.0751
vn -0.0328 0.9437 0.3291
vn 0.0480 0.9443 0.3257
vn 0.0828 0.8827 0.4625
vn 0.1607 0.8783 0.4503
vn -0.1145 0.8927 0.4359
vn 0.1107 0.8760 0.4695
vn -0.1632 0.8778 0.4504
vn 0.0350 0.8627 0.5045
vn -0.0861 0.8919 0.4439
vn -0.0391 0.8123 0.5819
vn -0.0019 0.6678 0.7443
vn -0.0017 0.5907 0.8069
vn -0.0011 0.4360 0.9000
vn -0.0012 0.4357 0.9001
vn -0.0004 0.2856 0.9584
vn -0.0002 0.2081 0.9781
vn -0.0222 -0.0607 0.9979
vn 0.0384 -0.0602 0.9974
vn 0.0631 -0.1789 0.9818
vn 0.1204 -0.1553 0.9805
vn -0.0811 -0.1567 0.9843
vn 0.0826 -0.1574 0.9841
vn -0.1168 -0.1560 0.9808
vn 0.0284 -0.2158 0.9760
vn -0.0599 -0.1341 0.9892
vn -0.0263 -0.3190 0.9474
vn 0.0015 -0.5186 0.8550
vn 0.0016 -0.5642 0.8256
vn 0.0022 -0.7191 0.6949
vn 0.0020 -0.7195 0.6945
vn 0.0025 -0.8352 0.5499
vn 0.0026 -0.8549 0.5187
vn -0.0139 -0.9650 0.2620
vn 0.0308 -0.9676 0.2506
vn 0.0471 -0.9922 0.1158
vn 0.0897 -0.9841 0.1533
vn -0.0556 -0.9893 0.1352
vn -0.0831 -0.9847 0.1532
vn 0.9909 0.1039 -0.0852
vn 0.9917 0.0927 -0.0894
vn 0.9679 -0.2104 0.1372
vn 0.9681 -0.2022 0.1480
vn 0.6754 -0.5273 0.5155
vn 0.5892 -0.7362 0.3329
vn 0.5495 -0.2824 0.7863
vn 0.6122 0.0268 0.7902
vn 0.5330 -0.8303 -0.1630
vn 0.6758 -0.6520 -0.3438
vn 0.6352 0.3189 0.7035
vn 0.5327 0.6797 0.5042
vn 0.9667 0.0679 0.2468
vn 0.9668 0.0807 0.2423
vn 0.9913 -0.0471 -0.1225
vn 0.9921 -0.0545 -0.1132
vn 0.5849 0.7943 0.1642
vn 0.5292 0.7696 -0.3574
vn 0.5878 -0.5433 -0.5994
vn 0.5300 -0.1008 -0.8420
vn 0.9682 -0.1928 -0.1596
vn 0.9684 -0.2005 -0.1485
vn 0.9909 0.1149 0.0696
vn 0.9916 0.1155 0.0578
vn 0.6726 0.1270 -0.7291
vn 0.6702 0.7346 -0.1061
vn 0.9662 0.2575 0.0143
vn 0.9664 0.2572 0.0007
vn 0.9916 -0.1290 0.0096
vn 0.9923 -0.1224 0.0195
vn 0.5851 0.4032 -0.7036
vn 0.9671 0.0945 -0.2362
vn 0.9673 0.0815 -0.2401
vn 0.9913 -0.0288 0.1281
vn 0.9920 -0.0174 0.1249
vn -0.9924 0.0927 -0.0811
vn -0.9923 0.0863 -0.0887
vn -0.9667 -0.2159 0.1373
vn -0.9679 -0.2047 0.1459
vn -0.6361 -0.6931 0.3391
vn -0.6211 -0.5405 0.5676
vn -0.5479 -0.2855 0.7863
vn -0.6688 0.0647 0.7406
vn -0.5283 -0.8333 -0.1630
vn -0.6199 -0.7086 -0.3371
vn -0.6363 -0.5380 -0.5529
vn -0.5295 -0.1039 -0.8419
vn -0.9670 -0.1983 -0.1597
vn -0.9682 -0.2030 -0.1463
vn -0.9925 0.1036 0.0656
vn -0.9924 0.1088 0.0573
vn -0.6213 0.1005 -0.7771
vn -0.6385 0.3583 -0.6811
vn -0.5335 0.7666 -0.3574
vn -0.9676 0.0890 -0.2363
vn -0.9687 0.0749 -0.2366
vn -0.9921 -0.0323 0.1215
vn -0.9920 -0.0228 0.1238
vn -0.6233 0.7689 -0.1426
vn -0.6397 0.7572 0.1318
vn -0.5365 0.6767 0.5042
vn -0.9676 0.2521 0.0143
vn -0.9688 0.2479 0.0007
vn -0.9918 -0.1277 0.0095
vn -0.9917 -0.1269 0.0193
vn -0.5885 0.3467 0.7304
vn -0.9671 0.0624 0.2468
vn -0.9683 0.0741 0.2387
vn -0.9920 -0.0505 -0.1159
vn -0.9919 -0.0596 -0.1122
vn 0.0023 -0.8140 0.5808
vn 0.0023 -0.8015 0.5980
vn 0.0017 -0.5922 0.8058
vn -0.0001 0.0351 0.9994
vn -0.0001 0.0352 0.9994
vn -0.0017 0.5844 0.8115
vn -0.0021 0.7356 0.6774
vn -0.0024 0.8527 0.5223
vn 0.0023 -0.8029 -0.5960
vn 0.0023 -0.8030 -0.5960
vn 0.0023 -0.8145 -0.5802
vn 0.0027 -0.9486 -0.3166
vn 0.0027 -0.9384 0.3455
vn 0.0017 -0.5875 0.8092
vn 0.0012 -0.4153 0.9097
vn 0.0007 -0.2337 0.9723
vn -0.0009 0.3190 -0.9477
vn -0.0009 0.2986 -0.9544
vn -0.0000 0.0062 -1.0000
vn 0.0018 -0.6209 -0.7839
vn 0.0027 -0.9525 -0.3044
vn 0.0028 -0.9938 -0.1109
vn 0.0028 -0.9968 0.0797
vn -0.0028 1.0000 0.0090
vn -0.0028 0.9999 -0.0153
vn -0.0027 0.9519 -0.3065
vn -0.0016 0.5550 -0.8319
vn -0.0016 0.5549 -0.8319
vn -0.0000 -0.0031 -1.0000
vn 0.0006 -0.2015 -0.9795
vn 0.0011 -0.3851 -0.9229
vn -0.0009 0.3016 0.9534
vn -0.0009 0.3246 0.9458
vn -0.0009 0.3246 0.9459
vn -0.0017 0.5861 0.8103
vn -0.0027 0.9615 0.2746
vn -0.0027 0.9616 0.2746
vn -0.0027 0.9518 -0.3066
vn -0.0025 0.8707 -0.4918
vn -0.0021 0.7591 -0.6509
vn 0.9817 0.1907 0.0005
vn 0.9819 0.0609 0.1791
vn 1.0000 0.0033 0.0008
vn 0.9822 0.0605 -0.1779
vn 0.9827 -0.1488 0.1107
vn 0.9828 -0.1485 -0.1097
vn -0.9827 0.1851 0.0004
vn -0.9825 0.0554 -0.1778
vn -1.0000 -0.0025 0.0006
vn -0.9823 0.0553 0.1791
vn -0.9819 -0.1541 -0.1097
vn -0.9818 -0.1547 0.1101
vn 0.8266 0.1867 -0.5309
vn 0.8245 0.0703 -0.5615
vn 0.9999 0.0075 -0.0132
vn 1.0000 0.0071 -0.0064
vn 0.8295 0.2921 -0.4761
vn 0.6781 -0.2589 0.6878
vn 0.6780 -0.1164 0.7258
vn 0.9999 0.0094 -0.0058
vn 0.8286 0.3827 -0.4086
vn 0.2434 -0.3378 0.9092
vn 0.2431 -0.1488 0.9585
vn 0.6791 -0.4020 0.6142
vn 0.9999 0.0091 -0.0067
vn 0.8275 0.4576 -0.3253
vn 0.2440 -0.5267 0.8143
vn -0.2216 -0.3177 0.9219
vn -0.2424 -0.1454 0.9592
vn 0.6785 -0.5170 0.5219
vn 0.9999 0.0133 -0.0048
vn 0.8257 0.5175 -0.2245
vn -0.1797 -0.5323 0.8273
vn -0.6952 -0.2093 0.6877
vn -0.6775 -0.1062 0.7278
vn 0.2442 -0.6797 0.6917
vn 0.6802 -0.6170 0.3959
vn 0.9998 0.0152 -0.0098
vn 0.8179 0.5636 -0.1158
vn -0.1990 -0.6997 0.6861
vn -0.7095 -0.3435 0.6153
vn -0.9996 0.0278 -0.0045
vn -0.9936 0.0275 -0.1092
vn -0.8209 0.1861 -0.5399
vn -0.8214 0.0910 -0.5630
vn -0.8269 0.2934 -0.4798
vn -0.9971 0.0689 -0.0327
vn -0.8296 0.3805 -0.4087
vn -0.9956 0.0744 -0.0574
vn -0.8303 0.4663 -0.3053
vn -0.6732 -0.5409 0.5041
vn -0.9963 -0.0778 0.0362
vn -0.6597 -0.6458 0.3844
vn -1.0000 0.0091 -0.0031
vn -0.8234 0.5300 -0.2027
vn -0.2411 -0.8115 0.5324
vn -0.9936 0.1130 -0.0080
vn -0.8152 0.5704 -0.1004
vn -0.8131 0.5815 0.0251
vn -0.6752 -0.6849 0.2739
vn 0.2452 -0.8125 0.5289
vn -0.9997 0.0171 0.0185
vn -0.8216 0.5599 0.1067
vn -0.2398 -0.9028 0.3570
vn -0.6769 -0.7256 0.1242
vn 0.2447 -0.9029 0.3534
vn -0.9996 0.0076 0.0269
vn -0.8248 0.5146 0.2343
vn -0.6747 -0.7375 -0.0291
vn -0.2408 -0.9578 0.1573
vn 0.6787 -0.6850 0.2648
vn -0.9993 -0.0035 0.0366
vn -0.8198 0.4440 0.3616
vn 0.2459 -0.9571 0.1531
vn -0.6755 -0.7210 -0.1544
vn -0.2394 -0.9700 -0.0424
vn 0.6809 -0.7241 0.1102
vn 0.2449 -0.9684 -0.0462
vn -0.2397 -0.9472 -0.2131
vn -0.6772 -0.6577 -0.3300
vn -0.9928 -0.0988 -0.0677
vn 0.9997 0.0248 0.0042
vn 0.8156 0.5781 0.0256
vn 0.6788 -0.7333 -0.0384
vn 0.9998 0.0180 0.0013
vn 0.8219 0.5608 0.1000
vn 0.2456 -0.9446 -0.2176
vn -0.9998 0.0156 0.0142
vn -0.8129 0.3489 0.4664
vn 0.9998 0.0186 0.0012
vn 0.8218 0.5196 0.2336
vn 0.6797 -0.7141 -0.1677
vn -0.2411 -0.8636 -0.4428
vn -0.6753 -0.5732 -0.4642
vn -0.9995 -0.0037 0.0301
vn -0.8240 0.2396 0.5135
vn 0.9998 0.0157 0.0100
vn 0.8206 0.4502 0.3520
vn 0.2457 -0.8602 -0.4468
vn 0.6806 -0.6472 -0.3434
vn -0.6775 -0.4680 -0.5674
vn -0.2401 -0.7509 -0.6152
vn -0.9976 -0.0387 -0.0578
vn -0.8446 0.1057 0.5248
vn 0.2444 -0.7469 -0.6184
vn 0.6785 -0.5630 -0.4720
vn -0.2417 -0.6105 -0.7542
vn -0.6464 -0.3609 -0.6723
vn -0.9929 0.0090 -0.1189
vn -0.8376 -0.0123 0.5462
vn 0.2447 -0.6058 -0.7570
vn 0.9998 0.0174 0.0090
vn 0.8209 0.3857 0.4212
vn -0.5868 -0.2130 -0.7812
vn -0.2412 -0.4354 -0.8673
vn -0.9995 0.0164 -0.0282
vn -0.8258 -0.1083 0.5534
vn 0.6797 -0.4532 -0.5767
vn 0.9997 0.0164 0.0152
vn 0.8131 0.2706 0.5154
vn -0.6167 -0.0193 -0.7870
vn -0.2426 -0.2525 -0.9367
vn 0.2436 -0.4303 -0.8692
vn -0.9940 -0.0485 0.0983
vn -0.8266 -0.1974 0.5270
vn -0.8205 -0.2942 0.4901
vn 0.9997 0.0089 0.0218
vn 0.8190 0.1643 0.5497
vn 0.6781 -0.3214 -0.6610
vn 0.2434 -0.2470 -0.9379
vn 0.9999 0.0037 0.0142
vn 0.8233 0.0406 0.5661
vn 0.6785 -0.1811 -0.7119
vn -0.2426 -0.0448 -0.9691
vn 0.9999 0.0031 0.0147
vn 0.8255 -0.0652 0.5607
vn 0.6777 -0.0239 -0.7350
vn 0.2427 -0.0393 -0.9693
vn -0.6783 0.1075 -0.7269
vn 0.9999 0.0005 0.0126
vn 0.8277 -0.1831 0.5304
vn 0.6772 0.1234 -0.7254
vn 0.2420 0.1554 -0.9577
vn -0.2434 0.1499 -0.9583
vn -0.6789 0.2617 -0.6861
vn 0.9999 -0.0018 0.0118
vn 0.8278 -0.2834 0.4842
vn 0.6773 0.2773 -0.6814
vn -0.2439 0.3528 -0.9033
vn 0.2419 0.3581 -0.9018
vn -0.9995 -0.0295 0.0074
vn -0.8176 -0.3992 0.4148
vn 0.9999 -0.0024 0.0144
vn 0.8231 -0.3887 0.4140
vn 0.6760 0.4076 -0.6139
vn 0.2407 0.5315 -0.8121
vn -0.2442 0.5267 -0.8142
vn -0.6786 0.3945 -0.6196
vn -0.9992 -0.0383 -0.0141
vn -0.8247 -0.4737 0.3089
vn 0.9999 -0.0132 0.0063
vn 0.8273 -0.4686 0.3098
vn 0.6770 0.5300 -0.5106
vn 0.2412 0.6931 -0.6793
vn -0.6800 0.5166 -0.5203
vn -0.9998 -0.0174 -0.0087
vn -0.8325 -0.5192 0.1931
vn -0.2451 0.6887 -0.6823
vn 1.0000 -0.0033 0.0039
vn 0.8339 -0.5076 0.2168
vn 0.6751 0.6224 -0.3961
vn -0.6788 0.6129 -0.4044
vn -0.9927 0.1045 -0.0595
vn -0.2448 0.8125 -0.5291
vn 0.2398 0.8161 -0.5258
vn 1.0000 -0.0053 -0.0003
vn 0.8332 -0.5444 0.0968
vn -0.9999 -0.0101 -0.0014
vn -0.8311 -0.5510 0.0747
vn -0.6808 0.6824 -0.2661
vn 0.6769 0.6913 -0.2527
vn 0.2408 0.9088 -0.3407
vn -0.2459 0.9059 -0.3448
vn 1.0000 -0.0033 0.0031
vn 0.8367 -0.5477 0.0003
vn -0.6788 0.7247 -0.1187
vn 0.6747 0.7300 -0.1093
vn 0.2394 0.9596 -0.1480
vn -0.2449 0.9576 -0.1519
vn 1.0000 -0.0033 -0.0016
vn 0.8343 -0.5366 -0.1266
vn -1.0000 -0.0087 0.0028
vn -0.8295 -0.5562 -0.0500
vn 0.6770 0.7345 0.0478
vn -0.6811 0.7315 0.0331
vn -0.9999 -0.0146 -0.0001
vn -0.8218 -0.5489 -0.1525
vn -0.2461 0.9679 0.0514
vn 0.2407 0.9690 0.0557
vn -0.9998 -0.0171 -0.0050
vn -0.8279 -0.4839 -0.2836
vn -0.6786 0.7101 0.1877
vn -0.2448 0.9363 0.2517
vn 0.2396 0.9367 0.2555
vn -0.9999 -0.0059 -0.0093
vn -0.8343 -0.4135 -0.3647
vn -0.6807 0.6555 0.3270
vn -0.9950 -0.0535 -0.0842
vn -0.8345 -0.3461 -0.4288
vn -0.8328 -0.2631 -0.4870
vn -0.2457 0.8643 0.4390
vn -0.6783 0.5716 0.4617
vn 0.6748 0.7113 0.1969
vn -0.9999 0.0102 -0.0123
vn -0.8313 -0.1519 -0.5346
vn 0.2410 0.8636 0.4428
vn -0.6800 0.4664 0.5658
vn -0.2443 0.7521 0.6121
vn 1.0000 -0.0080 0.0026
vn 0.8299 -0.5080 -0.2307
vn 0.6771 0.6526 0.3401
vn 0.9999 -0.0036 -0.0111
vn 0.8313 -0.4310 -0.3511
vn 0.2403 0.7509 0.6152
vn -0.2448 0.6119 0.7521
vn 1.0000 -0.0009 -0.0020
vn 0.8374 -0.3417 -0.4266
vn 0.6754 0.5688 0.4693
vn 0.2417 0.6098 0.7548
vn -0.6779 0.3331 0.6554
vn 0.6774 0.4591 0.5748
vn 0.9920 0.0679 0.1069
vn -0.2435 0.4364 0.8662
vn -0.9924 0.0447 0.1147
vn 0.9999 -0.0148 0.0018
vn 0.8348 -0.2324 -0.4991
vn 0.6765 0.3271 0.6599
vn 0.2414 0.4340 0.8680
vn -0.6788 0.1954 0.7079
vn -0.9999 -0.0081 -0.0125
vn -0.8220 -0.0128 -0.5694
vn 0.9952 -0.0350 -0.0917
vn 0.8354 -0.1460 -0.5298
vn 0.8316 -0.0460 -0.5534
vn 0.6778 0.1861 0.7113
vn 0.2424 0.2501 0.9374
vn -0.2436 0.2529 0.9363
vn -0.6775 0.0365 0.7346
vn -0.2426 0.0444 0.9691
vn 0.2427 0.0415 0.9692
vn 0.6778 0.0283 0.7347
vn 0.9999 -0.0014 -0.0120
vn -0.0027 0.9999 0.0118
vn -0.0006 0.2835 0.9590
vn -0.0006 0.2834 0.9590
vn -0.0027 0.9677 0.2521
vn -0.0028 0.9685 0.2490
vn -0.0007 0.2521 -0.9677
vn 0.0027 -0.9677 -0.2521
vn 0.0028 -0.9681 -0.2504
vn 0.0028 -0.9679 -0.2511
vn 0.0028 -0.9991 0.0418
vn 0.0029 -0.9991 0.0419
vn 0.0026 -0.9173 0.3983
vn 0.0025 -0.8850 0.4656
vn 0.0024 -0.8480 0.5300
vn 1.0000 0.0028 -0.0002
vn -0.0000 -0.0169 -0.9999
vn -0.0010 0.3346 -0.9424
vn 0.0002 -0.0601 -0.9982
vn 0.0002 -0.0600 -0.9982
vn -0.0013 0.4455 -0.8953
vn -0.0018 0.6271 -0.7789
vn -0.0019 0.6272 -0.7789
vn -0.0013 0.4454 -0.8953
vn -0.0005 0.1770 -0.9842
vn -0.0003 0.1009 -0.9949
vn -0.0003 0.1008 -0.9949
vn 0.0028 -0.9685 -0.2490
vn 0.0901 -0.4073 -0.9089
vn 0.4955 -0.3539 -0.7932
vn 0.7123 -0.2849 -0.6414
vn -0.0877 -0.4079 -0.9088
vn -0.4934 -0.3575 -0.7929
vn -0.7107 -0.2902 -0.6409
vn -0.9818 -0.0809 -0.1720
vn -0.9822 0.0737 0.1728
vn -0.6555 0.3069 0.6900
vn -0.3285 0.3854 0.8623
vn 0.3264 0.3879 0.8620
vn 0.6538 0.3117 0.6895
vn 0.9818 0.0809 0.1720
vn 0.9822 -0.0737 -0.1728
vn -1.0000 -0.0028 -0.0001
vn -1.0000 -0.0029 -0.0001
vn -0.9958 0.0203 -0.0889
vn -0.9989 0.0092 -0.0459
vn -0.9941 -0.0032 -0.1084
vn -0.9261 -0.0531 -0.3735
vn -0.8905 -0.0917 -0.4457
vn -0.5727 -0.2835 -0.7692
vn -0.6720 -0.2345 -0.7024
vn -0.9679 0.0843 -0.2366
vn -0.9593 0.1068 -0.2616
vn -0.9672 0.0614 -0.2463
vn -0.9935 0.0261 -0.1110
vn 0.0029 -0.9999 0.0098
vn 0.9983 -0.0569 -0.0128
vn 0.8662 -0.2307 -0.4432
vn 0.9759 -0.2054 0.0732
vn 0.7862 0.1085 0.6084
vn 0.7272 0.2898 0.6223
vn -0.3284 0.3834 0.8632
vn 0.9986 0.0418 -0.0339
vn 0.9928 0.1201 -0.0012
vn 0.4462 0.3651 0.8171
vn -0.7123 0.2513 0.6553
vn -0.7079 0.2856 0.6459
vn -0.9946 -0.0617 0.0839
vn -0.9994 -0.0312 0.0126
vn -0.9916 -0.1130 -0.0634
vn -0.7943 -0.2868 -0.5355
vn -0.7820 -0.2635 -0.5648
vn -0.4159 -0.4072 -0.8131
vn 0.0014 -0.4652 -0.8852
vn 0.0013 -0.4652 -0.8852
vn 0.0005 -0.1676 0.9858
vn 0.0011 -0.3917 0.9201
vn 0.0005 -0.1676 0.9859
vn 0.0017 -0.6057 0.7957
vn 0.0015 -0.5394 0.8420
vn 0.0015 -0.5394 0.8421
vn -0.0002 0.0601 0.9982
vn -0.0002 0.0602 0.9982
vn 0.0012 -0.4454 0.8953
vn 0.0018 -0.6272 0.7789
vn 0.0022 -0.7737 0.6335
vn 0.0022 -0.7738 0.6334
vn 0.9397 0.0336 0.3403
vn 0.9732 -0.0061 0.2299
vn 0.9695 -0.0592 0.2377
vn 0.9478 0.0579 0.3135
vn 0.8387 0.1329 0.5281
vn 0.9205 0.0612 0.3860
vn 0.9964 -0.0094 0.0841
vn 0.9948 -0.0231 0.0994
vn 0.9948 -0.0232 0.0994
vn 0.9790 -0.0488 0.1978
vn -0.0013 -0.4652 -0.8852
vn 0.4159 -0.4072 -0.8131
vn 0.6720 -0.2345 -0.7024
vn 0.7821 -0.2634 -0.5647
vn 0.5727 -0.2835 -0.7692
vn 0.7943 -0.2868 -0.5355
vn 0.9994 -0.0312 0.0126
vn 0.9916 -0.1130 -0.0634
vn 0.9946 -0.0617 0.0840
vn 0.7123 0.2513 0.6553
vn 0.7079 0.2856 0.6460
vn 0.3284 0.3834 0.8632
vn -0.4462 0.3651 0.8171
vn -0.7272 0.2898 0.6223
vn -0.7862 0.1085 0.6084
vn -0.9986 0.0418 -0.0339
vn -0.9983 -0.0569 -0.0128
vn -0.9927 0.1202 -0.0011
vn -0.9759 -0.2054 0.0732
vn -0.8662 -0.2307 -0.4432
vn 0.0019 -0.6764 0.7366
vn 0.0020 -0.6763 0.7366
vn 0.0007 -0.2521 0.9677
vn -0.0027 0.9677 0.2520
vn -0.0028 0.9669 0.2550
vn -0.0529 0.9460 0.3199
vn -0.0027 0.9551 0.2964
vn -0.1030 0.9193 0.3799
vn -0.2020 0.8844 0.4208
vn -0.0007 0.2520 -0.9677
vn 0.0028 -0.9677 -0.2521
vn -0.0007 -0.2521 0.9677
vn -0.0017 -0.6271 0.7789
vn -0.0022 -0.7738 0.6334
vn -0.0022 -0.7738 0.6335
vn -0.0012 -0.4454 0.8953
vn 0.0002 0.0601 0.9982
vn 0.0002 0.0602 0.9982
vn -0.0015 -0.5394 0.8421
vn -0.0017 -0.6057 0.7957
vn -0.0011 -0.3917 0.9201
vn -0.0005 -0.1676 0.9858
vn -0.0005 -0.1676 0.9859
vn -0.0028 -0.9999 0.0098
vn -0.0028 -0.9999 0.0097
vn -0.0019 -0.6763 0.7366
vn -0.0019 -0.6764 0.7366
vn -0.0020 -0.6763 0.7366
vn -0.9822 -0.0731 -0.1729
vn -0.4955 -0.3537 -0.7933
vn -0.7123 -0.2853 -0.6412
vn -0.9818 0.0805 0.1722
vn -0.6537 0.3122 0.6894
vn -0.3263 0.3880 0.8619
vn 0.3285 0.3853 0.8624
vn 0.6555 0.3075 0.6898
vn 0.9822 0.0731 0.1729
vn 0.9818 -0.0805 -0.1721
vn 0.7106 -0.2904 -0.6408
vn 0.4935 -0.3575 -0.7929
vn 0.0877 -0.4079 -0.9088
vn -0.0900 -0.4074 -0.9088
vn -0.0005 0.1892 0.9819
vn -0.0009 0.3281 0.9446
vn 0.0002 -0.0609 0.9981
vn 0.0007 -0.2520 0.9677
vn 1.0000 -0.0029 0.0001
vn 1.0000 -0.0028 0.0002
vn 0.9958 0.0203 -0.0889
vn 0.9989 0.0092 -0.0459
vn 0.9941 -0.0033 -0.1084
vn 0.9261 -0.0530 -0.3735
vn 0.8904 -0.0917 -0.4458
vn 0.9680 0.0843 -0.2365
vn 0.9593 0.1068 -0.2616
vn 0.9672 0.0614 -0.2463
vn 0.9935 0.0260 -0.1110
vn 1.0000 -0.0028 -0.0001
vn -1.0000 0.0028 0.0001
vn -1.0000 0.0029 -0.0004
vn 0.0003 0.1009 -0.9949
vn 0.0003 0.1008 -0.9949
vn 0.0005 0.1770 -0.9842
vn 0.0013 0.4454 -0.8953
vn 0.0018 0.6271 -0.7789
vn 0.0018 0.6272 -0.7789
vn -0.0001 -0.0601 -0.9982
vn -0.0002 -0.0600 -0.9982
vn -0.0000 -0.0170 -0.9999
vn 0.0010 0.3346 -0.9424
vn -0.9948 -0.0231 0.0994
vn -0.9790 -0.0487 0.1978
vn -0.9948 -0.0231 0.0995
vn -0.9964 -0.0094 0.0841
vn -0.9478 0.0579 0.3136
vn -0.9205 0.0612 0.3860
vn -0.8387 0.1329 0.5281
vn -0.9397 0.0337 0.3404
vn -0.9732 -0.0061 0.2299
vn -0.9695 -0.0592 0.2377
vn -0.0027 -0.9677 -0.2521
vn -0.0028 -0.9680 -0.2511
vn -0.0028 -0.9681 -0.2504
vn -0.0029 -0.9991 0.0418
vn -0.0027 -0.9677 -0.2520
vn -0.0026 -0.9172 0.3983
vn -0.0025 -0.8850 0.4656
vn -0.0024 -0.8480 0.5300
vn 0.0005 0.1892 0.9819
vn 0.0009 0.3282 0.9446
vn 0.0009 0.3281 0.9446
vn -0.0002 -0.0610 0.9981
vn -0.0007 -0.2520 0.9677
vn 0.0028 0.9685 0.2490
vn 0.0007 0.2521 -0.9677
vn -0.0027 -0.9685 -0.2490
vn 0.0027 0.9677 0.2521
vn 0.0027 0.9677 0.2522
vn -0.0028 -0.9677 -0.2520
vn 0.0007 0.2520 -0.9677
vn 0.1030 0.9193 0.3799
vn 0.2020 0.8843 0.4209
vn 0.0529 0.9460 0.3199
vn 0.0027 0.9551 0.2964
vn 0.0027 0.9669 0.2550
vn 0.0027 0.9669 0.2553
vn 0.0027 0.9677 0.2520
vn 0.0026 0.9135 -0.4067
vn 0.0025 0.9135 -0.4068
vn 0.0026 0.9136 -0.4067
vn -0.0026 0.9135 -0.4067
vn -0.0026 0.9136 -0.4067
vn -0.0026 0.9135 -0.4068
vn 0.6716 -0.1339 -0.7288
vn -0.7125 -0.5390 -0.4492
vn -0.6716 -0.1339 -0.7287
vn 0.7124 -0.5391 -0.4493
vn 0.3296 -0.8871 -0.3231
vn 0.1973 -0.8651 -0.4611
vn 0.1973 -0.8651 -0.4612
vn 0.0577 -0.8111 -0.5821
vn -0.1347 -0.9197 0.3687
vn -0.3553 -0.8746 0.3299
vn -0.1348 -0.9197 0.3687
vn 0.0928 -0.9169 0.3883
vn 0.4301 -0.7544 -0.4958
vn 0.5829 -0.6926 -0.4249
vn 0.4302 -0.7544 -0.4958
vn 0.2635 -0.7920 -0.5507
vn 0.4405 0.3389 0.8313
vn 0.5080 0.3331 0.7943
vn 0.3703 0.3427 0.8634
vn 0.5364 -0.7107 0.4551
vn 0.4978 -0.7352 0.4601
vn 0.5739 -0.6847 0.4492
vn 0.5581 -0.3088 -0.7702
vn 0.6941 -0.3160 -0.6469
vn 0.5943 -0.2985 -0.7468
vn 0.4424 -0.3156 -0.8395
vn 0.3960 -0.3184 -0.8613
vn 0.3509 -0.3126 -0.8827
vn 0.3433 -0.2826 -0.8957
vn 0.3505 -0.3127 -0.8828
vn -0.8675 0.0987 0.4876
vn -0.7027 0.0599 0.7089
vn -0.7067 0.0629 0.7047
vn -0.7910 0.0653 0.6083
vn -0.9291 0.0615 0.3648
vn -0.7072 0.0426 0.7058
vn -0.8037 0.0490 0.5931
vn -0.8260 0.0737 0.5589
vn -0.9424 0.1631 0.2921
vn -0.7619 -0.0930 0.6410
vn -0.9396 0.2744 0.2045
vn -0.9339 -0.2782 0.2247
vn -0.8160 0.5678 -0.1079
vn -0.9579 -0.2309 0.1704
vn -0.9097 0.3449 0.2314
vn -0.8440 -0.1494 0.5152
vn -0.7520 0.3165 0.5782
vn -0.5420 0.0422 0.8393
vn -0.3976 0.5621 0.7252
vn -0.0000 0.3243 0.9459
vn -0.4091 0.8424 0.3506
vn -0.4922 0.8571 0.1521
vn -0.7140 0.6949 -0.0851
vn -0.5518 0.8338 0.0193
vn -0.7367 0.5653 -0.3711
vn -0.4162 0.4627 -0.7827
vn -0.9717 0.0636 -0.2276
vn -0.9849 0.1723 -0.0193
vn -0.9088 0.0692 0.4114
vn -0.9232 -0.0376 0.3824
vn -0.7822 -0.3383 0.5232
vn -0.9190 -0.3882 0.0687
vn -0.8474 -0.5242 -0.0845
vn -0.9352 0.0886 -0.3429
vn -0.9851 -0.1542 -0.0762
vn -0.6197 0.6393 -0.4553
vn -0.5729 0.7719 -0.2755
vn -0.0000 0.8248 -0.5654
vn -0.8652 0.1565 -0.4763
vn -0.9016 -0.2234 -0.3705
vn -0.5306 0.5661 -0.6309
vn -0.5010 0.8587 -0.1077
vn -0.5773 -0.0729 -0.8133
vn -0.5007 -0.3054 -0.8100
vn -0.5272 0.3806 -0.7597
vn -0.0000 0.9616 -0.2744
vn -0.0000 0.9958 -0.0913
vn -0.0000 -0.0747 -0.9972
vn 0.0001 0.0344 -0.9994
vn 0.5007 -0.3054 -0.8100
vn -0.0000 0.6060 -0.7954
vn -0.0000 0.3736 -0.9276
vn 0.5773 -0.0728 -0.8133
vn 0.9016 -0.2233 -0.3706
vn 0.5272 0.3806 -0.7597
vn 0.8652 0.1566 -0.4764
vn 0.9851 -0.1539 -0.0762
vn 0.5306 0.5661 -0.6309
vn 0.9352 0.0886 -0.3429
vn 0.8475 -0.5240 -0.0845
vn 0.6197 0.6392 -0.4553
vn 0.9190 -0.3882 0.0686
vn 0.7822 -0.3383 0.5232
vn 0.9848 0.1723 -0.0193
vn 0.9229 -0.0373 0.3833
vn 0.9088 0.0693 0.4114
vn 0.9717 0.0637 -0.2275
vn 0.7367 0.5653 -0.3710
vn 0.4162 0.4628 -0.7827
vn 0.8160 0.5678 -0.1079
vn 0.5729 0.7719 -0.2756
vn 0.7140 0.6949 -0.0851
vn 0.9396 0.2743 0.2045
vn 0.8260 0.0737 0.5589
vn 0.9424 0.1632 0.2921
vn 0.8036 0.0490 0.5931
vn 0.5010 0.8587 -0.1077
vn 0.5518 0.8337 0.0193
vn -0.0000 0.9985 0.0555
vn 0.4922 0.8571 0.1521
vn -0.0000 0.9635 0.2677
vn -0.0000 0.8857 0.4642
vn 0.4091 0.8424 0.3506
vn -0.0000 0.6894 0.7244
vn 0.3976 0.5621 0.7252
vn 0.5420 0.0423 0.8393
vn 0.7520 0.3165 0.5783
vn 0.8440 -0.1494 0.5152
vn 0.9097 0.3449 0.2314
vn 0.9579 -0.2310 0.1705
vn 0.9339 -0.2782 0.2246
vn 0.7619 -0.0930 0.6410
vn 0.7072 0.0426 0.7057
vn 0.7910 0.0652 0.6083
vn 0.9290 0.0615 0.3649
vn 0.7066 0.0628 0.7048
vn 0.8674 0.0986 0.4877
vn 0.7028 0.0599 0.7088
vn 0.0080 -0.8354 0.5496
vn 0.1554 -0.8144 0.5591
vn 0.0544 -0.8475 0.5280
vn -0.0880 -0.8346 0.5437
vn -0.1406 -0.8077 0.5726
vn -0.1183 -0.9084 0.4009
vn -0.0000 -0.9475 0.3198
vn -0.0000 -0.9996 0.0267
vn 0.1183 -0.9084 0.4010
vn 0.1406 -0.8077 0.5726
vn 0.0879 -0.8346 0.5438
vn -0.0081 -0.8354 0.5496
vn -0.0545 -0.8475 0.5280
vn -0.1554 -0.8144 0.5591
vn -0.4300 -0.7545 -0.4958
vn -0.2635 -0.7920 -0.5507
vn -0.4302 -0.7544 -0.4958
vn -0.5828 -0.6927 -0.4249
vn -0.4404 0.3390 0.8313
vn -0.3704 0.3427 0.8633
vn -0.4405 0.3389 0.8313
vn -0.5080 0.3331 0.7943
vn -0.5364 -0.7108 0.4551
vn -0.5739 -0.6848 0.4492
vn -0.4977 -0.7353 0.4601
vn -0.8183 -0.2106 -0.5348
vn -0.7445 -0.2342 -0.6252
vn -0.8404 -0.2034 -0.5024
vn -0.8985 -0.1750 -0.4025
vn -0.9034 -0.2924 -0.3138
vn -0.9060 -0.3427 -0.2483
vn -0.8417 -0.5180 -0.1526
vn -0.1426 -0.9240 0.3548
vn 0.0013 -0.9378 0.3471
vn 0.3276 -0.8860 0.3282
vn -0.3663 -0.8667 0.3387
vn -0.4068 -0.8443 0.3487
vn 0.8417 -0.5180 -0.1526
vn 0.9034 -0.2923 -0.3138
vn 0.9061 -0.3426 -0.2483
vn 0.8985 -0.1750 -0.4025
vn 0.8404 -0.2034 -0.5024
vn 0.8183 -0.2106 -0.5349
vn 0.7444 -0.2343 -0.6252
vn 0.1346 -0.9197 0.3688
vn -0.0931 -0.9168 0.3883
vn 0.1346 -0.9197 0.3687
vn 0.1348 -0.9197 0.3687
vn 0.3554 -0.8745 0.3299
vn -0.1973 -0.8651 -0.4612
vn -0.1973 -0.8651 -0.4611
vn -0.0576 -0.8110 -0.5822
vn -0.3297 -0.8871 -0.3231
vn 0.7021 -0.0753 0.7081
vn 0.7003 -0.1463 0.6987
vn 0.6943 -0.1476 0.7044
vn 0.7039 -0.0025 0.7103
vn 0.7060 -0.0460 0.7067
vn 0.7041 -0.1590 0.6921
vn 0.6924 -0.2866 0.6621
vn 0.6303 -0.4559 0.6284
vn 0.5206 -0.7216 0.4564
vn 0.3225 -0.9141 0.2457
vn 0.2287 -0.9710 0.0695
vn 0.1835 -0.9823 0.0374
vn 0.1829 -0.9830 0.0132
vn 0.1360 -0.9890 0.0587
vn 0.0893 -0.9903 0.1067
vn -0.0492 -0.9651 0.2571
vn -0.0000 -0.9497 0.3130
vn -0.0000 -0.8835 0.4684
vn 0.0492 -0.9651 0.2571
vn -0.0893 -0.9903 0.1067
vn -0.1360 -0.9890 0.0588
vn -0.1828 -0.9831 0.0133
vn -0.1834 -0.9823 0.0374
vn -0.2287 -0.9710 0.0695
vn -0.3225 -0.9141 0.2457
vn -0.5207 -0.7215 0.4565
vn -0.6304 -0.4558 0.6284
vn -0.6924 -0.2865 0.6621
vn -0.7041 -0.1590 0.6920
vn -0.7060 -0.0461 0.7067
vn -0.7037 -0.0025 0.7105
vn -0.7021 -0.0752 0.7081
vn -0.6943 -0.1476 0.7044
vn -0.7004 -0.1463 0.6986
vn -0.7021 -0.0753 0.7081
vn -0.5943 -0.2984 -0.7468
vn -0.6942 -0.3159 -0.6468
vn -0.5582 -0.3088 -0.7701
vn -0.5581 -0.3087 -0.7702
vn -0.4424 -0.3156 -0.8395
vn -0.3960 -0.3184 -0.8613
vn -0.3509 -0.3127 -0.8827
vn -0.3432 -0.2826 -0.8957
vn 0.3663 -0.8667 0.3387
vn 0.4071 -0.8442 0.3488
vn 0.1426 -0.9240 0.3548
vn -0.0013 -0.9378 0.3471
vn -0.3278 -0.8859 0.3282
vn 0.0530 -0.9934 0.1020
vn -0.0981 -0.9794 0.1764
vn 0.1418 -0.9784 0.1503
vn -0.0427 -0.9991 0.0002
vn 0.0040 -0.9746 -0.2241
vn 0.0035 -0.9542 -0.2992
vn 0.0036 -0.8843 -0.4669
vn 0.0039 -0.8843 -0.4668
vn 0.0030 -0.7883 -0.6153
vn 0.0028 -0.7416 -0.6708
vn -0.0362 -0.5356 -0.8437
vn 0.0662 -0.5355 -0.8420
vn 0.1076 -0.4241 -0.8992
vn 0.2066 -0.4405 -0.8737
vn -0.1394 -0.4470 -0.8836
vn 0.1443 -0.4478 -0.8824
vn -0.2033 -0.4413 -0.8740
vn 0.0407 -0.3605 -0.9319
vn -0.1052 -0.4740 -0.8742
vn -0.0639 -0.3584 -0.9314
vn -0.0002 -0.0879 -0.9961
vn -0.0005 -0.0115 -0.9999
vn -0.0011 0.1711 -0.9852
vn -0.0007 0.1714 -0.9852
vn -0.0021 0.3416 -0.9398
vn -0.0023 0.4061 -0.9138
vn 0.0439 0.5957 -0.8020
vn -0.0495 0.6740 -0.7371
vn 0.0992 0.7251 -0.6815
vn 0.1948 0.6963 -0.6908
vn -0.1394 0.7034 -0.6970
vn 0.1341 0.7002 -0.7012
vn -0.2005 0.6951 -0.6904
vn 0.0344 0.7758 -0.6300
vn -0.1058 0.6835 -0.7223
vn -0.0662 0.7748 -0.6288
vn -0.0042 0.9208 -0.3900
vn -0.0043 0.9464 -0.3229
vn -0.0043 0.9816 -0.1910
vn -0.0043 0.9920 -0.1263
vn -0.0043 0.9999 0.0152
vn -0.0043 0.9958 0.0918
vn -0.0419 0.9325 0.3588
vn 0.0593 0.9319 0.3579
vn 0.0997 0.8759 0.4721
vn 0.1935 0.8742 0.4454
vn -0.1411 0.8830 0.4476
vn 0.1315 0.8821 0.4524
vn -0.2001 0.8728 0.4452
vn 0.0417 0.8661 0.4982
vn -0.1050 0.8960 0.4315
vn -0.0490 0.8119 0.5818
vn -0.0038 0.6682 0.7440
vn -0.0032 0.6124 0.7905
vn -0.0025 0.4638 0.8859
vn -0.0020 0.4637 0.8860
vn -0.0018 0.2956 0.9553
vn -0.0015 0.2205 0.9754
vn -0.0367 -0.0517 0.9980
vn 0.0612 -0.0515 0.9968
vn 0.1006 -0.1766 0.9791
vn 0.1910 -0.1530 0.9696
vn -0.1330 -0.1518 0.9794
vn 0.1312 -0.1585 0.9786
vn -0.1904 -0.1536 0.9696
vn 0.0448 -0.2092 0.9768
vn -0.0978 -0.1361 0.9859
vn -0.0429 -0.3054 0.9513
vn 0.0013 -0.5021 0.8648
vn 0.0018 -0.5611 0.8278
vn 0.0030 -0.7081 0.7061
vn 0.0031 -0.7086 0.7056
vn 0.0039 -0.8295 0.5585
vn 0.0040 -0.8665 0.4992
vn -0.0320 -0.9671 0.2525
vn 0.0651 -0.9654 0.2524
vn 0.1059 -0.9859 0.1297
vn 0.2014 -0.9681 0.1490
vn -0.1299 -0.9795 0.1537
vn -0.1912 -0.9702 0.1491
vn 0.9961 0.0678 -0.0557
vn 0.9965 0.0605 -0.0584
vn 0.9834 -0.1516 0.0996
vn 0.9834 -0.1464 0.1071
vn 0.8059 -0.4175 0.4198
vn 0.7371 -0.6174 0.2749
vn 0.8695 -0.1678 0.4646
vn 0.7548 0.0153 0.6558
vn 0.8838 -0.4574 -0.0980
vn 0.8060 -0.5275 -0.2686
vn 0.7742 0.2662 0.5743
vn 0.9827 0.0496 0.1783
vn 0.9827 0.0584 0.1758
vn 0.9963 -0.0307 -0.0800
vn 0.9966 -0.0355 -0.0739
vn 0.9121 0.3307 0.2424
vn 0.7333 0.6650 0.1413
vn 1.0000 0.0022 0.0006
vn 0.8817 0.4313 -0.1913
vn 0.8824 -0.0472 -0.4681
vn 0.7356 -0.4521 -0.5045
vn 0.9836 -0.1396 -0.1146
vn 0.9836 -0.1451 -0.1074
vn 0.9961 0.0751 0.0455
vn 0.9964 0.0754 0.0377
vn 0.8036 0.0938 -0.5878
vn 0.8020 0.5899 -0.0938
vn 0.9824 0.1863 0.0097
vn 0.9825 0.1865 0.0005
vn 0.9964 -0.0842 0.0062
vn 0.9967 -0.0799 0.0127
vn 0.7333 0.3413 -0.5881
vn 0.9830 0.0674 -0.1709
vn 0.9830 0.0588 -0.1739
vn 0.9963 -0.0188 0.0837
vn 0.9966 -0.0113 0.0815
vn -0.9968 0.0605 -0.0529
vn -0.9967 0.0563 -0.0579
vn -0.9829 -0.1552 0.0995
vn -0.9835 -0.1471 0.1049
vn -0.7742 -0.5710 0.2732
vn -0.7634 -0.4396 0.4733
vn -0.8686 -0.1715 0.4649
vn -0.7996 0.0435 0.5990
vn -0.8813 -0.4621 -0.0983
vn -0.7621 -0.5882 -0.2707
vn -0.7741 -0.4375 -0.4575
vn -0.9831 -0.1431 -0.1145
vn -0.9837 -0.1458 -0.1052
vn -0.9968 0.0676 0.0428
vn -0.9968 0.0710 0.0374
vn -0.8822 -0.0508 -0.4682
vn -0.7633 0.0746 -0.6417
vn -1.0000 -0.0016 0.0006
vn -0.7761 0.2984 -0.5556
vn -0.9833 0.0637 -0.1703
vn -0.9840 0.0540 -0.1699
vn -0.9966 -0.0210 0.0793
vn -0.9966 -0.0149 0.0808
vn -0.8840 0.4267 -0.1908
vn -0.7653 0.6313 -0.1254
vn -0.9138 0.3263 0.2419
vn -0.7773 0.6188 0.1132
vn -0.9833 0.1816 0.0097
vn -0.9840 0.1782 0.0005
vn -0.9965 -0.0833 0.0062
vn -0.9965 -0.0829 0.0126
vn -0.7371 0.2940 0.6085
vn -0.9830 0.0457 0.1777
vn -0.9837 0.0534 0.1716
vn -0.9966 -0.0330 -0.0757
vn -0.9966 -0.0389 -0.0733
vn 0.0036 -0.8140 0.5808
vn 0.0035 -0.8015 0.5980
vn 0.0026 -0.5922 0.8058
vn 0.0025 -0.5922 0.8058
vn -0.0002 0.0352 0.9994
vn -0.0000 0.0352 0.9994
vn -0.0026 0.5843 0.8115
vn -0.0032 0.7356 0.6774
vn -0.0037 0.8527 0.5223
vn 0.0035 -0.8030 -0.5960
vn 0.0036 -0.8145 -0.5802
vn 0.0042 -0.9485 -0.3166
vn 0.0041 -0.9485 -0.3166
vn 0.0041 -0.9384 0.3455
vn 0.0026 -0.5875 0.8092
vn 0.0018 -0.4152 0.9097
vn 0.0010 -0.2337 0.9723
vn -0.0014 0.3190 -0.9478
vn -0.0013 0.2986 -0.9544
vn -0.0013 0.2985 -0.9544
vn 0.0001 0.0062 -1.0000
vn 0.0027 -0.6209 -0.7839
vn 0.0025 -0.6209 -0.7839
vn 0.0042 -0.9525 -0.3044
vn 0.0044 -0.9938 -0.1109
vn 0.0044 -0.9968 0.0797
vn -0.0044 0.9999 0.0090
vn -0.0044 0.9999 -0.0154
vn -0.0044 0.9999 -0.0153
vn -0.0042 0.9519 -0.3065
vn -0.0041 0.9519 -0.3065
vn -0.0024 0.5549 -0.8319
vn -0.0025 0.5549 -0.8319
vn 0.0009 -0.2015 -0.9795
vn 0.0017 -0.3851 -0.9229
vn -0.0013 0.3016 0.9534
vn -0.0014 0.3247 0.9458
vn -0.0014 0.3246 0.9459
vn -0.0026 0.5861 0.8103
vn -0.0026 0.5861 0.8102
vn -0.0042 0.9616 0.2745
vn -0.0041 0.9616 0.2746
vn -0.0042 0.9518 -0.3066
vn -0.0038 0.8707 -0.4918
vn -0.0033 0.7591 -0.6509
vn -0.0000 0.8427 0.5384
vn -0.0000 0.7366 0.6763
vn -0.0000 0.8876 0.4606
vn -0.0000 0.6763 0.7366
vn -0.0000 0.9540 0.2998
vn -0.0000 0.5384 0.8427
vn -0.0000 0.9761 0.2174
vn -0.0000 0.4606 0.8876
vn -0.0000 0.9990 0.0449
vn -0.0000 0.2998 0.9540
vn -0.0000 0.9990 -0.0449
vn -0.0000 0.2174 0.9761
vn -0.0000 0.9761 -0.2174
vn -0.0000 0.0450 0.9990
vn -0.0000 0.9540 -0.2998
vn -0.0000 -0.0449 0.9990
vn -0.0000 0.8876 -0.4606
vn -0.0000 -0.2173 0.9761
vn -0.0000 0.8427 -0.5384
vn -0.0000 -0.2999 0.9540
vn -0.0000 0.7366 -0.6763
vn -0.0000 -0.4606 0.8876
vn -0.0000 0.6763 -0.7366
vn -0.0000 -0.5384 0.8427
vn -0.0000 0.5384 -0.8427
vn -0.0000 -0.6762 0.7367
vn -0.0000 0.4606 -0.8876
vn -0.0000 -0.7367 0.6762
vn -0.0000 0.2998 -0.9540
vn -0.0000 -0.8427 0.5384
vn -0.0000 0.2174 -0.9761
vn -0.0000 -0.8876 0.4606
vn -0.0000 0.0449 -0.9990
vn -0.0000 -0.9540 0.2999
vn -0.0000 -0.0449 -0.9990
vn -0.0000 -0.9761 0.2173
vn -0.0000 -0.2173 -0.9761
vn -0.0000 -0.9990 0.0449
vn -0.0000 -0.2999 -0.9540
vn -0.0000 -0.9990 -0.0449
vn -0.0000 -0.4606 -0.8876
vn -0.0000 -0.9761 -0.2173
vn -0.0000 -0.5384 -0.8427
vn -0.0000 -0.9540 -0.2999
vn -0.0000 -0.6762 -0.7367
vn -0.0000 -0.8876 -0.4606
vn -0.0000 -0.7367 -0.6762
vn -0.0000 -0.8427 -0.5384
vn -0.0000 0.2999 0.9540
vn -0.0000 0.2173 0.9761
vn -0.0000 0.0449 0.9990
vn -0.0000 0.6762 0.7367
vn -0.0000 0.7367 0.6762
vn -0.0000 -0.2174 0.9761
vn -0.0000 -0.2998 0.9540
vn -0.0000 0.9540 0.2999
vn -0.0000 0.9761 0.2173
vn -0.0000 -0.6763 0.7366
vn -0.0000 -0.7366 0.6763
vn -0.0000 0.9761 -0.2173
vn -0.0000 0.9540 -0.2999
vn -0.0000 -0.9540 0.2998
vn -0.0000 -0.9761 0.2174
vn -0.0000 -0.9990 0.0450
vn -0.0000 0.7367 -0.6762
vn -0.0000 -0.9761 -0.2174
vn -0.0000 -0.9540 -0.2998
vn -0.0000 0.2999 -0.9540
vn -0.0000 0.2173 -0.9761
vn -0.0000 -0.7366 -0.6763
vn -0.0000 -0.6763 -0.7366
vn -0.0000 -0.0450 -0.9990
vn -0.0000 -0.2174 -0.9761
vn 0.9139 0.1429 -0.3800
vn 0.9112 0.0597 -0.4076
vn 0.9999 0.0073 -0.0103
vn 1.0000 0.0052 -0.0063
vn 0.9158 0.2106 -0.3420
vn 0.8032 -0.2208 0.5533
vn 0.8027 -0.1020 0.5876
vn 1.0000 0.0068 -0.0063
vn 0.9145 0.2788 -0.2933
vn 0.8034 -0.3319 0.4943
vn 0.3389 -0.3440 0.8756
vn 0.3382 -0.1558 0.9281
vn 0.9999 0.0087 -0.0067
vn 0.9144 0.3293 -0.2354
vn 0.3396 -0.5195 0.7841
vn -0.2602 -0.3477 0.9008
vn -0.3115 -0.1320 0.9410
vn 0.8037 -0.4265 0.4150
vn 0.9999 0.0112 -0.0087
vn 0.9090 0.3834 -0.1635
vn 0.3401 -0.6703 0.6596
vn -0.2839 -0.5406 0.7919
vn -0.8095 -0.1765 0.5599
vn -0.8128 -0.0575 0.5796
vn 0.8039 -0.5039 0.3159
vn 0.9998 0.0204 -0.0060
vn 0.9057 0.4160 -0.0819
vn 0.3406 -0.7932 0.5048
vn -0.3346 -0.6665 0.6662
vn -0.7808 -0.3640 0.5079
vn -0.9986 0.0399 -0.0361
vn -0.9973 0.0196 -0.0712
vn -0.9146 0.1384 -0.3800
vn -0.9113 0.0752 -0.4047
vn -0.9165 0.2087 -0.3413
vn -0.9975 0.0480 -0.0519
vn -0.9158 0.2744 -0.2934
vn -0.9996 0.0193 -0.0213
vn -0.9138 0.3394 -0.2230
vn -0.7838 -0.4584 0.4190
vn -0.9969 -0.0609 0.0494
vn -0.8011 -0.4999 0.3290
vn -0.9999 0.0113 -0.0086
vn -0.9081 0.3945 -0.1401
vn -0.3343 -0.7907 0.5128
vn -0.9968 0.0800 -0.0065
vn -0.9078 0.4141 -0.0664
vn -0.9075 0.4199 0.0098
vn -0.8007 -0.5580 0.2181
vn -0.3339 -0.8801 0.3377
vn -0.9997 0.0136 0.0200
vn -0.9109 0.4010 0.0972
vn -0.8007 -0.5898 0.1046
vn 0.3408 -0.8805 0.3296
vn -0.9998 0.0053 0.0170
vn -0.9132 0.3700 0.1706
vn -0.8009 -0.5985 -0.0190
vn -0.3337 -0.9293 0.1581
vn 0.8039 -0.5583 0.2050
vn -0.9998 0.0016 0.0201
vn -0.9127 0.3194 0.2549
vn -0.8006 -0.5817 -0.1435
vn -0.3339 -0.9419 -0.0370
vn 0.3410 -0.9280 0.1500
vn 0.8040 -0.5876 0.0912
vn 0.3412 -0.9389 -0.0455
vn -0.3337 -0.9136 -0.2322
vn -0.8009 -0.5393 -0.2601
vn -0.9971 -0.0649 -0.0399
vn 0.9998 0.0211 -0.0023
vn 0.9056 0.4240 0.0096
vn 0.8041 -0.5935 -0.0332
vn 0.9998 0.0186 0.0046
vn 0.9090 0.4052 0.0981
vn 0.3408 -0.9091 -0.2394
vn -0.9999 0.0068 0.0084
vn -0.9106 0.2539 0.3262
vn -0.3340 -0.8456 -0.4164
vn -0.8009 -0.4730 -0.3671
vn 0.9999 0.0132 0.0048
vn 0.9113 0.3743 0.1715
vn 0.8039 -0.5741 -0.1554
vn -0.9999 0.0088 0.0143
vn -0.9062 0.1860 0.3798
vn 0.3410 -0.8393 -0.4235
vn -0.3343 -0.7401 -0.5836
vn -0.8012 -0.3870 -0.4563
vn 0.9999 0.0133 0.0066
vn 0.9109 0.3318 0.2452
vn 0.8041 -0.5286 -0.2722
vn -0.9998 -0.0037 0.0215
vn -0.9131 0.0963 0.3961
vn 0.3403 -0.7330 -0.5890
vn -0.3347 -0.6032 -0.7240
vn -0.8014 -0.2828 -0.5270
vn 0.9999 0.0117 0.0093
vn 0.9114 0.2779 0.3034
vn 0.8037 -0.4610 -0.3763
vn -0.9982 -0.0174 -0.0575
vn -0.9245 0.0017 0.3811
vn 0.3402 -0.5947 -0.7284
vn -0.3354 -0.4385 -0.8338
vn -0.7811 -0.1844 -0.5966
vn 0.9998 0.0138 0.0111
vn 0.9074 0.2115 0.3632
vn 0.8037 -0.3722 -0.4642
vn -0.9948 0.0239 -0.0992
vn -0.9208 -0.0830 0.3811
vn 0.3393 -0.4297 -0.8368
vn -0.7383 -0.0455 -0.6729
vn -0.3358 -0.2566 -0.9063
vn 0.9998 0.0103 0.0197
vn 0.9048 0.1231 0.4076
vn 0.8032 -0.2677 -0.5322
vn -0.9992 -0.0140 0.0377
vn -0.9145 -0.1435 0.3783
vn -0.9146 -0.2012 0.3507
vn 0.3390 -0.2470 -0.9078
vn -0.7601 0.1041 -0.6414
vn -0.3368 -0.0614 -0.9396
vn 0.9998 0.0033 0.0185
vn 0.9098 0.0343 0.4135
vn 0.8032 -0.1513 -0.5762
vn -0.9998 -0.0187 0.0033
vn -0.9113 -0.2822 0.2999
vn -0.8028 0.2015 -0.5611
vn 0.3378 -0.0519 -0.9398
vn -0.3373 0.1342 -0.9318
vn 0.9999 0.0008 0.0116
vn 0.9128 -0.0471 0.4057
vn 0.8026 -0.0276 -0.5959
vn -0.9997 -0.0252 -0.0054
vn -0.9138 -0.3382 0.2248
vn -0.8030 0.3134 -0.5070
vn -0.3384 0.3260 -0.8827
vn 0.3375 0.1437 -0.9303
vn 0.9999 -0.0004 0.0117
vn 0.9139 -0.1267 0.3857
vn 0.8024 0.0963 -0.5889
vn -0.9998 -0.0158 -0.0102
vn -0.9168 -0.3740 0.1398
vn -0.8035 0.4123 -0.4294
vn -0.3387 0.5016 -0.7961
vn 0.3364 0.3352 -0.8800
vn 1.0000 -0.0021 0.0095
vn 0.9149 -0.1996 0.3509
vn 0.8019 0.2177 -0.5563
vn 0.3360 0.5100 -0.7919
vn -0.3398 0.6582 -0.6718
vn -0.8040 0.4962 -0.3278
vn 0.9999 -0.0028 0.0118
vn 0.9122 -0.2770 0.3020
vn 0.8017 0.3279 -0.4997
vn 0.3350 0.6667 -0.6658
vn 0.9999 -0.0087 0.0069
vn 0.9153 -0.3340 0.2251
vn 0.8012 0.4273 -0.4188
vn -0.3408 0.7887 -0.5117
vn -0.9970 0.0687 -0.0352
vn 1.0000 -0.0034 0.0021
vn 0.9181 -0.3665 0.1508
vn 0.3342 0.7957 -0.5052
vn 0.8010 0.5081 -0.3166
vn -0.8039 0.5538 -0.2170
vn -1.0000 -0.0076 0.0007
vn -0.9178 -0.3945 0.0453
vn 1.0000 -0.0037 0.0013
vn 0.9190 -0.3872 0.0746
vn -0.3407 0.8779 -0.3366
vn 0.8007 0.5627 -0.2053
vn 0.3339 0.8831 -0.3296
vn -1.0000 -0.0067 0.0005
vn -0.9157 -0.4008 -0.0304
vn -0.8042 0.5864 -0.0973
vn 1.0000 -0.0026 0.0009
vn 0.9197 -0.3926 -0.0044
vn -0.3412 0.9285 -0.1466
vn 0.3339 0.9324 -0.1383
vn 0.8009 0.5930 -0.0832
vn -0.9999 -0.0118 0.0004
vn -0.9124 -0.3920 -0.1181
vn -0.8039 0.5941 0.0278
vn 1.0000 -0.0049 0.0016
vn 0.9163 -0.3908 -0.0878
vn -0.3408 0.9388 0.0501
vn 0.3337 0.9409 0.0581
vn 0.8006 0.5978 0.0409
vn -0.9999 -0.0129 -0.0057
vn -0.9149 -0.3501 -0.2010
vn -0.8040 0.5753 0.1501
vn 1.0000 -0.0091 -0.0035
vn 0.9138 -0.3638 -0.1808
vn -0.3409 0.9080 0.2437
vn 0.3341 0.9081 0.2524
vn 0.8010 0.5757 0.1644
vn -1.0000 -0.0054 -0.0062
vn -0.9191 -0.2909 -0.2656
vn -0.8038 0.5313 0.2677
vn 1.0000 -0.0037 -0.0072
vn 0.9176 -0.3114 -0.2469
vn -0.3404 0.8372 0.4280
vn 0.8008 0.5294 0.2800
vn 0.3342 0.8358 0.4357
vn -0.9978 -0.0370 -0.0551
vn -0.9189 -0.2454 -0.3088
vn -0.9185 -0.1923 -0.3454
vn -0.8037 0.4647 0.3717
vn 1.0000 -0.0002 -0.0024
vn 0.9198 -0.2430 -0.3081
vn -0.3401 0.7305 0.5921
vn 0.3349 0.7271 0.5994
vn 0.8014 0.4591 0.3834
vn -0.9999 0.0100 -0.0107
vn -0.9168 -0.1063 -0.3849
vn -0.8034 0.3765 0.4613
vn -0.3395 0.5907 0.7320
vn 0.3352 0.5861 0.7376
vn 0.8013 0.3696 0.4705
vn -0.8030 0.2734 0.5295
vn -0.9968 0.0270 0.0749
vn -0.3389 0.4268 0.8385
vn -0.9999 -0.0059 -0.0100
vn -0.9119 -0.0107 -0.4102
vn -0.8028 0.1564 0.5754
vn 0.3361 0.4206 0.8427
vn 0.9966 0.0462 0.0683
vn -0.8023 0.0343 0.5959
vn -0.3382 0.2420 0.9094
vn -0.3373 0.0490 0.9401
vn 0.8019 0.2637 0.5361
vn 0.9999 -0.0138 0.0027
vn 0.9195 -0.1634 -0.3576
vn 0.3366 0.2353 0.9118
vn 0.3376 0.0418 0.9404
vn 0.8020 0.1461 0.5792
vn 0.9978 -0.0232 -0.0625
vn 0.9195 -0.1061 -0.3785
vn 0.9145 -0.0354 -0.4030
vn 0.8026 0.0232 0.5961
vn 0.9999 0.0016 -0.0136
vn -0.0000 0.8629 -0.5054
vn -0.0000 0.5108 -0.8597
vn -0.0000 0.8715 0.4904
vn -0.0001 0.1835 0.9830
vn -0.0000 -0.1986 0.9801
vn -0.0000 -0.5108 0.8597
vn -0.0001 -0.8649 -0.5019
vn -0.0000 -0.9993 -0.0370
vn -0.0000 -0.8649 -0.5019
vn -0.0000 -0.5280 -0.8492
vn -0.0000 0.9928 -0.1194
vn -0.0000 0.7146 -0.6995
vn -0.0000 0.9901 0.1406
vn -0.0000 0.6996 0.7146
vn -0.0000 0.1406 -0.9901
vn 0.0001 -0.1195 -0.9928
vn -0.0000 -0.6995 -0.7146
vn -0.0000 -0.9901 -0.1406
vn -0.0000 -0.9928 0.1195
vn -0.0000 -0.7146 0.6995
vn -0.0000 -0.1406 0.9901
vn -0.0000 0.1195 0.9928
vn -0.0000 -0.2084 -0.9781
vn -0.0000 0.1886 -0.9821
vn -0.0000 -0.8782 0.4784
vn -0.0001 -0.1985 0.9801
vn 0.0001 0.1835 0.9830
vn 0.0089 -0.9939 -0.1096
vn -0.0000 -0.9787 -0.2054
vn 0.0176 -0.9786 -0.2051
vn 0.0176 -0.9778 -0.2087
vn -0.0000 -0.9984 0.0574
vn -0.0000 -0.9492 0.3146
vn -0.0000 -0.9004 0.4351
vn -0.0000 -0.7138 0.7004
vn -0.0000 0.7139 -0.7002
vn -0.0000 0.4548 -0.8906
vn -0.0000 0.3326 -0.9431
vn -0.0000 0.0765 -0.9971
vn -0.0000 -0.0571 -0.9984
vn -0.0000 -0.3141 -0.9494
vn -0.0000 -0.4375 -0.8992
vn -0.0000 -0.7002 -0.7139
vn -0.0000 0.9786 0.2058
vn -0.0000 0.9788 0.2050
vn -0.0000 0.9971 0.0765
vn -0.0000 0.9984 -0.0571
vn -0.0000 0.9494 -0.3141
vn -0.0000 0.8992 -0.4375
vn -0.0000 0.1189 0.9929
vn -0.0000 -0.2086 0.9780
vn -0.0000 -0.9989 -0.0458
vn -0.0000 -0.9994 0.0350
vn -0.0000 -0.9919 -0.1269
vn -0.0000 -0.9431 -0.3326
vn -0.0000 -0.8906 -0.4548
vn -0.0000 0.9989 0.0477
vn -0.0000 0.9994 -0.0352
vn -0.0000 0.9914 0.1309
vn -0.0000 0.9413 0.3376
vn -0.0000 0.8886 0.4587
vn -0.0000 0.7014 0.7128
vn -0.0000 0.4425 0.8968
vn -0.0000 0.3184 0.9479
vn -0.0000 0.0574 0.9984
vn -0.0000 -0.0796 0.9968
vn -0.0000 -0.3347 0.9423
vn -0.0000 -0.4532 0.8914
vn 0.1888 0.2039 -0.9606
vn -0.7560 -0.1359 0.6404
vn 0.1888 -0.2039 0.9606
vn 0.8309 0.4549 0.3205
vn 0.8308 0.4549 0.3207
vn -0.8199 0.4851 0.3041
vn -0.8199 0.4851 0.3040
vn -0.5525 -0.0200 -0.8333
vn -0.8308 0.0645 -0.5528
vn -0.8308 0.0646 -0.5528
vn -0.5944 -0.0234 -0.8038
vn -0.0271 -0.1097 -0.9936
vn 0.1035 -0.1076 -0.9888
vn 0.2825 -0.1177 -0.9520
vn -0.4837 0.6438 -0.5929
vn -0.4838 0.6438 -0.5929
vn 0.0702 0.5896 -0.8046
vn 0.0420 0.6084 -0.7925
vn 0.0219 0.5365 -0.8436
vn -0.0096 0.6236 -0.7817
vn -0.0736 0.6120 -0.7874
vn -0.1327 0.5774 -0.8056
vn 0.4873 0.6411 -0.5929
vn 0.4874 0.6411 -0.5929
vn 0.6077 -0.3193 -0.7271
vn 0.0878 -0.4001 -0.9123
vn 0.6080 -0.3192 -0.7269
vn -0.0901 -0.3996 -0.9123
vn -0.4955 -0.3467 -0.7964
vn -0.7123 -0.2784 -0.6443
vn -0.9822 -0.0684 -0.1751
vn -0.9817 0.0853 0.1701
vn -0.6537 0.3150 0.6881
vn -0.3263 0.3909 0.8607
vn 0.5010 0.3560 0.7888
vn 0.9822 0.0791 0.1702
vn 0.9818 -0.0746 -0.1749
vn -0.3619 0.8832 -0.2982
vn -0.4880 0.8691 -0.0807
vn -0.3383 0.9410 0.0048
vn -0.1798 0.9824 -0.0513
vn 0.1650 0.9819 0.0934
vn 0.2141 0.9746 -0.0652
vn 0.4831 0.8719 -0.0807
vn 0.3352 0.9015 -0.2737
vn -0.2699 0.9008 -0.3403
vn -0.0940 0.9862 -0.1360
vn -0.1977 0.8061 -0.5578
vn 0.1906 0.9643 -0.1841
vn -0.1171 0.7817 -0.6126
vn 0.2745 0.8578 -0.4345
vn 0.0017 0.7492 -0.6624
vn 0.1812 0.7983 -0.5743
vn 0.0310 0.7406 -0.6712
vn 0.1250 0.7707 -0.6248
vn -0.6077 -0.3193 -0.7271
vn -0.9818 -0.0740 -0.1751
vn -0.6080 -0.3192 -0.7269
vn -0.9822 0.0797 0.1701
vn -0.5010 0.3560 0.7888
vn 0.3264 0.3903 0.8609
vn 0.6537 0.3144 0.6884
vn 0.9817 0.0847 0.1703
vn 0.9822 -0.0690 -0.1749
vn 0.7123 -0.2788 -0.6441
vn 0.4956 -0.3469 -0.7963
vn 0.0901 -0.3997 -0.9122
vn -0.0878 -0.4002 -0.9122
vn 0.0096 0.6236 -0.7817
vn 0.0736 0.6120 -0.7874
vn 0.1327 0.5774 -0.8056
vn -0.0421 0.6084 -0.7925
vn -0.0702 0.5896 -0.8046
vn -0.0219 0.5365 -0.8436
vn -0.2826 -0.1177 -0.9520
vn -0.1035 -0.1076 -0.9888
vn 0.0271 -0.1097 -0.9936
vn 0.5525 -0.0200 -0.8333
vn 0.5943 -0.0234 -0.8039
vn 0.8308 0.0645 -0.5528
vn 0.8308 0.0646 -0.5528
vn -0.0022 0.9134 -0.4070
vn -0.0024 0.9136 -0.4067
vn -0.0025 0.9135 -0.4068
vn -0.0026 0.9136 -0.4066
vn -0.0028 0.9136 -0.4065
vn -0.7968 0.0081 -0.6042
vn -0.8293 0.0669 -0.5549
vn -0.7589 -0.0506 -0.6493
vn -0.0019 0.6778 0.7353
vn -0.0018 0.6778 0.7353
vn -0.0018 0.6778 0.7352
vn -0.4873 0.6411 -0.5929
vn -0.4874 0.6410 -0.5929
vn 0.4837 0.6438 -0.5929
vn 0.8199 0.4851 0.3041
vn 0.8199 0.4851 0.3040
vn -0.8309 0.4549 0.3205
vn -0.8308 0.4549 0.3206
vn 0.0025 0.9135 -0.4069
vn 0.0027 0.9136 -0.4066
vn 0.3619 0.8833 -0.2982
vn 0.3383 0.9410 0.0049
vn 0.4880 0.8691 -0.0807
vn 0.1798 0.9824 -0.0513
vn -0.1650 0.9819 0.0933
vn -0.2141 0.9746 -0.0652
vn -0.4831 0.8718 -0.0806
vn -0.3352 0.9015 -0.2736
vn 0.2698 0.9008 -0.3402
vn 0.1977 0.8061 -0.5578
vn 0.0939 0.9862 -0.1360
vn 0.1171 0.7817 -0.6126
vn -0.1906 0.9643 -0.1840
vn -0.0018 0.7492 -0.6624
vn -0.2745 0.8578 -0.4345
vn -0.0310 0.7406 -0.6712
vn -0.1812 0.7983 -0.5743
vn -0.1250 0.7707 -0.6248
vn 0.7968 0.0081 -0.6042
vn 0.7968 0.0080 -0.6042
vn 0.7587 -0.0509 -0.6494
vn 0.8293 0.0669 -0.5548
vn 0.0020 0.6777 0.7353
vn -0.9993 -0.0153 -0.0334
vn -0.9765 0.0900 0.1960
vn -0.9526 -0.1270 -0.2765
vn -0.8456 -0.2228 -0.4851
vn -0.0174 0.8871 -0.4613
vn -0.0022 0.9012 -0.4333
vn -0.0000 0.9013 -0.4333
vn -0.0000 0.9199 -0.3921
vn 0.0114 0.9226 -0.3855
vn 0.0157 0.9415 -0.3367
vn 0.0022 0.9012 -0.4333
vn 0.0174 0.8871 -0.4613
vn -0.0114 0.9226 -0.3855
vn -0.0157 0.9414 -0.3368
vn 0.0174 -0.8871 0.4613
vn -0.0000 -0.8992 0.4376
vn 0.0047 -0.9000 0.4358
vn -0.0000 -0.9200 0.3920
vn -0.0074 -0.9245 0.3812
vn -0.0120 -0.9443 0.3288
vn -0.0047 -0.9000 0.4359
vn -0.0174 -0.8871 0.4613
vn 0.0074 -0.9245 0.3811
vn 0.0119 -0.9444 0.3286
vn 0.3954 0.3833 0.8347
vn 0.2096 0.4081 0.8886
vn 0.0087 0.4209 0.9071
vn 0.0005 0.4201 0.9075
vn 0.0010 0.4228 0.9062
vn -0.0080 0.4179 0.9084
vn -0.2096 0.4081 0.8886
vn -0.3954 0.3833 0.8347
vn -0.0000 -0.4174 -0.9087
vn -0.1066 -0.4150 -0.9036
vn 0.1066 -0.4150 -0.9036
vn 0.8456 -0.2228 -0.4852
vn 0.9526 -0.1270 -0.2764
vn 0.9993 -0.0153 -0.0334
vn 0.9765 0.0900 0.1960
vn -0.1320 0.2828 0.9501
vn 0.6285 0.1195 0.7686
vn 0.3412 -0.5002 0.7958
vn -0.0459 0.0441 0.9980
vn -0.1216 0.9241 0.3622
vn -0.0410 0.9343 0.3540
vn 0.3047 0.8942 -0.3280
vn -0.3493 0.9235 0.1586
vn -0.5483 0.4730 0.6897
vn 0.3825 0.8331 -0.3994
vn 0.4378 0.7533 -0.4908
vn 0.6794 0.2577 -0.6870
vn 0.1078 0.0057 -0.9942
vn 0.5297 -0.8080 -0.2579
vn 0.2497 -0.9101 -0.3306
vn 0.4495 -0.8044 0.3886
vn 0.3905 -0.9198 0.0384
vn 0.6658 -0.7203 -0.1947
vn 0.6105 0.1720 -0.7731
vn 0.1767 0.7936 -0.5822
vn -0.4999 0.8597 0.1053
vn -0.0097 0.7956 -0.6057
vn 0.4514 0.1175 -0.8845
vn 0.5600 -0.5916 -0.5800
vn -0.6001 0.2551 0.7581
vn -0.2505 -0.4277 0.8685
vn -0.3181 -0.5415 0.7782
vn -0.0939 -0.8375 0.5384
vn -0.1272 -0.8481 0.5143
vn -0.3952 -0.5657 0.7237
vn -0.6720 0.0950 0.7344
vn -0.6038 0.7705 0.2043
vn -0.1533 0.8360 -0.5269
vn 0.3402 0.2422 -0.9086
vn 0.4837 -0.6809 -0.5499
vn 0.4535 -0.8901 -0.0445
vn 0.3613 -0.9121 -0.1936
vn 0.4524 -0.8856 0.1054
vn 0.4448 -0.8732 -0.1990
vn 0.4357 -0.8746 -0.2128
vn -0.4307 0.4932 0.7558
vn -0.4344 0.3268 0.8393
vn -0.1127 0.3646 0.9243
vn -0.0439 0.5660 0.8233
vn -0.2142 0.6771 0.7040
vn -0.4121 0.6426 0.6459
vn 0.5863 0.6054 0.5383
vn 0.5396 0.4410 0.7172
vn 0.7382 0.2370 0.6316
vn 0.9761 0.2006 0.0834
vn 0.9318 0.2422 -0.2704
vn 0.7827 -0.6077 0.1344
vn 0.7318 -0.1347 -0.6680
vn 0.4645 -0.0327 -0.8850
vn -0.1550 -0.2887 -0.9448
vn -0.3532 -0.0567 -0.9338
vn 0.3914 -0.8379 -0.3804
vn 0.0026 -0.9135 0.4067
vn 0.0026 -0.9136 0.4067
vn 0.0026 -0.9135 0.4068
vn -0.2211 -0.4359 -0.8724
vn -0.6220 -0.3548 -0.6980
vn -0.7195 -0.0531 -0.6925
vn -0.8511 0.1361 -0.5071
vn -0.9414 0.2714 -0.2003
vn -0.9416 0.3295 -0.0696
vn -0.8798 0.4404 0.1790
vn -0.8179 0.4930 0.2968
vn -0.7408 0.5349 0.4063
vn 0.8482 0.3863 0.3624
vn 0.8483 0.3862 0.3623
vn 0.8482 0.3862 0.3624
vn 0.8481 0.3863 0.3625
vn -0.3945 0.7808 0.4846
vn -0.5439 0.6899 0.4777
vn -0.3945 0.7807 0.4846
vn -0.2330 0.8477 0.4767
vn -0.8009 -0.3031 -0.5164
vn -0.7997 -0.3070 -0.5159
vn -0.8021 -0.2992 -0.5169
vn -0.3549 -0.4805 0.8019
vn -0.3549 -0.4792 0.8028
vn -0.3549 -0.4808 0.8018
vn -0.3548 -0.4820 0.8011
vn -0.1898 -0.9761 -0.1054
vn -0.1898 -0.9762 -0.1053
vn -0.1898 -0.9761 -0.1055
vn -0.8230 0.3609 0.4387
vn -0.8658 -0.4742 0.1601
vn -0.8658 -0.4742 0.1597
vn -0.8657 -0.4743 0.1599
vn -0.8657 -0.4743 0.1603
vn -0.1886 -0.4677 0.8635
vn -0.3390 -0.5098 0.7907
vn -0.3165 -0.5321 0.7853
vn -0.0278 -0.4097 0.9118
vn -0.1884 -0.4677 0.8636
vn 0.2013 -0.2862 0.9368
vn 0.3024 -0.2544 0.9186
vn 0.2921 -0.2600 0.9204
vn 0.1953 -0.3097 0.9306
vn 0.0972 -0.3552 0.9297
vn 0.0971 -0.3552 0.9297
vn -0.6367 0.7191 0.2783
vn -0.6291 0.7471 0.2146
vn -0.6393 0.7230 0.2618
vn -0.6393 0.7230 0.2619
vn -0.6260 0.6916 0.3603
vn -0.4630 0.7941 0.3938
vn -0.2833 0.8656 0.4129
vn -0.1132 0.9227 0.3685
vn 0.1095 0.4191 -0.9013
vn 0.2333 0.4567 -0.8585
vn 0.2181 0.4790 -0.8503
vn -0.0106 0.3618 -0.9322
vn 0.1094 0.4191 -0.9013
vn -0.1317 0.2779 -0.9515
vn -0.1474 0.2753 -0.9500
vn -0.3771 0.1517 -0.9137
vn -0.5701 0.0253 -0.8212
vn 0.6188 -0.7322 -0.2847
vn 0.6107 -0.7581 -0.2288
vn 0.6294 -0.7290 -0.2691
vn 0.6143 -0.7287 -0.3029
vn 0.6188 -0.7321 -0.2847
vn 0.6165 -0.7292 -0.2969
vn 0.6351 -0.7165 -0.2886
vn 0.6529 -0.6994 -0.2907
vn 0.1128 0.3646 0.9243
vn 0.4344 0.3268 0.8393
vn 0.4308 0.4932 0.7558
vn 0.0439 0.5659 0.8233
vn 0.2142 0.6769 0.7042
vn 0.4122 0.6424 0.6461
vn -0.5863 0.6054 0.5383
vn -0.5397 0.4409 0.7172
vn -0.7381 0.2370 0.6316
vn -0.9761 0.2006 0.0835
vn -0.9318 0.2422 -0.2705
vn -0.7827 -0.6077 0.1343
vn -0.7319 -0.1347 -0.6680
vn -0.4645 -0.0327 -0.8850
vn 0.1550 -0.2887 -0.9448
vn 0.3532 -0.0568 -0.9338
vn -0.3913 -0.8380 -0.3804
vn -0.0026 -0.9135 0.4067
vn -0.0026 -0.9135 0.4068
vn 0.2211 -0.4359 -0.8724
vn 0.6220 -0.3548 -0.6980
vn 0.7195 -0.0533 -0.6925
vn 0.8512 0.1359 -0.5070
vn 0.9414 0.2713 -0.2003
vn 0.9416 0.3295 -0.0696
vn 0.8798 0.4403 0.1791
vn 0.8179 0.4929 0.2969
vn 0.7408 0.5347 0.4064
vn -0.3412 -0.5003 0.7958
vn -0.6285 0.1194 0.7686
vn 0.1320 0.2828 0.9501
vn 0.0459 0.0442 0.9980
vn 0.1215 0.9241 0.3622
vn 0.0410 0.9343 0.3540
vn -0.3047 0.8942 -0.3280
vn 0.3492 0.9235 0.1586
vn 0.5483 0.4731 0.6896
vn -0.3825 0.8331 -0.3994
vn -0.4378 0.7533 -0.4908
vn -0.6794 0.2577 -0.6870
vn -0.1078 0.0057 -0.9942
vn -0.5297 -0.8080 -0.2579
vn -0.2497 -0.9101 -0.3307
vn -0.4495 -0.8043 0.3886
vn -0.3905 -0.9198 0.0384
vn -0.6658 -0.7203 -0.1947
vn -0.6105 0.1720 -0.7731
vn -0.1767 0.7936 -0.5822
vn 0.5000 0.8596 0.1053
vn 0.0095 0.7957 -0.6057
vn -0.4513 0.1175 -0.8846
vn -0.5600 -0.5917 -0.5800
vn 0.6001 0.2551 0.7581
vn 0.2505 -0.4277 0.8685
vn 0.3180 -0.5415 0.7782
vn 0.0939 -0.8375 0.5384
vn 0.1272 -0.8481 0.5143
vn 0.3952 -0.5657 0.7237
vn 0.6720 0.0950 0.7344
vn 0.6038 0.7705 0.2044
vn 0.1533 0.8360 -0.5268
vn -0.3402 0.2422 -0.9086
vn -0.4837 -0.6809 -0.5499
vn -0.4535 -0.8901 -0.0445
vn -0.3613 -0.9121 -0.1936
vn -0.4524 -0.8856 0.1054
vn -0.4448 -0.8732 -0.1990
vn -0.4356 -0.8746 -0.2128
vn -0.8482 0.3863 0.3624
vn -0.8482 0.3863 0.3625
vn -0.8483 0.3862 0.3623
vn 0.3945 0.7808 0.4846
vn 0.2330 0.8477 0.4767
vn 0.3945 0.7807 0.4846
vn 0.5439 0.6899 0.4777
vn 0.8009 -0.3031 -0.5164
vn 0.8021 -0.2992 -0.5169
vn 0.7997 -0.3070 -0.5159
vn 0.3549 -0.4806 0.8019
vn 0.3548 -0.4820 0.8011
vn 0.3549 -0.4805 0.8020
vn 0.3549 -0.4793 0.8027
vn 0.1899 -0.9762 -0.1049
vn 0.1897 -0.9762 -0.1051
vn 0.1897 -0.9762 -0.1053
vn 0.8229 0.3610 0.4388
vn 0.8228 0.3610 0.4389
vn 0.8229 0.3609 0.4388
vn 0.8229 0.3609 0.4387
vn 0.8658 -0.4742 0.1599
vn 0.8656 -0.4745 0.1602
vn 0.8656 -0.4744 0.1601
vn 0.8658 -0.4742 0.1598
vn -0.0972 -0.3552 0.9297
vn -0.0970 -0.3552 0.9297
vn -0.1953 -0.3097 0.9306
vn -0.2921 -0.2600 0.9204
vn -0.3025 -0.2544 0.9186
vn -0.2013 -0.2862 0.9368
vn 0.0277 -0.4098 0.9118
vn 0.1884 -0.4677 0.8636
vn 0.3165 -0.5321 0.7853
vn 0.3390 -0.5098 0.7907
vn 0.1132 0.9227 0.3686
vn 0.1131 0.9227 0.3686
vn 0.2833 0.8656 0.4128
vn 0.4631 0.7941 0.3936
vn 0.6260 0.6917 0.3601
vn 0.6367 0.7191 0.2783
vn 0.6393 0.7230 0.2619
vn 0.6291 0.7471 0.2146
vn -0.6528 -0.6994 -0.2909
vn -0.6351 -0.7165 -0.2887
vn -0.6165 -0.7292 -0.2970
vn -0.6142 -0.7287 -0.3029
vn -0.6188 -0.7322 -0.2847
vn -0.6294 -0.7290 -0.2690
vn -0.6107 -0.7581 -0.2288
vn 0.3771 0.1517 -0.9137
vn 0.5700 0.0253 -0.8212
vn 0.5700 0.0253 -0.8213
vn 0.1473 0.2752 -0.9500
vn 0.1317 0.2778 -0.9516
vn 0.0106 0.3618 -0.9322
vn -0.1095 0.4190 -0.9014
vn -0.2181 0.4790 -0.8503
vn -0.2333 0.4567 -0.8585
vn 0.1341 0.7142 -0.6870
vn -0.0441 0.6914 -0.7212
vn -0.0453 0.6852 -0.7270
vn 0.3168 0.7123 -0.6263
vn 0.5802 0.7182 -0.3841
vn 0.6667 0.7147 -0.2117
vn 0.6817 0.7170 0.1457
vn 0.6210 0.7117 0.3286
vn 0.3787 0.7114 0.5920
vn 0.2065 0.7051 0.6783
vn -0.1510 0.7046 0.6934
vn -0.3338 0.6989 0.6326
vn -0.5973 0.7006 0.3904
vn -0.6836 0.6965 0.2181
vn -0.6987 0.7017 -0.1394
vn -0.6378 0.6995 -0.3223
vn -0.5506 0.6781 -0.4868
vn -0.5553 0.6720 -0.4899
vn -0.9370 -0.1051 -0.3332
vn -0.7374 -0.0929 -0.6690
vn -0.7049 -0.3078 -0.6390
vn -0.7881 -0.5079 -0.3478
vn -0.5338 -0.6898 -0.4891
vn -0.6808 -0.7182 -0.1438
vn -0.8449 -0.4008 0.3541
vn -0.8984 -0.1081 0.4256
vn -0.5783 -0.7194 0.3849
vn -0.4574 -0.1035 0.8832
vn -0.2758 -0.4442 0.8524
vn -0.1321 -0.7153 0.6862
vn 0.3017 -0.0947 0.9487
vn 0.4106 -0.4358 0.8009
vn 0.3965 -0.7086 0.5837
vn 0.8848 -0.0856 0.4581
vn 0.8596 -0.4281 0.2791
vn 0.6979 -0.7029 0.1374
vn 0.9501 -0.0814 -0.3010
vn 0.8081 -0.4256 -0.4073
vn 0.5953 -0.7018 -0.3912
vn 0.4596 -0.0847 -0.8841
vn 0.2862 -0.4299 -0.8563
vn -0.0507 -0.0845 -0.9951
vn 0.1490 -0.7058 -0.6925
vn -0.0406 -0.5085 -0.8601
vn -0.0313 -0.6827 -0.7300
vn 0.0014 0.3388 -0.9408
vn 0.0003 0.3355 -0.9421
vn 0.0014 0.3388 -0.9409
vn 0.0024 0.3422 -0.9396
vn 0.0007 0.9999 0.0120
vn -0.0001 0.0251 0.9997
vn 0.0001 0.9698 -0.2439
vn -0.0015 0.9694 -0.2455
vn 0.0003 0.9699 -0.2436
vn 0.0019 0.9703 -0.2420
vn 0.9961 0.0520 0.0708
vn 0.9880 0.0354 0.1505
vn 0.9852 0.1028 0.1373
vn 0.9852 0.1028 0.1372
vn 0.9943 0.0860 0.0633
vn 0.9961 0.0521 0.0707
vn 1.0000 0.0001 0.0034
vn 1.0000 0.0001 0.0037
vn 1.0000 -0.0008 0.0025
vn 1.0000 -0.0005 0.0025
vn -1.0000 0.0008 -0.0025
vn -1.0000 0.0004 -0.0025
vn -1.0000 0.0007 -0.0032
vn -1.0000 0.0007 -0.0037
vn -1.0000 0.0006 -0.0035
vn -1.0000 0.0016 -0.0024
vn -0.9973 -0.0578 -0.0442
vn -0.9932 -0.0698 -0.0931
vn -0.9851 -0.1035 -0.1377
vn -0.9879 -0.0356 -0.1509
vn -0.7945 0.3307 0.5093
vn -0.8214 0.3193 0.4726
vn -0.8500 0.3000 0.4330
vn -0.7945 0.3308 0.5093
vn -0.8745 0.2837 0.3933
vn -0.8793 0.2728 0.3904
vn 0.0122 0.3860 0.9224
vn 0.0121 0.3860 0.9224
vn 0.5937 0.2362 0.7692
vn 0.5937 0.2362 0.7693
vn 0.5937 0.2363 0.7692
vn 0.1341 0.9135 -0.3840
vn 0.1341 0.9136 -0.3840
vn 0.0026 0.9135 -0.4068
vn -0.7388 -0.4870 -0.4658
vn -0.8323 -0.4141 -0.3686
vn -0.8827 -0.2961 -0.3649
vn -0.7388 -0.4871 -0.4658
vn -0.8882 -0.2449 -0.3887
vn -0.6804 -0.4540 -0.5752
vn -0.8704 -0.1744 -0.4604
vn -0.6706 -0.4148 -0.6150
vn -0.8471 -0.1549 -0.5084
vn -0.6805 -0.3226 -0.6579
vn -0.7892 -0.1625 -0.5922
vn -0.7003 -0.2696 -0.6610
vn -0.7547 -0.1895 -0.6281
vn 0.0120 -0.9999 -0.0045
vn -0.0120 0.9999 0.0045
vn -0.0031 0.9998 -0.0206
vn -0.0234 0.9995 -0.0195
vn 0.0120 0.9999 -0.0070
vn -0.0370 0.9993 -0.0044
vn 0.0131 0.9998 0.0134
vn -0.0359 0.9992 0.0159
vn -0.0005 0.9996 0.0285
vn -0.0208 0.9993 0.0295
vn 0.8323 -0.4140 -0.3687
vn 0.7388 -0.4870 -0.4658
vn 0.8827 -0.2961 -0.3649
vn 0.8882 -0.2449 -0.3887
vn 0.6804 -0.4540 -0.5753
vn 0.8704 -0.1743 -0.4604
vn 0.6705 -0.4148 -0.6151
vn 0.8471 -0.1549 -0.5083
vn 0.6804 -0.3226 -0.6580
vn 0.7892 -0.1625 -0.5922
vn 0.7002 -0.2695 -0.6611
vn 0.7546 -0.1895 -0.6282
vn -0.0026 -0.9136 0.4067
vn -0.0027 -0.9135 0.4067
vn -0.0027 -0.9136 0.4067
vn -0.0027 -0.9135 0.4068
vn 0.0025 -0.9136 0.4067
vn 0.0025 -0.9135 0.4067
vn 0.4393 -0.8865 -0.1452
vn 0.5715 -0.6514 -0.4991
vn 0.5353 -0.0186 -0.8445
vn 0.4247 0.2776 -0.8617
vn 0.1207 0.7251 -0.6780
vn -0.0724 0.8758 -0.4771
vn -0.3960 0.9182 -0.0083
vn -0.5262 0.8098 0.2594
vn -0.6257 0.4154 0.6603
vn -0.5949 0.1294 0.7933
vn -0.3955 -0.4049 0.8244
vn -0.2269 -0.6531 0.7225
vn -0.0522 -0.8221 0.5669
vn -0.0521 -0.8222 0.5669
vn -0.5715 -0.6514 -0.4991
vn -0.4393 -0.8865 -0.1452
vn -0.5364 -0.0182 -0.8438
vn -0.4258 0.2782 -0.8610
vn -0.1218 0.7256 -0.6773
vn 0.0714 0.8763 -0.4764
vn 0.3949 0.9187 -0.0076
vn 0.5251 0.8103 0.2601
vn 0.6246 0.4158 0.6610
vn 0.5939 0.1298 0.7940
vn 0.3945 -0.4045 0.8251
vn 0.2258 -0.6527 0.7232
vn 0.0522 -0.8221 0.5669
vn 0.7917 -0.3256 -0.5169
vn 0.7917 -0.3256 -0.5170
vn 0.7917 -0.3255 -0.5169
vn -0.7917 -0.3256 -0.5169
vn -0.7917 -0.3256 -0.5168
vt 0.369880 0.145027
vt 0.344488 0.146974
vt 0.347649 0.190911
vt 0.744145 0.515622
vt 0.699714 0.516596
vt 0.744145 0.519038
vt 0.713870 0.487789
vt 0.748040 0.498051
vt 0.747561 0.495114
vt 0.745119 0.503174
vt 0.709466 0.494635
vt 0.745598 0.504148
vt 0.337403 0.179691
vt 0.135739 0.314453
vt 0.135979 0.314453
vt 0.119561 0.315921
vt 0.120055 0.315427
vt 0.117733 0.326168
vt 0.119636 0.326662
vt 0.277827 0.064943
vt 0.312251 0.062007
vt 0.286860 0.066890
vt 0.422850 0.093750
vt 0.434564 0.089361
vt 0.426760 0.084477
vt 0.550287 0.402342
vt 0.547845 0.401848
vt 0.547365 0.402342
vt 0.627929 0.716552
vt 0.631344 0.715818
vt 0.625982 0.714350
vt 0.095338 0.554691
vt 0.097480 0.553462
vt 0.097779 0.564937
vt 0.617188 0.710200
vt 0.622072 0.711189
vt 0.620604 0.706305
vt 0.777027 0.120999
vt 0.785176 0.115681
vt 0.788082 0.097660
vt 0.046352 0.736086
vt 0.048644 0.724117
vt 0.053857 0.731937
vt 0.043641 0.732416
vt 0.058681 0.719967
vt 0.061917 0.725825
vt 0.037993 0.675536
vt 0.052464 0.676510
vt 0.048974 0.680420
vt 0.045169 0.667731
vt 0.030803 0.663822
vt 0.032556 0.661859
vt 0.013156 0.726079
vt 0.019748 0.731442
vt 0.017695 0.732671
vt 0.018130 0.723877
vt 0.012946 0.711189
vt 0.008018 0.713376
vt 0.031956 0.701422
vt 0.022848 0.708747
vt 0.022069 0.703609
vt 0.032526 0.709961
vt 0.046997 0.702141
vt 0.047026 0.710934
vt 0.057003 0.703369
vt 0.056913 0.710200
vt 0.066291 0.710200
vt 0.066351 0.703369
vt 0.059565 0.693842
vt 0.050202 0.689453
vt 0.035701 0.685798
vt 0.023193 0.696044
vt 0.020886 0.682622
vt 0.024122 0.674802
vt 0.033424 0.723638
vt 0.032900 0.733644
vt 0.022624 0.711189
vt 0.428228 0.530767
vt 0.423824 0.522708
vt 0.439703 0.508791
vt 0.445066 0.521734
vt 0.430175 0.536370
vt 0.568847 0.470217
vt 0.447028 0.527831
vt 0.434085 0.546631
vt 0.573236 0.482906
vt 0.450923 0.540534
vt 0.436527 0.553223
vt 0.590823 0.480958
vt 0.586419 0.471191
vt 0.592291 0.487310
vt 0.574704 0.488763
vt 0.574704 0.501466
vt 0.587887 0.497077
vt 0.453125 0.546137
vt 0.598148 0.497077
vt 0.597175 0.486321
vt 0.605474 0.493646
vt 0.602538 0.511713
vt 0.595707 0.509031
vt 0.593265 0.516117
vt 0.588381 0.514409
vt 0.586913 0.502934
vt 0.575199 0.507563
vt 0.577146 0.520027
vt 0.589355 0.522214
vt 0.457769 0.558106
vt 0.578614 0.525629
vt 0.595212 0.532954
vt 0.459716 0.563724
vt 0.583498 0.536864
vt 0.609863 0.542976
vt 0.595707 0.552489
vt 0.463866 0.575933
vt 0.468015 0.595452
vt 0.446773 0.593265
vt 0.445066 0.579828
vt 0.441650 0.569341
vt 0.439448 0.562495
vt 0.429681 0.560548
vt 0.437740 0.566405
vt 0.432857 0.551021
vt 0.430415 0.570315
vt 0.424558 0.552009
vt 0.420408 0.563484
vt 0.421637 0.555170
vt 0.865230 0.549313
vt 0.871582 0.547845
vt 0.869635 0.534917
vt 0.863777 0.535651
vt 0.863283 0.534423
vt 0.869140 0.533209
vt 0.865230 0.520027
vt 0.858894 0.521480
vt 0.829593 0.535651
vt 0.807617 0.521240
vt 0.806149 0.522948
vt 0.829098 0.537598
vt 0.885738 0.530273
vt 0.885738 0.530033
vt 0.878907 0.530767
vt 0.879402 0.533209
vt 0.831061 0.514154
vt 0.830566 0.512207
vt 0.807122 0.516596
vt 0.807617 0.518559
vt 0.874998 0.518064
vt 0.874024 0.517090
vt 0.865230 0.518304
vt 0.859373 0.519772
vt 0.831540 0.512447
vt 0.877439 0.513675
vt 0.874998 0.381834
vt 0.868646 0.374029
vt 0.874998 0.513181
vt 0.763665 0.510259
vt 0.773432 0.515862
vt 0.776862 0.515143
vt 0.780278 0.512447
vt 0.768069 0.497556
vt 0.780278 0.507084
vt 0.755860 0.491699
vt 0.759770 0.487789
vt 0.729974 0.455567
vt 0.734378 0.451657
vt 0.753418 0.488763
vt 0.805175 0.521000
vt 0.805669 0.518559
vt 0.782719 0.511713
vt 0.782719 0.507323
vt 0.513181 0.170898
vt 0.486815 0.170898
vt 0.487055 0.173340
vt 0.513181 0.173340
vt 0.480718 0.161625
vt 0.480464 0.166014
vt 0.486815 0.166014
vt 0.486815 0.161625
vt 0.513181 0.162104
vt 0.513181 0.166509
vt 0.480718 0.156741
vt 0.486815 0.156741
vt 0.513181 0.157715
vt 0.486576 0.140144
vt 0.480464 0.140144
vt 0.480718 0.150390
vt 0.487055 0.149896
vt 0.513675 0.152337
vt 0.609369 0.093750
vt 0.506350 0.096686
vt 0.522948 0.134271
vt 0.585939 0.129882
vt 0.611331 0.120609
vt 0.891596 0.185054
vt 0.833502 0.142091
vt 0.859868 0.209966
vt 0.881829 0.240241
vt 0.760743 0.096192
vt 0.789056 0.085451
vt 0.759770 0.085451
vt 0.731442 0.115231
vt 0.729495 0.086919
vt 0.649411 0.118647
vt 0.647463 0.091802
vt 0.774420 0.385744
vt 0.750482 0.412603
vt 0.763185 0.419929
vt 0.790524 0.395990
vt 0.797370 0.408694
vt 0.768548 0.429681
vt 0.339605 0.079593
vt 0.320550 0.082515
vt 0.284418 0.075684
vt 0.275385 0.107906
vt 0.329583 0.119636
vt 0.353267 0.113284
vt 0.274905 0.122077
vt 0.344488 0.136713
vt 0.260015 0.103022
vt 0.263910 0.122557
vt 0.275145 0.183107
vt 0.301510 0.184575
vt 0.283204 0.150884
vt 0.833982 0.667971
vt 0.838865 0.667477
vt 0.842775 0.645501
vt 0.836918 0.646729
vt 0.838386 0.631839
vt 0.706545 0.672360
vt 0.703130 0.648197
vt 0.707024 0.626221
vt 0.687505 0.650879
vt 0.687505 0.672121
vt 0.669919 0.671147
vt 0.670413 0.671881
vt 0.881829 0.546871
vt 0.885259 0.549807
vt 0.266606 0.194821
vt 0.250248 0.178717
vt 0.183601 0.226564
vt 0.234743 0.167482
vt 0.207614 0.246143
vt 0.194207 0.257813
vt 0.343754 0.193353
vt 0.301510 0.191900
vt 0.269527 0.195795
vt 0.756834 0.523682
vt 0.771484 0.526618
vt 0.774900 0.524176
vt 0.774420 0.519038
vt 0.763185 0.511473
vt 0.773432 0.516596
vt 0.743651 0.523682
vt 0.698725 0.522214
vt 0.745119 0.509031
vt 0.709466 0.501960
vt 0.600590 0.147454
vt 0.582524 0.147948
vt 0.567873 0.192379
vt 0.601069 0.192379
vt 0.614252 0.132324
vt 0.597175 0.230474
vt 0.564458 0.234369
vt 0.579108 0.260749
vt 0.620124 0.202147
vt 0.604006 0.243657
vt 0.598628 0.277827
vt 0.616214 0.233890
vt 0.664061 0.204588
vt 0.650384 0.247072
vt 0.738288 0.175287
vt 0.740011 0.169190
vt 0.725585 0.220707
vt 0.746827 0.152907
vt 0.753044 0.142975
vt 0.767799 0.129283
vt 0.674413 0.278441
vt 0.680000 0.277467
vt 0.666398 0.279639
vt 0.732835 0.267790
vt 0.745598 0.270996
vt 0.774900 0.271490
vt 0.672405 0.283534
vt 0.674802 0.318842
vt 0.684509 0.291653
vt 0.700283 0.302754
vt 0.702635 0.333987
vt 0.710994 0.299263
vt 0.706290 0.298964
vt 0.711908 0.295413
vt 0.714065 0.300177
vt 0.721465 0.300057
vt 0.728027 0.331051
vt 0.727532 0.354975
vt 0.764159 0.320805
vt 0.760414 0.309555
vt 0.768039 0.311217
vt 0.756834 0.344728
vt 0.786614 0.319831
vt 0.786240 0.315367
vt 0.791453 0.315457
vt 0.809459 0.338392
vt 0.805639 0.315996
vt 0.809474 0.338302
vt 0.809564 0.338377
vt 0.809549 0.336489
vt 0.818477 0.333927
vt 0.827046 0.331246
vt 0.837922 0.325778
vt 0.837727 0.327456
vt 0.834192 0.322123
vt 0.838311 0.324220
vt 0.766601 0.365236
vt 0.757807 0.352533
vt 0.732910 0.375977
vt 0.737300 0.394043
vt 0.671387 0.322273
vt 0.658878 0.328939
vt 0.688958 0.329104
vt 0.597175 0.280268
vt 0.587827 0.308311
vt 0.575094 0.307053
vt 0.550272 0.292492
vt 0.576667 0.262697
vt 0.550736 0.288163
vt 0.542692 0.284523
vt 0.532355 0.275669
vt 0.561522 0.236331
vt 0.529449 0.273602
vt 0.501841 0.278905
vt 0.860841 0.391601
vt 0.846191 0.399900
vt 0.859373 0.410162
vt 0.837397 0.411135
vt 0.835450 0.396979
vt 0.820799 0.378419
vt 0.792487 0.365730
vt 0.805085 0.350585
vt 0.823241 0.364262
vt 0.805175 0.350585
vt 0.854010 0.360847
vt 0.755860 0.526123
vt 0.770990 0.529060
vt 0.743157 0.526123
vt 0.749029 0.424812
vt 0.488283 0.288567
vt 0.506350 0.259760
vt 0.422356 0.248046
vt 0.442384 0.300297
vt 0.403316 0.308596
vt 0.362060 0.252435
vt 0.331546 0.258787
vt 0.292237 0.291998
vt 0.285886 0.268059
vt 0.279534 0.289556
vt 0.258307 0.286620
vt 0.548339 0.402342
vt 0.547845 0.403316
vt 0.548833 0.394537
vt 0.544429 0.395511
vt 0.545403 0.404305
vt 0.544429 0.405278
vt 0.543456 0.395511
vt 0.550781 0.403316
vt 0.549313 0.394537
vt 0.553223 0.392575
vt 0.553717 0.393069
vt 0.566900 0.453619
vt 0.563484 0.454593
vt 0.562990 0.452631
vt 0.566405 0.452151
vt 0.556159 0.403316
vt 0.557133 0.402836
vt 0.568353 0.445800
vt 0.565432 0.444826
vt 0.568353 0.452631
vt 0.466308 0.150884
vt 0.465573 0.153326
vt 0.473633 0.159183
vt 0.474367 0.156741
vt 0.477543 0.159183
vt 0.476314 0.162599
vt 0.553223 0.404305
vt 0.553717 0.403316
vt 0.562016 0.445320
vt 0.560054 0.447268
vt 0.561522 0.453619
vt 0.504882 0.412109
vt 0.504882 0.407720
vt 0.506829 0.407720
vt 0.506829 0.412109
vt 0.529299 0.458982
vt 0.528326 0.459956
vt 0.507323 0.418940
vt 0.509765 0.419434
vt 0.532715 0.458009
vt 0.531247 0.458009
vt 0.514154 0.417966
vt 0.515622 0.415525
vt 0.512207 0.409173
vt 0.510739 0.410641
vt 0.989252 0.439942
vt 0.979005 0.481452
vt 0.970706 0.482426
vt 0.986330 0.436527
vt 0.956550 0.475101
vt 0.978511 0.433591
vt 0.981941 0.435553
vt 0.963381 0.479011
vt 0.946783 0.473633
vt 0.977058 0.428228
vt 0.966796 0.488763
vt 0.960939 0.485347
vt 0.980473 0.431149
vt 0.983394 0.433111
vt 0.116205 0.231448
vt 0.116145 0.231448
vt 0.109314 0.245604
vt 0.132818 0.229980
vt 0.133178 0.230474
vt 0.139769 0.240721
vt 0.141477 0.272464
vt 0.106318 0.273932
vt 0.111022 0.302739
vt 0.152337 0.272464
vt 0.152217 0.256839
vt 0.157221 0.262202
vt 0.157221 0.272464
vt 0.157476 0.282231
vt 0.152712 0.287594
vt 0.141477 0.303712
vt 0.102229 0.309075
vt 0.112115 0.322273
vt 0.138795 0.324700
vt 0.137702 0.324700
vt 0.097899 0.244630
vt 0.096746 0.273932
vt 0.100101 0.304192
vt 0.106438 0.226564
vt 0.099667 0.241215
vt 0.134406 0.219733
vt 0.132563 0.219239
vt 0.114258 0.221186
vt 0.111996 0.221681
vt 0.148802 0.234369
vt 0.141237 0.224123
vt 0.160651 0.249993
vt 0.165280 0.255371
vt 0.168097 0.282231
vt 0.167962 0.272464
vt 0.168097 0.262697
vt 0.165655 0.289062
vt 0.161505 0.294440
vt 0.150510 0.309570
vt 0.144293 0.320310
vt 0.969732 0.640632
vt 0.981447 0.637936
vt 0.980473 0.633307
vt 0.968744 0.635749
vt 0.948236 0.620604
vt 0.955561 0.612065
vt 0.951666 0.608889
vt 0.944820 0.617922
vt 0.942379 0.629397
vt 0.938484 0.626716
vt 0.950678 0.663088
vt 0.949704 0.658444
vt 0.906246 0.671147
vt 0.907714 0.675776
vt 0.949704 0.640138
vt 0.950678 0.645261
vt 0.900883 0.652586
vt 0.901857 0.656736
vt 0.897468 0.658204
vt 0.901857 0.672600
vt 0.624514 0.718020
vt 0.625487 0.719488
vt 0.630371 0.718499
vt 0.617683 0.715339
vt 0.602058 0.746093
vt 0.605474 0.749508
vt 0.620604 0.715818
vt 0.616694 0.714110
vt 0.600096 0.743891
vt 0.928717 0.526618
vt 0.933106 0.540280
vt 0.952146 0.541254
vt 0.952640 0.526363
vt 0.971186 0.541508
vt 0.933106 0.514154
vt 0.976069 0.528326
vt 0.953119 0.511967
vt 0.972174 0.515862
vt 0.957524 0.562016
vt 0.968744 0.563229
vt 0.941899 0.559320
vt 0.963381 0.597894
vt 0.966796 0.578614
vt 0.957029 0.576906
vt 0.944341 0.593025
vt 0.925286 0.586419
vt 0.940431 0.575438
vt 0.988772 0.556399
vt 0.967770 0.572263
vt 0.988278 0.570075
vt 0.985836 0.582764
vt 0.601069 0.762092
vt 0.620124 0.764893
vt 0.615241 0.758916
vt 0.602538 0.757073
vt 0.611810 0.750857
vt 0.606927 0.750123
vt 0.623540 0.717046
vt 0.625487 0.714110
vt 0.621577 0.710934
vt 0.600590 0.755620
vt 0.597654 0.759770
vt 0.599122 0.753778
vt 0.595212 0.756354
vt 0.602058 0.748535
vt 0.600096 0.744879
vt 0.593265 0.742183
vt 0.585445 0.739741
vt 0.593265 0.738528
vt 0.585939 0.734618
vt 0.914066 0.174808
vt 0.946288 0.258787
vt 0.907220 0.253424
vt 0.246952 0.136713
vt 0.398687 0.084477
vt 0.413337 0.086424
vt 0.414551 0.079593
vt 0.624993 0.684569
vt 0.645501 0.659912
vt 0.639164 0.654534
vt 0.617683 0.678218
vt 0.634760 0.650384
vt 0.611810 0.672600
vt 0.606927 0.667477
vt 0.633307 0.646729
vt 0.531741 0.737554
vt 0.534183 0.748535
vt 0.527337 0.730963
vt 0.521000 0.723383
vt 0.513675 0.714844
vt 0.603511 0.662593
vt 0.507818 0.709466
vt 0.600590 0.656002
vt 0.504402 0.704103
vt 0.631839 0.639643
vt 0.598148 0.649665
vt 0.502440 0.699459
vt 0.595212 0.642340
vt 0.591797 0.639643
vt 0.624993 0.623285
vt 0.588861 0.634026
vt 0.476314 0.656496
vt 0.479490 0.663088
vt 0.475101 0.647943
vt 0.586913 0.630131
vt 0.476314 0.639898
vt 0.584966 0.624753
vt 0.478277 0.632318
vt 0.621098 0.615241
vt 0.584471 0.619136
vt 0.479490 0.624993
vt 0.584471 0.608155
vt 0.479011 0.617922
vt 0.586419 0.595452
vt 0.473873 0.607915
vt 0.592291 0.594733
vt 0.593265 0.607181
vt 0.617683 0.606447
vt 0.691400 0.598882
vt 0.693363 0.603032
vt 0.689947 0.594239
vt 0.724117 0.596441
vt 0.724117 0.603032
vt 0.724117 0.590583
vt 0.899895 0.616214
vt 0.898921 0.624019
vt 0.900883 0.608649
vt 0.724117 0.584232
vt 0.901857 0.601069
vt 0.688958 0.590089
vt 0.615720 0.596680
vt 0.723638 0.577880
vt 0.902351 0.593265
vt 0.902831 0.585700
vt 0.687985 0.585939
vt 0.614746 0.588381
vt 0.726559 0.570315
vt 0.903325 0.577880
vt 0.729974 0.563963
vt 0.904299 0.563724
vt 0.730963 0.551021
vt 0.720222 0.575438
vt 0.688479 0.580082
vt 0.614746 0.579828
vt 0.717780 0.571783
vt 0.689947 0.572263
vt 0.719728 0.559320
vt 0.615720 0.571289
vt 0.692389 0.554930
vt 0.617683 0.554930
vt 0.553223 0.403316
vt 0.554196 0.393549
vt 0.556159 0.448241
vt 0.550781 0.404784
vt 0.558106 0.454593
vt 0.519038 0.413577
vt 0.534662 0.457514
vt 0.515622 0.406731
vt 0.033604 0.571528
vt 0.059205 0.545897
vt 0.069092 0.555664
vt 0.043491 0.581296
vt 0.111262 0.438969
vt 0.122677 0.436527
vt 0.121703 0.438474
vt 0.119381 0.442384
vt 0.106438 0.453619
vt 0.112056 0.437995
vt 0.109314 0.486815
vt 0.114437 0.480464
vt 0.120729 0.450683
vt 0.102363 0.471685
vt 0.101015 0.489257
vt 0.067325 0.447268
vt 0.064209 0.460945
vt 0.112430 0.489752
vt 0.112969 0.491699
vt 0.109988 0.562990
vt 0.109194 0.554196
vt 0.129882 0.440916
vt 0.128669 0.444826
vt 0.099607 0.500492
vt 0.111876 0.500732
vt 0.110782 0.502934
vt 0.107052 0.504882
vt 0.096551 0.551515
vt 0.098513 0.502200
vt 0.095517 0.517585
vt 0.094723 0.536130
vt 0.084657 0.533449
vt 0.085211 0.519532
vt 0.105464 0.550047
vt 0.109809 0.552983
vt 0.109374 0.542722
vt 0.110408 0.512207
vt 0.112310 0.562495
vt 0.075324 0.485347
vt 0.091742 0.485347
vt 0.091802 0.489257
vt 0.075384 0.489752
vt 0.075444 0.497077
vt 0.091862 0.497077
vt 0.092716 0.228032
vt 0.075249 0.224123
vt 0.074216 0.224602
vt 0.069032 0.236331
vt 0.093630 0.229006
vt 0.062171 0.267086
vt 0.054786 0.249514
vt 0.086005 0.301765
vt 0.051416 0.264165
vt 0.048824 0.253424
vt 0.046637 0.263191
vt 0.048180 0.278815
vt 0.044435 0.272943
vt 0.055850 0.296881
vt 0.056554 0.310064
vt 0.055850 0.309570
vt 0.075249 0.313959
vt 0.073976 0.313959
vt 0.959471 0.663088
vt 0.970706 0.665035
vt 0.968744 0.653560
vt 0.960939 0.623285
vt 0.898442 0.638190
vt 0.080387 0.565432
vt 0.079653 0.555425
vt 0.060913 0.520027
vt 0.059595 0.535651
vt 0.049408 0.534662
vt 0.050966 0.517090
vt 0.062097 0.518559
vt 0.048030 0.588381
vt 0.958977 0.571783
vt 0.940431 0.568113
vt 0.921871 0.575438
vt 0.920403 0.562495
vt 0.924312 0.549313
vt 0.618162 0.758182
vt 0.614252 0.749763
vt 0.624514 0.764039
vt 0.358405 0.654788
vt 0.369386 0.650639
vt 0.367438 0.645021
vt 0.356937 0.650384
vt 0.367438 0.638909
vt 0.354735 0.642819
vt 0.363034 0.666009
vt 0.376471 0.665290
vt 0.372801 0.658204
vt 0.361821 0.661859
vt 0.349372 0.652826
vt 0.350825 0.656976
vt 0.423344 0.679686
vt 0.421382 0.678218
vt 0.420902 0.679446
vt 0.422850 0.681393
vt 0.424318 0.674323
vt 0.422116 0.674323
vt 0.421876 0.675536
vt 0.424318 0.675536
vt 0.419674 0.674562
vt 0.419674 0.675536
vt 0.421382 0.671387
vt 0.424078 0.669185
vt 0.428707 0.670892
vt 0.428468 0.674562
vt 0.447507 0.675536
vt 0.446773 0.679206
vt 0.483640 0.681888
vt 0.483160 0.686277
vt 0.026474 0.566900
vt 0.495848 0.458503
vt 0.497796 0.456540
vt 0.489257 0.448736
vt 0.486321 0.449709
vt 0.485602 0.445320
vt 0.484613 0.447268
vt 0.458982 0.410641
vt 0.458008 0.411135
vt 0.499998 0.454099
vt 0.491699 0.445800
vt 0.491205 0.463866
vt 0.493901 0.460945
vt 0.484374 0.452151
vt 0.482426 0.456061
vt 0.500492 0.458982
vt 0.497077 0.460945
vt 0.470217 0.394537
vt 0.476075 0.401368
vt 0.477288 0.400395
vt 0.468989 0.395990
vt 0.476314 0.402836
vt 0.468749 0.400395
vt 0.468989 0.401848
vt 0.458008 0.409667
vt 0.447268 0.409173
vt 0.447268 0.411135
vt 0.454593 0.416498
vt 0.453859 0.415045
vt 0.445320 0.417966
vt 0.446039 0.419434
vt 0.487549 0.443358
vt 0.488763 0.442878
vt 0.463626 0.407720
vt 0.464839 0.406731
vt 0.440676 0.416993
vt 0.444332 0.425292
vt 0.481932 0.447747
vt 0.438474 0.411615
vt 0.438474 0.410162
vt 0.590329 0.425292
vt 0.616694 0.415525
vt 0.616214 0.412603
vt 0.589355 0.419434
vt 0.587887 0.410162
vt 0.615241 0.407720
vt 0.615241 0.405758
vt 0.586913 0.405278
vt 0.618656 0.412109
vt 0.618162 0.410162
vt 0.615720 0.410641
vt 0.588381 0.414551
vt 0.583498 0.419434
vt 0.583498 0.414551
vt 0.480464 0.180665
vt 0.486815 0.180665
vt 0.480464 0.170898
vt 0.489497 0.149896
vt 0.488763 0.140623
vt 0.461424 0.400395
vt 0.124939 0.451657
vt 0.116999 0.481932
vt 0.115112 0.488284
vt 0.783199 0.518304
vt 0.785641 0.517585
vt 0.786614 0.520027
vt 0.785161 0.521974
vt 0.794928 0.527097
vt 0.793460 0.529060
vt 0.427239 0.679446
vt 0.426760 0.680420
vt 0.445800 0.684809
vt 0.444826 0.686277
vt 0.479984 0.696284
vt 0.477782 0.702396
vt 0.428228 0.676510
vt 0.446773 0.681154
vt 0.481452 0.692134
vt 0.815571 0.078110
vt 0.817908 0.076178
vt 0.812994 0.064448
vt 0.822057 0.072478
vt 0.822327 0.061932
vt 0.818852 0.058112
vt 0.872556 0.117194
vt 0.844723 0.140144
vt 0.824215 0.124025
vt 0.516596 0.159663
vt 0.519532 0.157715
vt 0.517585 0.163573
vt 0.520506 0.159663
vt 0.881349 0.437995
vt 0.364742 0.196784
vt 0.393309 0.116205
vt 0.399166 0.179691
vt 0.403570 0.175781
vt 0.437261 0.096686
vt 0.441890 0.097660
vt 0.255611 0.083983
vt 0.251956 0.080567
vt 0.263431 0.070306
vt 0.730469 0.219239
vt 0.493167 0.246099
vt 0.489752 0.242683
vt 0.451912 0.201173
vt 0.464360 0.200199
vt 0.488283 0.211914
vt 0.475341 0.229006
vt 0.458248 0.215329
vt 0.491699 0.209472
vt 0.495354 0.233890
vt 0.777836 0.474607
vt 0.778315 0.491699
vt 0.806149 0.467281
vt 0.846685 0.464360
vt 0.970212 0.397953
vt 0.964849 0.388186
vt 0.920403 0.462398
vt 0.901363 0.394537
vt 0.858400 0.491699
vt 0.812994 0.492673
vt 0.899895 0.356937
vt 0.944820 0.337403
vt 0.874998 0.334961
vt 0.857426 0.339845
vt 0.923339 0.309075
vt 0.862309 0.328609
vt 0.978031 0.308102
vt 0.941405 0.299803
vt 0.973627 0.340339
vt 0.989746 0.333987
vt 0.985357 0.299803
vt 0.972174 0.288088
vt 0.903804 0.300297
vt 0.903804 0.304686
vt 0.874024 0.296881
vt 0.885738 0.308102
vt 0.875492 0.315427
vt 0.843269 0.268554
vt 0.782719 0.274905
vt 0.785161 0.200199
vt 0.775394 0.176276
vt 0.749508 0.276853
vt 0.687011 0.284672
vt 0.430175 0.194342
vt 0.407720 0.188470
vt 0.411135 0.225591
vt 0.424558 0.228512
vt 0.427494 0.155768
vt 0.411135 0.184575
vt 0.430670 0.189458
vt 0.438714 0.158689
vt 0.235477 0.081061
vt 0.249274 0.080073
vt 0.219239 0.065917
vt 0.234009 0.062995
vt 0.245245 0.063475
vt 0.253424 0.064943
vt 0.219239 0.077152
vt 0.213996 0.106932
vt 0.232302 0.104491
vt 0.219973 0.116205
vt 0.718260 0.410162
vt 0.741209 0.405758
vt 0.717286 0.389654
vt 0.708013 0.411135
vt 0.709961 0.366704
vt 0.705077 0.384276
vt 0.675776 0.405758
vt 0.687505 0.351559
vt 0.681154 0.371093
vt 0.681648 0.350091
vt 0.619136 0.364262
vt 0.605953 0.386223
vt 0.614746 0.361326
vt 0.584471 0.374509
vt 0.562990 0.333014
vt 0.558106 0.340339
vt 0.559185 0.334602
vt 0.556638 0.340758
vt 0.560114 0.332384
vt 0.560578 0.331351
vt 0.574794 0.315367
vt 0.577491 0.311038
vt 0.291264 0.298829
vt 0.276119 0.292971
vt 0.267340 0.294919
vt 0.400395 0.321284
vt 0.389654 0.347649
vt 0.425292 0.322273
vt 0.516596 0.301271
vt 0.528535 0.302454
vt 0.522124 0.305046
vt 0.512836 0.310933
vt 0.501376 0.315427
vt 0.469918 0.321748
vt 0.442474 0.325014
vt 0.432767 0.335590
vt 0.423090 0.337403
vt 0.431359 0.338811
vt 0.429366 0.344473
vt 0.426086 0.351230
vt 0.419674 0.368157
vt 0.444137 0.366195
vt 0.449380 0.373340
vt 0.429936 0.382329
vt 0.452091 0.375692
vt 0.391841 0.368652
vt 0.382568 0.375483
vt 0.322752 0.331051
vt 0.344968 0.326662
vt 0.309809 0.337403
vt 0.373775 0.384276
vt 0.365236 0.395990
vt 0.303218 0.340818
vt 0.307368 0.334467
vt 0.266112 0.301271
vt 0.299803 0.337403
vt 0.254637 0.307128
vt 0.415045 0.103022
vt 0.366944 0.080567
vt 0.405023 0.122077
vt 0.366449 0.090334
vt 0.434085 0.107427
vt 0.427733 0.116699
vt 0.405023 0.133298
vt 0.412349 0.380366
vt 0.406012 0.397953
vt 0.429441 0.386718
vt 0.402582 0.394537
vt 0.397698 0.399421
vt 0.393549 0.396979
vt 0.398192 0.392096
vt 0.392335 0.411615
vt 0.400634 0.414057
vt 0.386957 0.409173
vt 0.394283 0.387691
vt 0.399421 0.384770
vt 0.380366 0.199225
vt 0.382568 0.109868
vt 0.440437 0.154300
vt 0.430175 0.151858
vt 0.431389 0.119141
vt 0.438235 0.110348
vt 0.257813 0.288088
vt 0.488523 0.229980
vt 0.515143 0.353027
vt 0.508791 0.321284
vt 0.456061 0.374509
vt 0.477288 0.132324
vt 0.538572 0.313479
vt 0.484374 0.335935
vt 0.621577 0.526618
vt 0.492193 0.542482
vt 0.682127 0.684569
vt 0.497077 0.693602
vt 0.727053 0.806523
vt 0.499998 0.771364
vt 0.502934 0.844363
vt 0.766106 0.903385
vt 0.084532 0.173343
vt 0.064877 0.185056
vt 0.066829 0.184080
vt 0.082520 0.170414
vt 0.343259 0.790893
vt 0.342535 0.789311
vt 0.333247 0.766609
vt 0.330807 0.769892
vt 0.136354 0.061519
vt 0.184819 0.050782
vt 0.183592 0.052246
vt 0.138055 0.064448
vt 0.171997 0.069831
vt 0.174319 0.071295
vt 0.069698 0.135748
vt 0.072878 0.137212
vt 0.106805 0.169926
vt 0.106317 0.173831
vt 0.147461 0.187984
vt 0.147461 0.191401
vt 0.166140 0.185544
vt 0.167116 0.188960
vt 0.187260 0.173831
vt 0.184686 0.171391
vt 0.196784 0.151366
vt 0.199949 0.152342
vt 0.200688 0.132317
vt 0.197509 0.132820
vt 0.179081 0.092770
vt 0.175177 0.094234
vt 0.160032 0.108402
vt 0.143438 0.133796
vt 0.100105 0.096186
vt 0.120174 0.152830
vt 0.096556 0.093258
vt 0.263914 0.801024
vt 0.262701 0.783691
vt 0.260009 0.784785
vt 0.259521 0.802000
vt 0.344975 0.686524
vt 0.345951 0.674322
vt 0.338142 0.672607
vt 0.331783 0.683107
vt 0.322510 0.708501
vt 0.335199 0.712154
vt 0.314213 0.727535
vt 0.327878 0.728999
vt 0.319581 0.703857
vt 0.285151 0.723142
vt 0.271974 0.723142
vt 0.130852 0.796631
vt 0.130128 0.804322
vt 0.139889 0.806023
vt 0.140865 0.794798
vt 0.162472 0.805905
vt 0.162960 0.795167
vt 0.160150 0.791145
vt 0.189448 0.759037
vt 0.185426 0.769404
vt 0.180175 0.794073
vt 0.178223 0.805298
vt 0.185174 0.804928
vt 0.184568 0.793585
vt 0.224973 0.802488
vt 0.193604 0.760989
vt 0.189448 0.768679
vt 0.229498 0.787477
vt 0.230105 0.782715
vt 0.233033 0.776740
vt 0.234379 0.771489
vt 0.195926 0.755620
vt 0.192140 0.753180
vt 0.198855 0.733894
vt 0.202996 0.735359
vt 0.298580 0.689703
vt 0.292975 0.688727
vt 0.292487 0.693844
vt 0.297604 0.694584
vt 0.329342 0.758667
vt 0.290032 0.777095
vt 0.293463 0.781857
vt 0.294188 0.786131
vt 0.298580 0.801024
vt 0.344487 0.800166
vt 0.237544 0.688727
vt 0.207891 0.696536
vt 0.207891 0.705572
vt 0.236938 0.695797
vt 0.242188 0.687751
vt 0.241818 0.695560
vt 0.203484 0.695072
vt 0.203853 0.704596
vt 0.153318 0.731439
vt 0.144281 0.728274
vt 0.142329 0.733643
vt 0.151484 0.737059
vt 0.339606 0.665774
vt 0.347652 0.666750
vt 0.193974 0.975377
vt 0.193486 0.973292
vt 0.200319 0.969166
vt 0.201901 0.970674
vt 0.159174 0.971148
vt 0.167604 0.972863
vt 0.167235 0.974875
vt 0.158819 0.972982
vt 0.173712 0.945532
vt 0.180664 0.940637
vt 0.182497 0.943151
vt 0.175413 0.948061
vt 0.191282 0.954465
vt 0.183710 0.959715
vt 0.181403 0.956609
vt 0.189330 0.951759
vt 0.190794 0.970157
vt 0.187378 0.964818
vt 0.194950 0.959745
vt 0.198603 0.965143
vt 0.192377 0.971547
vt 0.199224 0.967317
vt 0.177735 0.972523
vt 0.169187 0.974046
vt 0.182128 0.960780
vt 0.170902 0.956269
vt 0.172367 0.948815
vt 0.180782 0.973736
vt 0.184080 0.973248
vt 0.186653 0.971177
vt 0.185914 0.974505
vt 0.187496 0.973189
vt 0.162591 0.954657
vt 0.163818 0.947292
vt 0.164306 0.986514
vt 0.163449 0.989738
vt 0.154545 0.987431
vt 0.155403 0.984236
vt 0.165164 0.983290
vt 0.156128 0.981737
vt 0.161378 0.945429
vt 0.152223 0.951685
vt 0.150508 0.954583
vt 0.157355 0.971650
vt 0.149413 0.966977
vt 0.142462 0.962215
vt 0.144281 0.956062
vt 0.143926 0.965143
vt 0.146855 0.966918
vt 0.141841 0.965602
vt 0.140865 0.963738
vt 0.184080 0.828000
vt 0.176996 0.827512
vt 0.177972 0.811155
vt 0.185174 0.810430
vt 0.224603 0.806526
vt 0.258782 0.808715
vt 0.162354 0.812382
vt 0.139652 0.812501
vt 0.129758 0.811894
vt 0.349367 0.750237
vt 0.352784 0.758297
vt 0.362308 0.780881
vt 0.366701 0.791263
vt 0.183104 0.701417
vt 0.182734 0.693356
vt 0.177484 0.693120
vt 0.178223 0.700929
vt 0.124212 0.691168
vt 0.124937 0.696285
vt 0.271974 0.748048
vt 0.284915 0.748048
vt 0.284663 0.722906
vt 0.314213 0.748048
vt 0.328130 0.748048
vt 0.947751 0.029293
vt 0.981441 0.029293
vt 0.981441 0.034173
vt 0.947751 0.034173
vt 0.931157 0.029293
vt 0.931157 0.034173
vt 0.725095 0.029293
vt 0.725095 0.034173
vt 0.719238 0.029293
vt 0.719238 0.034173
vt 0.708989 0.029293
vt 0.708989 0.034173
vt 0.702141 0.029293
vt 0.702141 0.034173
vt 0.692380 0.029293
vt 0.692380 0.034173
vt 0.684571 0.029293
vt 0.684571 0.034173
vt 0.478273 0.029293
vt 0.478273 0.034173
vt 0.460451 0.029293
vt 0.460451 0.034173
vt 0.443606 0.029293
vt 0.443606 0.034173
vt 0.422605 0.029293
vt 0.422605 0.034173
vt 0.399164 0.029293
vt 0.399164 0.034173
vt 0.947751 0.024901
vt 0.981441 0.024901
vt 0.931157 0.024901
vt 0.725095 0.024901
vt 0.719238 0.024901
vt 0.708989 0.024901
vt 0.702141 0.024901
vt 0.692380 0.024901
vt 0.684571 0.024901
vt 0.478273 0.024901
vt 0.460451 0.024901
vt 0.443606 0.024901
vt 0.422605 0.024901
vt 0.399652 0.024901
vt 0.947751 0.020508
vt 0.981441 0.020508
vt 0.931157 0.020508
vt 0.725095 0.020508
vt 0.719238 0.020508
vt 0.708989 0.020508
vt 0.702141 0.020508
vt 0.692380 0.020508
vt 0.684571 0.020508
vt 0.478273 0.020508
vt 0.460451 0.020508
vt 0.443606 0.020508
vt 0.422605 0.020508
vt 0.399652 0.020508
vt 0.947269 0.181146
vt 0.946772 0.170902
vt 0.955564 0.165525
vt 0.964840 0.180662
vt 0.956061 0.186039
vt 0.964356 0.170405
vt 0.930994 0.165133
vt 0.937993 0.176266
vt 0.939785 0.159768
vt 0.948564 0.154391
vt 0.963871 0.160161
vt 0.956950 0.148949
vt 0.972650 0.154784
vt 0.965742 0.143571
vt 0.981442 0.149420
vt 0.974521 0.138207
vt 0.990234 0.144042
vt 0.983313 0.132830
vt 0.943275 0.087551
vt 0.952064 0.082183
vt 0.968276 0.108454
vt 0.959487 0.113822
vt 0.934487 0.092932
vt 0.950698 0.119203
vt 0.925698 0.098300
vt 0.941910 0.124571
vt 0.916964 0.104100
vt 0.933351 0.130195
vt 0.908175 0.109481
vt 0.924562 0.135563
vt 0.899387 0.114849
vt 0.915774 0.140931
vt 0.955084 0.799191
vt 0.955570 0.813233
vt 0.944821 0.831422
vt 0.944336 0.781134
vt 0.928705 0.831481
vt 0.928220 0.781487
vt 0.912604 0.831540
vt 0.912104 0.781855
vt 0.895753 0.781855
vt 0.896238 0.831849
vt 0.879402 0.781855
vt 0.879887 0.832157
vt 0.869138 0.814204
vt 0.864507 0.832334
vt 0.869138 0.800294
vt 0.859860 0.814336
vt 0.864007 0.781987
vt 0.849126 0.832525
vt 0.859860 0.800294
vt 0.848626 0.782104
vt 0.832525 0.782413
vt 0.833010 0.832452
vt 0.816409 0.782722
vt 0.816895 0.832393
vt 0.800544 0.832584
vt 0.800294 0.782590
vt 0.784178 0.832760
vt 0.784178 0.782472
vt 0.773444 0.814704
vt 0.768797 0.832702
vt 0.773444 0.800661
vt 0.764165 0.814571
vt 0.768797 0.782413
vt 0.753417 0.832643
vt 0.764165 0.800661
vt 0.753417 0.782354
vt 0.737301 0.782354
vt 0.737066 0.832334
vt 0.721185 0.782354
vt 0.720700 0.832025
vt 0.705084 0.781855
vt 0.704349 0.831908
vt 0.688968 0.781369
vt 0.687983 0.831790
vt 0.677734 0.813351
vt 0.672603 0.831422
vt 0.677734 0.799441
vt 0.667971 0.813233
vt 0.673823 0.781002
vt 0.657222 0.831055
vt 0.668456 0.799191
vt 0.658692 0.780634
vt 0.640871 0.830378
vt 0.642341 0.780340
vt 0.624505 0.829717
vt 0.625976 0.780031
vt 0.609860 0.779237
vt 0.608404 0.829290
vt 0.593744 0.778443
vt 0.592288 0.828864
vt 0.582025 0.810307
vt 0.576658 0.828246
vt 0.582525 0.796382
vt 0.572761 0.809940
vt 0.578613 0.777899
vt 0.561042 0.827643
vt 0.573246 0.796015
vt 0.563483 0.777340
vt 0.544926 0.826776
vt 0.547117 0.776796
vt 0.528810 0.825923
vt 0.530766 0.776252
vt 0.514768 0.775385
vt 0.512695 0.825379
vt 0.498784 0.774532
vt 0.496579 0.824835
vt 0.486565 0.806278
vt 0.481198 0.824158
vt 0.477302 0.805911
vt 0.465818 0.823482
vt 0.487065 0.792236
vt 0.483404 0.773797
vt 0.477787 0.791868
vt 0.468023 0.773076
vt 0.255122 0.843877
vt 0.261959 0.837275
vt 0.287838 0.848876
vt 0.281251 0.854743
vt 0.298822 0.883607
vt 0.317864 0.868771
vt 0.313482 0.893797
vt 0.296632 0.894900
vt 0.326172 0.883299
vt 0.329348 0.867683
vt 0.306145 0.918456
vt 0.319585 0.907222
vt 0.270267 0.919000
vt 0.273678 0.927191
vt 0.253901 0.947232
vt 0.248417 0.938998
vt 0.316409 0.925176
vt 0.334965 0.905708
vt 0.352787 0.879211
vt 0.339112 0.891239
vt 0.357419 0.847773
vt 0.350096 0.843627
vt 0.355228 0.816527
vt 0.367432 0.819585
vt 0.356933 0.890680
vt 0.341553 0.922970
vt 0.328863 0.954834
vt 0.336421 0.953614
vt 0.349611 0.978346
vt 0.339362 0.980655
vt 0.351316 0.915339
vt 0.386724 0.911192
vt 0.388665 0.902473
vt 0.412839 0.897400
vt 0.412603 0.907413
vt 0.170529 0.661619
vt 0.162353 0.662104
vt 0.163456 0.644532
vt 0.167235 0.644282
vt 0.176998 0.627931
vt 0.151737 0.629637
vt 0.151487 0.625240
vt 0.176763 0.623785
vt 0.165162 0.610110
vt 0.161383 0.610345
vt 0.166382 0.592774
vt 0.158206 0.593259
vt 0.230463 0.665280
vt 0.221434 0.665280
vt 0.223875 0.645753
vt 0.228154 0.645753
vt 0.240109 0.628416
vt 0.211921 0.628181
vt 0.211921 0.623535
vt 0.240241 0.623535
vt 0.228272 0.607419
vt 0.223993 0.607419
vt 0.230830 0.588377
vt 0.221684 0.588377
vt 0.126093 0.596435
vt 0.133783 0.596435
vt 0.131592 0.612786
vt 0.127931 0.612786
vt 0.117682 0.627446
vt 0.141355 0.627681
vt 0.141355 0.631843
vt 0.117608 0.631343
vt 0.127445 0.645018
vt 0.130974 0.645267
vt 0.125122 0.661133
vt 0.132812 0.661383
vt 0.190306 0.587157
vt 0.199466 0.587407
vt 0.197025 0.606934
vt 0.192747 0.606934
vt 0.180792 0.624270
vt 0.208980 0.624505
vt 0.208980 0.629152
vt 0.180792 0.629152
vt 0.192629 0.645018
vt 0.196893 0.645018
vt 0.190188 0.664309
vt 0.199216 0.664309
vt 0.095155 0.596920
vt 0.102786 0.596435
vt 0.101875 0.612786
vt 0.098331 0.613036
vt 0.089288 0.628181
vt 0.112800 0.626711
vt 0.113094 0.630622
vt 0.089538 0.632078
vt 0.100345 0.644782
vt 0.103948 0.644532
vt 0.099302 0.660883
vt 0.106933 0.660398
vt 0.033780 0.835687
vt 0.043367 0.848273
vt 0.058394 0.852787
vt 0.073422 0.857302
vt 0.024207 0.823114
vt 0.040838 0.765018
vt 0.032001 0.778134
vt 0.023693 0.807190
vt 0.023178 0.791265
vt 0.120667 0.820438
vt 0.088200 0.852052
vt 0.111815 0.833613
vt 0.102963 0.846803
vt 0.100463 0.763430
vt 0.120152 0.804572
vt 0.110050 0.776061
vt 0.119623 0.788692
vt 0.085421 0.758916
vt 0.055601 0.759710
vt 0.070378 0.754402
vt 0.176204 0.845332
vt 0.189335 0.835819
vt 0.205627 0.835760
vt 0.221920 0.835687
vt 0.163088 0.854861
vt 0.163088 0.916809
vt 0.158074 0.870359
vt 0.158074 0.901341
vt 0.153075 0.885857
vt 0.258298 0.885740
vt 0.235109 0.845274
vt 0.253298 0.870300
vt 0.248284 0.854861
vt 0.222052 0.935910
vt 0.253298 0.901238
vt 0.235168 0.926338
vt 0.248284 0.916751
vt 0.205745 0.935910
vt 0.176263 0.926367
vt 0.189453 0.935910
vt 0.325437 0.896356
vt 0.463994 0.977788
vt 0.448981 0.981449
vt 0.440674 0.966186
vt 0.457525 0.962216
vt 0.479007 0.974126
vt 0.452760 0.951923
vt 0.434321 0.955261
vt 0.474361 0.958246
vt 0.494873 0.973553
vt 0.447393 0.929205
vt 0.426999 0.930720
vt 0.471185 0.948585
vt 0.492065 0.957687
vt 0.510739 0.972979
vt 0.467773 0.927676
vt 0.447143 0.911839
vt 0.426763 0.910516
vt 0.489741 0.948144
vt 0.509768 0.957128
vt 0.528560 0.973053
vt 0.467523 0.913148
vt 0.452025 0.889401
vt 0.433601 0.885798
vt 0.487065 0.927426
vt 0.508298 0.947718
vt 0.527590 0.957217
vt 0.546382 0.973126
vt 0.486933 0.913119
vt 0.470464 0.893003
vt 0.456789 0.878167
vt 0.439703 0.874638
vt 0.463009 0.862492
vt 0.447996 0.859125
vt 0.478022 0.865845
vt 0.473876 0.881711
vt 0.494138 0.866389
vt 0.491579 0.882269
vt 0.510254 0.866948
vt 0.489139 0.892695
vt 0.509283 0.882813
vt 0.507813 0.892401
vt 0.527105 0.882534
vt 0.527825 0.866698
vt 0.506342 0.913089
vt 0.544926 0.882269
vt 0.545411 0.866462
vt 0.563483 0.865962
vt 0.526120 0.892092
vt 0.506342 0.927191
vt 0.562748 0.881740
vt 0.581540 0.865477
vt 0.525149 0.912839
vt 0.544441 0.891783
vt 0.525149 0.927088
vt 0.580569 0.881225
vt 0.598876 0.865227
vt 0.562498 0.891357
vt 0.543941 0.912604
vt 0.526605 0.947747
vt 0.598626 0.880946
vt 0.616212 0.864992
vt 0.543941 0.926999
vt 0.580569 0.890930
vt 0.562262 0.912354
vt 0.544926 0.947791
vt 0.562262 0.926970
vt 0.580569 0.912104
vt 0.598626 0.890680
vt 0.616697 0.880681
vt 0.545411 0.957305
vt 0.564453 0.973273
vt 0.562983 0.947909
vt 0.563483 0.957525
vt 0.582525 0.973421
vt 0.580569 0.926941
vt 0.634519 0.880431
vt 0.634283 0.864624
vt 0.581540 0.957731
vt 0.599861 0.973376
vt 0.581054 0.948026
vt 0.598626 0.911898
vt 0.616697 0.890445
vt 0.652340 0.880181
vt 0.652340 0.864257
vt 0.599361 0.957687
vt 0.617182 0.973347
vt 0.598626 0.926823
vt 0.599126 0.947953
vt 0.634519 0.890195
vt 0.616697 0.911678
vt 0.670412 0.880887
vt 0.670662 0.863948
vt 0.616697 0.926691
vt 0.617182 0.947879
vt 0.634769 0.911472
vt 0.652340 0.889960
vt 0.688483 0.881593
vt 0.688968 0.863654
vt 0.634769 0.926485
vt 0.617182 0.957643
vt 0.635504 0.973229
vt 0.670412 0.889857
vt 0.652825 0.911251
vt 0.706540 0.880431
vt 0.706540 0.863463
vt 0.635254 0.947703
vt 0.635254 0.957481
vt 0.653811 0.973112
vt 0.688483 0.889768
vt 0.670897 0.911104
vt 0.652825 0.926264
vt 0.724611 0.879270
vt 0.724126 0.863286
vt 0.742183 0.863213
vt 0.653325 0.957305
vt 0.671882 0.972965
vt 0.653325 0.947541
vt 0.670897 0.926088
vt 0.671382 0.957158
vt 0.689939 0.972803
vt 0.671147 0.947379
vt 0.688968 0.910957
vt 0.689453 0.956996
vt 0.707275 0.972671
vt 0.688968 0.947203
vt 0.688968 0.925897
vt 0.706540 0.889430
vt 0.707275 0.956819
vt 0.724611 0.972538
vt 0.707025 0.947026
vt 0.706790 0.925720
vt 0.706790 0.910707
vt 0.724611 0.889092
vt 0.725096 0.956628
vt 0.742918 0.972377
vt 0.725096 0.946835
vt 0.724611 0.910457
vt 0.724611 0.925544
vt 0.742433 0.879211
vt 0.760254 0.863154
vt 0.743168 0.956393
vt 0.761225 0.972215
vt 0.742918 0.946615
vt 0.742683 0.925323
vt 0.742683 0.910281
vt 0.742433 0.889004
vt 0.760254 0.879152
vt 0.778561 0.863036
vt 0.761225 0.956143
vt 0.779296 0.972024
vt 0.760739 0.946380
vt 0.760739 0.925117
vt 0.760254 0.888916
vt 0.778326 0.879093
vt 0.796882 0.862919
vt 0.760739 0.910090
vt 0.779046 0.955952
vt 0.797367 0.971832
vt 0.778811 0.946203
vt 0.778326 0.888827
vt 0.796382 0.879034
vt 0.778811 0.910001
vt 0.778811 0.924985
vt 0.796882 0.955746
vt 0.814939 0.971582
vt 0.814204 0.879034
vt 0.814204 0.862919
vt 0.796382 0.888739
vt 0.796882 0.946012
vt 0.796882 0.924867
vt 0.796882 0.909913
vt 0.814939 0.955467
vt 0.832525 0.971332
vt 0.814454 0.888710
vt 0.814939 0.945777
vt 0.814939 0.924676
vt 0.814939 0.909825
vt 0.833010 0.955173
vt 0.850582 0.970980
vt 0.832025 0.879034
vt 0.831540 0.862919
vt 0.833010 0.945527
vt 0.832525 0.888666
vt 0.850097 0.879181
vt 0.849847 0.862977
vt 0.833010 0.909722
vt 0.833010 0.924500
vt 0.868168 0.879328
vt 0.868168 0.863036
vt 0.850582 0.888739
vt 0.851317 0.909663
vt 0.851317 0.924279
vt 0.885989 0.879387
vt 0.885740 0.863154
vt 0.868653 0.888798
vt 0.903811 0.879461
vt 0.903326 0.863286
vt 0.919427 0.862669
vt 0.869624 0.909604
vt 0.886960 0.888857
vt 0.851082 0.945189
vt 0.921382 0.878873
vt 0.935543 0.862066
vt 0.869624 0.924073
vt 0.905267 0.888916
vt 0.888180 0.909546
vt 0.850832 0.954776
vt 0.868653 0.970627
vt 0.869138 0.944850
vt 0.868653 0.954379
vt 0.886475 0.970274
vt 0.888430 0.923823
vt 0.906737 0.909487
vt 0.886475 0.954040
vt 0.904296 0.969921
vt 0.887445 0.944542
vt 0.907222 0.923588
vt 0.923823 0.888489
vt 0.905767 0.944218
vt 0.904296 0.953702
vt 0.926264 0.909237
vt 0.938969 0.878299
vt 0.921868 0.954055
vt 0.920412 0.970303
vt 0.924323 0.944409
vt 0.926514 0.923617
vt 0.942380 0.888063
vt 0.956055 0.874329
vt 0.950438 0.858404
vt 0.939454 0.954408
vt 0.936528 0.970671
vt 0.951423 0.974185
vt 0.942865 0.944615
vt 0.945806 0.923647
vt 0.945806 0.909002
vt 0.960937 0.884710
vt 0.973141 0.870359
vt 0.965333 0.854743
vt 0.979493 0.881343
vt 0.966304 0.907472
vt 0.986816 0.905943
vt 0.966304 0.924897
vt 0.986816 0.926147
vt 0.961187 0.947718
vt 0.979493 0.950835
vt 0.956540 0.958143
vt 0.973626 0.961878
vt 0.966304 0.977714
vt 0.216549 0.361815
vt 0.216067 0.355953
vt 0.214847 0.353031
vt 0.181150 0.364746
vt 0.175657 0.357910
vt 0.179930 0.365720
vt 0.176876 0.357418
vt 0.165285 0.406253
vt 0.144531 0.410158
vt 0.165162 0.415037
vt 0.144531 0.401856
vt 0.211302 0.406253
vt 0.211302 0.414063
vt 0.183712 0.363280
vt 0.180668 0.354979
vt 0.179439 0.355953
vt 0.184941 0.362789
vt 0.186161 0.352048
vt 0.187863 0.354497
vt 0.190671 0.359375
vt 0.193848 0.348635
vt 0.191768 0.345704
vt 0.193356 0.343746
vt 0.195805 0.346677
vt 0.199218 0.333979
vt 0.204343 0.336910
vt 0.220095 0.368651
vt 0.219603 0.361815
vt 0.216918 0.368651
vt 0.220218 0.370116
vt 0.217041 0.370116
vt 0.208134 0.368169
vt 0.210451 0.369625
vt 0.207888 0.363280
vt 0.209959 0.361815
vt 0.206423 0.363280
vt 0.206792 0.368169
vt 0.199218 0.363772
vt 0.201298 0.362306
vt 0.204220 0.361815
vt 0.198122 0.369625
vt 0.204712 0.370116
vt 0.201781 0.370116
vt 0.197630 0.362789
vt 0.194576 0.363280
vt 0.194945 0.370116
vt 0.198122 0.371582
vt 0.195068 0.371582
vt 0.169189 0.372073
vt 0.159177 0.367677
vt 0.163696 0.375004
vt 0.164670 0.364254
vt 0.166873 0.363280
vt 0.171270 0.370608
vt 0.172366 0.370116
vt 0.167970 0.362306
vt 0.174560 0.368651
vt 0.170163 0.361333
vt 0.176876 0.367185
vt 0.172603 0.359867
vt 0.231932 0.401856
vt 0.231932 0.410158
vt 0.648923 0.693116
vt 0.718266 0.688227
vt 0.649415 0.686526
vt 0.717774 0.694581
vt 0.648923 0.699706
vt 0.717774 0.701171
vt 0.648923 0.712158
vt 0.717282 0.713869
vt 0.648441 0.724856
vt 0.717282 0.726321
vt 0.647949 0.737544
vt 0.716800 0.739010
vt 0.647949 0.749996
vt 0.716800 0.751585
vt 0.647458 0.762572
vt 0.716309 0.764160
vt 0.175174 0.342773
vt 0.175780 0.337402
vt 0.174683 0.339841
vt 0.176394 0.346195
vt 0.180422 0.336428
vt 0.180176 0.335445
vt 0.175534 0.336428
vt 0.172971 0.328127
vt 0.173709 0.334471
vt 0.181642 0.343746
vt 0.182247 0.338376
vt 0.182861 0.341307
vt 0.182861 0.344730
vt 0.179562 0.326661
vt 0.181273 0.333006
vt 0.178956 0.323730
vt 0.187986 0.325196
vt 0.172243 0.325196
vt 0.171506 0.328609
vt 0.170778 0.325688
vt 0.185915 0.322265
vt 0.188846 0.322265
vt 0.190917 0.342773
vt 0.183476 0.347651
vt 0.176876 0.349117
vt 0.175411 0.349609
vt 0.174929 0.346195
vt 0.197384 0.316894
vt 0.204220 0.315921
vt 0.200561 0.313481
vt 0.201053 0.320799
vt 0.218383 0.345704
vt 0.221560 0.341307
vt 0.223385 0.336428
vt 0.209959 0.327635
vt 0.226808 0.332032
vt 0.199218 0.325196
vt 0.197271 0.330566
vt 0.202641 0.322757
vt 0.213259 0.322757
vt 0.205808 0.317868
vt 0.230344 0.328127
vt 0.206546 0.312498
vt 0.216313 0.318852
vt 0.232670 0.323730
vt 0.219234 0.314455
vt 0.233644 0.320799
vt 0.220095 0.313481
vt 0.211670 0.309567
vt 0.221806 0.310550
vt 0.215452 0.305180
vt 0.210082 0.362306
vt 0.208985 0.353513
vt 0.208011 0.362306
vt 0.207151 0.353513
vt 0.206054 0.353513
vt 0.206669 0.362306
vt 0.204220 0.362789
vt 0.203738 0.353513
vt 0.201298 0.354005
vt 0.201412 0.362789
vt 0.199464 0.354005
vt 0.199341 0.362789
vt 0.218752 0.349117
vt 0.219112 0.355953
vt 0.215698 0.347651
vt 0.197384 0.349117
vt 0.194340 0.349117
vt 0.194340 0.357418
vt 0.197384 0.357418
vt 0.157834 0.368651
vt 0.159791 0.377444
vt 0.162354 0.375978
vt 0.155272 0.370116
vt 0.168575 0.317386
vt 0.170040 0.316894
vt 0.176517 0.315429
vt 0.177860 0.320317
vt 0.184573 0.319334
vt 0.187740 0.319826
vt 0.198604 0.353513
vt 0.196533 0.323239
vt 0.191040 0.324222
vt 0.191531 0.322757
vt 0.195682 0.322265
vt 0.189820 0.321773
vt 0.198244 0.317868
vt 0.196902 0.317868
vt 0.189083 0.319334
vt 0.194822 0.313481
vt 0.194340 0.314455
vt 0.190189 0.315429
vt 0.189206 0.314455
vt 0.451173 0.469242
vt 0.463871 0.454104
vt 0.464354 0.456052
vt 0.462888 0.457035
vt 0.447268 0.463871
vt 0.162354 0.458492
vt 0.162968 0.456052
vt 0.176148 0.470707
vt 0.179562 0.465327
vt 0.163819 0.459475
vt 0.376706 0.486818
vt 0.369625 0.496094
vt 0.378172 0.489750
vt 0.372556 0.498051
vt 0.371336 0.525149
vt 0.368651 0.525395
vt 0.372801 0.576168
vt 0.400391 0.559574
vt 0.397952 0.558837
vt 0.369625 0.572509
vt 0.400883 0.539549
vt 0.402102 0.539066
vt 0.387939 0.483396
vt 0.378663 0.489750
vt 0.388913 0.487301
vt 0.449462 0.466311
vt 0.461423 0.456052
vt 0.460694 0.454587
vt 0.443846 0.448734
vt 0.443600 0.450199
vt 0.376706 0.446777
vt 0.375978 0.449708
vt 0.386965 0.480465
vt 0.366703 0.444820
vt 0.361569 0.445803
vt 0.364254 0.442872
vt 0.377444 0.485353
vt 0.354979 0.420407
vt 0.353759 0.420899
vt 0.343018 0.402348
vt 0.342281 0.403322
vt 0.324704 0.390132
vt 0.323976 0.391598
vt 0.312016 0.388676
vt 0.323976 0.406253
vt 0.327144 0.425777
vt 0.364500 0.466311
vt 0.331058 0.443846
vt 0.367185 0.492681
vt 0.365720 0.526851
vt 0.399417 0.540522
vt 0.396732 0.558109
vt 0.367431 0.568112
vt 0.334225 0.527588
vt 0.333979 0.496094
vt 0.314701 0.528808
vt 0.362061 0.581547
vt 0.362306 0.582767
vt 0.329838 0.566164
vt 0.332523 0.466311
vt 0.324458 0.625248
vt 0.323976 0.625976
vt 0.326907 0.591305
vt 0.313963 0.497068
vt 0.313235 0.467285
vt 0.318360 0.625484
vt 0.318360 0.626222
vt 0.312498 0.626468
vt 0.315921 0.566410
vt 0.317140 0.594236
vt 0.312016 0.625484
vt 0.271000 0.585935
vt 0.307127 0.592042
vt 0.271482 0.584715
vt 0.263181 0.576168
vt 0.302003 0.567138
vt 0.264892 0.571535
vt 0.233767 0.564699
vt 0.295167 0.528808
vt 0.235109 0.563725
vt 0.229616 0.545411
vt 0.263427 0.530028
vt 0.231081 0.546385
vt 0.260250 0.528562
vt 0.257811 0.499025
vt 0.260250 0.495602
vt 0.250247 0.490232
vt 0.249632 0.488284
vt 0.293701 0.497068
vt 0.262207 0.468258
vt 0.264646 0.447751
vt 0.250492 0.452639
vt 0.239629 0.483887
vt 0.294193 0.467285
vt 0.294675 0.444820
vt 0.312990 0.445311
vt 0.298098 0.426269
vt 0.312744 0.425777
vt 0.312252 0.405270
vt 0.300783 0.406735
vt 0.312016 0.390132
vt 0.300046 0.392089
vt 0.299564 0.391116
vt 0.282469 0.404296
vt 0.281495 0.403814
vt 0.271482 0.422856
vt 0.270263 0.422364
vt 0.261715 0.445311
vt 0.259522 0.447268
vt 0.249632 0.450199
vt 0.182984 0.451656
vt 0.182615 0.449708
vt 0.165530 0.458009
vt 0.166136 0.457035
vt 0.364992 0.584469
vt 0.326661 0.627442
vt 0.318360 0.629881
vt 0.310059 0.627933
vt 0.268551 0.588138
vt 0.260014 0.580082
vt 0.231441 0.565427
vt 0.257565 0.528316
vt 0.228273 0.545165
vt 0.177860 0.467776
vt 0.238891 0.486818
vt 0.254880 0.500972
vt 0.248781 0.493163
vt 0.444820 0.445311
vt 0.377198 0.442872
vt 0.368651 0.441406
vt 0.367923 0.440433
vt 0.357910 0.417476
vt 0.344484 0.398925
vt 0.325196 0.386719
vt 0.312016 0.385254
vt 0.298826 0.387211
vt 0.280030 0.400391
vt 0.267086 0.419433
vt 0.257811 0.442872
vt 0.257328 0.443846
vt 0.249027 0.446285
vt 0.181642 0.446285
vt 0.248167 0.493163
vt 0.237672 0.490723
vt 0.021142 0.934062
vt 0.019671 0.918942
vt 0.025439 0.905116
vt 0.022629 0.949181
vt 0.031207 0.891290
vt 0.084653 0.869258
vt 0.043294 0.882355
vt 0.070024 0.871339
vt 0.055395 0.873406
vt 0.123410 0.963319
vt 0.068731 0.984638
vt 0.031802 0.960881
vt 0.054860 0.978617
vt 0.040990 0.972581
vt 0.083687 0.982750
vt 0.111027 0.972091
vt 0.098628 0.980862
vt 0.130249 0.905577
vt 0.128718 0.949404
vt 0.132137 0.920533
vt 0.134040 0.935489
vt 0.121180 0.893639
vt 0.098390 0.875487
vt 0.112127 0.881716
vt 0.944825 0.831422
vt 0.955083 0.799191
vt 0.955559 0.813225
vt 0.944335 0.781128
vt 0.928710 0.831482
vt 0.928219 0.781500
vt 0.912594 0.831541
vt 0.912104 0.781857
vt 0.895750 0.781857
vt 0.896241 0.831853
vt 0.879397 0.781857
vt 0.879888 0.832151
vt 0.869139 0.814206
vt 0.864500 0.832344
vt 0.869139 0.800291
vt 0.859862 0.814325
vt 0.864010 0.781975
vt 0.849128 0.832522
vt 0.859862 0.800291
vt 0.848638 0.782109
vt 0.832522 0.782407
vt 0.833013 0.832463
vt 0.816407 0.782719
vt 0.816897 0.832403
vt 0.800544 0.832582
vt 0.800291 0.782600
vt 0.784176 0.832760
vt 0.784176 0.782466
vt 0.773442 0.814697
vt 0.768804 0.832701
vt 0.773442 0.800663
vt 0.764165 0.814578
vt 0.768804 0.782407
vt 0.753417 0.832641
vt 0.764165 0.800663
vt 0.753417 0.782347
vt 0.737301 0.782347
vt 0.737063 0.832344
vt 0.721186 0.782347
vt 0.720710 0.832032
vt 0.705085 0.781857
vt 0.704342 0.831913
vt 0.688969 0.781366
vt 0.687988 0.831794
vt 0.677730 0.813359
vt 0.672601 0.831422
vt 0.677730 0.799444
vt 0.667963 0.813225
vt 0.673835 0.781009
vt 0.657229 0.831050
vt 0.668453 0.799191
vt 0.658686 0.780637
vt 0.640876 0.830381
vt 0.642333 0.780340
vt 0.624507 0.829712
vt 0.625979 0.780028
vt 0.609864 0.779240
vt 0.608392 0.829281
vt 0.593748 0.778437
vt 0.592291 0.828850
vt 0.582033 0.810296
vt 0.576666 0.828241
vt 0.582524 0.796381
vt 0.572756 0.809940
vt 0.578614 0.777887
vt 0.561041 0.827631
vt 0.573247 0.796024
vt 0.563480 0.777337
vt 0.544926 0.826784
vt 0.547126 0.776802
vt 0.528810 0.825921
vt 0.530758 0.776252
vt 0.514776 0.775389
vt 0.512695 0.825371
vt 0.498780 0.774542
vt 0.496579 0.824836
vt 0.486574 0.806268
vt 0.481207 0.824152
vt 0.477297 0.805911
vt 0.465820 0.823483
vt 0.487065 0.792233
vt 0.483393 0.773799
vt 0.477788 0.791877
vt 0.468021 0.773070
vt 0.255129 0.843866
vt 0.261968 0.837280
vt 0.287836 0.848876
vt 0.281250 0.854733
vt 0.298823 0.883604
vt 0.317867 0.868767
vt 0.313481 0.893803
vt 0.296637 0.894903
vt 0.326177 0.883307
vt 0.329344 0.867682
vt 0.306152 0.918452
vt 0.270264 0.919002
vt 0.273683 0.927179
vt 0.253910 0.947234
vt 0.248410 0.938998
vt 0.319577 0.907227
vt 0.316410 0.925171
vt 0.325434 0.896360
vt 0.334964 0.905696
vt 0.339111 0.891231
vt 0.352789 0.879204
vt 0.357427 0.847775
vt 0.350098 0.843628
vt 0.355227 0.816526
vt 0.367432 0.819573
vt 0.356937 0.890681
vt 0.341550 0.922971
vt 0.328853 0.954831
vt 0.336421 0.953611
vt 0.349607 0.978350
vt 0.339349 0.980654
vt 0.351317 0.915345
vt 0.386715 0.911197
vt 0.388677 0.902470
vt 0.412835 0.897400
vt 0.412597 0.907406
vt 0.170538 0.661615
vt 0.162361 0.662105
vt 0.163447 0.644533
vt 0.167238 0.644280
vt 0.177005 0.627927
vt 0.151732 0.629636
vt 0.151494 0.625251
vt 0.176752 0.623779
vt 0.165156 0.610102
vt 0.161380 0.610354
vt 0.166375 0.592767
vt 0.158199 0.593258
vt 0.230466 0.665287
vt 0.221441 0.665287
vt 0.223880 0.645752
vt 0.228146 0.645752
vt 0.240114 0.628417
vt 0.211912 0.628179
vt 0.211912 0.623541
vt 0.240233 0.623541
vt 0.228265 0.607426
vt 0.223999 0.607426
vt 0.230837 0.588381
vt 0.221679 0.588381
vt 0.126101 0.596439
vt 0.133787 0.596439
vt 0.131587 0.612792
vt 0.127930 0.612792
vt 0.117672 0.627436
vt 0.141355 0.627689
vt 0.141355 0.631837
vt 0.117612 0.631346
vt 0.127439 0.645023
vt 0.130978 0.645261
vt 0.125120 0.661139
vt 0.132806 0.661377
vt 0.190311 0.587162
vt 0.199469 0.587400
vt 0.197016 0.606935
vt 0.192749 0.606935
vt 0.180781 0.624270
vt 0.208983 0.624507
vt 0.208983 0.629146
vt 0.180781 0.629146
vt 0.192630 0.645023
vt 0.196897 0.645023
vt 0.190192 0.664306
vt 0.199216 0.664306
vt 0.095149 0.596930
vt 0.102790 0.596439
vt 0.101869 0.612792
vt 0.098330 0.613030
vt 0.089291 0.628179
vt 0.112796 0.626708
vt 0.113093 0.630618
vt 0.089544 0.632075
vt 0.100337 0.644771
vt 0.103950 0.644533
vt 0.099297 0.660886
vt 0.106938 0.660396
vt 0.123812 0.889804
vt 0.113836 0.877018
vt 0.133787 0.902589
vt 0.098940 0.870997
vt 0.136285 0.918556
vt 0.084043 0.864991
vt 0.138798 0.934508
vt 0.068166 0.867370
vt 0.133237 0.949627
vt 0.052273 0.869748
vt 0.127692 0.964747
vt 0.039592 0.879754
vt 0.114832 0.974692
vt 0.026911 0.889774
vt 0.101988 0.984623
vt 0.020875 0.904849
vt 0.085813 0.986868
vt 0.014839 0.919924
vt 0.069638 0.989128
vt 0.017069 0.935920
vt 0.054578 0.983107
vt 0.019299 0.951902
vt 0.039518 0.977101
vt 0.029408 0.964494
vt 0.463992 0.977785
vt 0.448976 0.981442
vt 0.440681 0.966189
vt 0.457525 0.962219
vt 0.479007 0.974128
vt 0.452752 0.951917
vt 0.434333 0.955262
vt 0.474369 0.958250
vt 0.494870 0.973548
vt 0.471187 0.948572
vt 0.447386 0.929200
vt 0.427003 0.930732
vt 0.492060 0.957685
vt 0.510747 0.972983
vt 0.467768 0.927669
vt 0.447148 0.911836
vt 0.426765 0.910528
vt 0.489741 0.948155
vt 0.509766 0.957120
vt 0.528558 0.973057
vt 0.487065 0.927431
vt 0.467530 0.913144
vt 0.452024 0.889402
vt 0.433589 0.885804
vt 0.508294 0.947724
vt 0.527591 0.957209
vt 0.546383 0.973131
vt 0.506347 0.927179
vt 0.486946 0.913115
vt 0.470459 0.893000
vt 0.456781 0.878178
vt 0.439699 0.874640
vt 0.463010 0.862493
vt 0.447995 0.859134
vt 0.478026 0.865838
vt 0.473878 0.881716
vt 0.494141 0.866389
vt 0.491584 0.882266
vt 0.510257 0.866939
vt 0.489131 0.892703
vt 0.509276 0.882816
vt 0.507819 0.892390
vt 0.527101 0.882534
vt 0.527829 0.866701
vt 0.506347 0.913085
vt 0.544926 0.882266
vt 0.545417 0.866448
vt 0.563480 0.865972
vt 0.526120 0.892093
vt 0.525153 0.912847
vt 0.562751 0.881746
vt 0.581543 0.865482
vt 0.544435 0.891781
vt 0.525153 0.927089
vt 0.580561 0.881226
vt 0.598877 0.865229
vt 0.562498 0.891365
vt 0.543945 0.912594
vt 0.526610 0.947754
vt 0.598639 0.880958
vt 0.616212 0.864991
vt 0.580561 0.890933
vt 0.562261 0.912356
vt 0.543945 0.927000
vt 0.544926 0.947784
vt 0.562261 0.926970
vt 0.580561 0.912104
vt 0.598639 0.890681
vt 0.616702 0.880675
vt 0.545417 0.957313
vt 0.564461 0.973280
vt 0.562989 0.947903
vt 0.563480 0.957521
vt 0.582524 0.973414
vt 0.580561 0.926941
vt 0.634528 0.880438
vt 0.634275 0.864619
vt 0.598639 0.911896
vt 0.616702 0.890443
vt 0.581543 0.957730
vt 0.599858 0.973384
vt 0.581052 0.948022
vt 0.652338 0.880185
vt 0.652338 0.864263
vt 0.598639 0.926822
vt 0.616702 0.911687
vt 0.634528 0.890205
vt 0.599368 0.957685
vt 0.617193 0.973340
vt 0.599115 0.947947
vt 0.670416 0.880884
vt 0.670654 0.863950
vt 0.616702 0.926703
vt 0.634765 0.911464
vt 0.652338 0.889952
vt 0.617193 0.957640
vt 0.635494 0.973235
vt 0.617193 0.947873
vt 0.688479 0.881597
vt 0.688969 0.863653
vt 0.634765 0.926480
vt 0.652828 0.911256
vt 0.670416 0.889863
vt 0.635256 0.957477
vt 0.653810 0.973117
vt 0.635256 0.947709
vt 0.706542 0.880438
vt 0.706542 0.863460
vt 0.652828 0.926272
vt 0.688479 0.889774
vt 0.670891 0.911108
vt 0.653319 0.957313
vt 0.671873 0.972968
vt 0.653319 0.947546
vt 0.724605 0.879278
vt 0.724114 0.863281
vt 0.742192 0.863222
vt 0.670891 0.926093
vt 0.706542 0.889432
vt 0.688969 0.910944
vt 0.671382 0.957150
vt 0.689936 0.972804
vt 0.671144 0.947367
vt 0.742430 0.879204
vt 0.760255 0.863162
vt 0.724605 0.889105
vt 0.688969 0.925900
vt 0.706780 0.910706
vt 0.689460 0.957001
vt 0.707270 0.972671
vt 0.688969 0.947204
vt 0.760255 0.879144
vt 0.778571 0.863044
vt 0.742430 0.889001
vt 0.724605 0.910468
vt 0.706780 0.925722
vt 0.707270 0.956823
vt 0.724605 0.972537
vt 0.707032 0.947026
vt 0.778318 0.879085
vt 0.796872 0.862910
vt 0.760255 0.888912
vt 0.742683 0.910275
vt 0.724605 0.925543
vt 0.725095 0.956629
vt 0.742921 0.972373
vt 0.725095 0.946832
vt 0.742683 0.925320
vt 0.760746 0.910097
vt 0.778318 0.888822
vt 0.743159 0.956392
vt 0.761236 0.972210
vt 0.742921 0.946609
vt 0.760746 0.925112
vt 0.761236 0.956139
vt 0.779299 0.972016
vt 0.760746 0.946386
vt 0.778809 0.910007
vt 0.796381 0.879025
vt 0.779047 0.955946
vt 0.797362 0.971838
vt 0.778809 0.924993
vt 0.778809 0.946193
vt 0.796381 0.888733
vt 0.814206 0.879025
vt 0.814206 0.862910
vt 0.796872 0.955752
vt 0.814935 0.971585
vt 0.796872 0.909918
vt 0.796872 0.946015
vt 0.796872 0.924859
vt 0.832032 0.879025
vt 0.831541 0.862910
vt 0.814459 0.888703
vt 0.814935 0.955455
vt 0.832522 0.971333
vt 0.814935 0.909814
vt 0.814935 0.924681
vt 0.814935 0.945777
vt 0.850095 0.879174
vt 0.849857 0.862969
vt 0.832522 0.888674
vt 0.833013 0.955172
vt 0.850585 0.970976
vt 0.833013 0.909725
vt 0.833013 0.924502
vt 0.833013 0.945524
vt 0.868158 0.879337
vt 0.868158 0.863044
vt 0.850585 0.888733
vt 0.850823 0.954771
vt 0.868648 0.970634
vt 0.851314 0.909666
vt 0.851314 0.924279
vt 0.851076 0.945197
vt 0.885983 0.879397
vt 0.885745 0.863162
vt 0.868648 0.888793
vt 0.868648 0.954370
vt 0.886473 0.970277
vt 0.869630 0.909606
vt 0.869139 0.944855
vt 0.869630 0.924071
vt 0.903808 0.879456
vt 0.903317 0.863281
vt 0.919433 0.862672
vt 0.886964 0.888852
vt 0.886473 0.954043
vt 0.904299 0.969920
vt 0.888183 0.909547
vt 0.888421 0.923833
vt 0.887455 0.944528
vt 0.921380 0.878877
vt 0.935548 0.862062
vt 0.905280 0.888912
vt 0.907227 0.923581
vt 0.905756 0.944216
vt 0.923833 0.888495
vt 0.938968 0.878297
vt 0.926272 0.909234
vt 0.956050 0.874327
vt 0.950445 0.858405
vt 0.942387 0.888064
vt 0.926509 0.923610
vt 0.904299 0.953701
vt 0.973146 0.870358
vt 0.965326 0.854733
vt 0.960941 0.884704
vt 0.979494 0.881344
vt 0.945806 0.908997
vt 0.966308 0.907465
vt 0.986809 0.905949
vt 0.924309 0.944409
vt 0.921871 0.954057
vt 0.920414 0.970292
vt 0.945806 0.923640
vt 0.966308 0.924889
vt 0.986809 0.926153
vt 0.942878 0.944617
vt 0.939458 0.954414
vt 0.936530 0.970678
vt 0.951411 0.974187
vt 0.961179 0.947724
vt 0.979494 0.950831
vt 0.956540 0.958146
vt 0.966308 0.977710
vt 0.973637 0.961877
vt 0.821503 0.165774
vt 0.810452 0.165774
vt 0.710987 0.165774
vt 0.799400 0.058942
vt 0.799400 0.055258
vt 0.803084 0.051574
vt 0.806768 0.055258
vt 0.932019 0.069994
vt 0.939387 0.073677
vt 0.939387 0.077361
vt 0.932019 0.073677
vt 0.884129 0.058942
vt 0.884129 0.051574
vt 0.887813 0.051574
vt 0.887813 0.058942
vt 0.884129 0.022103
vt 0.884129 0.029471
vt 0.913600 0.081045
vt 0.913600 0.073677
vt 0.850974 0.036839
vt 0.854658 0.044207
vt 0.850974 0.044207
vt 0.902548 0.062626
vt 0.906232 0.062626
vt 0.803084 0.055258
vt 0.832555 0.040523
vt 0.836239 0.044207
vt 0.935703 0.069994
vt 0.935703 0.073677
vt 0.917284 0.022103
vt 0.920968 0.047890
vt 0.884129 0.084729
vt 0.887813 0.084729
vt 0.825187 0.073677
vt 0.821503 0.073677
vt 0.817819 0.047890
vt 0.821503 0.047890
vt 0.913600 0.047890
vt 0.913600 0.077361
vt 0.909916 0.077361
vt 0.909916 0.047890
vt 0.887813 0.081045
vt 0.887813 0.088413
vt 0.884129 0.088413
vt 0.884129 0.081045
vt 0.913600 0.044207
vt 0.913600 0.051574
vt 0.832555 0.044207
vt 0.891497 0.058942
vt 0.854658 0.066310
vt 0.858342 0.073677
vt 0.854658 0.077361
vt 0.710987 0.162090
vt 0.810452 0.162090
vt 0.821503 0.162090
vt 0.828871 0.165774
vt 0.828871 0.162090
vt 0.836239 0.165774
vt 0.836239 0.162090
vt 0.714671 0.154723
vt 0.714671 0.151039
vt 0.839922 0.143671
vt 0.839922 0.147355
vt 0.850974 0.151039
vt 0.850974 0.147355
vt 0.858342 0.158406
vt 0.858342 0.154723
vt 0.862026 0.169458
vt 0.865710 0.165774
vt 0.865710 0.180510
vt 0.865710 0.195245
vt 0.862026 0.195245
vt 0.858342 0.206297
vt 0.858342 0.202613
vt 0.850974 0.213665
vt 0.847290 0.209981
vt 0.839922 0.213665
vt 0.839922 0.217348
vt 0.828871 0.209981
vt 0.828871 0.213665
vt 0.714671 0.180510
vt 0.714671 0.184193
vt 0.707303 0.187877
vt 0.707303 0.184193
vt 0.718355 0.184193
vt 0.718355 0.187877
vt 0.725722 0.184193
vt 0.725722 0.187877
vt 0.736774 0.184193
vt 0.736774 0.187877
vt 0.744142 0.184193
vt 0.744142 0.187877
vt 0.777297 0.151039
vt 0.876761 0.151039
vt 0.876761 0.154723
vt 0.777297 0.154723
vt 0.769929 0.151039
vt 0.769929 0.154723
vt 0.758877 0.151039
vt 0.758877 0.154723
vt 0.751510 0.151039
vt 0.751510 0.154723
vt 0.869393 0.169458
vt 0.758877 0.198929
vt 0.755193 0.198929
vt 0.747826 0.202613
vt 0.736774 0.202613
vt 0.736774 0.198929
vt 0.729406 0.191561
vt 0.725722 0.195245
vt 0.722039 0.180510
vt 0.722039 0.169458
vt 0.718355 0.169458
vt 0.722039 0.154723
vt 0.725722 0.143671
vt 0.729406 0.143671
vt 0.736774 0.136303
vt 0.747826 0.132619
vt 0.747826 0.136303
vt 0.873077 0.139987
vt 0.747826 0.151039
vt 0.747826 0.154723
vt 0.744142 0.154723
vt 0.744142 0.151039
vt 0.725722 0.151039
vt 0.725722 0.154723
vt 0.722039 0.151039
vt 0.707303 0.165774
vt 0.707303 0.162090
vt 0.766245 0.151039
vt 0.880445 0.151039
vt 0.880445 0.154723
vt 0.766245 0.154723
vt 0.740458 0.151039
vt 0.740458 0.154723
vt 0.733090 0.154723
vt 0.733090 0.151039
vt 0.707303 0.154723
vt 0.707303 0.151039
vt 0.959487 0.113821
vt 0.968271 0.108455
vt 0.983316 0.132831
vt 0.974532 0.138197
vt 0.950703 0.119201
vt 0.965734 0.143577
vt 0.941905 0.124568
vt 0.956950 0.148944
vt 0.933362 0.130188
vt 0.948567 0.154390
vt 0.924564 0.135568
vt 0.939783 0.159770
vt 0.915780 0.140934
vt 0.930985 0.165137
vt 0.968256 0.763670
vt 0.967282 0.770998
vt 0.966802 0.763917
vt 0.971193 0.770271
vt 0.976559 0.765255
vt 0.969725 0.762943
vt 0.970699 0.761722
vt 0.974116 0.768308
vt 0.971193 0.760253
vt 0.978027 0.761722
vt 0.978027 0.759643
vt 0.971193 0.759526
vt 0.978027 0.757694
vt 0.942870 0.751588
vt 0.947261 0.742922
vt 0.946781 0.750003
vt 0.942870 0.740974
vt 0.942870 0.762085
vt 0.947261 0.757084
vt 0.946781 0.760501
vt 0.942376 0.756837
vt 0.947261 0.753289
vt 0.943365 0.709234
vt 0.947756 0.700438
vt 0.947756 0.707519
vt 0.943844 0.698489
vt 0.746586 0.765386
vt 0.746586 0.759279
vt 0.747066 0.753173
vt 0.747066 0.741454
vt 0.943365 0.730462
vt 0.747560 0.729982
vt 0.943365 0.719732
vt 0.747560 0.718263
vt 0.747560 0.706544
vt 0.748040 0.694825
vt 0.958980 0.732178
vt 0.961917 0.729255
vt 0.952641 0.724602
vt 0.953121 0.729255
vt 0.946781 0.732905
vt 0.946781 0.739506
vt 0.955563 0.734373
vt 0.953121 0.732905
vt 0.955563 0.737543
vt 0.950198 0.734620
vt 0.958980 0.738764
vt 0.950198 0.737790
vt 0.954589 0.738764
vt 0.952641 0.742428
vt 0.956058 0.740727
vt 0.952641 0.739258
vt 0.968256 0.760501
vt 0.966802 0.761358
vt 0.969725 0.761228
vt 0.966802 0.762943
vt 0.965334 0.763670
vt 0.963386 0.770388
vt 0.399658 0.838258
vt 0.387212 0.835816
vt 0.385496 0.844481
vt 0.397710 0.846807
vt 0.414546 0.840948
vt 0.412845 0.849483
vt 0.424070 0.827630
vt 0.438958 0.838258
vt 0.424070 0.773804
vt 0.451899 0.774051
vt 0.451419 0.835699
vt 0.456784 0.825202
vt 0.439453 0.709467
vt 0.424070 0.719964
vt 0.452640 0.712404
vt 0.457758 0.722901
vt 0.414794 0.827761
vt 0.416015 0.773921
vt 0.386470 0.774299
vt 0.381832 0.824824
vt 0.398189 0.709961
vt 0.414314 0.719964
vt 0.385744 0.712651
vt 0.380611 0.723876
vt 0.381832 0.713872
vt 0.373777 0.713872
vt 0.372556 0.724370
vt 0.377194 0.774415
vt 0.373777 0.824460
vt 0.383301 0.834841
vt 0.375493 0.834841
vt 0.413092 0.707024
vt 0.411130 0.698489
vt 0.395994 0.701412
vt 0.384028 0.704102
vt 0.419926 0.609856
vt 0.422601 0.597905
vt 0.412598 0.592045
vt 0.402828 0.599606
vt 0.414314 0.621822
vt 0.396241 0.613520
vt 0.398189 0.620848
vt 0.418705 0.629150
vt 0.426265 0.619627
vt 0.403816 0.632087
vt 0.397942 0.627929
vt 0.396241 0.635984
vt 0.394293 0.633061
vt 0.382080 0.644039
vt 0.381353 0.639895
vt 0.375726 0.641364
vt 0.369387 0.650640
vt 0.390134 0.650640
vt 0.400385 0.644286
vt 0.410155 0.637452
vt 0.425044 0.635984
vt 0.416015 0.644780
vt 0.406012 0.652341
vt 0.395267 0.659174
vt 0.433346 0.626460
vt 0.436530 0.608155
vt 0.441401 0.617184
vt 0.449456 0.607428
vt 0.456537 0.614262
vt 0.448249 0.623538
vt 0.440674 0.632567
vt 0.432125 0.642338
vt 0.422848 0.651367
vt 0.412351 0.659916
vt 0.401126 0.666997
vt 0.385017 0.665775
vt 0.391109 0.673583
vt 0.372803 0.658200
vt 0.361811 0.661864
vt 0.358395 0.654783
vt 0.120295 0.388186
vt 0.119146 0.371088
vt 0.111876 0.371582
vt 0.113214 0.388186
vt 0.113156 0.390134
vt 0.120237 0.390134
vt 0.099489 0.391109
vt 0.099358 0.389655
vt 0.097351 0.373051
vt 0.085691 0.391603
vt 0.085749 0.393072
vt 0.083248 0.374999
vt 0.072082 0.393551
vt 0.072445 0.395020
vt 0.058749 0.396488
vt 0.059083 0.398437
vt 0.069392 0.376947
vt 0.074582 0.361811
vt 0.090387 0.363280
vt 0.085822 0.350587
vt 0.079831 0.346676
vt 0.066222 0.348639
vt 0.061221 0.353509
vt 0.059534 0.367191
vt 0.055143 0.380364
vt 0.041447 0.383795
vt 0.044951 0.399905
vt 0.045750 0.401853
vt 0.038204 0.402828
vt 0.039150 0.404790
vt 0.031763 0.406244
vt 0.032956 0.408207
vt 0.025904 0.410650
vt 0.027329 0.412104
vt 0.367438 0.645013
vt 0.356941 0.650393
vt 0.367438 0.638921
vt 0.354731 0.642817
vt 0.363033 0.666023
vt 0.376467 0.665281
vt 0.349366 0.652835
vt 0.350834 0.656979
vt 0.420900 0.679443
vt 0.422848 0.681391
vt 0.423343 0.679690
vt 0.421380 0.678221
vt 0.421874 0.675531
vt 0.424317 0.675531
vt 0.424317 0.674310
vt 0.422121 0.674310
vt 0.419679 0.674557
vt 0.419679 0.675531
vt 0.445806 0.684808
vt 0.479974 0.696294
vt 0.481443 0.692136
vt 0.446781 0.681158
vt 0.427239 0.679443
vt 0.428228 0.676520
vt 0.483159 0.686276
vt 0.446781 0.679195
vt 0.428461 0.674557
vt 0.483638 0.681885
vt 0.447508 0.675531
vt 0.428708 0.670893
vt 0.424070 0.669192
vt 0.421380 0.671388
vt 0.444818 0.686276
vt 0.477779 0.702386
vt 0.426760 0.680417
vt 0.680664 0.513183
vt 0.689446 0.516352
vt 0.689446 0.515131
vt 0.680664 0.511961
vt 0.671882 0.510740
vt 0.671882 0.509766
vt 0.663086 0.509766
vt 0.662591 0.508545
vt 0.653809 0.509519
vt 0.653809 0.508545
vt 0.645013 0.510493
vt 0.644533 0.509519
vt 0.635737 0.512456
vt 0.635737 0.511482
vt 0.627435 0.515131
vt 0.626955 0.514404
vt 0.619147 0.518795
vt 0.619147 0.517574
vt 0.625486 0.533451
vt 0.632814 0.530034
vt 0.628423 0.536373
vt 0.634283 0.533204
vt 0.639648 0.527839
vt 0.640622 0.531008
vt 0.646976 0.526123
vt 0.647456 0.529540
vt 0.654304 0.525396
vt 0.654783 0.528813
vt 0.661617 0.525396
vt 0.661137 0.528813
vt 0.668451 0.526370
vt 0.667971 0.529787
vt 0.675779 0.528071
vt 0.674805 0.531255
vt 0.682612 0.531255
vt 0.680170 0.533931
vt 0.700685 0.544675
vt 0.697748 0.538089
vt 0.695800 0.538569
vt 0.698737 0.545650
vt 0.708013 0.541506
vt 0.705076 0.534905
vt 0.705076 0.534672
vt 0.687497 0.541259
vt 0.690435 0.547845
vt 0.695320 0.537842
vt 0.687018 0.540532
vt 0.697748 0.537347
vt 0.700685 0.545170
vt 0.699216 0.546144
vt 0.690914 0.548587
vt 0.045343 0.225590
vt 0.039978 0.219236
vt 0.037536 0.222653
vt 0.043279 0.229007
vt 0.029161 0.229487
vt 0.035093 0.236335
vt 0.052308 0.221185
vt 0.047001 0.214846
vt 0.036736 0.196293
vt 0.030077 0.202152
vt 0.038175 0.210455
vt 0.044253 0.203606
vt 0.025482 0.227539
vt 0.025177 0.212897
vt 0.025700 0.203127
vt 0.095330 0.416015
vt 0.090518 0.421380
vt 0.081547 0.408207
vt 0.096188 0.401853
vt 0.083917 0.423823
vt 0.076836 0.423343
vt 0.070744 0.419926
vt 0.065612 0.407233
vt 0.459721 0.624265
vt 0.450197 0.628656
vt 0.457031 0.628903
vt 0.446039 0.633541
vt 0.460695 0.634283
vt 0.443117 0.643065
vt 0.466060 0.633294
vt 0.447260 0.639895
vt 0.458979 0.640375
vt 0.452640 0.648197
vt 0.462890 0.644039
vt 0.452887 0.643065
vt 0.657721 0.536126
vt 0.665034 0.533204
vt 0.665034 0.539063
vt 0.650393 0.532957
vt 0.660643 0.543207
vt 0.650393 0.539063
vt 0.654783 0.543207
vt 0.658200 0.498541
vt 0.648444 0.502438
vt 0.648444 0.494136
vt 0.654304 0.488276
vt 0.668451 0.502685
vt 0.662591 0.488276
vt 0.668451 0.494630
vt 0.736816 0.742922
vt 0.736816 0.746092
vt 0.744144 0.739506
vt 0.732425 0.741454
vt 0.730956 0.744144
vt 0.744623 0.731203
vt 0.729488 0.738284
vt 0.737310 0.723396
vt 0.726565 0.739506
vt 0.737310 0.726565
vt 0.729488 0.729982
vt 0.726565 0.728034
vt 0.039280 0.038088
vt 0.037594 0.103022
vt 0.043002 0.103022
vt 0.045721 0.038088
vt 0.052191 0.038568
vt 0.047946 0.103022
vt 0.058720 0.039062
vt 0.054053 0.103516
vt 0.065248 0.039557
vt 0.058894 0.104010
vt 0.071718 0.040036
vt 0.064143 0.104490
vt 0.078188 0.041011
vt 0.069464 0.105464
vt 0.084600 0.041999
vt 0.074830 0.105959
vt 0.050505 0.110350
vt 0.058385 0.109376
vt 0.056393 0.116209
vt 0.049952 0.118652
vt 0.043948 0.115235
vt 0.042843 0.108401
s 1
usemtl マテリアル.001
f 1/1/1 3/2/2 2/3/3
f 4/4/4 6/5/4 5/6/4
f 7/7/5 9/8/5 8/9/5
f 10/10/6 12/11/6 11/12/6
f 13/13/7 2/3/7 3/2/7
f 14/14/8 16/15/9 15/16/10
f 17/17/11 19/18/12 18/19/11
f 20/20/13 22/21/13 21/22/13
f 23/23/14 13/24/14 24/25/14
f 25/26/15 27/27/15 26/28/15
f 18/19/11 15/16/11 17/17/11
f 28/29/16 30/30/16 29/31/16
f 31/32/17 33/33/17 32/34/17
f 30/35/18 34/36/18 29/37/18
f 35/4/19 37/6/19 36/5/19
f 38/7/20 40/9/20 39/8/20
f 41/10/21 43/12/21 42/11/21
f 44/28/22 46/27/22 45/26/22
f 47/29/23 49/31/23 48/30/23
f 48/35/24 49/37/24 50/36/24
f 51/38/25 53/39/26 52/40/27
f 54/1/28 56/3/29 55/2/30
f 57/13/31 55/2/31 56/3/31
f 58/20/32 60/22/32 59/21/32
f 61/23/33 62/25/33 57/24/33
f 63/38/34 65/40/35 64/39/36
f 66/41/37 68/42/37 67/43/37
f 68/42/37 66/41/37 69/44/37
f 70/45/38 67/43/38 68/42/38
f 67/43/38 70/45/38 71/46/38
f 72/47/39 69/48/40 66/49/41
f 69/48/40 72/47/39 73/50/42
f 74/51/43 73/50/42 72/47/39
f 73/50/42 74/51/43 75/52/44
f 76/53/45 75/54/46 74/55/46
f 75/54/46 76/53/45 77/56/47
f 76/53/45 78/57/48 77/56/47
f 78/57/48 76/53/45 79/58/48
f 80/59/49 78/60/50 79/61/51
f 78/60/50 80/59/49 81/62/52
f 82/63/53 81/62/52 80/59/49
f 81/62/52 82/63/53 83/64/54
f 84/65/55 83/64/54 82/63/53
f 83/64/54 84/65/55 85/66/55
f 84/65/56 70/67/56 85/66/56
f 70/67/56 84/65/56 71/68/56
f 82/63/57 71/69/58 84/65/58
f 71/69/58 82/63/57 67/70/59
f 82/63/57 86/71/60 67/70/59
f 86/71/60 82/63/57 80/59/61
f 79/72/62 86/71/60 80/59/61
f 86/71/60 79/72/62 76/73/63
f 74/74/64 86/71/60 76/73/63
f 86/71/60 74/74/64 72/47/65
f 72/47/65 67/70/59 86/71/60
f 67/70/59 72/47/65 66/49/66
f 68/42/67 85/66/68 70/45/68
f 85/66/68 68/42/67 83/64/69
f 87/75/70 83/64/69 68/42/67
f 69/44/71 87/75/70 68/42/67
f 83/64/69 87/75/70 81/62/72
f 87/75/70 69/44/71 73/76/73
f 77/56/74 81/62/72 87/75/70
f 73/76/73 77/56/74 87/75/70
f 81/62/72 77/56/74 78/77/75
f 77/56/74 73/76/73 75/54/76
f 88/78/77 90/79/78 89/80/79
f 89/80/79 91/81/80 88/78/77
f 92/82/81 88/78/77 91/81/80
f 91/81/80 89/80/79 93/83/82
f 91/81/80 94/84/83 92/82/81
f 95/85/84 92/82/81 94/84/83
f 93/83/82 96/86/85 91/81/80
f 94/84/83 91/81/80 96/86/85
f 94/84/83 97/87/86 95/85/84
f 98/88/87 95/85/84 97/87/86
f 99/89/88 96/86/85 93/83/82
f 93/83/82 100/90/89 99/89/88
f 96/86/85 99/89/88 101/91/90
f 96/86/85 102/92/91 94/84/83
f 97/87/86 94/84/83 102/92/91
f 101/91/90 102/92/91 96/86/85
f 102/92/91 103/93/92 97/87/86
f 102/92/91 101/91/90 104/94/93
f 104/94/93 103/93/92 102/92/91
f 97/87/86 105/95/94 98/88/87
f 105/95/94 97/87/86 103/93/92
f 101/91/90 106/96/95 104/94/93
f 101/91/90 99/97/96 106/96/95
f 100/98/97 106/96/95 99/97/96
f 106/96/95 100/98/97 107/99/98
f 106/96/95 107/99/98 108/100/99
f 104/94/93 106/96/95 108/100/99
f 109/101/100 108/100/99 107/99/98
f 109/101/100 110/102/101 108/100/99
f 111/103/102 104/94/93 108/100/99
f 103/93/92 104/94/93 111/103/102
f 111/103/102 108/100/99 110/102/101
f 111/103/102 112/104/103 103/93/92
f 112/104/103 111/103/102 110/102/101
f 103/93/92 112/104/103 105/95/94
f 110/102/101 113/105/104 112/104/103
f 113/105/104 110/102/101 109/106/105
f 114/107/106 105/95/94 112/104/103
f 112/104/103 113/105/104 114/107/106
f 109/106/105 115/108/107 113/105/104
f 115/108/107 109/106/105 107/109/108
f 113/105/104 115/108/107 116/110/109
f 116/110/109 114/107/106 113/105/104
f 107/109/108 117/111/110 115/108/107
f 116/110/109 115/108/107 117/111/110
f 117/111/110 107/109/108 100/112/111
f 100/112/111 93/113/112 117/111/110
f 118/114/113 117/111/110 93/113/112
f 117/111/110 118/114/113 116/110/109
f 93/113/112 89/115/114 118/114/113
f 118/114/113 89/115/114 90/116/115
f 90/116/115 119/117/116 118/114/113
f 116/110/109 118/114/113 119/117/116
f 119/117/116 120/118/117 116/110/109
f 114/107/106 116/110/109 120/118/117
f 120/118/117 121/119/118 114/107/106
f 105/95/94 114/107/106 121/119/118
f 121/119/118 98/88/87 105/95/94
f 121/119/118 122/120/119 98/88/87
f 120/121/120 122/120/119 121/119/118
f 98/88/87 122/120/119 95/122/120
f 119/123/119 122/120/119 120/121/120
f 95/122/120 122/120/119 92/124/120
f 119/123/119 90/125/119 122/120/119
f 92/124/120 122/120/119 88/126/120
f 88/126/120 122/120/119 90/125/119
f 123/127/121 125/128/122 124/129/123
f 124/129/123 126/130/124 123/127/123
f 127/131/125 129/132/126 128/133/125
f 128/133/125 130/134/127 127/131/125
f 131/135/128 133/136/128 132/137/128
f 132/137/128 134/138/128 131/135/128
f 10/139/129 11/140/130 135/141/131
f 135/141/131 136/142/132 10/139/129
f 124/129/133 136/142/132 135/141/131
f 135/141/131 129/132/134 124/129/133
f 126/130/135 124/129/133 129/132/134
f 129/132/134 127/131/136 126/130/135
f 134/138/137 126/130/135 127/131/138
f 127/131/138 131/135/139 134/138/137
f 137/143/140 139/144/140 138/145/140
f 138/145/141 140/146/141 137/143/141
f 128/133/142 142/147/143 141/148/144
f 141/148/144 125/149/145 128/133/142
f 130/134/146 128/133/142 125/149/145
f 125/149/145 123/150/147 130/134/146
f 137/143/148 130/134/146 123/150/147
f 123/150/147 139/151/149 137/143/148
f 137/143/150 140/146/151 133/136/151
f 133/136/151 131/135/152 137/143/150
f 130/134/153 137/143/150 131/135/152
f 131/135/152 127/131/154 130/134/153
f 11/140/155 143/152/156 142/147/157
f 11/140/155 142/147/157 135/141/158
f 129/132/159 135/141/158 142/147/157
f 142/147/157 128/133/160 129/132/159
f 144/153/161 146/154/162 145/154/163
f 145/154/163 147/153/164 144/153/161
f 143/152/165 148/155/166 141/148/167
f 141/148/167 142/147/168 143/152/165
f 148/156/169 150/157/170 149/158/171
f 148/156/169 149/158/171 151/159/172
f 151/159/172 152/160/173 148/156/169
f 152/160/173 151/159/172 153/161/174
f 9/8/175 148/156/169 152/160/173
f 148/156/169 9/8/175 10/10/176
f 10/10/176 9/8/175 7/7/177
f 7/7/177 12/11/178 10/10/176
f 152/160/173 4/162/179 9/8/175
f 154/163/180 4/162/179 152/160/173
f 6/164/181 4/162/179 154/163/180
f 154/163/180 155/165/182 6/164/181
f 4/162/183 5/166/184 8/9/185
f 8/9/185 9/8/186 4/162/183
f 132/167/187 133/136/187 140/146/187
f 140/146/187 138/168/187 132/167/187
f 153/161/188 151/159/189 156/169/188
f 156/169/188 157/170/190 153/161/188
f 158/171/191 160/172/191 159/173/191
f 159/173/191 161/174/191 158/171/191
f 162/175/192 164/176/193 163/177/192
f 163/177/192 165/178/194 162/175/192
f 166/179/192 165/178/194 163/177/192
f 163/177/192 167/180/195 166/179/192
f 168/181/196 162/175/196 165/178/196
f 165/178/196 169/182/196 168/181/196
f 170/183/197 169/182/196 165/178/196
f 165/178/196 166/179/197 170/183/197
f 171/184/198 173/185/199 172/186/200
f 172/186/200 159/187/201 171/184/198
f 159/187/201 172/186/200 168/181/202
f 168/181/202 169/182/202 159/187/201
f 161/188/202 159/187/201 169/182/202
f 169/182/202 170/183/202 161/188/202
f 174/189/203 176/190/204 175/191/205
f 175/191/205 3/192/206 174/189/203
f 174/189/203 3/192/206 1/193/207
f 177/194/208 179/195/209 178/196/208
f 178/196/208 180/197/210 177/194/208
f 181/198/211 52/40/212 182/199/213
f 182/199/213 183/200/214 181/198/211
f 184/201/215 181/198/211 183/200/214
f 183/200/214 185/202/216 184/201/215
f 186/203/217 184/201/215 185/202/216
f 185/202/216 187/204/218 186/203/217
f 186/203/217 187/204/218 174/189/219
f 174/189/219 1/193/220 186/203/217
f 188/205/221 190/206/222 189/207/221
f 189/207/221 191/208/223 188/205/221
f 192/209/224 191/208/225 189/207/226
f 189/207/226 193/210/227 192/209/224
f 194/211/228 21/22/229 22/21/230
f 21/22/229 194/211/228 195/212/231
f 195/212/231 196/213/232 21/22/229
f 197/214/233 196/213/232 195/212/231
f 198/215/234 195/212/231 194/211/228
f 195/212/231 198/215/234 197/214/233
f 194/211/228 199/216/235 198/215/234
f 200/217/236 197/214/233 198/215/234
f 199/216/235 201/218/237 198/215/234
f 198/215/234 201/218/237 200/217/238
f 21/22/239 196/213/240 20/20/241
f 202/219/242 20/20/241 196/213/240
f 196/213/240 197/214/243 202/219/242
f 202/219/242 197/214/243 200/217/244
f 200/217/244 145/220/245 202/219/242
f 203/221/246 204/222/247 175/223/248
f 3/2/249 175/223/248 204/222/247
f 204/222/247 13/13/250 3/2/249
f 205/224/251 207/225/252 206/226/253
f 206/226/253 208/227/254 205/224/251
f 208/227/254 206/226/253 209/228/255
f 210/229/256 205/224/251 208/227/254
f 211/230/257 208/227/254 209/228/255
f 208/227/254 211/230/257 210/229/256
f 209/228/255 212/231/258 211/230/257
f 213/232/259 211/230/257 212/231/258
f 214/233/260 210/229/256 211/230/257
f 211/230/257 213/232/259 214/233/260
f 214/233/260 213/232/259 215/234/261
f 215/234/261 216/235/262 214/233/260
f 136/142/263 124/129/264 125/128/265
f 125/128/265 141/236/266 136/142/263
f 136/142/263 141/236/266 148/237/267
f 148/237/267 10/139/268 136/142/263
f 217/238/269 203/221/270 218/239/271
f 217/238/269 218/239/271 219/240/272
f 220/241/273 219/240/272 218/239/271
f 219/240/272 221/242/274 217/238/269
f 219/240/272 222/243/274 221/242/274
f 24/244/275 13/13/276 204/222/277
f 204/222/277 223/245/278 24/244/275
f 223/245/278 204/222/277 203/221/279
f 203/221/279 224/246/280 223/245/278
f 224/246/280 203/221/279 217/238/281
f 225/247/282 157/248/283 156/249/284
f 225/247/282 156/249/284 226/250/285
f 226/250/285 143/251/286 225/247/282
f 143/251/286 226/250/285 227/252/287
f 5/6/288 225/247/282 143/251/286
f 225/247/282 5/6/288 228/253/289
f 155/254/290 228/253/289 5/6/288
f 5/6/288 6/5/291 155/254/290
f 143/251/286 8/255/292 5/6/288
f 11/12/293 8/255/292 143/251/286
f 7/256/294 8/255/292 11/12/293
f 11/12/293 12/11/295 7/256/294
f 229/257/296 24/258/297 223/259/298
f 223/259/298 230/260/299 229/257/296
f 229/257/296 230/260/299 231/261/300
f 232/262/301 230/260/299 223/259/298
f 223/259/298 224/263/302 232/262/301
f 232/262/301 224/263/302 233/264/303
f 230/260/299 234/265/304 231/261/300
f 234/265/304 230/260/299 232/262/301
f 233/264/303 235/266/305 232/262/301
f 233/264/303 236/267/306 235/266/305
f 232/262/301 237/268/307 234/265/304
f 237/268/307 232/262/301 235/266/305
f 238/269/308 231/261/300 234/265/304
f 237/268/307 238/269/308 234/265/304
f 235/266/305 239/270/309 237/268/307
f 237/268/307 239/270/309 238/269/308
f 238/269/308 240/271/310 231/261/300
f 186/203/311 231/261/300 240/271/310
f 240/271/310 184/201/312 186/203/311
f 184/201/312 240/271/310 241/272/313
f 242/273/314 240/271/310 238/269/308
f 239/270/309 242/273/314 238/269/308
f 184/201/312 241/272/313 181/198/315
f 181/198/315 241/272/313 243/274/316
f 181/198/315 243/274/316 244/275/317
f 244/275/317 51/276/25 181/198/315
f 51/276/25 52/40/27 181/198/315
f 239/270/309 235/266/305 245/277/318
f 239/270/309 245/277/318 246/278/319
f 247/279/320 245/277/318 235/266/305
f 246/278/319 248/280/321 239/270/309
f 242/273/314 239/270/309 248/280/321
f 242/273/314 248/280/321 249/281/322
f 249/281/322 250/282/323 242/273/314
f 247/279/320 235/266/305 236/267/306
f 236/267/306 251/283/324 247/279/320
f 252/284/325 251/283/324 236/267/306
f 252/284/325 253/285/326 251/283/324
f 254/286/327 253/285/326 252/284/325
f 254/286/327 252/284/325 255/287/328
f 255/287/328 256/288/329 254/286/327
f 256/288/329 257/289/330 254/286/327
f 257/289/330 256/288/329 258/290/331
f 256/288/329 259/291/332 258/290/331
f 259/291/332 256/288/329 255/287/328
f 258/290/331 259/291/332 260/292/333
f 259/291/332 255/287/328 261/293/334
f 260/292/333 259/291/332 261/293/334
f 255/287/328 262/294/335 261/293/334
f 260/292/333 261/293/334 263/295/336
f 264/296/337 260/292/333 263/295/336
f 265/297/338 264/296/337 263/295/336
f 261/293/334 262/294/335 266/298/339
f 266/298/339 263/295/336 261/293/334
f 267/299/340 265/297/338 263/295/336
f 267/299/340 263/295/336 266/298/339
f 267/299/340 268/300/341 265/297/338
f 269/301/342 268/300/341 267/299/340
f 270/302/343 267/299/340 266/298/339
f 269/301/342 267/299/340 271/303/344
f 270/302/343 272/304/345 267/299/340
f 272/304/345 270/302/343 273/305/346
f 267/299/340 272/304/345 274/306/347
f 274/306/347 275/307/347 267/299/340
f 267/299/340 275/307/347 276/308/348
f 277/309/349 271/303/344 267/299/340
f 276/308/348 277/309/349 267/299/340
f 276/308/348 278/310/350 277/309/349
f 279/311/344 271/303/344 277/309/349
f 277/309/349 280/312/351 279/311/344
f 281/313/352 266/314/353 262/294/335
f 262/294/335 282/315/354 281/313/352
f 188/205/355 281/313/352 282/315/354
f 282/315/354 190/316/356 188/205/355
f 283/317/357 285/318/358 284/319/359
f 285/318/358 283/317/357 286/320/360
f 286/320/360 287/321/361 285/318/358
f 288/322/362 287/321/361 286/320/360
f 288/322/362 286/320/360 289/323/363
f 290/324/364 289/323/363 286/320/360
f 290/324/364 291/325/365 289/323/363
f 290/324/364 292/326/366 291/325/365
f 293/327/367 292/326/366 290/324/364
f 293/327/367 290/324/364 217/328/368
f 217/328/368 294/329/369 293/327/367
f 217/328/368 221/330/370 294/329/369
f 201/331/371 199/332/372 295/333/373
f 296/334/374 295/333/373 199/332/372
f 199/332/372 194/335/375 296/334/374
f 192/209/376 296/334/374 194/335/375
f 192/209/376 194/335/375 22/336/377
f 191/208/378 192/209/376 22/336/377
f 22/336/377 297/337/379 191/208/378
f 297/337/379 188/205/380 191/208/378
f 188/205/380 297/337/379 281/313/381
f 266/314/382 281/313/381 297/337/379
f 297/337/379 270/338/383 266/314/382
f 297/337/379 22/336/377 20/339/384
f 297/337/379 273/340/385 270/338/383
f 20/339/384 273/340/385 297/337/379
f 20/339/384 202/341/386 273/340/385
f 152/342/387 153/343/388 157/248/389
f 157/248/389 225/247/390 152/342/387
f 154/344/391 152/342/387 225/247/390
f 225/247/390 228/253/392 154/344/391
f 154/344/391 228/253/392 155/254/393
f 189/207/394 190/206/395 298/345/396
f 298/345/396 193/210/397 189/207/394
f 222/346/398 219/347/399 299/348/400
f 299/348/400 300/349/401 222/346/398
f 301/350/402 300/349/401 299/348/400
f 299/348/400 302/351/403 301/350/402
f 303/352/404 301/350/402 302/351/403
f 304/353/405 301/350/402 303/352/404
f 303/352/404 305/354/406 304/353/405
f 304/353/405 305/354/406 306/355/407
f 306/355/407 305/354/406 307/356/408
f 27/27/409 309/357/410 308/358/409
f 308/358/409 26/28/411 27/27/409
f 310/359/412 25/26/413 311/360/414
f 26/28/415 311/360/414 25/26/413
f 311/360/414 26/28/415 312/361/416
f 313/362/417 314/363/418 311/360/417
f 311/360/417 312/361/419 313/362/417
f 315/364/420 25/26/421 310/359/422
f 310/359/422 316/365/423 315/364/420
f 311/366/424 314/367/424 316/365/425
f 316/365/425 310/359/426 311/366/424
f 317/368/427 319/369/428 318/370/427
f 318/370/427 320/371/427 317/368/427
f 313/372/429 312/373/430 321/374/431
f 321/374/431 322/375/432 313/372/429
f 320/371/433 322/375/432 321/374/431
f 321/374/431 317/376/434 320/371/433
f 173/377/435 324/378/435 323/379/436
f 323/379/436 172/380/436 173/377/435
f 172/380/436 323/379/436 325/381/436
f 168/181/435 172/380/436 325/381/436
f 323/379/436 164/382/437 325/381/436
f 162/175/438 168/181/435 325/381/436
f 164/382/437 162/175/438 325/381/436
f 26/383/439 308/384/440 326/385/441
f 326/385/441 327/386/442 26/383/439
f 319/387/443 327/386/442 326/385/441
f 326/385/441 318/370/444 319/387/443
f 328/388/445 330/389/446 329/390/446
f 329/390/446 331/391/447 328/388/445
f 309/392/448 27/393/449 332/394/450
f 332/394/450 333/395/451 309/392/448
f 331/391/452 333/395/451 332/394/450
f 332/394/450 328/388/452 331/391/452
f 25/396/453 315/397/454 334/398/455
f 334/398/455 335/399/456 25/396/453
f 330/400/457 335/399/456 334/398/455
f 334/398/455 329/401/457 330/400/457
f 336/402/458 338/403/459 337/404/458
f 337/404/458 339/405/460 336/402/458
f 340/406/461 342/407/462 341/408/461
f 341/408/461 343/409/463 340/406/461
f 340/406/464 338/410/464 336/411/465
f 336/411/465 342/407/465 340/406/464
f 337/404/466 338/412/466 340/413/466
f 340/413/466 343/409/467 337/404/466
f 341/408/468 339/405/468 337/404/469
f 337/404/469 343/409/469 341/408/468
f 336/414/470 339/415/471 341/408/470
f 341/408/470 342/407/472 336/414/470
f 344/416/473 346/417/474 345/418/475
f 347/419/475 344/416/473 345/418/475
f 348/420/475 347/419/475 345/418/475
f 349/421/475 348/420/475 345/418/475
f 350/422/475 349/421/475 345/418/475
f 345/418/475 351/423/475 350/422/475
f 350/422/475 351/423/475 352/424/475
f 349/421/475 350/422/475 353/425/475
f 353/425/475 354/426/475 349/421/475
f 355/427/475 354/426/475 353/425/475
f 353/425/475 356/428/475 355/427/475
f 357/429/476 356/428/475 353/425/475
f 353/425/475 358/430/475 357/429/476
f 358/430/475 353/425/475 350/422/475
f 350/422/475 359/431/475 358/430/475
f 352/424/475 359/431/475 350/422/475
f 359/431/475 352/424/475 17/17/473
f 359/431/475 17/17/473 15/16/10
f 16/15/9 359/431/475 15/16/10
f 360/432/477 19/433/478 17/17/477
f 17/17/477 352/424/479 360/432/477
f 361/434/480 16/15/481 14/14/482
f 14/14/482 362/435/483 361/434/480
f 362/435/483 14/14/482 15/16/484
f 15/16/484 18/19/485 362/435/483
f 345/418/486 364/436/486 363/437/487
f 363/437/487 351/423/488 345/418/486
f 351/423/488 363/437/487 360/438/489
f 360/438/489 352/424/489 351/423/488
f 345/418/490 346/417/490 365/439/490
f 365/439/490 364/440/490 345/418/490
f 348/420/491 367/441/492 366/442/493
f 366/442/493 347/419/494 348/420/491
f 344/416/495 347/419/494 366/442/493
f 366/442/493 368/443/496 344/416/495
f 344/416/495 368/443/496 365/444/497
f 365/444/497 346/417/498 344/416/495
f 369/445/499 367/446/500 348/420/501
f 348/420/501 349/421/502 369/445/499
f 369/445/499 349/421/502 354/426/503
f 354/426/503 370/447/504 369/445/499
f 370/447/504 354/426/503 355/427/505
f 355/427/505 371/448/506 370/447/504
f 357/429/507 373/449/508 372/450/507
f 372/450/507 356/428/507 357/429/507
f 356/428/507 372/450/507 371/451/507
f 371/451/507 355/427/507 356/428/507
f 373/452/509 357/429/510 358/430/511
f 358/430/511 374/453/512 373/452/509
f 374/453/512 358/430/511 359/431/513
f 359/431/513 375/454/513 374/453/512
f 361/455/514 375/454/513 359/431/513
f 359/431/513 16/15/514 361/455/514
f 376/456/515 378/457/515 377/458/515
f 377/458/515 379/459/515 376/456/515
f 380/460/516 377/461/517 378/462/517
f 378/462/517 381/463/518 380/460/516
f 382/464/519 380/460/516 381/463/518
f 381/463/518 383/465/519 382/464/519
f 382/466/520 383/467/520 384/468/520
f 384/468/520 385/469/520 382/466/520
f 376/456/521 379/459/521 386/470/522
f 386/470/522 387/471/523 376/456/521
f 387/471/523 386/470/522 388/472/524
f 388/472/524 389/473/524 387/471/523
f 389/473/525 388/474/525 385/475/526
f 385/475/526 384/468/526 389/473/525
f 390/476/527 391/477/528 30/478/527
f 30/478/527 28/29/529 390/476/527
f 391/479/530 393/480/531 392/481/532
f 392/481/532 394/482/533 391/479/530
f 391/479/530 394/482/533 34/36/534
f 34/36/534 30/35/535 391/479/530
f 390/483/536 395/484/537 393/480/538
f 393/480/538 391/479/539 390/483/536
f 396/485/540 398/486/541 397/487/542
f 397/487/542 399/488/543 396/485/540
f 399/488/543 397/487/542 400/489/544
f 401/490/545 396/485/540 399/488/543
f 400/489/544 402/491/546 399/488/543
f 399/488/543 403/492/547 401/490/545
f 399/488/543 402/491/546 404/493/548
f 404/493/548 403/492/547 399/488/543
f 405/494/549 406/495/550 400/489/551
f 400/489/551 397/487/552 405/494/549
f 405/494/549 397/487/552 398/486/553
f 398/486/553 407/496/554 405/494/549
f 404/497/555 409/498/556 408/499/557
f 408/499/557 403/500/558 404/497/555
f 401/501/559 403/500/558 408/499/557
f 408/499/557 410/502/560 401/501/559
f 400/503/561 406/495/562 411/504/563
f 411/504/563 402/505/564 400/503/561
f 402/505/564 411/504/563 409/498/565
f 409/498/565 404/506/566 402/505/564
f 412/507/567 414/508/568 413/509/569
f 413/509/569 415/510/570 412/507/567
f 415/510/570 413/509/569 395/511/571
f 395/511/571 416/512/572 415/510/570
f 417/513/573 416/512/572 395/511/571
f 395/511/571 390/476/574 417/513/573
f 417/513/573 390/476/574 28/29/575
f 28/29/575 29/31/576 417/513/573
f 29/514/577 34/515/578 394/482/579
f 394/482/579 417/513/580 29/514/577
f 417/513/580 394/482/579 392/481/581
f 392/481/581 416/512/582 417/513/580
f 415/510/583 416/512/582 392/481/581
f 392/481/581 418/516/584 415/510/583
f 415/510/583 418/516/584 419/517/585
f 419/517/585 412/507/586 415/510/583
f 419/517/585 418/516/584 420/518/587
f 420/518/587 421/519/588 419/517/585
f 420/518/587 418/516/584 392/520/589
f 392/520/590 393/521/591 422/522/592
f 422/522/592 420/518/593 392/520/590
f 420/518/593 422/522/592 423/523/594
f 423/523/594 421/519/595 420/518/593
f 424/524/596 425/525/597 423/523/598
f 423/523/599 422/522/600 424/524/601
f 393/521/602 424/524/601 422/522/600
f 426/526/603 177/194/604 427/527/605
f 428/528/606 427/527/605 177/194/604
f 180/197/607 428/528/606 177/194/604
f 176/529/608 220/241/609 218/239/610
f 176/529/608 218/239/610 203/221/611
f 203/221/611 175/223/612 176/529/608
f 233/264/613 224/263/614 217/328/615
f 217/328/615 290/324/616 233/264/613
f 236/267/617 233/264/613 290/324/616
f 290/324/616 286/320/618 236/267/617
f 236/267/617 286/320/618 283/317/619
f 283/317/619 252/284/620 236/267/617
f 284/319/621 252/284/620 283/317/619
f 252/284/620 284/319/621 255/287/622
f 231/530/623 429/531/624 229/532/625
f 229/532/625 429/531/624 23/23/626
f 23/23/626 24/25/627 229/532/625
f 430/89/628 432/90/629 431/83/630
f 431/83/630 433/86/631 430/89/628
f 434/91/632 430/89/628 433/86/631
f 435/81/633 433/86/631 431/83/630
f 431/83/630 436/80/634 435/81/633
f 437/78/635 435/81/633 436/80/634
f 436/80/634 438/79/636 437/78/635
f 435/81/633 437/78/635 439/82/637
f 439/82/637 440/84/638 435/81/633
f 433/86/631 435/81/633 440/84/638
f 440/84/638 439/82/637 441/85/639
f 440/84/638 442/92/640 433/86/631
f 433/86/631 442/92/640 434/91/632
f 441/85/639 443/87/641 440/84/638
f 442/92/640 440/84/638 443/87/641
f 443/87/641 441/85/639 444/88/642
f 445/94/643 434/91/632 442/92/640
f 443/87/641 446/93/644 442/92/640
f 442/92/640 446/93/644 445/94/643
f 444/88/642 447/95/645 443/87/641
f 446/93/644 443/87/641 447/95/645
f 434/91/632 445/94/643 448/96/646
f 434/91/632 448/96/646 430/97/647
f 432/98/648 430/97/647 448/96/646
f 449/99/649 432/98/648 448/96/646
f 450/100/650 449/99/649 448/96/646
f 450/100/650 448/96/646 445/94/643
f 451/101/651 449/99/649 450/100/650
f 451/101/651 450/100/650 452/102/652
f 453/103/653 450/100/650 445/94/643
f 453/103/653 445/94/643 446/93/644
f 453/103/653 452/102/652 450/100/650
f 446/93/644 454/104/654 453/103/653
f 452/102/652 453/103/653 454/104/654
f 447/95/645 454/104/654 446/93/644
f 454/104/654 455/105/655 452/102/652
f 451/106/656 452/102/652 455/105/655
f 454/104/654 447/95/645 456/107/657
f 456/107/657 455/105/655 454/104/654
f 455/105/655 457/108/658 451/106/656
f 449/109/659 451/106/656 457/108/658
f 458/110/660 457/108/658 455/105/655
f 455/105/655 456/107/657 458/110/660
f 457/108/658 459/111/661 449/109/659
f 459/111/661 457/108/658 458/110/660
f 432/112/662 449/109/659 459/111/661
f 459/111/661 431/113/663 432/112/662
f 431/113/663 459/111/661 460/114/664
f 458/110/660 460/114/664 459/111/661
f 460/114/664 436/115/665 431/113/663
f 438/116/666 436/115/665 460/114/664
f 460/114/664 461/117/667 438/116/666
f 461/117/667 460/114/664 458/110/660
f 458/110/660 462/118/668 461/117/667
f 462/118/668 458/110/660 456/107/657
f 456/107/657 463/119/669 462/118/668
f 463/119/669 456/107/657 447/95/645
f 447/95/645 444/88/642 463/119/669
f 463/119/669 444/88/642 464/120/670
f 462/121/671 463/119/669 464/120/670
f 444/88/642 441/122/671 464/120/670
f 461/123/670 462/121/671 464/120/670
f 441/122/671 439/124/671 464/120/670
f 461/123/670 464/120/670 438/125/670
f 439/124/671 437/126/671 464/120/670
f 437/126/671 438/125/670 464/120/670
f 465/533/672 467/534/673 466/535/674
f 466/535/674 468/536/675 465/533/672
f 468/536/675 466/535/674 469/537/676
f 469/537/676 470/538/677 468/536/675
f 471/539/678 470/538/677 469/537/676
f 469/537/676 472/540/679 471/539/678
f 473/541/680 468/536/675 470/538/677
f 474/533/681 468/536/675 473/541/680
f 473/541/680 475/542/682 474/533/681
f 470/538/677 476/543/683 473/541/680
f 477/544/684 476/543/683 470/538/677
f 470/538/677 471/539/678 477/544/684
f 478/545/685 477/544/684 471/539/678
f 471/539/678 479/546/686 478/545/685
f 472/540/679 479/546/686 471/539/678
f 480/547/687 478/545/685 479/546/686
f 481/548/688 479/546/686 472/540/679
f 479/546/686 481/548/688 480/547/687
f 482/549/689 480/547/687 481/548/688
f 472/540/679 483/550/690 481/548/688
f 481/548/688 484/551/691 482/549/689
f 483/550/690 484/551/691 481/548/688
f 475/552/692 482/549/689 484/551/691
f 484/551/691 474/553/693 475/552/692
f 483/550/690 474/553/693 484/551/691
f 483/550/690 485/554/694 474/553/693
f 483/550/690 486/555/695 485/554/694
f 486/555/695 487/556/696 485/554/694
f 485/554/694 487/556/696 488/557/697
f 488/557/697 489/558/698 485/554/694
f 490/559/699 488/557/697 487/556/696
f 487/556/696 491/560/700 490/559/699
f 486/555/695 491/560/700 487/556/696
f 492/561/701 490/559/699 491/560/700
f 491/560/700 493/562/702 492/561/701
f 494/563/703 492/561/701 493/562/702
f 491/560/700 486/555/695 495/564/704
f 495/564/704 493/562/702 491/560/700
f 493/562/702 496/565/705 494/563/703
f 496/565/705 493/562/702 495/564/704
f 497/566/706 494/563/703 496/565/705
f 496/565/705 465/567/707 497/566/706
f 465/567/707 498/568/708 497/566/706
f 498/568/708 465/567/707 485/569/709
f 485/569/709 489/570/710 498/568/708
f 474/571/711 485/569/709 465/567/707
f 465/567/707 468/572/712 474/571/711
f 467/573/713 465/567/707 496/565/705
f 495/564/704 467/573/713 496/565/705
f 499/574/714 495/564/704 486/555/695
f 486/555/695 500/575/715 499/574/714
f 501/576/716 467/573/713 495/564/704
f 495/564/704 499/574/714 501/576/716
f 502/577/717 499/574/714 500/575/715
f 500/575/715 503/578/718 502/577/717
f 499/574/714 502/577/717 504/579/719
f 504/579/719 501/576/716 499/574/714
f 505/580/720 502/577/717 503/578/718
f 504/579/719 502/577/717 505/580/720
f 503/578/718 506/581/721 505/580/720
f 505/580/720 507/582/722 504/579/719
f 508/583/723 504/579/719 507/582/722
f 501/576/716 504/579/719 508/583/723
f 507/582/722 509/584/724 508/583/723
f 467/573/713 501/576/716 510/585/725
f 508/583/723 510/585/725 501/576/716
f 510/585/725 466/586/726 467/573/713
f 511/587/727 508/583/723 509/584/724
f 510/585/725 508/583/723 511/587/727
f 509/584/724 512/588/728 511/587/727
f 511/587/727 512/588/728 513/589/729
f 466/586/726 510/585/725 514/590/730
f 511/587/727 514/590/730 510/585/725
f 514/590/730 469/591/731 466/586/726
f 513/589/729 515/592/732 511/587/727
f 515/592/732 513/589/729 516/593/733
f 516/593/733 517/594/734 515/592/732
f 517/594/734 516/593/733 506/595/735
f 506/595/736 503/596/737 517/594/738
f 514/590/730 511/587/727 515/597/739
f 469/591/731 514/590/730 518/598/740
f 515/597/739 518/598/740 514/590/730
f 518/598/740 472/599/741 469/591/731
f 518/598/740 515/597/739 517/600/742
f 472/599/741 518/598/740 519/601/743
f 517/600/742 519/601/743 518/598/740
f 519/601/743 517/600/742 503/602/744
f 519/601/743 483/603/745 472/599/741
f 503/602/744 500/604/746 519/601/743
f 483/603/745 519/601/743 500/604/746
f 500/604/746 486/605/747 483/603/745
f 520/127/748 522/130/749 521/129/750
f 521/129/750 523/128/751 520/127/748
f 524/131/752 526/134/753 525/133/752
f 525/133/752 527/132/754 524/131/752
f 528/143/755 530/146/756 529/145/756
f 529/145/756 531/144/755 528/143/755
f 528/143/757 531/151/758 520/150/759
f 520/150/760 526/134/761 528/143/762
f 526/134/761 520/150/760 523/149/763
f 523/149/763 525/133/764 526/134/761
f 525/133/764 523/149/763 532/148/765
f 532/148/765 533/147/766 525/133/764
f 526/134/767 524/131/768 534/135/769
f 534/135/769 528/143/770 526/134/767
f 528/143/770 534/135/769 535/136/771
f 535/136/771 530/146/771 528/143/770
f 527/132/772 525/133/773 533/147/774
f 533/147/774 536/141/775 527/132/772
f 43/140/776 536/141/775 533/147/774
f 43/140/776 533/147/774 537/152/777
f 315/364/778 316/365/779 309/606/780
f 309/606/780 316/365/779 314/607/781
f 314/607/781 308/384/782 309/606/780
f 308/384/782 314/607/781 313/372/783
f 321/608/784 312/609/785 26/383/786
f 26/383/786 327/386/787 321/608/784
f 321/608/784 327/386/787 319/387/788
f 319/387/788 317/610/788 321/608/784
f 538/137/789 535/136/789 534/135/790
f 534/135/791 539/138/792 538/137/789
f 539/138/792 534/135/791 524/131/793
f 524/131/793 522/130/794 539/138/792
f 522/130/794 524/131/793 527/132/795
f 527/132/795 521/129/796 522/130/794
f 521/129/796 527/132/795 536/141/797
f 536/141/797 540/142/798 521/129/796
f 41/139/799 540/142/798 536/141/797
f 536/141/797 43/140/800 41/139/799
f 326/385/801 308/384/802 313/372/803
f 313/372/803 322/375/804 326/385/801
f 326/385/801 322/375/804 320/371/805
f 320/371/805 318/370/806 326/385/801
f 540/142/807 41/139/808 541/237/809
f 541/237/809 532/236/810 540/142/807
f 540/142/807 532/236/810 523/128/811
f 523/128/811 521/129/812 540/142/807
f 537/152/813 533/147/814 532/148/815
f 532/148/815 541/155/816 537/152/813
f 537/251/817 543/252/818 542/250/819
f 544/247/820 537/251/817 542/250/819
f 542/250/819 545/249/821 544/247/820
f 544/247/820 545/249/821 546/248/822
f 537/251/817 544/247/820 37/6/823
f 544/247/820 547/253/824 37/6/823
f 37/6/823 547/253/824 548/254/825
f 548/254/825 36/5/826 37/6/823
f 37/6/823 40/255/827 537/251/817
f 43/12/828 537/251/817 40/255/827
f 43/12/828 40/255/827 38/256/829
f 38/256/829 42/11/830 43/12/828
f 549/160/831 551/161/832 550/159/833
f 541/156/834 549/160/831 550/159/833
f 550/159/833 552/158/835 541/156/834
f 541/156/834 552/158/835 553/157/836
f 549/160/831 541/156/834 39/8/837
f 541/156/834 41/10/838 39/8/837
f 38/7/839 39/8/837 41/10/838
f 41/10/838 42/11/840 38/7/839
f 39/8/837 35/162/841 549/160/831
f 554/163/842 549/160/831 35/162/841
f 554/163/842 35/162/841 36/164/843
f 36/164/843 548/165/844 554/163/842
f 332/611/845 27/612/846 25/396/847
f 25/396/847 335/399/848 332/611/845
f 332/611/845 335/399/848 330/400/849
f 330/400/849 328/613/849 332/611/845
f 35/162/850 39/8/851 40/9/852
f 40/9/852 37/166/184 35/162/850
f 538/167/853 529/168/853 530/146/853
f 530/146/853 535/136/853 538/167/853
f 554/344/854 548/254/855 547/253/856
f 554/344/854 547/253/856 544/247/857
f 544/247/857 549/342/858 554/344/854
f 549/342/858 544/247/857 546/248/859
f 546/248/859 551/343/860 549/342/858
f 551/161/861 546/170/862 545/169/861
f 545/169/861 550/159/863 551/161/861
f 555/614/864 557/615/864 556/616/864
f 556/616/864 558/617/864 555/614/864
f 32/618/865 560/619/866 559/620/865
f 559/620/865 561/621/867 32/618/865
f 562/622/868 32/623/869 561/621/870
f 562/622/868 561/621/870 563/624/871
f 564/625/872 563/624/871 561/621/870
f 561/621/870 565/626/872 564/625/872
f 562/622/868 563/624/871 566/627/873
f 563/624/871 567/628/874 566/627/873
f 568/629/875 562/622/868 566/627/873
f 566/627/876 569/630/877 568/629/877
f 570/631/878 571/632/879 567/628/878
f 567/628/878 563/624/880 570/631/878
f 334/398/881 315/397/882 309/392/883
f 309/392/883 333/395/884 334/398/881
f 334/398/881 333/395/884 331/391/885
f 331/391/885 329/401/885 334/398/881
f 560/633/886 32/34/887 33/33/886
f 33/33/886 572/634/886 560/633/886
f 573/635/888 574/636/889 561/621/888
f 561/621/888 559/620/888 573/635/888
f 575/637/890 577/638/891 576/639/892
f 576/639/892 578/640/893 575/637/890
f 33/33/894 575/637/890 578/640/893
f 575/637/890 33/33/894 31/641/895
f 579/642/896 575/637/890 31/641/895
f 580/643/897 579/642/896 31/641/895
f 581/644/897 580/643/897 31/641/895
f 580/643/897 581/644/897 556/645/898
f 556/645/898 557/646/898 580/643/897
f 578/640/893 574/647/899 33/33/894
f 572/634/900 33/33/894 574/647/899
f 574/647/899 573/648/901 572/634/900
f 582/649/902 574/647/899 578/640/893
f 578/640/893 583/650/902 582/649/902
f 577/638/903 575/637/904 567/628/903
f 567/628/903 571/632/905 577/638/903
f 560/633/906 572/634/906 573/648/906
f 573/648/906 559/651/906 560/633/906
f 577/652/907 571/653/908 570/654/909
f 570/654/909 576/655/910 577/652/907
f 578/656/911 576/655/910 570/654/909
f 570/654/909 563/657/911 578/656/911
f 368/658/912 366/659/913 367/660/914
f 368/658/912 367/660/914 369/661/915
f 364/436/915 368/658/912 369/661/915
f 364/436/915 365/662/916 368/658/912
f 364/436/915 369/661/915 584/663/915
f 584/663/915 363/437/915 364/436/915
f 584/663/915 369/661/915 370/664/915
f 360/665/915 363/437/915 584/663/915
f 370/664/915 585/666/917 584/663/915
f 585/666/917 370/664/915 371/667/917
f 371/667/917 372/668/917 585/666/917
f 374/669/915 585/666/917 372/668/917
f 372/668/917 373/670/918 374/669/915
f 585/666/917 374/669/915 375/671/915
f 375/671/915 584/663/915 585/666/917
f 584/663/915 375/671/915 360/665/915
f 360/665/915 375/671/915 362/672/912
f 375/671/915 361/673/919 362/672/912
f 19/674/920 360/665/915 362/672/912
f 18/675/921 19/674/920 362/672/912
f 383/467/903 381/676/905 378/677/903
f 378/677/903 376/678/903 383/467/903
f 387/471/903 383/467/903 376/678/903
f 384/468/903 383/467/903 387/471/903
f 387/471/903 389/473/903 384/468/903
f 379/679/886 377/461/886 380/460/887
f 380/460/887 382/464/887 379/679/886
f 379/679/886 382/464/887 386/470/886
f 388/472/886 386/470/886 382/464/887
f 382/464/887 385/680/886 388/472/886
f 32/34/922 562/681/923 581/682/924
f 581/682/924 31/32/925 32/34/922
f 579/683/926 580/684/927 566/685/928
f 566/685/928 567/686/929 579/683/926
f 575/687/930 579/683/926 567/686/929
f 556/616/931 581/682/932 562/681/933
f 558/617/934 556/616/931 562/681/933
f 562/681/935 568/688/936 558/617/934
f 411/504/937 406/495/938 405/494/939
f 405/494/939 586/689/940 411/504/937
f 409/498/941 411/504/937 586/689/940
f 586/689/940 408/499/942 409/498/941
f 587/690/943 586/689/940 405/494/939
f 408/499/942 586/689/940 587/690/943
f 587/690/943 410/502/944 408/499/942
f 401/691/945 410/502/944 587/690/943
f 405/494/939 407/496/946 587/690/943
f 587/690/943 396/692/947 401/691/945
f 396/692/947 587/690/943 407/496/946
f 407/496/946 398/693/948 396/692/947
f 588/42/949 590/44/949 589/41/949
f 589/41/949 591/43/949 588/42/949
f 591/43/950 593/46/950 592/45/950
f 592/45/950 588/42/950 591/43/950
f 594/50/951 596/52/952 595/51/953
f 595/51/953 597/47/954 594/50/951
f 590/48/955 594/50/951 597/47/954
f 597/47/954 589/49/956 590/48/955
f 424/694/957 393/695/958 395/511/959
f 395/511/959 413/509/960 424/694/957
f 425/696/961 424/694/957 413/509/960
f 413/509/962 414/508/963 425/696/961
f 598/57/964 600/58/964 599/53/965
f 599/53/965 601/56/966 598/57/964
f 596/54/967 601/56/966 599/53/965
f 599/53/965 595/55/968 596/54/967
f 592/67/969 593/68/969 602/65/969
f 602/65/969 603/66/969 592/67/969
f 601/56/970 596/54/971 594/76/972
f 594/76/972 604/75/973 601/56/970
f 604/75/973 594/76/972 590/44/974
f 590/44/974 588/42/975 604/75/973
f 601/56/970 604/75/973 605/62/976
f 605/62/976 598/77/977 601/56/970
f 606/64/978 605/62/976 604/75/973
f 604/75/973 588/42/975 606/64/978
f 603/66/979 606/64/978 588/42/975
f 588/42/975 592/45/979 603/66/979
f 46/27/980 44/28/981 607/358/982
f 607/358/982 608/357/983 46/27/980
f 609/360/984 610/361/985 44/28/986
f 45/26/987 609/360/984 44/28/986
f 611/359/988 609/360/984 45/26/987
f 612/362/989 610/361/990 609/360/989
f 609/360/989 613/363/991 612/362/989
f 614/364/992 615/365/993 611/359/992
f 611/359/992 45/26/994 614/364/992
f 609/366/995 611/359/996 615/365/997
f 615/365/997 613/367/998 609/366/995
f 616/368/999 618/371/999 617/370/999
f 617/370/999 619/369/999 616/368/999
f 620/608/1000 616/610/1001 619/387/1001
f 619/387/1001 621/386/1002 620/608/1000
f 620/608/1000 621/386/1002 44/383/1003
f 44/383/1003 610/609/1004 620/608/1000
f 618/371/1005 616/376/1006 620/374/1007
f 620/374/1007 622/375/1008 618/371/1005
f 612/372/1009 622/375/1008 620/374/1007
f 620/374/1007 610/373/1010 612/372/1009
f 623/385/1011 617/370/1012 618/371/1012
f 618/371/1012 622/375/1013 623/385/1011
f 623/385/1011 622/375/1013 612/372/1014
f 612/372/1014 607/384/1015 623/385/1011
f 619/387/1016 617/370/1016 623/385/1017
f 623/385/1017 621/386/1018 619/387/1016
f 44/383/1019 621/386/1018 623/385/1017
f 623/385/1017 607/384/1020 44/383/1019
f 624/388/1021 626/391/1021 625/390/1022
f 625/390/1022 627/389/1023 624/388/1021
f 628/611/1024 624/613/1025 627/400/1025
f 627/400/1025 629/399/1026 628/611/1024
f 628/611/1024 629/399/1026 45/396/1027
f 45/396/1027 46/612/1028 628/611/1024
f 626/391/1029 624/388/1029 628/394/1030
f 628/394/1030 630/395/1031 626/391/1029
f 608/392/1032 630/395/1031 628/394/1030
f 628/394/1030 46/393/1033 608/392/1032
f 631/398/1034 625/401/1035 626/391/1035
f 626/391/1035 630/395/1036 631/398/1034
f 631/398/1034 630/395/1036 608/392/1037
f 608/392/1037 614/397/1038 631/398/1034
f 627/400/1039 625/401/1039 631/398/1040
f 631/398/1040 629/399/1041 627/400/1039
f 45/396/1042 629/399/1041 631/398/1040
f 631/398/1040 614/397/1043 45/396/1042
f 632/402/1044 634/405/1045 633/404/1044
f 633/404/1044 635/403/1046 632/402/1044
f 636/406/1047 638/409/1048 637/408/1049
f 637/408/1049 639/407/1050 636/406/1047
f 636/406/1051 639/407/1052 632/411/1052
f 632/411/1052 635/410/1051 636/406/1051
f 633/404/1053 638/409/1053 636/413/1053
f 636/413/1053 635/412/1053 633/404/1053
f 637/408/1054 638/409/1054 633/404/1054
f 633/404/1054 634/405/1055 637/408/1054
f 632/414/1056 639/407/1057 637/408/1056
f 637/408/1056 634/415/1058 632/414/1056
f 640/476/1059 47/29/1060 48/478/1061
f 48/478/1061 641/477/1062 640/476/1059
f 640/483/1063 641/479/1064 642/480/1065
f 642/480/1065 643/484/1066 640/483/1063
f 644/487/1067 646/486/1068 645/485/1069
f 645/485/1069 647/488/1070 644/487/1067
f 647/488/1070 645/485/1069 648/490/1071
f 649/489/1072 644/487/1067 647/488/1070
f 648/490/1071 650/492/1073 647/488/1070
f 647/488/1070 651/491/1074 649/489/1072
f 647/488/1070 650/492/1073 652/493/1075
f 652/493/1075 651/491/1074 647/488/1070
f 648/501/1076 654/502/1077 653/499/1078
f 653/499/1078 650/500/1079 648/501/1076
f 652/497/1080 650/500/1079 653/499/1078
f 653/499/1078 655/498/1081 652/497/1080
f 645/692/1082 646/693/1083 656/496/1084
f 656/496/1084 657/690/1085 645/692/1082
f 648/691/1086 645/692/1082 657/690/1085
f 657/690/1085 654/502/1087 648/691/1086
f 653/499/1088 654/502/1087 657/690/1085
f 657/690/1085 656/496/1084 658/494/1089
f 657/690/1085 659/689/1090 653/499/1088
f 658/494/1089 659/689/1090 657/690/1085
f 655/498/1091 653/499/1088 659/689/1090
f 659/689/1090 660/504/1092 655/498/1091
f 660/504/1092 659/689/1090 658/494/1089
f 658/494/1089 661/495/1093 660/504/1092
f 662/518/1094 664/519/1095 663/523/1096
f 663/523/1096 665/522/1097 662/518/1098
f 666/520/1099 662/518/1098 665/522/1097
f 665/522/1097 642/521/1100 666/520/1099
f 667/696/1101 669/508/1102 668/509/1103
f 668/509/1103 670/694/1104 667/696/1101
f 670/694/1104 668/509/1103 643/511/1105
f 643/511/1105 642/695/1106 670/694/1104
f 671/697/1107 673/698/1107 672/699/1107
f 672/699/1107 674/700/1108 671/697/1107
f 674/700/1109 672/699/1110 675/701/1109
f 675/701/1109 676/702/1111 674/700/1109
f 676/703/1112 675/704/1113 677/705/1114
f 677/705/1114 678/706/1115 676/703/1112
f 678/706/1116 677/705/1117 673/698/1116
f 673/698/1116 671/697/1118 678/706/1116
f 676/707/1119 678/708/1120 671/697/1121
f 671/697/1121 674/700/1122 676/707/1119
f 679/709/1123 681/710/1124 680/711/1123
f 680/711/1123 682/712/1125 679/709/1123
f 683/713/1126 685/714/1127 684/715/1128
f 684/715/1128 686/716/1129 683/713/1126
f 684/715/1130 685/714/1131 680/717/1132
f 680/717/1132 681/718/1133 684/715/1130
f 680/719/1134 685/714/1134 683/713/1135
f 683/713/1135 682/720/1136 680/719/1134
f 687/721/1137 682/720/1136 683/713/1135
f 683/713/1135 688/722/1138 687/721/1137
f 689/723/1139 687/721/1137 688/722/1138
f 688/722/1138 690/724/1140 689/723/1139
f 691/725/1141 689/723/1139 690/724/1140
f 690/724/1140 692/726/1142 691/725/1141
f 693/233/1143 695/235/1144 694/234/1145
f 694/234/1145 696/232/1146 693/233/1143
f 693/233/1143 696/232/1146 697/230/1147
f 696/232/1146 698/231/1148 697/230/1147
f 697/230/1147 699/229/1149 693/233/1143
f 697/230/1147 698/231/1148 700/228/1150
f 699/229/1149 697/230/1147 701/227/1151
f 700/228/1150 701/227/1151 697/230/1147
f 701/227/1151 702/224/1152 699/229/1149
f 701/227/1151 700/228/1150 703/226/1153
f 702/224/1152 701/227/1151 703/226/1153
f 703/226/1153 704/225/1154 702/224/1152
f 557/615/1155 555/614/903 569/727/1156
f 569/727/1157 566/685/1158 557/615/1159
f 557/615/1159 566/685/1158 580/684/1160
f 705/728/1161 707/729/1162 706/730/1161
f 706/730/1161 708/731/1163 705/728/1161
f 706/730/1164 709/732/1165 708/733/1166
f 708/733/1166 709/732/1165 710/734/1167
f 710/734/1167 711/735/1168 708/733/1166
f 606/64/1169 603/66/1170 602/65/1170
f 602/65/1170 712/63/1171 606/64/1169
f 605/62/1172 606/64/1169 712/63/1171
f 712/63/1171 713/59/1173 605/62/1172
f 598/60/1174 605/62/1172 713/59/1173
f 713/59/1173 600/61/1175 598/60/1174
f 712/63/1176 602/65/1177 593/69/1177
f 593/69/1177 591/70/1178 712/63/1176
f 712/63/1176 591/70/1178 714/71/1179
f 714/71/1179 713/59/1180 712/63/1176
f 600/72/1181 713/59/1180 714/71/1179
f 714/71/1179 599/73/1182 600/72/1181
f 595/74/1183 599/73/1182 714/71/1179
f 714/71/1179 597/47/1184 595/74/1183
f 597/47/1184 714/71/1179 591/70/1178
f 591/70/1178 589/49/1185 597/47/1184
f 707/729/1186 716/736/1187 715/737/1188
f 715/737/1188 706/730/1189 707/729/1186
f 716/738/1190 718/739/1190 717/740/1190
f 717/740/1190 715/741/1190 716/738/1190
f 718/739/1191 705/728/1192 708/731/1193
f 708/731/1193 717/740/1194 718/739/1191
f 716/742/1195 707/729/1195 705/728/1195
f 705/728/1195 718/743/1195 716/742/1195
f 719/744/1196 721/745/1196 720/746/1197
f 721/745/1196 719/744/1196 722/747/1198
f 720/748/1199 721/745/1200 723/749/1199
f 723/749/1199 724/750/1201 720/748/1199
f 711/735/1202 710/751/1202 725/752/1203
f 725/752/1203 726/753/1203 711/735/1202
f 727/754/1204 728/755/1204 724/756/1204
f 724/756/1204 723/757/1204 727/754/1204
f 729/758/1205 715/737/1206 717/759/1207
f 727/760/1208 729/758/1205 717/759/1207
f 717/759/1207 728/761/1208 727/760/1208
f 719/762/1209 720/763/1210 724/756/1211
f 724/756/1211 726/753/1212 719/762/1209
f 726/753/1212 724/756/1211 728/755/1213
f 728/755/1213 711/735/1214 726/753/1212
f 708/733/1215 711/735/1214 728/755/1213
f 728/755/1213 717/764/1216 708/733/1215
f 614/364/1217 608/606/1218 615/365/1219
f 613/607/1220 615/365/1219 608/606/1218
f 608/606/1218 607/384/1221 613/607/1220
f 607/384/1221 612/372/1222 613/607/1220
f 719/765/1223 726/753/1224 725/752/1225
f 725/752/1225 722/766/1226 719/765/1223
f 730/767/1227 732/768/1228 731/769/1229
f 731/769/1229 733/770/1230 730/767/1227
f 734/771/1231 735/772/1232 732/773/1231
f 732/773/1231 730/774/1233 734/771/1231
f 731/769/1234 732/775/1235 735/776/1234
f 735/776/1234 736/777/1236 731/769/1234
f 733/770/1237 731/769/1238 736/777/1239
f 736/777/1239 737/778/1240 733/770/1237
f 730/779/1241 733/770/1242 737/778/1243
f 737/778/1243 734/780/1244 730/779/1241
f 734/771/1245 737/778/1246 736/777/1247
f 736/777/1247 735/772/1248 734/771/1245
f 324/781/1249 738/782/1249 160/172/1250
f 160/172/1250 323/783/1251 324/781/1249
f 164/176/1252 323/783/1251 160/172/1250
f 160/172/1250 163/177/1252 164/176/1252
f 163/177/1252 160/172/1250 158/171/1253
f 158/171/1253 167/180/1253 163/177/1252
f 159/187/1254 160/784/1254 738/785/1255
f 738/785/1255 171/184/1255 159/187/1254
f 739/728/1256 741/731/1257 740/730/1256
f 740/730/1256 742/729/1258 739/728/1256
f 741/733/1259 744/735/1260 743/734/1261
f 743/734/1261 745/732/1262 741/733/1259
f 740/730/1263 741/733/1259 745/732/1262
f 742/729/1264 740/730/1265 746/737/1266
f 746/737/1266 747/736/1267 742/729/1264
f 747/738/1268 746/741/1268 748/740/1268
f 748/740/1268 749/739/1268 747/738/1268
f 749/739/1269 748/740/1270 741/731/1269
f 741/731/1269 739/728/1271 749/739/1269
f 747/742/771 749/743/1272 739/728/1273
f 739/728/1273 742/729/771 747/742/771
f 750/745/1274 752/747/1275 751/744/1274
f 751/744/1274 753/746/1276 750/745/1274
f 753/748/1277 755/750/1278 754/749/1277
f 754/749/1277 750/745/1279 753/748/1277
f 744/735/1280 757/753/1281 756/752/1281
f 756/752/1281 743/751/1280 744/735/1280
f 758/754/1282 754/757/1282 755/756/1282
f 755/756/1282 759/755/1282 758/754/1282
f 758/760/1283 759/761/1283 748/759/1284
f 748/759/1284 760/758/1285 758/760/1283
f 760/758/1285 748/759/1284 746/737/1286
f 746/737/1287 740/730/1288 745/732/1289
f 745/732/1289 760/758/1290 746/737/1287
f 758/760/1291 760/758/1290 745/732/1289
f 745/732/1289 743/734/1292 758/760/1291
f 754/749/1293 758/760/1291 743/734/1292
f 743/734/1292 756/786/1294 754/749/1293
f 756/786/1294 752/747/1295 754/749/1293
f 750/745/1296 754/749/1293 752/747/1295
f 741/733/1297 748/764/1273 759/755/1298
f 759/755/1298 744/735/1299 741/733/1297
f 757/753/1300 744/735/1299 759/755/1298
f 759/755/1298 755/756/1301 757/753/1300
f 755/756/1301 751/762/1302 757/753/1300
f 751/762/1302 755/756/1301 753/763/1303
f 751/765/1304 752/766/1305 756/752/1304
f 756/752/1304 757/753/1306 751/765/1304
f 761/767/1307 763/770/1308 762/769/1309
f 762/769/1309 764/768/1310 761/767/1307
f 765/771/1311 761/774/1312 764/773/1311
f 764/773/1311 766/772/1313 765/771/1311
f 762/769/1314 767/777/1315 766/776/1314
f 766/776/1314 764/775/1316 762/769/1314
f 763/770/1317 768/778/1318 767/777/1319
f 767/777/1319 762/769/1320 763/770/1317
f 761/779/1321 765/780/1322 768/778/1323
f 768/778/1323 763/770/1324 761/779/1321
f 765/771/1325 766/772/1326 767/777/1327
f 767/777/1327 768/778/1328 765/771/1325
f 769/785/1329 771/784/1329 770/187/1329
f 770/187/1330 772/184/1330 769/785/1330
f 773/171/1331 774/174/1332 770/173/1331
f 770/173/1331 771/172/1331 773/171/1331
f 775/179/1333 777/180/1333 776/177/1334
f 776/177/1334 778/178/1334 775/179/1333
f 779/175/1335 778/178/1334 776/177/1334
f 776/177/1334 780/176/1336 779/175/1335
f 641/479/1337 48/35/1338 50/36/1339
f 50/36/1339 781/482/1340 641/479/1337
f 641/479/1337 781/482/1340 666/481/1341
f 666/481/1341 642/480/1342 641/479/1337
f 782/183/1343 775/179/1344 778/178/1344
f 778/178/1344 783/182/1344 782/183/1343
f 784/181/1344 783/182/1344 778/178/1344
f 778/178/1344 779/175/1345 784/181/1344
f 658/494/1346 656/496/1347 646/486/1348
f 646/486/1348 644/487/1349 658/494/1346
f 658/494/1346 644/487/1349 649/489/1350
f 649/489/1350 661/495/1351 658/494/1346
f 774/188/1352 782/183/1352 783/182/1352
f 783/182/1352 770/187/1353 774/188/1352
f 770/187/1353 783/182/1352 784/181/1352
f 784/181/1352 785/186/1354 770/187/1353
f 772/184/1355 770/187/1353 785/186/1354
f 785/186/1354 786/185/1355 772/184/1355
f 651/505/1356 652/506/1357 655/498/1358
f 655/498/1358 660/504/1359 651/505/1356
f 649/503/1360 651/505/1356 660/504/1359
f 660/504/1359 661/495/1361 649/503/1360
f 662/518/1362 666/520/1363 787/516/1364
f 662/518/1362 787/516/1364 788/517/1365
f 788/517/1365 664/519/1366 662/518/1362
f 788/517/1365 787/516/1364 789/510/1367
f 789/510/1367 790/507/1368 788/517/1365
f 789/510/1367 787/516/1364 666/481/1369
f 666/481/1369 791/512/1370 789/510/1367
f 792/513/1371 791/512/1370 666/481/1369
f 666/481/1369 781/482/1372 792/513/1371
f 49/514/1373 792/513/1371 781/482/1372
f 781/482/1372 50/515/1374 49/514/1373
f 792/513/1375 49/31/1376 47/29/1377
f 47/29/1377 640/476/1378 792/513/1375
f 792/513/1375 640/476/1378 643/511/1379
f 643/511/1379 791/512/1380 792/513/1375
f 789/510/1381 791/512/1380 643/511/1379
f 643/511/1379 668/509/1382 789/510/1381
f 790/507/1383 789/510/1381 668/509/1382
f 668/509/1384 669/508/1385 790/507/1383
f 642/521/1386 665/522/1387 670/524/1388
f 670/524/1388 665/522/1387 663/523/1389
f 663/523/1389 667/525/1390 670/524/1388
f 582/787/1391 564/625/1391 565/626/1391
f 582/787/1391 583/788/1391 564/625/1391
f 565/626/1392 561/621/1392 574/636/1392
f 574/636/1392 582/787/1393 565/626/1392
f 583/788/1394 578/789/1395 563/624/1394
f 563/624/1394 564/625/1396 583/788/1394
f 776/177/1397 777/180/1397 773/171/1397
f 773/171/1397 771/172/1398 776/177/1397
f 780/176/1399 776/177/1397 771/172/1398
f 771/172/1398 793/783/1400 780/176/1399
f 794/781/1401 793/783/1400 771/172/1398
f 771/172/1402 769/782/1403 794/781/1403
f 793/379/1404 794/378/1404 786/377/1404
f 786/377/1405 785/380/1406 793/379/1406
f 785/380/1406 795/381/1407 793/379/1406
f 784/181/1404 795/381/1407 785/380/1406
f 793/379/1406 795/381/1407 780/382/1404
f 779/175/1404 795/381/1407 784/181/1404
f 780/382/1404 795/381/1407 779/175/1404
f 552/790/1408 550/159/1409 545/169/1410
f 545/169/1410 542/791/1411 552/790/1408
f 552/790/1408 542/791/1411 543/792/1412
f 543/792/1412 553/793/1413 552/790/1408
f 553/793/1413 543/792/1412 537/794/1414
f 537/794/1414 541/795/1415 553/793/1413
f 721/745/1416 722/747/1417 723/749/1418
f 725/786/1419 723/749/1418 722/747/1417
f 723/749/1418 725/786/1419 710/734/1420
f 710/734/1420 727/760/1421 723/749/1418
f 727/760/1421 710/734/1420 709/732/1422
f 709/732/1422 729/758/1423 727/760/1421
f 715/737/1424 729/758/1423 709/732/1422
f 709/732/1422 706/730/1425 715/737/1424
f 150/793/1426 148/795/1427 143/794/1428
f 143/794/1428 227/792/1429 150/793/1426
f 149/790/1430 150/793/1426 227/792/1429
f 227/792/1429 226/791/1431 149/790/1430
f 149/790/1430 226/791/1431 156/169/1432
f 156/169/1432 151/159/1433 149/790/1430
f 796/796/1434 679/709/1435 682/712/1435
f 682/712/1435 687/797/1436 796/796/1434
f 797/798/1437 796/796/1434 687/797/1436
f 687/797/1436 689/799/1438 797/798/1437
f 798/800/1439 797/798/1437 689/799/1438
f 689/799/1438 691/801/1440 798/800/1439
f 688/722/1441 683/713/1442 686/716/1443
f 686/716/1443 799/802/1444 688/722/1441
f 690/724/1445 688/722/1441 799/802/1444
f 799/802/1444 800/803/1446 690/724/1445
f 692/726/1447 690/724/1445 800/803/1446
f 800/803/1446 801/804/1448 692/726/1447
f 686/716/1449 684/715/1450 681/710/1451
f 681/710/1451 679/709/1452 686/716/1449
f 799/802/1453 686/716/1449 679/709/1452
f 679/709/1452 796/796/1454 799/802/1453
f 800/803/1455 799/802/1453 796/796/1454
f 796/796/1454 797/798/1456 800/803/1455
f 801/804/1457 800/803/1455 797/798/1456
f 797/798/1456 798/800/1458 801/804/1457
f 798/800/1459 691/801/1460 692/726/1461
f 692/726/1461 801/804/1459 798/800/1459
f 677/705/1462 675/704/1463 672/699/1462
f 672/699/1462 673/698/1464 677/705/1462
f 53/805/1465 802/806/1466 52/807/1467
f 52/807/1467 802/806/1466 803/808/1468
f 804/809/1469 52/807/1467 803/808/1468
f 804/809/1469 182/810/1470 52/807/1467
f 805/811/1471 804/809/1469 803/808/1468
f 802/806/1466 805/811/1471 803/808/1468
f 802/806/1466 806/812/1472 805/811/1471
f 802/806/1466 807/813/1473 806/812/1472
f 426/526/1474 805/811/1471 806/812/1472
f 807/813/1473 179/195/1475 806/812/1472
f 806/812/1472 177/194/1476 426/526/1474
f 177/194/1476 806/812/1472 179/195/1475
f 808/153/1477 810/154/1478 809/154/1479
f 810/154/1478 808/153/1477 811/153/1480
f 174/189/203 812/191/1481 176/190/204
f 812/191/1481 174/189/203 55/192/1482
f 174/189/203 54/193/1483 55/192/1482
f 813/194/1484 815/196/1484 814/195/1485
f 815/196/1484 813/194/1484 816/197/1486
f 817/198/1487 182/199/213 65/40/1488
f 182/199/213 817/198/1487 183/200/214
f 818/201/1489 183/200/214 817/198/1487
f 183/200/214 818/201/1489 185/202/216
f 819/203/1490 185/202/216 818/201/1489
f 185/202/216 819/203/1490 187/204/218
f 819/203/1490 174/189/219 187/204/218
f 174/189/219 819/203/1490 54/193/1491
f 820/205/1492 822/207/1493 821/206/1494
f 822/207/1493 820/205/1492 823/208/1495
f 192/209/224 822/207/1496 823/208/1497
f 822/207/1496 192/209/224 193/210/227
f 824/211/1498 59/21/1499 60/22/1500
f 60/22/1500 825/212/1501 824/211/1498
f 825/212/1501 60/22/1500 826/213/1502
f 827/214/1503 825/212/1501 826/213/1502
f 828/215/1504 824/211/1498 825/212/1501
f 825/212/1501 827/214/1503 828/215/1504
f 824/211/1498 828/215/1504 829/216/1505
f 830/217/1506 828/215/1504 827/214/1503
f 829/216/1505 828/215/1504 831/218/1507
f 828/215/1504 830/217/1506 831/218/1508
f 60/22/1509 58/20/1510 826/213/1511
f 832/219/1512 826/213/1511 58/20/1510
f 826/213/1511 832/219/1512 827/214/1513
f 832/219/1512 830/217/1514 827/214/1513
f 830/217/1515 832/219/1512 810/220/1516
f 833/221/1517 812/223/1518 834/222/1519
f 55/2/1520 834/222/1519 812/223/1518
f 834/222/1519 55/2/1520 57/13/1521
f 835/238/1522 836/239/1523 833/221/1524
f 835/238/1522 219/240/272 836/239/1523
f 220/241/273 836/239/1523 219/240/272
f 219/240/272 835/238/1522 837/242/1525
f 219/240/272 837/242/1525 838/243/1525
f 62/244/1526 834/222/1527 57/13/1528
f 834/222/1527 62/244/1526 839/245/1529
f 839/245/1529 833/221/1530 834/222/1527
f 833/221/1530 839/245/1529 840/246/1531
f 840/246/1531 835/238/1532 833/221/1530
f 841/257/1533 839/259/1534 62/258/1535
f 839/259/1534 841/257/1533 842/260/1536
f 841/257/1533 843/261/1537 842/260/1536
f 844/262/1538 839/259/1534 842/260/1536
f 839/259/1534 844/262/1538 840/263/1539
f 844/262/1538 845/264/1540 840/263/1539
f 842/260/1536 843/261/1537 846/265/1541
f 846/265/1541 844/262/1538 842/260/1536
f 845/264/1540 844/262/1538 847/266/1542
f 845/264/1540 847/266/1542 848/267/1543
f 844/262/1538 846/265/1541 849/268/1544
f 849/268/1544 847/266/1542 844/262/1538
f 850/269/1545 846/265/1541 843/261/1537
f 849/268/1544 846/265/1541 850/269/1545
f 847/266/1542 849/268/1544 851/270/1546
f 849/268/1544 850/269/1545 851/270/1546
f 850/269/1545 843/261/1537 852/271/1547
f 819/203/1548 852/271/1547 843/261/1537
f 852/271/1547 819/203/1548 818/201/1549
f 818/201/1549 853/272/1550 852/271/1547
f 854/273/1551 850/269/1545 852/271/1547
f 851/270/1546 850/269/1545 854/273/1551
f 818/201/1549 817/198/1552 853/272/1550
f 817/198/1552 855/274/1553 853/272/1550
f 817/198/1552 856/275/1554 855/274/1553
f 856/275/1554 817/198/1552 63/276/34
f 63/276/34 817/198/1552 65/40/35
f 851/270/1546 857/277/1555 847/266/1542
f 851/270/1546 858/278/1556 857/277/1555
f 859/279/1557 847/266/1542 857/277/1555
f 858/278/1556 851/270/1546 860/280/1558
f 854/273/1551 860/280/1558 851/270/1546
f 854/273/1551 861/281/1559 860/280/1558
f 861/281/1559 854/273/1551 862/282/1560
f 859/279/1557 848/267/1543 847/266/1542
f 848/267/1543 859/279/1557 863/283/1561
f 864/284/1562 848/267/1543 863/283/1561
f 864/284/1562 863/283/1561 865/285/1563
f 866/286/1564 864/284/1562 865/285/1563
f 866/286/1564 867/287/1565 864/284/1562
f 867/287/1565 866/286/1564 868/288/1566
f 868/288/1566 866/286/1564 869/289/1564
f 869/289/1564 870/290/1567 868/288/1566
f 868/288/1566 870/290/1567 871/291/1568
f 871/291/1568 867/287/1565 868/288/1566
f 870/290/1567 872/292/1569 871/291/1568
f 871/291/1568 873/293/1570 867/287/1565
f 872/292/1569 873/293/1570 871/291/1568
f 867/287/1565 873/293/1570 874/294/1571
f 872/292/1569 875/295/1572 873/293/1570
f 876/296/1573 875/295/1572 872/292/1569
f 877/297/1574 875/295/1572 876/296/1573
f 873/293/1570 878/298/1575 874/294/1571
f 878/298/1575 873/293/1570 875/295/1572
f 879/299/1576 875/295/1572 877/297/1574
f 879/299/1576 878/298/1575 875/295/1572
f 879/299/1576 877/297/1574 880/300/1577
f 881/301/1578 879/299/1576 880/300/1577
f 882/302/1579 878/298/1575 879/299/1576
f 881/301/1578 883/303/1580 879/299/1576
f 882/302/1579 879/299/1576 884/304/1581
f 884/304/1581 885/305/1582 882/302/1579
f 879/299/1576 886/306/1583 884/304/1581
f 886/306/1583 879/299/1576 887/307/1583
f 879/299/1576 888/308/1584 887/307/1583
f 889/309/1585 879/299/1576 883/303/1580
f 888/308/1584 879/299/1576 889/309/1585
f 888/308/1584 889/309/1585 890/310/1586
f 891/311/1580 889/309/1585 883/303/1580
f 889/309/1585 891/311/1580 892/312/1587
f 893/313/1588 874/294/1571 878/314/1589
f 874/294/1571 893/313/1588 894/315/1590
f 820/205/1591 894/315/1590 893/313/1588
f 894/315/1590 820/205/1591 821/316/1592
f 895/317/1593 897/319/1594 896/318/1595
f 896/318/1595 898/320/1596 895/317/1593
f 898/320/1596 896/318/1595 899/321/1597
f 900/322/1598 898/320/1596 899/321/1597
f 900/322/1598 901/323/1599 898/320/1596
f 902/324/1600 898/320/1596 901/323/1599
f 902/324/1600 901/323/1599 903/325/1601
f 902/324/1600 903/325/1601 904/326/1602
f 905/327/1603 902/324/1600 904/326/1602
f 835/328/1604 902/324/1600 905/327/1603
f 905/327/1603 906/329/1605 835/328/1604
f 906/329/1605 837/330/1604 835/328/1604
f 831/331/1606 295/333/373 829/332/1607
f 296/334/374 829/332/1607 295/333/373
f 829/332/1607 296/334/374 824/335/1608
f 192/209/376 824/335/1608 296/334/374
f 192/209/376 59/336/1609 824/335/1608
f 823/208/1610 59/336/1609 192/209/376
f 59/336/1609 823/208/1610 907/337/1611
f 907/337/1611 823/208/1610 820/205/1612
f 820/205/1612 893/313/1613 907/337/1611
f 878/314/1614 907/337/1611 893/313/1613
f 907/337/1611 878/314/1614 882/338/1615
f 907/337/1611 58/339/1616 59/336/1609
f 907/337/1611 882/338/1615 885/340/1617
f 58/339/1616 907/337/1611 885/340/1617
f 58/339/1616 885/340/1617 832/341/1618
f 822/207/1619 298/345/396 821/206/1620
f 298/345/396 822/207/1619 193/210/397
f 838/346/1621 299/348/400 219/347/399
f 299/348/400 838/346/1621 908/349/1622
f 909/350/1623 299/348/400 908/349/1622
f 299/348/400 909/350/1623 302/351/403
f 303/352/404 302/351/403 909/350/1623
f 910/353/1624 303/352/404 909/350/1623
f 303/352/404 910/353/1624 305/354/406
f 910/353/1624 911/355/1625 305/354/406
f 911/355/1625 307/356/408 305/354/406
f 426/526/603 427/527/605 813/194/1626
f 912/528/1627 813/194/1626 427/527/605
f 816/197/1628 813/194/1626 912/528/1627
f 176/529/608 836/239/1629 220/241/609
f 176/529/608 833/221/1630 836/239/1629
f 833/221/1630 176/529/608 812/223/1631
f 845/264/1632 835/328/1633 840/263/1634
f 835/328/1633 845/264/1632 902/324/1635
f 848/267/1636 902/324/1635 845/264/1632
f 902/324/1635 848/267/1636 898/320/1637
f 848/267/1636 895/317/1638 898/320/1637
f 895/317/1638 848/267/1636 864/284/1639
f 897/319/1640 895/317/1638 864/284/1639
f 864/284/1639 867/287/1641 897/319/1640
f 843/530/1642 841/532/1643 913/531/1644
f 841/532/1643 61/23/1645 913/531/1644
f 61/23/1645 841/532/1643 62/25/1646
f 64/805/1647 65/807/1648 914/806/1649
f 65/807/1648 915/808/1650 914/806/1649
f 804/809/1469 915/808/1650 65/807/1648
f 804/809/1469 65/807/1648 182/810/1470
f 805/811/1471 915/808/1650 804/809/1469
f 914/806/1649 915/808/1650 805/811/1471
f 914/806/1649 805/811/1471 916/812/1651
f 914/806/1649 916/812/1651 917/813/1652
f 426/526/1474 916/812/1651 805/811/1471
f 917/813/1652 916/812/1651 814/195/1653
f 916/812/1651 426/526/1474 813/194/1654
f 813/194/1654 814/195/1653 916/812/1651
f 782/183/1655 918/814/1655 775/179/1656
f 774/815/1657 918/814/1655 782/183/1655
f 775/179/1656 918/814/1655 777/816/1658
f 774/815/1657 773/817/1329 918/814/1655
f 777/816/1658 918/814/1655 773/817/1329
f 170/183/1659 166/179/1660 919/814/1659
f 161/815/1661 170/183/1659 919/814/1659
f 166/179/1660 167/816/1662 919/814/1659
f 161/815/1661 919/814/1659 158/817/1254
f 167/816/1662 158/817/1254 919/814/1659
f 920/818/1663 145/154/1663 146/154/1663
f 144/153/1664 921/818/1664 146/154/1664
f 2/3/3 922/819/1665 1/1/1
f 923/820/1666 925/821/1666 924/822/1666
f 13/24/1667 926/823/1667 2/824/1667
f 920/818/1668 147/153/1668 145/154/1668
f 927/825/1669 929/826/1669 928/827/1669
f 930/828/1670 240/271/1670 242/273/1670
f 931/829/1671 933/830/1671 932/830/1671
f 144/831/1672 935/832/1672 934/832/1672
f 935/832/1673 937/833/1673 936/833/1673
f 938/834/1674 940/835/1674 939/835/1674
f 939/835/1675 941/834/1675 938/834/1675
f 147/831/1676 939/835/1676 940/835/1676
f 941/834/1677 932/830/1678 933/830/1678
f 933/830/1679 938/834/1679 941/834/1679
f 940/835/1680 144/831/1681 147/831/1682
f 934/832/1683 147/831/164 144/831/1684
f 936/833/1685 934/832/1686 935/832/1685
f 942/836/1687 936/833/1688 937/833/1689
f 932/830/1690 943/829/1691 931/829/1691
f 944/830/1692 931/829/1691 943/829/1691
f 945/834/1693 946/830/1693 944/830/1693
f 946/830/1694 945/834/1694 947/834/1694
f 948/835/1695 947/834/1696 945/834/1696
f 947/834/1697 948/835/1697 949/835/1697
f 811/831/1698 949/835/1698 948/835/1698
f 949/835/1699 811/831/1700 808/831/1701
f 950/832/1702 808/831/1703 811/831/1704
f 951/833/1705 952/832/1705 950/832/1706
f 953/836/1707 954/833/1708 951/833/1709
f 937/833/1710 955/836/1710 942/836/1710
f 295/837/1711 942/836/1712 955/836/1712
f 802/806/1466 53/805/1465 807/813/1473
f 956/818/1713 809/154/1713 810/154/1713
f 808/153/1714 809/154/1714 957/818/1714
f 56/3/29 54/1/28 958/819/1715
f 959/820/1716 961/822/1716 960/821/1716
f 57/24/1717 56/824/1717 962/823/1717
f 956/818/1718 810/154/1718 811/153/1718
f 963/825/1719 965/827/1719 964/826/1719
f 966/828/1720 854/273/1720 852/271/1720
f 931/829/1721 944/830/1721 946/830/1721
f 808/831/1722 950/832/1722 952/832/1722
f 952/832/1723 951/833/1723 954/833/1723
f 954/833/1724 953/836/1724 967/836/1724
f 295/837/1725 967/836/1726 953/836/1726
f 914/806/1649 917/813/1652 64/805/1647
f 968/838/1727 970/839/1728 969/839/1727
f 969/839/1727 971/838/1729 968/838/1727
f 972/840/1730 968/838/1731 971/838/1732
f 971/838/1732 973/840/1733 972/840/1730
f 974/841/1734 972/840/1730 973/840/1733
f 973/840/1733 975/841/1735 974/841/1734
f 921/818/1736 974/841/1734 975/841/1735
f 975/841/1735 920/818/1737 921/818/1736
f 146/154/1738 921/818/1736 920/818/1737
f 976/842/1739 977/843/1740 936/843/1688
f 936/843/1688 942/842/1741 976/842/1739
f 978/844/1742 942/842/1743 936/843/1744
f 978/844/1742 936/843/1744 934/845/1745
f 934/845/1746 936/843/1747 977/843/1748
f 977/843/1748 979/845/1749 934/845/1746
f 147/153/164 934/845/1746 979/845/1749
f 979/845/1749 144/153/1750 147/153/164
f 147/153/1751 920/818/1752 934/845/1745
f 978/844/1742 934/845/1745 920/818/1752
f 980/846/1753 978/844/1742 920/818/1752
f 980/846/1753 920/818/1752 975/841/1754
f 980/846/1753 975/841/1754 973/840/1755
f 973/840/1755 981/847/1756 980/846/1753
f 981/847/1756 973/840/1755 971/838/1757
f 971/838/1757 969/839/1758 981/847/1756
f 147/153/1759 934/845/1760 939/848/1761
f 939/848/1762 145/154/1763 147/153/1764
f 941/849/1765 939/848/1761 934/845/1760
f 934/845/1760 936/843/1744 941/849/1765
f 982/850/1766 145/154/1763 939/848/1762
f 982/850/1766 939/848/1762 941/849/1767
f 202/341/1768 145/154/1763 982/850/1766
f 982/850/1766 983/851/1769 202/341/1768
f 273/305/346 202/341/1768 983/851/1769
f 941/849/1767 984/852/1770 982/850/1766
f 983/851/1769 982/850/1766 928/853/1771
f 984/852/1770 941/849/1767 932/854/1772
f 932/854/1772 985/855/1773 984/852/1770
f 936/843/1744 986/856/1774 941/849/1765
f 986/856/1774 932/854/1772 941/849/1765
f 295/857/1775 986/856/1774 936/843/1744
f 932/854/1772 986/856/1774 295/857/1775
f 936/843/1744 942/842/1743 295/857/1775
f 295/857/1775 943/858/1776 932/854/1772
f 932/854/1772 943/858/1777 427/859/1778
f 427/859/1778 985/855/1773 932/854/1772
f 985/855/1773 427/859/1778 428/860/1779
f 428/860/1779 987/861/1780 985/855/1773
f 987/861/1780 428/860/1779 180/862/1781
f 180/862/1781 988/863/1782 987/861/1780
f 180/862/1781 989/864/1783 988/863/1782
f 989/864/1783 180/862/1781 928/853/1771
f 178/865/1784 928/853/1771 180/862/1781
f 280/312/351 928/853/1771 178/865/1784
f 280/312/351 277/309/349 928/853/1771
f 928/853/1771 277/309/349 278/310/350
f 178/865/1784 279/311/344 280/312/351
f 928/853/1771 278/310/350 983/851/1769
f 276/308/348 983/851/1769 278/310/350
f 983/851/1769 276/308/348 275/307/347
f 275/307/347 273/305/346 983/851/1769
f 275/307/347 274/306/347 273/305/346
f 272/304/345 273/305/346 274/306/347
f 178/865/1784 271/303/344 279/311/344
f 178/865/1784 269/301/342 271/303/344
f 990/866/1785 269/301/342 178/865/1784
f 990/866/1785 268/300/341 269/301/342
f 265/297/338 268/300/341 990/866/1785
f 990/866/1785 178/865/1784 179/867/1786
f 990/866/1785 264/296/337 265/297/338
f 179/867/1786 930/828/1787 990/866/1785
f 807/868/1788 930/828/1787 179/867/1786
f 807/868/1788 51/38/25 930/828/1787
f 807/868/1788 53/39/26 51/38/25
f 990/866/1785 991/869/1789 264/296/337
f 260/292/333 264/296/337 991/869/1789
f 260/292/333 991/869/1789 258/290/331
f 991/869/1789 992/870/1790 258/290/331
f 257/289/330 258/290/331 992/870/1790
f 992/870/1790 254/286/327 257/289/330
f 992/870/1790 253/285/326 254/286/327
f 251/283/324 253/285/326 992/870/1790
f 245/277/318 251/283/324 992/870/1790
f 245/277/318 247/279/320 251/283/324
f 246/278/319 245/277/318 992/870/1790
f 992/870/1790 248/280/321 246/278/319
f 992/870/1790 249/281/322 248/280/321
f 993/844/1791 976/842/1792 942/842/1793
f 942/842/1793 978/844/1742 993/844/1791
f 994/846/1794 993/844/1791 978/844/1742
f 978/844/1742 980/846/1795 994/846/1794
f 995/847/1796 994/846/1794 980/846/1795
f 980/846/1795 981/847/1797 995/847/1796
f 970/839/1798 995/847/1796 981/847/1797
f 981/847/1797 969/839/1799 970/839/1798
f 970/839/1800 968/838/1801 995/847/1802
f 972/840/1803 995/847/1802 968/838/1801
f 995/847/1802 972/840/1803 994/846/1804
f 974/841/1805 994/846/1804 972/840/1803
f 974/841/1805 921/818/1806 994/846/1804
f 993/844/1807 994/846/1804 921/818/1806
f 921/818/1806 979/845/1808 993/844/1807
f 921/818/1806 144/153/1809 979/845/1808
f 977/843/1810 993/844/1807 979/845/1808
f 976/842/1811 993/844/1807 977/843/1810
f 996/871/1812 998/872/1813 997/873/1814
f 997/873/1814 999/874/1815 996/871/1812
f 1000/875/1816 1002/876/1816 1001/877/1817
f 1001/877/1817 1003/878/1817 1000/875/1816
f 927/825/1818 1005/879/1819 1004/880/1818
f 1004/880/1818 929/826/1820 927/825/1818
f 1004/880/1821 1005/879/1822 985/881/1823
f 985/881/1823 987/882/1824 1004/880/1821
f 987/882/1824 988/883/1825 1004/880/1821
f 929/826/1826 1004/880/1821 988/883/1825
f 988/883/1825 989/884/1827 929/826/1826
f 989/884/1827 928/827/1828 929/826/1826
f 984/885/1829 985/881/1830 1005/879/1831
f 982/886/1832 984/885/1829 1005/879/1831
f 1005/879/1831 927/887/1833 982/886/1832
f 928/888/1834 982/886/1832 927/887/1833
f 250/282/1835 990/866/1836 930/828/1837
f 930/828/1837 242/273/1838 250/282/1835
f 1006/889/1839 298/890/1840 190/316/356
f 1006/889/1839 190/316/356 282/315/354
f 282/315/354 1007/891/1841 1006/889/1839
f 1008/892/1842 1006/889/1839 1007/891/1841
f 1009/893/1843 1007/891/1841 282/315/354
f 282/315/354 262/294/335 1009/893/1843
f 1007/891/1841 1010/894/1844 1008/892/1842
f 1007/891/1841 1009/893/1843 1010/894/1844
f 1011/895/1845 1008/892/1842 1010/894/1844
f 1012/896/1846 1009/893/1843 262/294/335
f 1010/894/1844 1009/893/1843 1012/896/1846
f 262/294/335 255/287/328 1012/896/1846
f 1012/896/1846 255/287/328 284/319/359
f 1010/894/1844 1013/897/1847 1011/895/1845
f 1012/896/1846 1013/897/1847 1010/894/1844
f 284/319/359 1014/898/1848 1012/896/1846
f 1013/897/1847 1012/896/1846 1014/898/1848
f 1014/898/1848 284/319/359 285/318/358
f 1011/895/1845 1013/897/1847 1015/899/1849
f 1014/898/1848 1015/899/1849 1013/897/1847
f 1011/895/1845 1015/899/1849 1016/900/1850
f 285/318/358 1017/901/1851 1014/898/1848
f 1014/898/1848 1017/901/1851 1015/899/1849
f 1016/900/1850 1015/899/1849 1017/901/1851
f 1017/901/1851 285/318/358 287/321/361
f 1017/901/1851 1018/902/1852 1016/900/1850
f 1018/902/1852 1017/901/1851 287/321/361
f 287/321/361 1019/903/1853 1018/902/1852
f 1020/904/1854 1018/902/1852 1019/903/1853
f 1021/905/1855 1020/904/1854 1019/903/1853
f 1021/905/1855 1022/906/1856 1020/904/1854
f 1019/903/1853 1023/907/1857 1021/905/1855
f 1024/908/1858 1023/907/1857 1019/903/1853
f 1024/908/1858 1019/903/1853 1025/909/1859
f 1025/909/1859 1019/903/1853 287/321/361
f 287/321/361 1026/910/1860 1025/909/1859
f 287/321/361 288/322/362 1026/910/1860
f 1027/911/1861 1029/912/1862 1028/913/1863
f 306/355/1864 1029/912/1862 1027/911/1861
f 1029/912/1862 306/355/1864 307/356/1865
f 1027/911/1861 304/353/1866 306/355/1864
f 304/353/1866 1027/911/1861 1030/914/1867
f 1031/915/1868 1030/914/1867 1027/911/1861
f 1030/914/1867 301/350/1869 304/353/1866
f 301/350/1869 1030/914/1867 1032/916/1870
f 1032/916/1870 1030/914/1867 1031/915/1868
f 1032/916/1870 300/349/1871 301/350/1869
f 300/349/1871 1032/916/1870 1033/917/1872
f 1033/917/1872 222/346/1873 300/349/1871
f 1033/917/1872 293/327/367 222/346/1873
f 1033/917/1872 292/326/366 293/327/367
f 293/327/367 221/330/370 222/346/1873
f 293/327/367 294/329/369 221/330/370
f 289/323/363 292/326/366 1033/917/1872
f 289/323/363 291/325/365 292/326/366
f 1033/917/1872 1034/918/1874 289/323/363
f 1035/919/1875 1034/918/1874 1033/917/1872
f 1033/917/1872 1036/920/1876 1035/919/1875
f 1037/921/1877 1036/920/1876 1033/917/1872
f 1037/921/1877 1033/917/1872 1038/922/1878
f 1032/916/1870 1038/922/1878 1033/917/1872
f 1039/923/1879 1038/922/1878 1032/916/1870
f 1032/916/1870 1040/924/1880 1039/923/1879
f 1032/916/1870 1041/925/1881 1040/924/1880
f 1042/926/1882 1040/924/1880 1041/925/1881
f 1041/925/1881 1043/927/1883 1042/926/1882
f 1044/928/1884 1043/927/1883 1041/925/1881
f 1031/915/1868 1041/925/1881 1032/916/1870
f 1044/928/1884 1041/925/1881 1045/929/1885
f 1031/915/1868 1045/929/1885 1041/925/1881
f 1045/929/1885 1046/930/1886 1044/928/1884
f 1045/929/1885 1047/931/1887 1046/930/1886
f 1048/932/1888 1047/931/1887 1045/929/1885
f 1048/932/1888 1049/933/1889 1047/931/1887
f 1050/934/1890 1031/915/1868 1051/935/1891
f 1052/936/1892 1051/935/1891 1031/915/1868
f 1031/915/1868 1053/937/1893 1052/936/1892
f 1027/911/1861 1053/937/1893 1031/915/1868
f 1052/936/1892 1053/937/1893 1027/911/1861
f 1051/935/1891 1052/936/1892 1054/938/1894
f 1054/938/1894 1055/939/1895 1051/935/1891
f 1056/940/1896 1055/939/1895 1054/938/1894
f 1054/938/1894 1057/941/1897 1056/940/1896
f 1058/942/1898 1052/936/1892 1027/911/1861
f 1052/936/1892 1058/942/1898 1054/938/1894
f 1057/941/1897 1054/938/1894 1058/942/1898
f 1027/911/1861 1028/943/1899 1058/942/1898
f 1058/942/1898 1059/944/1900 1057/941/1897
f 1058/942/1898 1028/943/1899 1060/945/1901
f 1060/945/1901 1059/944/1900 1058/942/1898
f 23/23/1902 429/531/1903 231/530/1904
f 231/530/1904 1061/946/1905 23/23/1902
f 1061/946/1905 231/530/1904 186/947/1906
f 186/947/1906 924/948/1907 1061/946/1905
f 186/947/1906 923/949/1908 924/948/1907
f 1062/950/1909 23/23/1902 1061/946/1905
f 23/23/1902 1062/950/1909 926/823/1910
f 926/823/1910 13/24/1911 23/23/1902
f 1061/946/1905 1063/951/1912 1062/950/1909
f 924/948/1907 1063/951/1912 1061/946/1905
f 924/948/1907 1000/875/1913 1063/951/1912
f 1002/952/1914 1000/875/1913 924/948/1907
f 1050/953/1915 1045/954/1916 1031/955/1917
f 1064/956/1918 1045/954/1916 1050/953/1915
f 1064/956/1918 1065/957/1919 1045/954/1916
f 1066/958/1920 1065/957/1919 1064/956/1918
f 1064/956/1918 1067/959/1921 1066/958/1920
f 1045/954/1916 1065/957/1919 1068/960/1922
f 1068/960/1922 1065/957/1919 1066/958/1920
f 1068/960/1922 1048/961/1923 1045/954/1916
f 1066/958/1920 1069/962/1924 1068/960/1922
f 1069/962/1924 1066/958/1920 1055/939/1925
f 1055/939/1925 1056/940/1926 1069/962/1924
f 1051/935/1927 1055/939/1925 1066/958/1920
f 1066/958/1920 1067/963/1928 1051/935/1927
f 1050/934/1929 1051/935/1927 1067/963/1928
f 1067/963/1928 1064/964/1930 1050/934/1929
f 1070/965/1931 1/1/1932 922/819/1933
f 1/1/1932 1070/965/1931 925/821/1934
f 1/1/1932 925/821/1934 923/820/1935
f 1/1/1932 923/820/1935 186/966/1936
f 1070/965/1931 998/872/1937 925/821/1934
f 997/873/1938 998/872/1937 1070/965/1931
f 998/872/1939 996/871/1940 1001/877/1941
f 1001/877/1941 1002/876/1942 998/872/1939
f 925/821/1943 998/872/1939 1002/876/1942
f 1002/876/1942 924/822/1944 925/821/1943
f 1000/875/1945 1003/878/1946 999/967/1947
f 999/967/1947 997/968/1948 1000/875/1945
f 1063/951/1949 1000/875/1945 997/968/1948
f 997/968/1948 1070/969/1950 1063/951/1949
f 1062/950/1951 1063/951/1949 1070/969/1950
f 1070/969/1950 922/970/1952 1062/950/1951
f 926/823/1953 1062/950/1951 922/970/1952
f 922/970/1952 2/824/1954 926/823/1953
f 992/870/1955 991/869/1956 249/281/1957
f 249/281/1957 991/869/1956 990/866/1958
f 990/866/1958 250/282/1959 249/281/1957
f 1060/971/1960 1028/913/1961 307/356/1962
f 1029/912/1963 307/356/1962 1028/913/1961
f 1071/837/1964 955/836/1965 937/833/1966
f 937/833/1966 1072/972/1967 1071/837/1964
f 1071/837/1964 1072/972/1967 933/830/1968
f 933/830/1968 931/829/1969 1071/837/1964
f 938/834/1970 933/830/1968 1072/972/1967
f 938/834/1970 1072/972/1967 937/833/1966
f 938/834/1970 937/833/1966 935/832/1971
f 935/832/1971 940/835/1972 938/834/1970
f 935/832/1971 144/831/1973 940/835/1972
f 930/828/1787 51/276/25 240/271/310
f 241/272/313 240/271/310 51/276/25
f 243/274/316 241/272/313 51/276/25
f 244/275/317 243/274/316 51/276/25
f 955/836/1974 1071/837/1975 295/837/1975
f 967/836/1976 295/837/1975 1071/837/1975
f 1073/838/1977 1075/839/1977 1074/839/1978
f 1075/839/1977 1073/838/1977 1076/838/1979
f 1077/840/1980 1076/838/1981 1073/838/1982
f 1076/838/1981 1077/840/1980 1078/840/1983
f 1079/841/1984 1078/840/1983 1077/840/1980
f 1078/840/1983 1079/841/1984 1080/841/1985
f 957/818/1986 1080/841/1985 1079/841/1984
f 1080/841/1985 957/818/1986 956/818/1987
f 809/154/1988 956/818/1987 957/818/1986
f 1081/842/1989 951/843/1990 1082/843/1991
f 951/843/1990 1081/842/1992 953/842/1993
f 1083/844/1994 951/843/1995 953/842/1996
f 1083/844/1994 950/845/1997 951/843/1995
f 950/845/1998 1082/843/1999 951/843/2000
f 1082/843/1999 950/845/1998 1084/845/2001
f 811/153/1704 1084/845/2001 950/845/1998
f 1084/845/2001 811/153/1704 808/153/2002
f 811/153/2003 950/845/1997 956/818/2004
f 1083/844/1994 956/818/2004 950/845/1997
f 1085/846/2005 956/818/2004 1083/844/1994
f 1085/846/2005 1080/841/2006 956/818/2004
f 1085/846/2005 1078/840/2007 1080/841/2006
f 1078/840/2007 1085/846/2005 1086/847/2008
f 1086/847/2008 1076/838/2009 1078/840/2007
f 1076/838/2009 1086/847/2008 1075/839/2010
f 811/153/2003 948/848/2011 950/845/2012
f 948/848/2013 811/153/2014 810/154/2015
f 945/849/2016 950/845/2012 948/848/2011
f 950/845/2012 945/849/2016 951/843/1995
f 1087/850/2017 948/848/2011 810/154/2018
f 1087/850/2017 945/849/2019 948/848/2011
f 832/341/2020 1087/850/2017 810/154/2018
f 1087/850/2017 832/341/2020 1088/851/2021
f 885/305/1582 1088/851/2021 832/341/2020
f 945/849/2019 1087/850/2017 1089/852/2022
f 1088/851/2021 965/853/2023 1087/850/2017
f 1089/852/2022 944/854/2024 945/849/2019
f 944/854/2024 1089/852/2022 1090/855/2025
f 951/843/1995 945/849/2016 1091/856/2026
f 1091/856/2026 945/849/2016 944/854/2024
f 295/857/1775 951/843/1995 1091/856/2026
f 944/854/2024 295/857/1775 1091/856/2026
f 951/843/1995 295/857/1775 953/842/1996
f 295/857/1775 944/854/2024 943/858/1776
f 944/854/2024 427/859/1778 943/858/1777
f 427/859/1778 944/854/2024 1090/855/2025
f 1090/855/2025 912/860/2027 427/859/1778
f 912/860/2027 1090/855/2025 1092/861/2028
f 1092/861/2028 816/862/2029 912/860/2027
f 816/862/2029 1092/861/2028 1093/863/2030
f 816/862/2029 1093/863/2030 1094/864/2031
f 1094/864/2031 965/853/2023 816/862/2029
f 815/865/2032 816/862/2029 965/853/2023
f 892/312/1587 815/865/2032 965/853/2023
f 892/312/1587 965/853/2023 889/309/1585
f 965/853/2023 890/310/1586 889/309/1585
f 815/865/2032 892/312/1587 891/311/1580
f 965/853/2023 1088/851/2021 890/310/1586
f 888/308/1584 890/310/1586 1088/851/2021
f 1088/851/2021 887/307/1583 888/308/1584
f 887/307/1583 1088/851/2021 885/305/1582
f 887/307/1583 885/305/1582 886/306/1583
f 884/304/1581 886/306/1583 885/305/1582
f 815/865/2032 891/311/1580 883/303/1580
f 815/865/2032 883/303/1580 881/301/1578
f 1095/866/2033 815/865/2032 881/301/1578
f 1095/866/2033 881/301/1578 880/300/1577
f 877/297/1574 1095/866/2033 880/300/1577
f 1095/866/2033 814/867/2034 815/865/2032
f 1095/866/2033 877/297/1574 876/296/1573
f 814/867/2034 1095/866/2033 966/828/2035
f 917/868/2036 814/867/2034 966/828/2035
f 917/868/2036 966/828/2035 63/38/34
f 917/868/2036 63/38/34 64/39/36
f 1095/866/2033 876/296/1573 1096/869/2037
f 872/292/1569 1096/869/2037 876/296/1573
f 872/292/1569 870/290/1567 1096/869/2037
f 1096/869/2037 870/290/1567 1097/870/2038
f 869/289/1564 1097/870/2038 870/290/1567
f 1097/870/2038 869/289/1564 866/286/1564
f 1097/870/2038 866/286/1564 865/285/1563
f 863/283/1561 1097/870/2038 865/285/1563
f 857/277/1555 1097/870/2038 863/283/1561
f 857/277/1555 863/283/1561 859/279/1557
f 858/278/1556 1097/870/2038 857/277/1555
f 1097/870/2038 858/278/1556 860/280/1558
f 1097/870/2038 860/280/1558 861/281/1559
f 1098/844/2039 953/842/2040 1081/842/2041
f 953/842/2040 1098/844/2042 1083/844/2043
f 1099/846/2044 1083/844/2043 1098/844/2042
f 1083/844/2043 1099/846/2044 1085/846/2045
f 1100/847/2046 1085/846/2045 1099/846/2044
f 1085/846/2045 1100/847/2046 1086/847/2047
f 1074/839/2048 1086/847/2047 1100/847/2046
f 1086/847/2047 1074/839/2048 1075/839/2049
f 1074/839/2050 1100/847/2051 1073/838/2052
f 1077/840/2053 1073/838/2052 1100/847/2051
f 1100/847/2051 1099/846/2054 1077/840/2053
f 1079/841/2055 1077/840/2053 1099/846/2054
f 1079/841/2055 1099/846/2054 957/818/2056
f 1098/844/2057 957/818/2056 1099/846/2054
f 957/818/2056 1098/844/2057 1084/845/2058
f 957/818/2056 1084/845/2058 808/153/2059
f 1082/843/2060 1084/845/2058 1098/844/2057
f 1081/842/2061 1082/843/2060 1098/844/2057
f 996/871/1812 1102/873/2062 1101/872/2063
f 1102/873/2062 996/871/1812 999/874/1815
f 1103/875/2064 1001/877/1817 1104/876/2064
f 1001/877/1817 1103/875/2064 1003/878/1817
f 963/825/2065 1106/880/2065 1105/879/2066
f 1106/880/2065 963/825/2065 964/826/2067
f 1106/880/2068 1090/881/2069 1105/879/2070
f 1090/881/2069 1106/880/2068 1092/882/2071
f 1092/882/2071 1106/880/2068 1093/883/2072
f 964/826/2073 1093/883/2072 1106/880/2068
f 1093/883/2072 964/826/2073 1094/884/2074
f 1094/884/2074 964/826/2073 965/827/2075
f 1089/885/2076 1105/879/2077 1090/881/2078
f 1087/886/2079 1105/879/2077 1089/885/2076
f 1105/879/2077 1087/886/2079 963/887/2080
f 965/888/2081 963/887/2080 1087/886/2079
f 862/282/2082 966/828/2083 1095/866/2084
f 966/828/2083 862/282/2082 854/273/2085
f 1006/889/1839 821/316/1592 298/890/1840
f 1006/889/1839 894/315/1590 821/316/1592
f 894/315/1590 1006/889/1839 1107/891/2086
f 1008/892/1842 1107/891/2086 1006/889/1839
f 1108/893/2087 894/315/1590 1107/891/2086
f 894/315/1590 1108/893/2087 874/294/1571
f 1107/891/2086 1008/892/1842 1109/894/2088
f 1107/891/2086 1109/894/2088 1108/893/2087
f 1011/895/1845 1109/894/2088 1008/892/1842
f 1110/896/2089 874/294/1571 1108/893/2087
f 1109/894/2088 1110/896/2089 1108/893/2087
f 874/294/1571 1110/896/2089 867/287/1565
f 1110/896/2089 897/319/1594 867/287/1565
f 1109/894/2088 1011/895/1845 1111/897/2090
f 1110/896/2089 1109/894/2088 1111/897/2090
f 897/319/1594 1110/896/2089 1112/898/2091
f 1111/897/2090 1112/898/2091 1110/896/2089
f 1112/898/2091 896/318/1595 897/319/1594
f 1011/895/1845 1113/899/2092 1111/897/2090
f 1112/898/2091 1111/897/2090 1113/899/2092
f 1011/895/1845 1016/900/1850 1113/899/2092
f 896/318/1595 1112/898/2091 1114/901/2093
f 1112/898/2091 1113/899/2092 1114/901/2093
f 1016/900/1850 1114/901/2093 1113/899/2092
f 1114/901/2093 899/321/1597 896/318/1595
f 1114/901/2093 1016/900/1850 1018/902/1852
f 1018/902/1852 899/321/1597 1114/901/2093
f 899/321/1597 1018/902/1852 1115/903/2094
f 1020/904/1854 1115/903/2094 1018/902/1852
f 1116/905/2095 1115/903/2094 1020/904/1854
f 1116/905/2095 1020/904/1854 1022/906/1856
f 1115/903/2094 1116/905/2095 1117/907/2096
f 1118/908/2097 1115/903/2094 1117/907/2096
f 1118/908/2097 1119/909/2098 1115/903/2094
f 1119/909/2098 899/321/1597 1115/903/2094
f 899/321/1597 1119/909/2098 1120/910/2098
f 899/321/1597 1120/910/2098 900/322/1598
f 1121/911/2099 1123/913/2100 1122/912/2101
f 911/355/2102 1121/911/2099 1122/912/2101
f 1122/912/2101 307/356/2103 911/355/2102
f 1121/911/2099 911/355/2102 910/353/2104
f 910/353/2104 1124/914/2105 1121/911/2099
f 1125/915/2106 1121/911/2099 1124/914/2105
f 1124/914/2105 910/353/2104 909/350/2107
f 909/350/2107 1126/916/2108 1124/914/2105
f 1126/916/2108 1125/915/2106 1124/914/2105
f 1126/916/2108 909/350/2107 908/349/2109
f 908/349/2109 1127/917/2110 1126/916/2108
f 1127/917/2110 908/349/2109 838/346/2111
f 905/327/1603 1127/917/2110 838/346/2111
f 905/327/1603 904/326/1602 1127/917/2110
f 905/327/1603 838/346/2111 837/330/1604
f 905/327/1603 837/330/1604 906/329/1605
f 901/323/1599 1127/917/2110 904/326/1602
f 901/323/1599 904/326/1602 903/325/1601
f 1127/917/2110 901/323/1599 1128/918/2112
f 1129/919/2113 1127/917/2110 1128/918/2112
f 1127/917/2110 1129/919/2113 1130/920/2114
f 1131/921/2115 1127/917/2110 1130/920/2114
f 1131/921/2115 1132/922/2116 1127/917/2110
f 1126/916/2108 1127/917/2110 1132/922/2116
f 1133/923/2117 1126/916/2108 1132/922/2116
f 1126/916/2108 1133/923/2117 1134/924/2118
f 1126/916/2108 1134/924/2118 1135/925/2119
f 1136/926/2120 1135/925/2119 1134/924/2118
f 1135/925/2119 1136/926/2120 1137/927/2121
f 1138/928/2122 1135/925/2119 1137/927/2121
f 1125/915/2106 1126/916/2108 1135/925/2119
f 1138/928/2122 1139/929/2123 1135/925/2119
f 1125/915/2106 1135/925/2119 1139/929/2123
f 1139/929/2123 1138/928/2122 1140/930/2124
f 1139/929/2123 1140/930/2124 1141/931/2125
f 1048/932/1888 1139/929/2123 1141/931/2125
f 1048/932/1888 1141/931/2125 1049/933/1889
f 1142/934/2126 1143/935/2127 1125/915/2106
f 1144/936/2128 1125/915/2106 1143/935/2127
f 1125/915/2106 1144/936/2128 1145/937/2129
f 1121/911/2099 1125/915/2106 1145/937/2129
f 1144/936/2128 1121/911/2099 1145/937/2129
f 1143/935/2127 1146/938/2130 1144/936/2128
f 1146/938/2130 1143/935/2127 1147/939/2131
f 1056/940/1896 1146/938/2130 1147/939/2131
f 1146/938/2130 1056/940/1896 1057/941/1897
f 1148/942/2132 1121/911/2099 1144/936/2128
f 1144/936/2128 1146/938/2130 1148/942/2132
f 1057/941/1897 1148/942/2132 1146/938/2130
f 1121/911/2099 1148/942/2132 1123/943/2133
f 1148/942/2132 1057/941/1897 1059/944/1900
f 1148/942/2132 1060/945/1901 1123/943/2133
f 1060/945/1901 1148/942/2132 1059/944/1900
f 61/23/2134 843/530/2135 913/531/2136
f 843/530/2135 61/23/2134 1149/946/2137
f 1149/946/2137 819/947/2138 843/530/2135
f 819/947/2138 1149/946/2137 961/948/2139
f 819/947/2138 961/948/2139 959/949/2140
f 1150/950/2141 1149/946/2137 61/23/2134
f 61/23/2134 962/823/2142 1150/950/2141
f 962/823/2142 61/23/2134 57/24/2143
f 1149/946/2137 1150/950/2141 1151/951/2144
f 961/948/2139 1149/946/2137 1151/951/2144
f 961/948/2139 1151/951/2144 1103/875/2145
f 1104/952/2146 961/948/2139 1103/875/2145
f 1142/953/2147 1125/955/2148 1139/954/2149
f 1152/956/2150 1142/953/2147 1139/954/2149
f 1152/956/2150 1139/954/2149 1153/957/2151
f 1154/958/2152 1152/956/2150 1153/957/2151
f 1152/956/2150 1154/958/2152 1155/959/2153
f 1139/954/2149 1068/960/1922 1153/957/2151
f 1068/960/1922 1154/958/2152 1153/957/2151
f 1068/960/1922 1139/954/2149 1048/961/1923
f 1154/958/2152 1068/960/1922 1069/962/1924
f 1069/962/1924 1147/939/2154 1154/958/2152
f 1147/939/2154 1069/962/1924 1056/940/1926
f 1143/935/2155 1154/958/2152 1147/939/2154
f 1154/958/2152 1143/935/2155 1155/963/2156
f 1142/934/2157 1155/963/2156 1143/935/2155
f 1155/963/2156 1142/934/2157 1152/964/2158
f 1156/965/2159 958/819/2160 54/1/2161
f 54/1/2161 960/821/2162 1156/965/2159
f 54/1/2161 959/820/2163 960/821/2162
f 54/1/2161 819/966/2164 959/820/2163
f 1156/965/2159 960/821/2162 1101/872/2165
f 1102/873/2166 1156/965/2159 1101/872/2165
f 1101/872/2167 1001/877/1941 996/871/1940
f 1001/877/1941 1101/872/2167 1104/876/2168
f 960/821/2169 1104/876/2168 1101/872/2167
f 1104/876/2168 960/821/2169 961/822/2170
f 1103/875/2171 999/967/1947 1003/878/1946
f 999/967/1947 1103/875/2171 1102/968/2172
f 1151/951/2173 1102/968/2172 1103/875/2171
f 1102/968/2172 1151/951/2173 1156/969/2174
f 1150/950/2175 1156/969/2174 1151/951/2173
f 1156/969/2174 1150/950/2175 958/970/2176
f 962/823/2177 958/970/2176 1150/950/2175
f 958/970/2176 962/823/2177 56/824/2178
f 1097/870/2179 861/281/2180 1096/869/2181
f 861/281/2180 1095/866/2182 1096/869/2181
f 1095/866/2182 861/281/2180 862/282/2183
f 1060/971/1960 307/356/1962 1123/913/2184
f 1122/912/2185 1123/913/2184 307/356/1962
f 1071/837/1964 954/833/2186 967/836/2187
f 954/833/2186 1071/837/1964 1157/972/2188
f 1071/837/1964 946/830/2189 1157/972/2188
f 946/830/2189 1071/837/1964 931/829/1969
f 947/834/2190 1157/972/2188 946/830/2189
f 947/834/2190 954/833/2186 1157/972/2188
f 947/834/2190 952/832/2191 954/833/2186
f 952/832/2191 947/834/2190 949/835/2192
f 952/832/2191 949/835/2192 808/831/2193
f 966/828/2035 852/271/1547 63/276/34
f 853/272/1550 63/276/34 852/271/1547
f 855/274/1553 63/276/34 853/272/1550
f 856/275/1554 63/276/34 855/274/1553
f 1158/973/2194 1022/906/1856 1021/905/1855
f 1021/905/1855 1159/974/2195 1158/973/2194
f 1021/905/1855 1023/907/1857 1159/974/2195
f 1159/974/2195 1023/907/1857 1035/919/1875
f 1024/908/1858 1035/919/1875 1023/907/1857
f 1036/920/1876 1159/974/2195 1035/919/1875
f 1035/919/1875 1024/908/1858 1034/918/1874
f 1159/974/2195 1036/920/1876 1037/921/1877
f 1025/909/1859 1034/918/1874 1024/908/1858
f 1159/974/2195 1037/921/1877 1038/922/1878
f 288/322/362 1034/918/1874 1025/909/1859
f 289/323/363 1034/918/1874 288/322/362
f 1025/909/1859 1026/910/1860 288/322/362
f 1038/922/1878 1040/924/1880 1159/974/2195
f 1158/973/2194 1159/974/2195 1040/924/1880
f 1038/922/1878 1039/923/1879 1040/924/1880
f 1158/973/2194 1040/924/1880 1042/926/1882
f 1042/926/1882 1160/975/2196 1158/973/2194
f 1042/926/1882 1043/927/1883 1160/975/2196
f 1043/927/1883 1046/930/1886 1160/975/2196
f 1043/927/1883 1044/928/1884 1046/930/1886
f 1047/931/1887 1160/975/2196 1046/930/1886
f 1047/931/1887 1049/933/1889 1160/975/2196
f 1158/973/2194 1116/905/2095 1022/906/1856
f 1116/905/2095 1158/973/2194 1161/974/2197
f 1116/905/2095 1161/974/2197 1117/907/2096
f 1161/974/2197 1129/919/2113 1117/907/2096
f 1118/908/2097 1117/907/2096 1129/919/2113
f 1130/920/2114 1129/919/2113 1161/974/2197
f 1129/919/2113 1128/918/2112 1118/908/2097
f 1161/974/2197 1131/921/2115 1130/920/2114
f 1119/909/2098 1118/908/2097 1128/918/2112
f 1161/974/2197 1132/922/2116 1131/921/2115
f 900/322/1598 1119/909/2098 1128/918/2112
f 901/323/1599 900/322/1598 1128/918/2112
f 1119/909/2098 900/322/1598 1120/910/2098
f 1132/922/2116 1161/974/2197 1134/924/2118
f 1158/973/2194 1134/924/2118 1161/974/2197
f 1132/922/2116 1134/924/2118 1133/923/2117
f 1158/973/2194 1136/926/2120 1134/924/2118
f 1136/926/2120 1158/973/2194 1160/975/2196
f 1136/926/2120 1160/975/2196 1137/927/2121
f 1137/927/2121 1160/975/2196 1140/930/2124
f 1137/927/2121 1140/930/2124 1138/928/2122
f 1141/931/2125 1140/930/2124 1160/975/2196
f 1141/931/2125 1160/975/2196 1049/933/1889
f 295/976/2198 942/977/2199 1162/978/2200
f 1162/978/2200 942/977/2199 978/979/2201
f 978/979/2201 1163/980/2202 1162/978/2200
f 1163/980/2202 978/979/2201 980/981/2203
f 980/981/2203 1164/982/2204 1163/980/2202
f 1164/982/2204 980/981/2203 981/983/2205
f 981/983/2205 1165/984/2206 1164/982/2204
f 1166/985/2207 1165/984/2206 981/983/2205
f 981/983/2205 969/986/2208 1166/985/2207
f 295/976/2198 1162/978/2200 953/977/2209
f 1162/978/2200 1083/979/2210 953/977/2209
f 1083/979/2210 1162/978/2200 1163/980/2202
f 1163/980/2202 1085/981/2211 1083/979/2210
f 1085/981/2211 1163/980/2202 1164/982/2204
f 1164/982/2204 1086/983/2212 1085/981/2211
f 1086/983/2212 1164/982/2204 1165/984/2206
f 1166/985/2207 1086/983/2212 1165/984/2206
f 1086/983/2212 1166/985/2207 1075/986/2213
f 1167/987/2214 1169/988/2214 1168/989/2214
f 1168/989/2215 1170/990/2215 1167/987/2215
f 1171/991/2216 1173/992/2216 1172/993/2216
f 1172/993/2217 1174/994/2217 1171/991/2217
f 1175/991/2218 1177/994/2218 1176/993/2218
f 1176/993/2219 1178/992/2219 1175/991/2219
f 1179/995/2220 1181/996/2221 1180/997/2222
f 1180/997/2222 1182/998/2223 1179/995/2220
f 1183/999/2224 1180/997/2225 1181/996/2226
f 1181/996/2226 1184/1000/2227 1183/999/2224
f 1169/988/2228 1186/1001/2229 1185/1002/2230
f 1185/1002/2230 1168/989/2231 1169/988/2228
f 1167/987/2232 1170/990/2233 1187/1003/2234
f 1187/1003/2235 1188/1004/2236 1167/987/2237
f 1188/1004/2236 1187/1003/2235 1189/1005/2238
f 1189/1005/2238 1190/1006/2239 1188/1004/2236
f 1190/1006/2239 1189/1005/2238 1191/1007/2240
f 1191/1007/2240 1192/1008/2241 1190/1006/2239
f 1193/1009/2242 1192/1008/2241 1191/1007/2240
f 1191/1007/2240 1194/1010/2243 1193/1009/2242
f 1193/1009/2242 1194/1010/2243 1195/1011/2244
f 1195/1011/2244 1196/1012/2245 1193/1009/2242
f 1197/1013/2246 1196/1012/2245 1195/1011/2244
f 1195/1011/2244 1198/1014/2247 1197/1013/2246
f 1199/1015/2248 1197/1013/2246 1198/1014/2247
f 1198/1014/2247 1200/1016/2249 1199/1015/2248
f 1184/1000/2250 1199/1015/2248 1200/1016/2249
f 1200/1016/2249 1183/999/2251 1184/1000/2250
f 1180/997/2252 1183/999/2253 1182/998/2254
f 1182/998/2254 1183/999/2253 1200/1016/2255
f 1200/1016/2255 1201/1017/2256 1182/998/2254
f 1201/1017/2256 1200/1016/2255 1198/1014/2257
f 1201/1017/2256 1198/1014/2257 1195/1011/2258
f 1201/1017/2256 1195/1011/2258 1194/1010/2259
f 1182/998/2254 1201/1017/2256 1202/1018/2260
f 1194/1010/2259 1202/1018/2260 1201/1017/2256
f 1202/1018/2260 1203/1019/2261 1182/998/2254
f 1185/1002/2262 1203/1019/2261 1202/1018/2260
f 1204/1020/2263 1202/1018/2260 1194/1010/2259
f 1202/1018/2260 1204/1020/2263 1185/1002/2262
f 1194/1010/2259 1191/1007/2264 1204/1020/2263
f 1204/1020/2263 1191/1007/2264 1189/1005/2265
f 1187/1003/2266 1204/1020/2263 1189/1005/2265
f 1204/1020/2263 1187/1003/2266 1170/990/2267
f 1170/990/2267 1185/1002/2262 1204/1020/2263
f 1168/989/2268 1185/1002/2262 1170/990/2267
f 1205/1021/2269 1179/995/2270 1182/998/2271
f 1182/998/2271 1203/1019/2272 1205/1021/2269
f 1186/1001/2273 1205/1021/2269 1203/1019/2272
f 1203/1019/2272 1185/1002/2274 1186/1001/2273
f 1206/1022/2275 1208/1023/2276 1207/1024/2277
f 1207/1024/2277 1209/1025/2278 1206/1022/2275
f 1210/1026/2279 1212/1027/2280 1211/1028/2281
f 1211/1028/2281 1213/1029/2282 1210/1026/2279
f 1210/1026/2279 1213/1029/2282 1214/1030/2283
f 1214/1030/2283 1215/1031/2284 1210/1026/2279
f 1215/1031/2284 1214/1030/2283 1171/1032/2285
f 1171/1032/2285 1216/1033/2286 1215/1031/2284
f 1213/1029/2282 1217/1034/2287 1214/1030/2283
f 1174/1035/2288 1217/1034/2287 1213/1029/2282
f 1213/1029/2282 1218/1036/2289 1174/1035/2288
f 1219/1037/2290 1221/1038/2291 1220/1039/2292
f 1220/1039/2292 1222/1040/2293 1219/1037/2290
f 1222/1040/2293 1220/1039/2292 1223/1041/2294
f 1223/1041/2294 1224/1042/2295 1222/1040/2293
f 1224/1042/2295 1225/1043/2296 1222/1040/2293
f 1226/1044/2297 1222/1040/2293 1225/1043/2296
f 1225/1043/2296 1227/1045/2298 1226/1044/2297
f 1228/1046/2299 1224/1042/2295 1223/1041/2294
f 1223/1041/2294 1229/1047/2300 1228/1046/2299
f 1228/1046/2299 1229/1047/2300 1230/1048/2301
f 1230/1048/2301 1231/1049/2302 1228/1046/2299
f 1231/1049/2302 1230/1048/2301 1232/1050/2303
f 1233/1051/2304 1226/1044/2297 1227/1045/2298
f 1227/1045/2298 1234/1052/2305 1233/1051/2304
f 1232/1050/2303 1235/1053/2306 1231/1049/2302
f 1235/1053/2306 1232/1050/2303 1209/1025/2307
f 1209/1025/2307 1207/1024/2308 1235/1053/2306
f 1233/1051/2304 1234/1052/2305 1236/1054/2309
f 1235/1053/2306 1207/1024/2308 1236/1054/2309
f 1236/1054/2309 1237/1055/2310 1233/1051/2304
f 1207/1024/2308 1237/1055/2310 1236/1054/2309
f 1237/1055/2311 1207/1024/2312 1208/1023/2312
f 1208/1023/2312 1238/1056/2313 1237/1055/2311
f 1237/1055/2311 1238/1056/2313 1239/1057/2314
f 1239/1057/2314 1233/1051/2315 1237/1055/2311
f 1226/1044/2316 1233/1051/2315 1239/1057/2314
f 1239/1057/2314 1218/1058/2317 1226/1044/2316
f 1240/1059/2318 1218/1058/2317 1239/1057/2314
f 1239/1057/2314 1241/1060/2318 1240/1059/2318
f 1235/1061/2319 1236/1062/2320 1242/1063/2319
f 1242/1063/2319 1243/1064/2321 1235/1061/2319
f 1172/993/2322 1239/1065/2323 1238/1066/2324
f 1238/1066/2324 1242/1067/2325 1172/993/2322
f 1208/1023/903 1242/1067/2325 1238/1066/2324
f 1243/1068/2326 1242/1067/2325 1208/1023/903
f 1243/1068/2326 1208/1023/903 1206/1022/903
f 1243/1068/2326 1206/1022/903 1244/1069/2327
f 1173/992/2328 1243/1068/2326 1244/1069/2327
f 1244/1069/2327 1245/1070/2329 1173/992/2328
f 1227/1071/2330 1225/1072/2331 1217/1073/2332
f 1217/1073/2332 1174/1074/2333 1227/1071/2330
f 1234/1075/2334 1227/1071/2330 1174/1074/2333
f 1174/1074/2333 1172/1076/2335 1234/1075/2334
f 1234/1075/2334 1172/1076/2335 1242/1063/2336
f 1242/1063/2336 1236/1062/2337 1234/1075/2334
f 1225/1072/2338 1224/1077/2339 1214/1078/2338
f 1214/1078/2338 1217/1073/2340 1225/1072/2338
f 1213/1079/2341 1211/1080/2342 1219/1081/2342
f 1219/1081/2342 1222/1082/2343 1213/1079/2341
f 1218/1058/2344 1213/1079/2341 1222/1082/2343
f 1222/1082/2343 1226/1044/2345 1218/1058/2344
f 1219/1083/2346 1211/1028/2346 1212/1027/2346
f 1212/1027/2346 1221/1084/2346 1219/1083/2346
f 1246/1085/2347 1248/1086/2347 1247/1087/2348
f 1247/1087/2348 1249/1088/2348 1246/1085/2347
f 1250/1089/2349 1252/1090/2350 1251/1091/2350
f 1251/1091/2350 1253/1092/2349 1250/1089/2349
f 1254/1093/2351 1256/1094/2351 1255/1095/2351
f 1255/1095/2351 1257/1096/2351 1254/1093/2351
f 1258/1097/2352 1260/1098/2353 1259/1099/2354
f 1258/1097/2352 1259/1099/2354 1261/1100/2355
f 1261/1100/2355 1259/1099/2354 1257/1096/2356
f 1257/1096/2356 1255/1095/2357 1261/1100/2355
f 1262/1101/2358 1264/1102/2359 1263/1103/2359
f 1263/1103/2359 1265/1104/2360 1262/1101/2358
f 1266/1105/2361 1262/1101/2358 1265/1104/2360
f 1265/1104/2360 1267/1106/2361 1266/1105/2361
f 1252/1090/903 1268/1107/903 1251/1108/903
f 1260/1109/903 1268/1107/903 1252/1090/903
f 1252/1090/903 1269/1110/903 1260/1109/903
f 1260/1109/903 1269/1110/903 1259/1099/903
f 1269/1110/903 1257/1096/903 1259/1099/903
f 1269/1110/903 1254/1111/903 1257/1096/903
f 1268/1107/903 1260/1109/903 1264/1102/903
f 1270/1112/903 1268/1107/903 1264/1102/903
f 1246/1113/2362 1270/1112/903 1264/1102/903
f 1262/1114/2363 1246/1113/2362 1264/1102/903
f 1248/1115/2364 1246/1113/2362 1262/1114/2363
f 1262/1114/2363 1266/1116/2364 1248/1115/2364
f 1267/1106/2365 1247/1087/2365 1248/1086/2365
f 1248/1086/2365 1266/1105/2365 1267/1106/2365
f 1271/1117/2366 1256/1118/2367 1254/1111/2367
f 1254/1111/2367 1269/1110/2368 1271/1117/2366
f 1250/1089/2369 1271/1117/2366 1269/1110/2368
f 1269/1110/2368 1252/1090/2369 1250/1089/2369
f 1270/1119/2370 1246/1120/2371 1249/1121/2372
f 1249/1121/2372 1272/1122/2373 1270/1119/2370
f 1268/1123/2374 1270/1119/2370 1272/1122/2373
f 1268/1123/2374 1272/1122/2373 1273/1124/2375
f 1251/1091/2376 1268/1123/2374 1273/1124/2375
f 1273/1124/2375 1253/1092/2377 1251/1091/2376
f 1255/1125/2378 1256/1118/2379 1261/1126/2380
f 1256/1118/2379 1271/1117/2381 1261/1126/2380
f 1271/1117/2381 1258/1127/2382 1261/1126/2380
f 1271/1117/2381 1250/1089/2383 1258/1127/2382
f 1250/1089/2383 1253/1128/2384 1258/1127/2382
f 1253/1128/2384 1273/1129/2385 1258/1127/2382
f 1273/1129/2385 1265/1130/2386 1258/1127/2382
f 1258/1127/2382 1265/1130/2386 1263/1131/886
f 1249/1132/2387 1265/1130/2386 1273/1129/2385
f 1249/1132/2387 1273/1129/2385 1272/1133/2388
f 1265/1130/2386 1249/1132/2387 1247/1134/2389
f 1247/1134/2389 1267/1135/2390 1265/1130/2386
f 1260/1098/2391 1258/1097/2391 1263/1103/2391
f 1263/1103/2391 1264/1102/2391 1260/1098/2391
f 1274/1136/2392 1276/1137/2392 1275/1138/2393
f 1275/1138/2393 1277/1139/2394 1274/1136/2392
f 1278/1048/2395 1277/1139/2394 1275/1138/2393
f 1277/1139/2394 1278/1048/2395 1279/1050/2396
f 1275/1138/2393 1280/1047/2397 1278/1048/2395
f 1279/1050/2396 1281/1140/2398 1277/1139/2394
f 1281/1140/2398 1279/1050/2396 1282/1025/2399
f 1282/1025/2399 1283/1141/2400 1281/1140/2398
f 1284/1041/2401 1280/1047/2397 1275/1138/2393
f 1275/1138/2393 1285/1142/2402 1284/1041/2401
f 1286/1039/2403 1284/1041/2401 1285/1142/2402
f 1285/1142/2402 1287/1143/2404 1286/1039/2403
f 1286/1039/2403 1287/1143/2404 1288/1144/2405
f 1288/1144/2405 1289/1038/2406 1286/1039/2403
f 1176/993/2407 1290/1065/2408 1241/1145/2409
f 1241/1145/2409 1291/1146/2410 1176/993/2407
f 1178/992/2411 1176/993/2407 1291/1146/2410
f 1291/1146/2410 1292/1147/2412 1178/992/2411
f 1277/1070/2413 1178/992/2411 1292/1147/2412
f 1292/1147/2412 1274/1148/2414 1277/1070/2413
f 1283/1022/2415 1282/1025/2416 1293/1024/2417
f 1293/1024/2417 1294/1023/2418 1283/1022/2415
f 1295/1028/2419 1288/1027/2420 1287/1026/2421
f 1287/1026/2421 1296/1029/2422 1295/1028/2419
f 1297/1030/2423 1296/1029/2422 1287/1026/2421
f 1287/1026/2421 1285/1031/2424 1297/1030/2423
f 1175/1032/2425 1297/1030/2423 1285/1031/2424
f 1285/1031/2424 1275/1033/2426 1175/1032/2425
f 1296/1029/2422 1297/1030/2423 1298/1034/2427
f 1296/1029/2422 1298/1034/2427 1177/1035/2428
f 1177/1035/2428 1299/1036/2429 1296/1029/2422
f 1300/1077/2430 1297/1078/2431 1175/1149/2432
f 1175/1149/2432 1301/1150/2433 1300/1077/2430
f 1302/1151/2434 1301/1150/2433 1175/1149/2432
f 1175/1149/2432 1178/1152/2435 1302/1151/2434
f 1303/1153/2436 1302/1151/2434 1178/1152/2435
f 1178/1152/2435 1304/1154/2437 1303/1153/2436
f 1303/1061/2438 1304/1064/2439 1305/1063/2440
f 1305/1063/2440 1306/1062/2441 1303/1061/2438
f 1178/992/2442 1277/1070/2443 1281/1069/2444
f 1281/1069/2444 1304/1068/2445 1178/992/2442
f 1304/1068/2445 1281/1069/2444 1283/1022/2446
f 1304/1068/2445 1283/1022/2446 1294/1023/2446
f 1304/1068/2445 1294/1023/2446 1305/1067/2447
f 1294/1023/2446 1307/1066/2448 1305/1067/2447
f 1176/993/2449 1305/1067/2447 1307/1066/2448
f 1307/1066/2448 1290/1065/2450 1176/993/2449
f 1240/1059/2318 1241/1060/2318 1290/1057/2451
f 1290/1057/2451 1299/1058/2452 1240/1059/2318
f 1308/1044/2453 1299/1058/2452 1290/1057/2451
f 1290/1057/2451 1309/1051/2454 1308/1044/2453
f 1310/1055/2455 1309/1051/2454 1290/1057/2451
f 1290/1057/2451 1307/1056/2456 1310/1055/2455
f 1310/1055/2455 1307/1056/2456 1294/1023/2457
f 1294/1023/2457 1293/1024/2457 1310/1055/2455
f 1286/1039/2458 1289/1038/2459 1311/1037/2460
f 1311/1037/2460 1312/1040/2461 1286/1039/2458
f 1284/1041/2462 1286/1039/2458 1312/1040/2461
f 1312/1040/2461 1300/1042/2463 1284/1041/2462
f 1300/1042/2463 1312/1040/2461 1313/1043/2464
f 1313/1043/2464 1312/1040/2461 1308/1044/2465
f 1308/1044/2465 1314/1045/2466 1313/1043/2464
f 1284/1041/2462 1300/1042/2463 1301/1046/2467
f 1301/1046/2467 1280/1047/2468 1284/1041/2462
f 1278/1048/2469 1280/1047/2468 1301/1046/2467
f 1301/1046/2467 1302/1049/2470 1278/1048/2469
f 1279/1050/2471 1278/1048/2469 1302/1049/2470
f 1314/1045/2466 1308/1044/2465 1309/1051/2472
f 1309/1051/2472 1315/1052/2473 1314/1045/2466
f 1302/1049/2470 1303/1053/2474 1279/1050/2471
f 1282/1025/2475 1279/1050/2471 1303/1053/2474
f 1303/1053/2474 1293/1024/2476 1282/1025/2475
f 1306/1054/2477 1315/1052/2473 1309/1051/2472
f 1303/1053/2474 1306/1054/2477 1293/1024/2476
f 1309/1051/2472 1310/1055/2478 1306/1054/2477
f 1293/1024/2476 1306/1054/2477 1310/1055/2478
f 1313/1072/2479 1298/1073/2480 1297/1078/2479
f 1297/1078/2479 1300/1077/2481 1313/1072/2479
f 1299/1058/2482 1308/1044/2483 1312/1082/2484
f 1312/1082/2484 1296/1079/2485 1299/1058/2482
f 1296/1079/2485 1312/1082/2484 1311/1081/2486
f 1311/1081/2486 1295/1080/2486 1296/1079/2485
f 1311/1083/2346 1289/1084/2346 1288/1027/2346
f 1288/1027/2346 1295/1028/2346 1311/1083/2346
f 1245/1070/2487 1274/1148/2414 1292/1147/2412
f 1292/1147/2412 1173/992/2488 1245/1070/2487
f 1173/992/2488 1292/1147/2412 1291/1146/2410
f 1291/1146/2410 1172/993/2489 1173/992/2488
f 1172/993/2489 1291/1146/2410 1241/1145/2409
f 1241/1145/2409 1239/1065/2490 1172/993/2489
f 1216/1138/2491 1276/1137/2392 1274/1136/2392
f 1274/1136/2392 1245/1139/2492 1216/1138/2491
f 1216/1138/2491 1245/1139/2492 1230/1048/2493
f 1230/1048/2493 1229/1047/2494 1216/1138/2491
f 1232/1050/2495 1230/1048/2493 1245/1139/2492
f 1216/1138/2491 1229/1047/2494 1223/1041/2496
f 1245/1139/2492 1244/1140/2497 1232/1050/2495
f 1209/1025/2498 1232/1050/2495 1244/1140/2497
f 1244/1140/2497 1206/1141/2499 1209/1025/2498
f 1223/1041/2496 1215/1142/2500 1216/1138/2491
f 1215/1142/2500 1223/1041/2496 1220/1039/2501
f 1220/1039/2501 1210/1143/2502 1215/1142/2500
f 1212/1144/2503 1210/1143/2502 1220/1039/2501
f 1220/1039/2501 1221/1038/2504 1212/1144/2503
f 1218/1036/2505 1240/1155/2506 1316/1156/2507
f 1316/1156/2507 1174/1157/2508 1218/1036/2505
f 1174/1157/2508 1316/1156/2507 1317/1158/2509
f 1317/1158/2509 1171/1032/2510 1174/1157/2508
f 1171/1032/2510 1317/1158/2509 1276/1159/2511
f 1276/1159/2511 1216/1033/2512 1171/1032/2510
f 1235/1153/2513 1243/1154/2514 1173/1152/2515
f 1173/1152/2515 1231/1151/2516 1235/1153/2513
f 1231/1151/2516 1173/1152/2515 1171/1149/2517
f 1171/1149/2517 1228/1150/2518 1231/1151/2516
f 1224/1077/2519 1228/1150/2518 1171/1149/2517
f 1171/1149/2517 1214/1078/2520 1224/1077/2519
f 1315/1075/2521 1306/1062/2522 1305/1063/2523
f 1305/1063/2523 1176/1076/2524 1315/1075/2521
f 1315/1075/2521 1176/1076/2524 1177/1074/2525
f 1177/1074/2525 1314/1071/2526 1315/1075/2521
f 1314/1071/2526 1177/1074/2525 1298/1073/2527
f 1298/1073/2527 1313/1072/2528 1314/1071/2526
f 1175/1032/2529 1275/1033/2530 1276/1159/2511
f 1276/1159/2511 1317/1158/2509 1175/1032/2529
f 1177/1157/2531 1175/1032/2529 1317/1158/2509
f 1317/1158/2509 1316/1156/2507 1177/1157/2531
f 1299/1036/2532 1177/1157/2531 1316/1156/2507
f 1316/1156/2507 1240/1155/2506 1299/1036/2532
f 1318/1160/2533 1320/1161/2534 1319/1162/2535
f 1319/1162/2535 1321/1163/2536 1318/1160/2533
f 1322/1164/2537 1318/1160/2533 1321/1163/2536
f 1321/1163/2536 1323/1165/2538 1322/1164/2537
f 1324/1166/2539 1322/1164/2537 1323/1165/2538
f 1323/1165/2538 1325/1167/2540 1324/1166/2539
f 1326/1168/2541 1324/1166/2539 1325/1167/2540
f 1325/1167/2540 1327/1169/2542 1326/1168/2541
f 1328/1170/2543 1326/1168/2541 1327/1169/2542
f 1327/1169/2542 1329/1171/2544 1328/1170/2543
f 1330/1172/2545 1328/1170/2543 1329/1171/2544
f 1329/1171/2544 1331/1173/2546 1330/1172/2545
f 1332/1174/2547 1330/1172/2545 1331/1173/2546
f 1331/1173/2546 1333/1175/2548 1332/1174/2547
f 1334/1176/2549 1332/1174/2547 1333/1175/2548
f 1333/1175/2548 1335/1177/2550 1334/1176/2549
f 1336/1178/2551 1334/1176/2549 1335/1177/2550
f 1335/1177/2550 1337/1179/2552 1336/1178/2551
f 1338/1180/2553 1336/1178/2551 1337/1179/2552
f 1337/1179/2552 1339/1181/2554 1338/1180/2553
f 1340/1182/2555 1338/1180/2553 1339/1181/2554
f 1339/1181/2554 1341/1183/2556 1340/1182/2555
f 1342/1184/2557 1340/1182/2555 1341/1183/2556
f 1341/1183/2556 1343/1185/2558 1342/1184/2557
f 1320/1186/2559 1342/1184/2557 1343/1185/2558
f 1343/1185/2558 1319/1187/2559 1320/1186/2559
f 1344/1188/2560 1345/1189/2561 1320/1161/2562
f 1320/1161/2562 1318/1160/2563 1344/1188/2560
f 1346/1190/2564 1344/1188/2560 1318/1160/2563
f 1318/1160/2563 1322/1164/2565 1346/1190/2564
f 1347/1191/2566 1346/1190/2564 1322/1164/2565
f 1322/1164/2565 1324/1166/2567 1347/1191/2566
f 1348/1192/2568 1347/1191/2566 1324/1166/2567
f 1324/1166/2567 1326/1168/2569 1348/1192/2568
f 1349/1193/2570 1348/1192/2568 1326/1168/2569
f 1326/1168/2569 1328/1170/2571 1349/1193/2570
f 1350/1194/2572 1349/1193/2570 1328/1170/2571
f 1328/1170/2571 1330/1172/2573 1350/1194/2572
f 1351/1195/2574 1350/1194/2572 1330/1172/2573
f 1330/1172/2573 1332/1174/2575 1351/1195/2574
f 1352/1196/2576 1351/1195/2574 1332/1174/2575
f 1332/1174/2575 1334/1176/2577 1352/1196/2576
f 1353/1197/2578 1352/1196/2576 1334/1176/2577
f 1334/1176/2577 1336/1178/2579 1353/1197/2578
f 1354/1198/2580 1353/1197/2578 1336/1178/2579
f 1336/1178/2579 1338/1180/2581 1354/1198/2580
f 1355/1199/2582 1354/1198/2580 1338/1180/2581
f 1338/1180/2581 1340/1182/2583 1355/1199/2582
f 1356/1200/2584 1355/1199/2582 1340/1182/2583
f 1340/1182/2583 1342/1184/2585 1356/1200/2584
f 1345/1201/2561 1356/1200/2584 1342/1184/2585
f 1342/1184/2585 1320/1186/2562 1345/1201/2561
f 1357/1202/2586 1358/1203/2587 1345/1189/2588
f 1345/1189/2588 1344/1188/2589 1357/1202/2586
f 1359/1204/2590 1357/1202/2586 1344/1188/2589
f 1344/1188/2589 1346/1190/2591 1359/1204/2590
f 1360/1205/2592 1359/1204/2590 1346/1190/2591
f 1346/1190/2591 1347/1191/2593 1360/1205/2592
f 1361/1206/2594 1360/1205/2592 1347/1191/2593
f 1347/1191/2593 1348/1192/2595 1361/1206/2594
f 1362/1207/2596 1361/1206/2594 1348/1192/2595
f 1348/1192/2595 1349/1193/2597 1362/1207/2596
f 1363/1208/2598 1362/1207/2596 1349/1193/2597
f 1349/1193/2597 1350/1194/2599 1363/1208/2598
f 1364/1209/2600 1363/1208/2598 1350/1194/2599
f 1350/1194/2599 1351/1195/2601 1364/1209/2600
f 1365/1210/2602 1364/1209/2600 1351/1195/2601
f 1351/1195/2601 1352/1196/2603 1365/1210/2602
f 1366/1211/2604 1365/1210/2602 1352/1196/2603
f 1352/1196/2603 1353/1197/2605 1366/1211/2604
f 1367/1212/2606 1366/1211/2604 1353/1197/2605
f 1353/1197/2605 1354/1198/2607 1367/1212/2606
f 1368/1213/2608 1367/1212/2606 1354/1198/2607
f 1354/1198/2607 1355/1199/2609 1368/1213/2608
f 1369/1214/2610 1368/1213/2608 1355/1199/2609
f 1355/1199/2609 1356/1200/2611 1369/1214/2610
f 1358/1215/2612 1369/1214/2610 1356/1200/2611
f 1356/1200/2611 1345/1201/2613 1358/1215/2612
f 1370/1216/2614 1372/1217/2614 1371/1218/2614
f 1370/1216/2614 1371/1218/2614 1373/1219/2614
f 1373/1219/2614 1374/1220/2614 1370/1216/2614
f 1375/1221/2615 1373/1219/2614 1371/1218/2614
f 1376/1222/2616 1372/1217/2617 1370/1223/2618
f 1376/1222/2616 1377/1224/2619 1372/1217/2617
f 1377/1224/2619 1371/1218/2620 1372/1217/2617
f 1377/1224/2619 1378/1225/2621 1371/1218/2620
f 1378/1225/2621 1375/1226/2622 1371/1218/2620
f 1378/1225/2621 1379/1227/2623 1375/1226/2622
f 1379/1227/2623 1373/1228/2624 1375/1226/2622
f 1379/1227/2623 1380/1229/2625 1373/1228/2624
f 1380/1229/2625 1374/1230/2626 1373/1228/2624
f 1380/1229/2625 1381/1231/2627 1374/1230/2626
f 1381/1231/2627 1370/1232/2618 1374/1230/2626
f 1381/1231/2627 1376/1233/2616 1370/1232/2618
f 1382/1234/2627 1384/1235/2616 1383/1236/2628
f 1382/1234/2627 1383/1236/2628 1385/1237/2629
f 1386/1238/2630 1382/1234/2627 1385/1237/2629
f 1386/1238/2630 1385/1237/2629 1387/1239/2631
f 1388/1240/2632 1386/1238/2630 1387/1239/2631
f 1388/1240/2632 1387/1239/2631 1389/1241/2633
f 1390/1242/2634 1388/1240/2632 1389/1241/2633
f 1390/1242/2634 1389/1241/2633 1391/1243/2635
f 1392/1244/2636 1390/1242/2634 1391/1243/2635
f 1392/1244/2636 1391/1243/2635 1393/1245/2637
f 1384/1246/2616 1392/1244/2636 1393/1245/2637
f 1384/1246/2616 1393/1245/2637 1383/1247/2628
f 1394/1248/2638 1396/1249/2639 1395/1250/2640
f 1395/1250/2640 1397/1251/2641 1394/1248/2638
f 1398/1252/2642 1397/1251/2641 1395/1250/2640
f 1398/1252/2642 1399/1253/2643 1397/1251/2641
f 1400/1254/2644 1399/1253/2643 1398/1252/2642
f 1400/1254/2644 1401/1255/2645 1399/1253/2643
f 1400/1254/2644 1402/1256/2646 1401/1255/2645
f 1400/1254/2644 1403/1257/2647 1402/1256/2646
f 1403/1257/2647 1404/1258/2648 1402/1256/2646
f 1403/1257/2647 1405/1259/2649 1404/1258/2648
f 1404/1258/2648 1405/1259/2649 1406/1260/2650
f 1406/1260/2650 1405/1259/2649 1407/1261/2651
f 1406/1260/2650 1408/1262/2652 1404/1258/2648
f 1407/1261/2651 1409/1263/2653 1406/1260/2650
f 1410/1264/2654 1404/1258/2648 1408/1262/2652
f 1407/1261/2651 1411/1265/2655 1409/1263/2653
f 1410/1264/2654 1408/1262/2652 1412/1266/2656
f 1412/1266/2656 1409/1263/2653 1411/1265/2655
f 1412/1266/2656 1413/1267/2657 1410/1264/2654
f 1411/1265/2655 1413/1267/2657 1412/1266/2656
f 1411/1265/2655 1414/1268/2658 1413/1267/2657
f 1411/1265/2655 1415/1269/2659 1414/1268/2658
f 1415/1269/2659 1416/1270/2660 1414/1268/2658
f 1415/1269/2659 1417/1271/2660 1416/1270/2660
f 1418/1272/2661 1416/1270/2660 1417/1271/2660
f 1418/1272/2661 1419/1273/2662 1416/1270/2660
f 1420/1274/2663 1419/1273/2662 1418/1272/2661
f 1420/1274/2663 1421/1275/2664 1419/1273/2662
f 1421/1275/2664 1420/1274/2663 1422/1276/2665
f 1422/1276/2665 1420/1274/2663 1423/1277/2666
f 1422/1276/2665 1424/1278/2667 1421/1275/2664
f 1423/1277/2666 1425/1279/2668 1422/1276/2665
f 1426/1280/2669 1421/1275/2664 1424/1278/2667
f 1423/1277/2666 1427/1281/2670 1425/1279/2668
f 1426/1280/2669 1424/1278/2667 1428/1282/2671
f 1428/1282/2671 1425/1279/2668 1427/1281/2670
f 1428/1282/2671 1429/1283/2672 1426/1280/2669
f 1427/1281/2670 1429/1283/2672 1428/1282/2671
f 1430/1284/2673 1429/1283/2672 1427/1281/2670
f 1430/1284/2673 1427/1281/2670 1431/1285/2674
f 1432/1286/2675 1430/1284/2673 1431/1285/2674
f 1432/1286/2675 1431/1285/2674 1433/1287/2676
f 1434/1288/2677 1432/1286/2675 1433/1287/2676
f 1434/1288/2677 1433/1287/2676 1435/1289/2678
f 1436/1290/2679 1434/1288/2677 1435/1289/2678
f 1436/1290/2679 1435/1289/2678 1437/1291/2680
f 1436/1290/2679 1437/1291/2680 1438/1292/2681
f 1438/1292/2681 1437/1291/2680 1439/1293/2682
f 1438/1292/2681 1440/1294/2683 1436/1290/2679
f 1438/1292/2681 1439/1293/2682 1441/1295/2684
f 1436/1290/2679 1440/1294/2683 1442/1296/2685
f 1443/1297/2686 1441/1295/2684 1439/1293/2682
f 1444/1298/2687 1442/1296/2685 1440/1294/2683
f 1444/1298/2687 1441/1295/2684 1443/1297/2686
f 1444/1298/2687 1445/1299/2688 1442/1296/2685
f 1443/1297/2686 1445/1299/2688 1444/1298/2687
f 1445/1299/2688 1443/1297/2686 1446/1300/2689
f 1445/1299/2688 1446/1300/2689 1447/1301/2690
f 1447/1301/2690 1446/1300/2689 1448/1302/2691
f 1447/1301/2690 1448/1302/2691 1449/1303/2692
f 1450/1304/2693 1449/1303/2692 1448/1302/2691
f 1450/1304/2693 1448/1302/2691 1451/1305/2694
f 1452/1306/2695 1450/1304/2693 1451/1305/2694
f 1452/1306/2695 1451/1305/2694 1453/1307/2696
f 1452/1306/2695 1453/1307/2696 1454/1308/2697
f 1454/1308/2697 1453/1307/2696 1455/1309/2698
f 1454/1308/2697 1456/1310/2699 1452/1306/2695
f 1455/1309/2698 1457/1311/2700 1454/1308/2697
f 1452/1306/2695 1456/1310/2699 1458/1312/2701
f 1455/1309/2698 1459/1313/2702 1457/1311/2700
f 1460/1314/2703 1458/1312/2701 1456/1310/2699
f 1460/1314/2703 1457/1311/2700 1459/1313/2702
f 1460/1314/2703 1461/1315/2704 1458/1312/2701
f 1459/1313/2702 1461/1315/2704 1460/1314/2703
f 1461/1315/2704 1459/1313/2702 1462/1316/2705
f 1461/1315/2704 1462/1316/2705 1463/1317/2706
f 1463/1317/2706 1462/1316/2705 1464/1318/2707
f 1463/1317/2706 1464/1318/2707 1465/1319/2708
f 1466/1320/2709 1465/1319/2708 1464/1318/2707
f 1466/1320/2709 1464/1318/2707 1467/1321/2710
f 1468/1322/2711 1466/1320/2709 1467/1321/2710
f 1468/1322/2711 1467/1321/2710 1469/1323/2712
f 1468/1322/2711 1469/1323/2712 1470/1324/2713
f 1470/1324/2713 1469/1323/2712 1471/1325/2714
f 1470/1324/2713 1471/1325/2714 1396/1326/2639
f 1395/1327/2640 1396/1326/2639 1471/1325/2714
f 1470/1324/2713 1472/1328/2715 1468/1322/2711
f 1468/1322/2711 1472/1328/2715 1473/1329/2716
f 1394/1330/2638 1473/1329/2716 1472/1328/2715
f 1394/1330/2638 1397/1331/2641 1473/1329/2716
f 1422/1332/2717 1425/1333/2718 1474/1334/2719
f 1474/1334/2719 1475/1335/2720 1422/1332/2717
f 1476/1336/2721 1475/1335/2720 1474/1334/2719
f 1474/1334/2719 1477/1337/2722 1476/1336/2721
f 1478/1338/2723 1476/1336/2721 1477/1337/2722
f 1476/1336/2721 1478/1338/2723 1479/1339/2724
f 1477/1337/2722 1480/1340/2725 1478/1338/2723
f 1481/1341/2726 1480/1340/2725 1477/1337/2722
f 1482/1342/2727 1479/1339/2724 1478/1338/2723
f 1478/1338/2723 1483/1343/2728 1482/1342/2727
f 1484/1344/2729 1479/1339/2724 1482/1342/2727
f 1482/1342/2727 1485/1345/2730 1484/1344/2729
f 1484/1344/2729 1485/1345/2730 1406/1346/2731
f 1406/1346/2731 1409/1347/2732 1484/1344/2729
f 1482/1342/2727 1483/1343/2728 1486/1348/2733
f 1486/1348/2733 1483/1343/2728 1487/1349/2734
f 1480/1340/2725 1481/1341/2726 1488/1350/2735
f 1488/1350/2735 1489/1351/2736 1480/1340/2725
f 1490/1352/2737 1488/1350/2735 1481/1341/2726
f 1481/1341/2726 1491/1353/2738 1490/1352/2737
f 1490/1352/2737 1491/1353/2738 1438/1354/2739
f 1438/1354/2739 1441/1355/2740 1490/1352/2737
f 1492/1356/2741 1489/1351/2736 1488/1350/2735
f 1487/1349/2734 1493/1357/2742 1486/1348/2733
f 1494/1358/2743 1486/1348/2733 1493/1357/2742
f 1493/1357/2742 1495/1359/2744 1494/1358/2743
f 1494/1358/2743 1495/1359/2744 1470/1360/2745
f 1470/1360/2745 1396/1361/2746 1494/1358/2743
f 1493/1357/2742 1487/1349/2734 1496/1362/2747
f 1496/1362/2747 1487/1349/2734 1489/1351/2736
f 1489/1351/2736 1492/1356/2741 1496/1362/2747
f 1497/1363/2748 1496/1362/2747 1492/1356/2741
f 1492/1356/2741 1498/1364/2749 1497/1363/2748
f 1497/1363/2748 1498/1364/2749 1454/1365/2750
f 1454/1365/2750 1457/1366/2751 1497/1363/2748
f 1428/1333/2752 1424/1332/2753 1499/1335/2754
f 1499/1335/2754 1500/1334/2755 1428/1333/2752
f 1501/1337/2756 1500/1334/2755 1499/1335/2754
f 1499/1335/2754 1502/1336/2757 1501/1337/2756
f 1501/1337/2756 1502/1336/2757 1503/1338/2758
f 1504/1339/2759 1503/1338/2758 1502/1336/2757
f 1503/1338/2758 1505/1340/2760 1501/1337/2756
f 1501/1337/2756 1505/1340/2760 1506/1341/2761
f 1507/1350/2762 1506/1341/2761 1505/1340/2760
f 1505/1340/2760 1508/1351/2763 1507/1350/2762
f 1509/1353/2764 1506/1341/2761 1507/1350/2762
f 1507/1350/2762 1510/1352/2765 1509/1353/2764
f 1509/1353/2764 1510/1352/2765 1444/1355/2766
f 1444/1355/2766 1440/1354/2767 1509/1353/2764
f 1507/1350/2762 1508/1351/2763 1511/1356/2768
f 1512/1362/2769 1511/1356/2768 1508/1351/2763
f 1508/1351/2763 1513/1349/2770 1512/1362/2769
f 1514/1364/2771 1511/1356/2768 1512/1362/2769
f 1512/1362/2769 1515/1363/2772 1514/1364/2771
f 1514/1364/2771 1515/1363/2772 1460/1366/2773
f 1460/1366/2773 1456/1365/2774 1514/1364/2771
f 1512/1362/2769 1513/1349/2770 1516/1357/2775
f 1517/1348/2776 1516/1357/2775 1513/1349/2770
f 1513/1349/2770 1518/1343/2777 1517/1348/2776
f 1519/1359/2778 1516/1357/2775 1517/1348/2776
f 1517/1348/2776 1520/1358/2779 1519/1359/2778
f 1519/1359/2778 1520/1358/2779 1394/1361/2780
f 1394/1361/2780 1472/1360/2781 1519/1359/2778
f 1517/1348/2776 1518/1343/2777 1521/1342/2782
f 1521/1342/2782 1518/1343/2777 1503/1338/2758
f 1503/1338/2758 1504/1339/2759 1521/1342/2782
f 1522/1345/2783 1521/1342/2782 1504/1339/2759
f 1504/1339/2759 1523/1344/2784 1522/1345/2783
f 1522/1345/2783 1523/1344/2784 1412/1347/2785
f 1412/1347/2785 1408/1346/2786 1522/1345/2783
f 1409/1367/2787 1412/1368/2787 1523/1369/2788
f 1523/1369/2788 1484/1370/2788 1409/1367/2787
f 1479/1371/2789 1484/1370/2788 1523/1369/2788
f 1523/1369/2788 1504/1372/2789 1479/1371/2789
f 1479/1371/2789 1504/1372/2789 1502/1373/2790
f 1502/1373/2790 1476/1374/2791 1479/1371/2789
f 1475/1375/2792 1476/1374/2791 1502/1373/2790
f 1502/1373/2790 1499/1376/2793 1475/1375/2792
f 1422/1377/2794 1475/1375/2792 1499/1376/2793
f 1499/1376/2793 1424/1378/2794 1422/1377/2794
f 1425/1379/2795 1428/1380/2796 1500/1381/2797
f 1500/1381/2797 1474/1382/2797 1425/1379/2795
f 1477/1383/2798 1474/1382/2797 1500/1381/2797
f 1500/1381/2797 1501/1384/2798 1477/1383/2798
f 1477/1383/2798 1501/1384/2798 1506/1385/2799
f 1506/1385/2799 1481/1386/2799 1477/1383/2798
f 1491/1387/2800 1481/1386/2799 1506/1385/2799
f 1506/1385/2799 1509/1388/2801 1491/1387/2800
f 1438/1389/2802 1491/1387/2800 1509/1388/2801
f 1509/1388/2801 1440/1390/2802 1438/1389/2802
f 1441/1391/2803 1444/1392/2803 1510/1393/2804
f 1510/1393/2804 1490/1394/2804 1441/1391/2803
f 1488/1395/2805 1490/1394/2804 1510/1393/2804
f 1510/1393/2804 1507/1396/2805 1488/1395/2805
f 1488/1395/2805 1507/1396/2805 1511/1397/2806
f 1511/1397/2806 1492/1398/2806 1488/1395/2805
f 1498/1399/2807 1492/1398/2806 1511/1397/2806
f 1511/1397/2806 1514/1400/2808 1498/1399/2807
f 1454/1401/2809 1498/1399/2807 1514/1400/2808
f 1514/1400/2808 1456/1402/2809 1454/1401/2809
f 1457/1403/2810 1460/1404/2810 1515/1405/2811
f 1515/1405/2811 1497/1406/2811 1457/1403/2810
f 1496/1407/2812 1497/1406/2811 1515/1405/2811
f 1515/1405/2811 1512/1408/2812 1496/1407/2812
f 1496/1407/2812 1512/1408/2812 1516/1409/2813
f 1516/1409/2813 1493/1410/2814 1496/1407/2812
f 1495/1411/2815 1493/1410/2814 1516/1409/2813
f 1516/1409/2813 1519/1412/2816 1495/1411/2815
f 1470/1413/2817 1495/1411/2815 1519/1412/2816
f 1519/1412/2816 1472/1414/2817 1470/1413/2817
f 1396/1415/2818 1394/1416/2818 1520/1417/2819
f 1520/1417/2819 1494/1418/2820 1396/1415/2818
f 1486/1419/2821 1494/1418/2820 1520/1417/2819
f 1520/1417/2819 1517/1420/2821 1486/1419/2821
f 1486/1419/2821 1517/1420/2821 1521/1421/2822
f 1521/1421/2822 1482/1422/2823 1486/1419/2821
f 1485/1423/2824 1482/1422/2823 1521/1421/2822
f 1521/1421/2822 1522/1424/2825 1485/1423/2824
f 1406/1425/2826 1485/1423/2824 1522/1424/2825
f 1522/1424/2825 1408/1426/2826 1406/1425/2826
f 1524/1427/56 1526/1428/56 1525/1429/56
f 1524/1427/56 1525/1429/56 1527/1430/56
f 1524/1427/56 1527/1430/56 1528/1431/56
f 1529/1432/56 1528/1431/56 1527/1430/56
f 1530/1433/56 1528/1431/56 1529/1432/56
f 1530/1433/56 1531/1434/56 1528/1431/56
f 1530/1433/56 1532/1435/56 1531/1434/56
f 1529/1432/56 1527/1430/56 1533/1436/56
f 1534/1437/56 1533/1436/56 1527/1430/56
f 1534/1437/56 1535/1438/56 1533/1436/56
f 1534/1437/56 1536/1439/56 1535/1438/56
f 1529/1432/56 1533/1436/56 1537/1440/56
f 1538/1441/56 1537/1440/56 1533/1436/56
f 1538/1441/56 1539/1442/56 1537/1440/56
f 1538/1441/56 1540/1443/56 1539/1442/56
f 1529/1432/56 1537/1440/56 1541/1444/56
f 1529/1432/56 1541/1444/56 1542/1445/56
f 1541/1444/56 1543/1446/56 1542/1445/56
f 1544/1447/969 1546/1448/969 1545/1449/969
f 1547/1450/969 1544/1447/969 1545/1449/969
f 1547/1450/969 1548/1451/969 1544/1447/969
f 1547/1450/969 1549/1452/969 1548/1451/969
f 1550/1453/969 1548/1451/969 1549/1452/969
f 1550/1453/969 1549/1452/969 1551/1454/969
f 1551/1454/969 1552/1455/969 1550/1453/969
f 1547/1450/969 1553/1456/969 1549/1452/969
f 1553/1456/969 1547/1450/969 1554/1457/969
f 1553/1456/969 1554/1457/969 1555/1458/969
f 1554/1457/969 1556/1459/969 1555/1458/969
f 1553/1456/969 1557/1460/969 1549/1452/969
f 1557/1460/969 1553/1456/969 1558/1461/969
f 1557/1460/969 1558/1461/969 1559/1462/969
f 1558/1461/969 1560/1463/969 1559/1462/969
f 1549/1452/969 1557/1460/969 1561/1464/969
f 1549/1452/969 1561/1464/969 1562/1465/969
f 1561/1464/969 1563/1466/969 1562/1465/969
f 1480/1340/2827 1489/1351/2828 1564/1467/2829
f 1478/1338/2830 1480/1340/2827 1564/1467/2829
f 1564/1467/2829 1489/1351/2828 1487/1349/2831
f 1564/1467/2829 1483/1343/2832 1478/1338/2830
f 1564/1467/2829 1487/1349/2831 1483/1343/2832
f 1505/1340/2833 1503/1338/2834 1565/1467/2835
f 1508/1351/2836 1505/1340/2833 1565/1467/2835
f 1565/1467/2835 1503/1338/2834 1518/1343/2837
f 1565/1467/2835 1513/1349/2838 1508/1351/2836
f 1565/1467/2835 1518/1343/2837 1513/1349/2838
f 1418/1468/2839 1417/1469/2840 1566/1470/2841
f 1418/1468/2839 1566/1470/2841 1567/1471/2842
f 1420/1472/2843 1418/1468/2839 1567/1471/2842
f 1568/1473/2844 1567/1471/2842 1566/1470/2841
f 1568/1473/2844 1566/1470/2841 1569/1474/2845
f 1420/1472/2843 1567/1471/2842 1570/1475/2846
f 1423/1476/2847 1420/1472/2843 1570/1475/2846
f 1571/1477/2848 1568/1473/2844 1569/1474/2845
f 1571/1477/2848 1569/1474/2845 1572/1478/2849
f 1573/1479/2850 1567/1471/2842 1568/1473/2844
f 1573/1479/2850 1570/1475/2846 1567/1471/2842
f 1423/1476/2847 1570/1475/2846 1574/1480/2851
f 1427/1481/2852 1423/1476/2847 1574/1480/2851
f 1575/1482/2853 1568/1473/2844 1571/1477/2848
f 1575/1482/2853 1573/1479/2850 1568/1473/2844
f 1572/1478/2849 1576/1483/2854 1571/1477/2848
f 1572/1478/2849 1577/1484/2855 1576/1483/2854
f 1578/1485/2856 1570/1475/2846 1573/1479/2850
f 1578/1485/2856 1574/1480/2851 1570/1475/2846
f 1427/1481/2852 1574/1480/2851 1579/1486/2857
f 1431/1487/2858 1427/1481/2852 1579/1486/2857
f 1571/1477/2848 1580/1488/2859 1575/1482/2853
f 1571/1477/2848 1576/1483/2854 1580/1488/2859
f 1577/1484/2855 1581/1489/2860 1576/1483/2854
f 1577/1484/2855 1582/1490/2861 1581/1489/2860
f 1573/1479/2850 1575/1482/2853 1583/1491/2862
f 1573/1479/2850 1583/1491/2862 1578/1485/2856
f 1584/1492/2863 1574/1480/2851 1578/1485/2856
f 1584/1492/2863 1579/1486/2857 1574/1480/2851
f 1431/1487/2858 1579/1486/2857 1585/1493/2864
f 1433/1494/2865 1431/1487/2858 1585/1493/2864
f 1586/1495/2866 1575/1482/2853 1580/1488/2859
f 1586/1495/2866 1583/1491/2862 1575/1482/2853
f 1576/1483/2854 1587/1496/2867 1580/1488/2859
f 1576/1483/2854 1581/1489/2860 1587/1496/2867
f 1582/1490/2861 1588/1497/2868 1581/1489/2860
f 1582/1490/2861 1589/1498/2869 1588/1497/2868
f 1419/1499/2870 1588/1497/2868 1589/1498/2869
f 1419/1499/2870 1589/1498/2869 1416/1500/2871
f 1421/1501/2872 1588/1497/2868 1419/1499/2870
f 1581/1489/2860 1588/1497/2868 1590/1502/2873
f 1421/1501/2872 1590/1502/2873 1588/1497/2868
f 1581/1489/2860 1590/1502/2873 1587/1496/2867
f 1590/1502/2873 1421/1501/2872 1426/1503/2874
f 1590/1502/2873 1426/1503/2874 1591/1504/2875
f 1587/1496/2867 1590/1502/2873 1591/1504/2875
f 1591/1504/2875 1426/1503/2874 1429/1505/2876
f 1580/1488/2859 1587/1496/2867 1592/1506/2877
f 1587/1496/2867 1591/1504/2875 1592/1506/2877
f 1580/1488/2859 1592/1506/2877 1586/1495/2866
f 1591/1504/2875 1429/1505/2876 1593/1507/2878
f 1592/1506/2877 1591/1504/2875 1593/1507/2878
f 1586/1495/2866 1592/1506/2877 1594/1508/2879
f 1592/1506/2877 1593/1507/2878 1594/1508/2879
f 1429/1505/2876 1595/1509/2880 1593/1507/2878
f 1594/1508/2879 1593/1507/2878 1595/1509/2880
f 1429/1505/2876 1430/1510/2881 1595/1509/2880
f 1586/1495/2866 1594/1508/2879 1596/1511/2882
f 1596/1511/2882 1583/1491/2862 1586/1495/2866
f 1430/1510/2881 1597/1512/2883 1595/1509/2880
f 1430/1510/2881 1432/1513/2884 1597/1512/2883
f 1597/1512/2883 1432/1513/2884 1434/1514/2885
f 1594/1508/2879 1595/1509/2880 1598/1515/2886
f 1598/1515/2886 1596/1511/2882 1594/1508/2879
f 1598/1515/2886 1595/1509/2880 1597/1512/2883
f 1596/1511/2882 1599/1516/2887 1583/1491/2862
f 1578/1485/2856 1583/1491/2862 1599/1516/2887
f 1578/1485/2856 1599/1516/2887 1584/1492/2863
f 1597/1512/2883 1434/1514/2885 1600/1517/2888
f 1600/1517/2888 1434/1514/2885 1436/1518/2889
f 1598/1515/2886 1601/1519/2890 1596/1511/2882
f 1599/1516/2887 1596/1511/2882 1601/1519/2890
f 1598/1515/2886 1597/1512/2883 1602/1520/2891
f 1600/1517/2888 1602/1520/2891 1597/1512/2883
f 1602/1520/2891 1601/1519/2890 1598/1515/2886
f 1603/1521/2892 1584/1492/2863 1599/1516/2887
f 1599/1516/2887 1601/1519/2890 1603/1521/2892
f 1600/1517/2888 1436/1518/2889 1604/1522/2893
f 1604/1522/2893 1436/1518/2889 1442/1523/2894
f 1600/1517/2888 1605/1524/2895 1602/1520/2891
f 1604/1522/2893 1605/1524/2895 1600/1517/2888
f 1602/1520/2891 1606/1525/2896 1601/1519/2890
f 1603/1521/2892 1601/1519/2890 1606/1525/2896
f 1606/1525/2896 1602/1520/2891 1605/1524/2895
f 1603/1521/2892 1607/1526/2897 1584/1492/2863
f 1607/1526/2897 1579/1486/2857 1584/1492/2863
f 1607/1526/2897 1585/1493/2864 1579/1486/2857
f 1604/1522/2893 1442/1523/2894 1608/1527/2898
f 1608/1527/2898 1442/1523/2894 1445/1528/2899
f 1603/1521/2892 1606/1525/2896 1609/1529/2900
f 1609/1529/2900 1607/1526/2897 1603/1521/2892
f 1604/1522/2893 1610/1530/2901 1605/1524/2895
f 1610/1530/2901 1604/1522/2893 1608/1527/2898
f 1606/1525/2896 1605/1524/2895 1611/1531/2902
f 1609/1529/2900 1606/1525/2896 1611/1531/2902
f 1611/1531/2902 1605/1524/2895 1610/1530/2901
f 1612/1532/2903 1585/1493/2864 1607/1526/2897
f 1609/1529/2900 1612/1532/2903 1607/1526/2897
f 1609/1529/2900 1611/1531/2902 1613/1533/2904
f 1613/1533/2904 1612/1532/2903 1609/1529/2900
f 1611/1531/2902 1610/1530/2901 1614/1534/2905
f 1613/1533/2904 1611/1531/2902 1614/1534/2905
f 1610/1530/2901 1608/1527/2898 1615/1535/2906
f 1615/1535/2906 1614/1534/2905 1610/1530/2901
f 1608/1527/2898 1445/1528/2899 1616/1536/2907
f 1615/1535/2906 1608/1527/2898 1616/1536/2907
f 1612/1532/2903 1617/1537/2908 1585/1493/2864
f 1433/1494/2865 1585/1493/2864 1617/1537/2908
f 1435/1538/2909 1433/1494/2865 1617/1537/2908
f 1613/1533/2904 1618/1539/2910 1612/1532/2903
f 1618/1539/2910 1617/1537/2908 1612/1532/2903
f 1435/1538/2909 1617/1537/2908 1619/1540/2911
f 1618/1539/2910 1619/1540/2911 1617/1537/2908
f 1437/1541/2912 1435/1538/2909 1619/1540/2911
f 1613/1533/2904 1614/1534/2905 1620/1542/2913
f 1620/1542/2913 1618/1539/2910 1613/1533/2904
f 1621/1543/2914 1616/1536/2907 1445/1528/2899
f 1621/1543/2914 1445/1528/2899 1447/1544/2915
f 1437/1541/2912 1619/1540/2911 1622/1545/2916
f 1439/1546/2917 1437/1541/2912 1622/1545/2916
f 1623/1547/2918 1619/1540/2911 1618/1539/2910
f 1620/1542/2913 1623/1547/2918 1618/1539/2910
f 1623/1547/2918 1622/1545/2916 1619/1540/2911
f 1624/1548/2919 1620/1542/2913 1614/1534/2905
f 1615/1535/2906 1624/1548/2919 1614/1534/2905
f 1615/1535/2906 1616/1536/2907 1625/1549/2920
f 1621/1543/2914 1625/1549/2920 1616/1536/2907
f 1625/1549/2920 1624/1548/2919 1615/1535/2906
f 1626/1550/2921 1621/1543/2914 1447/1544/2915
f 1626/1550/2921 1447/1544/2915 1449/1551/2922
f 1439/1546/2917 1622/1545/2916 1627/1552/2923
f 1443/1553/2924 1439/1546/2917 1627/1552/2923
f 1628/1554/2925 1623/1547/2918 1620/1542/2913
f 1624/1548/2919 1628/1554/2925 1620/1542/2913
f 1622/1545/2916 1623/1547/2918 1629/1555/2926
f 1622/1545/2916 1629/1555/2926 1627/1552/2923
f 1628/1554/2925 1629/1555/2926 1623/1547/2918
f 1621/1543/2914 1630/1556/2927 1625/1549/2920
f 1626/1550/2921 1630/1556/2927 1621/1543/2914
f 1625/1549/2920 1631/1557/2928 1624/1548/2919
f 1631/1557/2928 1628/1554/2925 1624/1548/2919
f 1630/1556/2927 1631/1557/2928 1625/1549/2920
f 1632/1558/2929 1626/1550/2921 1449/1551/2922
f 1632/1558/2929 1449/1551/2922 1450/1559/2930
f 1633/1560/2931 1629/1555/2926 1628/1554/2925
f 1631/1557/2928 1633/1560/2931 1628/1554/2925
f 1627/1552/2923 1629/1555/2926 1634/1561/2932
f 1633/1560/2931 1634/1561/2932 1629/1555/2926
f 1630/1556/2927 1635/1562/2933 1631/1557/2928
f 1635/1562/2933 1633/1560/2931 1631/1557/2928
f 1626/1550/2921 1636/1563/2934 1630/1556/2927
f 1632/1558/2929 1636/1563/2934 1626/1550/2921
f 1636/1563/2934 1635/1562/2933 1630/1556/2927
f 1637/1564/2935 1632/1558/2929 1450/1559/2930
f 1637/1564/2935 1450/1559/2930 1452/1565/2936
f 1635/1562/2933 1638/1566/2937 1633/1560/2931
f 1634/1561/2932 1633/1560/2931 1638/1566/2937
f 1627/1552/2923 1634/1561/2932 1639/1567/2938
f 1443/1553/2924 1627/1552/2923 1639/1567/2938
f 1446/1568/2939 1443/1553/2924 1639/1567/2938
f 1632/1558/2929 1640/1569/2940 1636/1563/2934
f 1637/1564/2935 1640/1569/2940 1632/1558/2929
f 1636/1563/2934 1641/1570/2941 1635/1562/2933
f 1641/1570/2941 1638/1566/2937 1635/1562/2933
f 1640/1569/2940 1641/1570/2941 1636/1563/2934
f 1642/1571/2942 1637/1564/2935 1452/1565/2936
f 1642/1571/2942 1452/1565/2936 1458/1572/2943
f 1634/1561/2932 1638/1566/2937 1643/1573/2944
f 1639/1567/2938 1634/1561/2932 1643/1573/2944
f 1446/1568/2939 1639/1567/2938 1644/1574/2945
f 1639/1567/2938 1643/1573/2944 1644/1574/2945
f 1448/1575/2946 1446/1568/2939 1644/1574/2945
f 1637/1564/2935 1645/1576/2947 1640/1569/2940
f 1642/1571/2942 1645/1576/2947 1637/1564/2935
f 1640/1569/2940 1646/1577/2948 1641/1570/2941
f 1645/1576/2947 1646/1577/2948 1640/1569/2940
f 1641/1570/2941 1647/1578/2949 1638/1566/2937
f 1643/1573/2944 1638/1566/2937 1647/1578/2949
f 1646/1577/2948 1647/1578/2949 1641/1570/2941
f 1648/1579/2950 1642/1571/2942 1458/1572/2943
f 1648/1579/2950 1458/1572/2943 1461/1580/2951
f 1648/1579/2950 1461/1580/2951 1463/1581/2952
f 1448/1575/2946 1644/1574/2945 1649/1582/2953
f 1451/1583/2954 1448/1575/2946 1649/1582/2953
f 1644/1574/2945 1643/1573/2944 1650/1584/2955
f 1643/1573/2944 1647/1578/2949 1650/1584/2955
f 1644/1574/2945 1650/1584/2955 1649/1582/2953
f 1646/1577/2948 1651/1585/2956 1647/1578/2949
f 1650/1584/2955 1647/1578/2949 1651/1585/2956
f 1451/1583/2954 1649/1582/2953 1652/1586/2957
f 1453/1587/2958 1451/1583/2954 1652/1586/2957
f 1649/1582/2953 1650/1584/2955 1653/1588/2959
f 1650/1584/2955 1651/1585/2956 1653/1588/2959
f 1649/1582/2953 1653/1588/2959 1652/1586/2957
f 1654/1589/2960 1651/1585/2956 1646/1577/2948
f 1645/1576/2947 1654/1589/2960 1646/1577/2948
f 1453/1587/2958 1652/1586/2957 1655/1590/2961
f 1655/1590/2961 1455/1591/2962 1453/1587/2958
f 1652/1586/2957 1653/1588/2959 1656/1592/2963
f 1652/1586/2957 1656/1592/2963 1655/1590/2961
f 1653/1588/2959 1651/1585/2956 1657/1593/2964
f 1654/1589/2960 1657/1593/2964 1651/1585/2956
f 1653/1588/2959 1657/1593/2964 1656/1592/2963
f 1658/1594/2965 1654/1589/2960 1645/1576/2947
f 1642/1571/2942 1658/1594/2965 1645/1576/2947
f 1648/1579/2950 1658/1594/2965 1642/1571/2942
f 1655/1590/2961 1659/1595/2966 1455/1591/2962
f 1659/1595/2966 1459/1596/2967 1455/1591/2962
f 1655/1590/2961 1656/1592/2963 1660/1597/2968
f 1655/1590/2961 1660/1597/2968 1659/1595/2966
f 1656/1592/2963 1657/1593/2964 1661/1598/2969
f 1656/1592/2963 1661/1598/2969 1660/1597/2968
f 1657/1593/2964 1654/1589/2960 1662/1599/2970
f 1658/1594/2965 1662/1599/2970 1654/1589/2960
f 1657/1593/2964 1662/1599/2970 1661/1598/2969
f 1648/1579/2950 1663/1600/2971 1658/1594/2965
f 1663/1600/2971 1662/1599/2970 1658/1594/2965
f 1659/1595/2966 1664/1601/2972 1459/1596/2967
f 1664/1601/2972 1462/1602/2973 1459/1596/2967
f 1659/1595/2966 1660/1597/2968 1665/1603/2974
f 1659/1595/2966 1665/1603/2974 1664/1601/2972
f 1661/1598/2969 1662/1599/2970 1666/1604/2975
f 1663/1600/2971 1666/1604/2975 1662/1599/2970
f 1660/1597/2968 1661/1598/2969 1667/1605/2976
f 1660/1597/2968 1667/1605/2976 1665/1603/2974
f 1661/1598/2969 1666/1604/2975 1667/1605/2976
f 1668/1606/2977 1663/1600/2971 1648/1579/2950
f 1648/1579/2950 1463/1581/2952 1668/1606/2977
f 1668/1606/2977 1463/1581/2952 1465/1607/2978
f 1664/1601/2972 1669/1608/2979 1462/1602/2973
f 1669/1608/2979 1464/1609/2980 1462/1602/2973
f 1664/1601/2972 1665/1603/2974 1670/1610/2981
f 1664/1601/2972 1670/1610/2981 1669/1608/2979
f 1665/1603/2974 1667/1605/2976 1671/1611/2982
f 1665/1603/2974 1671/1611/2982 1670/1610/2981
f 1667/1605/2976 1666/1604/2975 1672/1612/2983
f 1667/1605/2976 1672/1612/2983 1671/1611/2982
f 1666/1604/2975 1663/1600/2971 1673/1613/2984
f 1668/1606/2977 1673/1613/2984 1663/1600/2971
f 1666/1604/2975 1673/1613/2984 1672/1612/2983
f 1668/1606/2977 1465/1607/2978 1674/1614/2985
f 1674/1614/2985 1673/1613/2984 1668/1606/2977
f 1466/1615/2986 1674/1614/2985 1465/1607/2978
f 1669/1608/2979 1675/1616/2987 1464/1609/2980
f 1675/1616/2987 1467/1617/2988 1464/1609/2980
f 1669/1608/2979 1670/1610/2981 1676/1618/2989
f 1669/1608/2979 1676/1618/2989 1675/1616/2987
f 1670/1610/2981 1671/1611/2982 1677/1619/2990
f 1670/1610/2981 1677/1619/2990 1676/1618/2989
f 1672/1612/2983 1673/1613/2984 1678/1620/2991
f 1674/1614/2985 1678/1620/2991 1673/1613/2984
f 1466/1615/2986 1679/1621/2992 1674/1614/2985
f 1678/1620/2991 1674/1614/2985 1679/1621/2992
f 1468/1622/2993 1679/1621/2992 1466/1615/2986
f 1671/1611/2982 1672/1612/2983 1680/1623/2994
f 1672/1612/2983 1678/1620/2991 1680/1623/2994
f 1671/1611/2982 1680/1623/2994 1677/1619/2990
f 1675/1616/2987 1681/1624/2995 1467/1617/2988
f 1681/1624/2995 1469/1625/2996 1467/1617/2988
f 1682/1626/2997 1675/1616/2987 1676/1618/2989
f 1682/1626/2997 1681/1624/2995 1675/1616/2987
f 1678/1620/2991 1679/1621/2992 1683/1627/2998
f 1680/1623/2994 1678/1620/2991 1683/1627/2998
f 1468/1622/2993 1684/1628/2999 1679/1621/2992
f 1683/1627/2998 1679/1621/2992 1684/1628/2999
f 1677/1619/2990 1680/1623/2994 1685/1629/3000
f 1680/1623/2994 1683/1627/2998 1685/1629/3000
f 1676/1618/2989 1677/1619/2990 1686/1630/3001
f 1676/1618/2989 1686/1630/3001 1682/1626/2997
f 1677/1619/2990 1685/1629/3000 1686/1630/3001
f 1681/1624/2995 1687/1631/3002 1469/1625/2996
f 1687/1631/3002 1471/1632/3003 1469/1625/2996
f 1688/1633/3004 1684/1628/2999 1468/1622/2993
f 1688/1633/3004 1468/1622/2993 1473/1634/3005
f 1683/1627/2998 1684/1628/2999 1689/1635/3006
f 1685/1629/3000 1683/1627/2998 1689/1635/3006
f 1689/1635/3006 1684/1628/2999 1688/1633/3004
f 1690/1636/3007 1681/1624/2995 1682/1626/2997
f 1690/1636/3007 1687/1631/3002 1681/1624/2995
f 1682/1626/2997 1686/1630/3001 1691/1637/3008
f 1682/1626/2997 1691/1637/3008 1690/1636/3007
f 1686/1630/3001 1685/1629/3000 1692/1638/3009
f 1685/1629/3000 1689/1635/3006 1692/1638/3009
f 1686/1630/3001 1692/1638/3009 1691/1637/3008
f 1687/1631/3002 1693/1639/3010 1471/1632/3003
f 1693/1639/3010 1395/1640/3011 1471/1632/3003
f 1689/1635/3006 1688/1633/3004 1694/1641/3012
f 1692/1638/3009 1689/1635/3006 1694/1641/3012
f 1695/1642/3013 1687/1631/3002 1690/1636/3007
f 1695/1642/3013 1693/1639/3010 1687/1631/3002
f 1696/1643/3014 1690/1636/3007 1691/1637/3008
f 1696/1643/3014 1695/1642/3013 1690/1636/3007
f 1697/1644/3015 1691/1637/3008 1692/1638/3009
f 1692/1638/3009 1694/1641/3012 1697/1644/3015
f 1697/1644/3015 1696/1643/3014 1691/1637/3008
f 1693/1639/3010 1698/1645/3016 1395/1640/3011
f 1698/1645/3016 1398/1646/3017 1395/1640/3011
f 1694/1641/3012 1688/1633/3004 1699/1647/3018
f 1699/1647/3018 1688/1633/3004 1473/1634/3005
f 1699/1647/3018 1473/1634/3005 1397/1648/3019
f 1700/1649/3020 1693/1639/3010 1695/1642/3013
f 1700/1649/3020 1698/1645/3016 1693/1639/3010
f 1697/1644/3015 1694/1641/3012 1701/1650/3021
f 1694/1641/3012 1699/1647/3018 1701/1650/3021
f 1397/1648/3019 1702/1651/3022 1699/1647/3018
f 1701/1650/3021 1699/1647/3018 1702/1651/3022
f 1397/1648/3019 1399/1652/3023 1702/1651/3022
f 1703/1653/3024 1696/1643/3014 1697/1644/3015
f 1697/1644/3015 1701/1650/3021 1703/1653/3024
f 1704/1654/3025 1695/1642/3013 1696/1643/3014
f 1704/1654/3025 1700/1649/3020 1695/1642/3013
f 1703/1653/3024 1704/1654/3025 1696/1643/3014
f 1399/1652/3023 1705/1655/3026 1702/1651/3022
f 1399/1652/3023 1401/1656/3027 1705/1655/3026
f 1701/1650/3021 1702/1651/3022 1706/1657/3028
f 1703/1653/3024 1701/1650/3021 1706/1657/3028
f 1706/1657/3028 1702/1651/3022 1705/1655/3026
f 1704/1654/3025 1703/1653/3024 1707/1658/3029
f 1703/1653/3024 1706/1657/3028 1707/1658/3029
f 1700/1649/3020 1704/1654/3025 1708/1659/3030
f 1704/1654/3025 1707/1658/3029 1708/1659/3030
f 1709/1660/3031 1705/1655/3026 1401/1656/3027
f 1709/1660/3031 1401/1656/3027 1402/1661/3032
f 1706/1657/3028 1705/1655/3026 1710/1662/3033
f 1707/1658/3029 1706/1657/3028 1710/1662/3033
f 1710/1662/3033 1705/1655/3026 1709/1660/3031
f 1711/1663/3034 1709/1660/3031 1402/1661/3032
f 1711/1663/3034 1402/1661/3032 1404/1664/3035
f 1711/1663/3034 1404/1664/3035 1410/1665/3036
f 1707/1658/3029 1710/1662/3033 1712/1666/3037
f 1708/1659/3030 1707/1658/3029 1712/1666/3037
f 1710/1662/3033 1709/1660/3031 1713/1667/3038
f 1713/1667/3038 1709/1660/3031 1711/1663/3034
f 1712/1666/3037 1710/1662/3033 1713/1667/3038
f 1700/1649/3020 1708/1659/3030 1714/1668/3039
f 1698/1645/3016 1700/1649/3020 1714/1668/3039
f 1711/1663/3034 1410/1665/3036 1715/1669/3040
f 1715/1669/3040 1410/1665/3036 1413/1670/3041
f 1708/1659/3030 1712/1666/3037 1716/1671/3042
f 1714/1668/3039 1708/1659/3030 1716/1671/3042
f 1713/1667/3038 1711/1663/3034 1717/1672/3043
f 1717/1672/3043 1711/1663/3034 1715/1669/3040
f 1712/1666/3037 1713/1667/3038 1718/1673/3044
f 1716/1671/3042 1712/1666/3037 1718/1673/3044
f 1718/1673/3044 1713/1667/3038 1717/1672/3043
f 1698/1645/3016 1714/1668/3039 1719/1674/3045
f 1698/1645/3016 1719/1674/3045 1398/1646/3017
f 1719/1674/3045 1400/1675/3046 1398/1646/3017
f 1714/1668/3039 1716/1671/3042 1720/1676/3047
f 1719/1674/3045 1714/1668/3039 1720/1676/3047
f 1719/1674/3045 1721/1677/3048 1400/1675/3046
f 1719/1674/3045 1720/1676/3047 1721/1677/3048
f 1721/1677/3048 1403/1678/3049 1400/1675/3046
f 1716/1671/3042 1718/1673/3044 1722/1679/3050
f 1720/1676/3047 1716/1671/3042 1722/1679/3050
f 1718/1673/3044 1717/1672/3043 1723/1680/3051
f 1722/1679/3050 1718/1673/3044 1723/1680/3051
f 1721/1677/3048 1724/1681/3052 1403/1678/3049
f 1724/1681/3052 1405/1682/3053 1403/1678/3049
f 1721/1677/3048 1720/1676/3047 1725/1683/3054
f 1720/1676/3047 1722/1679/3050 1725/1683/3054
f 1721/1677/3048 1725/1683/3054 1724/1681/3052
f 1725/1683/3054 1722/1679/3050 1726/1684/3055
f 1722/1679/3050 1723/1680/3051 1726/1684/3055
f 1723/1680/3051 1717/1672/3043 1727/1685/3056
f 1717/1672/3043 1715/1669/3040 1727/1685/3056
f 1724/1681/3052 1725/1683/3054 1728/1686/3057
f 1725/1683/3054 1726/1684/3055 1728/1686/3057
f 1724/1681/3052 1729/1687/3058 1405/1682/3053
f 1724/1681/3052 1728/1686/3057 1729/1687/3058
f 1726/1684/3055 1723/1680/3051 1730/1688/3059
f 1723/1680/3051 1727/1685/3056 1730/1688/3059
f 1727/1685/3056 1715/1669/3040 1731/1689/3060
f 1715/1669/3040 1413/1670/3041 1731/1689/3060
f 1405/1682/3053 1729/1687/3058 1732/1690/3061
f 1405/1682/3053 1732/1690/3061 1407/1691/3062
f 1729/1687/3058 1728/1686/3057 1733/1692/3063
f 1729/1687/3058 1733/1692/3063 1732/1690/3061
f 1728/1686/3057 1726/1684/3055 1734/1693/3064
f 1726/1684/3055 1730/1688/3059 1734/1693/3064
f 1728/1686/3057 1734/1693/3064 1733/1692/3063
f 1730/1688/3059 1727/1685/3056 1735/1694/3065
f 1727/1685/3056 1731/1689/3060 1735/1694/3065
f 1736/1695/3066 1731/1689/3060 1413/1670/3041
f 1736/1695/3066 1735/1694/3065 1731/1689/3060
f 1736/1695/3066 1413/1670/3041 1414/1696/3067
f 1407/1691/3062 1732/1690/3061 1737/1697/3068
f 1407/1691/3062 1737/1697/3068 1411/1698/3069
f 1415/1699/3070 1411/1698/3069 1737/1697/3068
f 1732/1690/3061 1733/1692/3063 1738/1700/3071
f 1732/1690/3061 1738/1700/3071 1737/1697/3068
f 1733/1692/3063 1734/1693/3064 1739/1701/3072
f 1733/1692/3063 1739/1701/3072 1738/1700/3071
f 1734/1693/3064 1730/1688/3059 1740/1702/3073
f 1730/1688/3059 1735/1694/3065 1740/1702/3073
f 1734/1693/3064 1740/1702/3073 1739/1701/3072
f 1736/1695/3066 1741/1703/3074 1735/1694/3065
f 1741/1703/3074 1740/1702/3073 1735/1694/3065
f 1589/1704/2869 1736/1695/3066 1414/1696/3067
f 1589/1704/2869 1741/1703/3074 1736/1695/3066
f 1589/1704/2869 1414/1696/3067 1416/1705/2871
f 1589/1704/2869 1582/1706/2861 1741/1703/3074
f 1741/1703/3074 1742/1707/3075 1740/1702/3073
f 1582/1706/2861 1742/1707/3075 1741/1703/3074
f 1742/1707/3075 1739/1701/3072 1740/1702/3073
f 1582/1706/2861 1577/1708/2855 1742/1707/3075
f 1742/1707/3075 1743/1709/3076 1739/1701/3072
f 1577/1708/2855 1743/1709/3076 1742/1707/3075
f 1743/1709/3076 1738/1700/3071 1739/1701/3072
f 1577/1708/2855 1572/1710/2849 1743/1709/3076
f 1743/1709/3076 1744/1711/3077 1738/1700/3071
f 1572/1710/2849 1744/1711/3077 1743/1709/3076
f 1744/1711/3077 1737/1697/3068 1738/1700/3071
f 1572/1710/2849 1569/1712/2845 1744/1711/3077
f 1744/1711/3077 1745/1713/3078 1737/1697/3068
f 1569/1712/2845 1745/1713/3078 1744/1711/3077
f 1415/1699/3070 1737/1697/3068 1745/1713/3078
f 1569/1712/2845 1566/1714/2841 1745/1713/3078
f 1417/1715/2840 1415/1699/3070 1745/1713/3078
f 1417/1715/2840 1745/1713/3078 1566/1714/2841
f 1746/1716/3079 1748/1717/3079 1747/1718/3079
f 1749/1716/3080 1751/1718/3081 1750/1717/3081
f 1752/1719/3082 1754/1720/3082 1753/1721/3082
f 1754/1720/3082 1752/1719/3082 1755/1722/3082
f 1756/1723/3083 1758/1724/3083 1757/1725/3083
f 1758/1724/3083 1756/1723/3083 1759/1726/3083
f 1757/1725/3084 1760/1727/3084 1756/1723/3084
f 1760/1727/3084 1757/1725/3084 1761/1728/3084
f 1762/1729/3085 1764/1730/3085 1763/1731/3085
f 1764/1730/3085 1762/1729/3085 1765/1732/3085
f 1765/1732/3085 1766/1733/3086 1764/1730/3085
f 1765/1732/3085 1767/1734/3087 1766/1733/3086
f 1765/1732/3085 1768/1735/3085 1767/1734/3087
f 1769/1736/3088 1766/1733/3086 1767/1734/3087
f 1766/1733/3086 1769/1736/3088 1770/1737/3089
f 1769/1736/3088 1771/1738/3090 1770/1737/3089
f 1771/1738/3090 1769/1736/3088 1772/1739/3091
f 1772/1739/3091 1773/1740/3092 1771/1738/3090
f 1773/1740/3092 1772/1739/3091 1774/1741/3092
f 1746/1716/903 1776/1742/905 1775/1743/903
f 1776/1742/905 1746/1716/903 1777/1744/903
f 1777/1744/903 1778/1745/905 1776/1742/905
f 1778/1745/905 1777/1744/903 1779/1746/903
f 1746/1716/903 1780/1747/904 1777/1744/903
f 1780/1747/904 1781/1748/905 1777/1744/903
f 1780/1747/904 1746/1716/903 1782/1749/903
f 1746/1716/903 1783/1750/905 1782/1749/903
f 1784/1751/903 1780/1747/904 1782/1749/903
f 1780/1747/904 1784/1751/903 1785/1752/904
f 1786/1753/903 1785/1752/904 1784/1751/903
f 1784/1751/903 1787/1754/905 1786/1753/903
f 1787/1754/905 1784/1751/903 1788/1755/905
f 1785/1752/904 1786/1753/903 1753/1756/903
f 1753/1756/903 1789/1757/903 1785/1752/904
f 1789/1757/903 1753/1756/903 1790/1758/3093
f 1786/1753/903 1791/1759/903 1753/1756/903
f 1768/1760/903 1753/1756/903 1791/1759/903
f 1753/1756/903 1768/1760/903 1765/1761/903
f 1765/1761/903 1752/1762/905 1753/1756/903
f 1752/1762/905 1765/1761/903 1762/1763/903
f 1781/1764/3094 1792/1765/3095 1777/1766/3095
f 1792/1765/3095 1781/1764/3094 1793/1767/3094
f 1781/1764/3094 1794/1768/3096 1793/1767/3094
f 1794/1768/3096 1781/1764/3094 1780/1769/3097
f 1785/1770/3098 1794/1768/3096 1780/1769/3097
f 1794/1768/3096 1785/1770/3098 1795/1771/3099
f 1789/1772/3100 1795/1771/3099 1785/1770/3098
f 1795/1771/3099 1789/1772/3100 1796/1773/3101
f 1790/1774/3102 1796/1773/3101 1789/1772/3100
f 1796/1773/3101 1790/1774/3102 1797/1775/3102
f 1790/1774/3102 1754/1720/3103 1797/1775/3102
f 1754/1720/3103 1790/1774/3102 1753/1721/3104
f 1761/1728/3105 1748/1776/3105 1760/1727/3105
f 1748/1776/3105 1761/1728/3105 1747/1777/3105
f 1798/1778/3106 1800/1779/3107 1799/1780/3108
f 1798/1778/3106 1801/1781/3109 1800/1779/3107
f 1802/1782/3110 1801/1781/3109 1798/1778/3106
f 1802/1782/3110 1803/1783/3111 1801/1781/3109
f 1803/1783/3111 1802/1782/3110 1804/1784/3112
f 1803/1783/3111 1804/1784/3112 1805/1785/3113
f 1805/1785/3113 1804/1784/3112 1806/1786/3114
f 1805/1785/3113 1806/1786/3114 1807/1787/3115
f 1807/1787/3115 1806/1786/3114 1808/1788/3116
f 1807/1787/3115 1808/1788/3116 1809/1789/3117
f 1809/1789/3117 1808/1788/3116 1810/1790/3118
f 1809/1789/3117 1810/1790/3118 1811/1791/3119
f 1811/1791/3119 1810/1790/3118 1799/1792/3108
f 1811/1791/3119 1799/1792/3108 1800/1793/3107
f 1797/1794/3120 1795/1795/886 1796/1796/887
f 1795/1795/886 1797/1794/3120 1754/1797/886
f 1754/1797/886 1812/1798/886 1795/1795/886
f 1813/1799/886 1795/1795/886 1812/1798/886
f 1795/1795/886 1813/1799/886 1794/1800/886
f 1813/1799/886 1792/1801/886 1794/1800/886
f 1792/1801/886 1793/1802/886 1794/1800/886
f 1812/1798/886 1754/1797/886 1814/1803/886
f 1814/1803/886 1815/1804/3121 1812/1798/886
f 1815/1804/3121 1814/1803/886 1816/1805/3120
f 1814/1803/886 1754/1797/886 1758/1806/3122
f 1792/1801/886 1813/1799/886 1747/1807/3123
f 1813/1799/886 1817/1808/887 1747/1807/3123
f 1818/1809/3124 1792/1801/886 1747/1807/3123
f 1761/1810/3125 1818/1809/3124 1747/1807/3123
f 1792/1801/886 1818/1809/3124 1819/1811/886
f 1819/1811/886 1820/1812/3120 1792/1801/886
f 1820/1812/3120 1819/1811/886 1821/1813/887
f 1818/1809/3124 1761/1810/3125 1822/1814/3126
f 1761/1810/3125 1823/1815/3127 1822/1814/3126
f 1823/1815/3127 1761/1810/3125 1773/1740/3128
f 1761/1810/3125 1757/1816/3129 1773/1740/3128
f 1771/1738/3130 1773/1740/3128 1757/1816/3129
f 1770/1737/3131 1771/1738/3130 1757/1816/3129
f 1758/1806/3122 1770/1737/3131 1757/1816/3129
f 1770/1737/3131 1758/1806/3122 1766/1817/3132
f 1758/1806/3122 1764/1818/886 1766/1817/3132
f 1764/1818/886 1758/1806/3122 1754/1797/886
f 1754/1797/886 1763/1819/3120 1764/1818/886
f 1763/1819/3120 1754/1797/886 1755/1820/3120
f 1824/1821/3133 1826/1822/3133 1825/1823/3133
f 1824/1821/3133 1827/1824/3133 1826/1822/3133
f 1774/1741/3134 1829/1825/3135 1828/1826/3136
f 1830/1827/3137 1774/1741/3134 1828/1826/3136
f 1774/1741/3134 1830/1827/3137 1831/1828/3138
f 1832/1829/3139 1831/1828/3138 1830/1827/3137
f 1831/1828/3138 1827/1830/3140 1774/1741/3134
f 1827/1830/3140 1824/1831/3141 1774/1741/3134
f 1831/1828/3138 1833/1832/3142 1827/1830/3140
f 1832/1829/3139 1834/1833/3143 1831/1828/3138
f 1834/1833/3143 1833/1832/3142 1831/1828/3138
f 1834/1833/3143 1835/1834/3144 1833/1832/3142
f 1836/1835/3145 1834/1833/3143 1832/1829/3139
f 1826/1836/3146 1835/1834/3144 1834/1833/3143
f 1836/1835/3145 1837/1837/3147 1834/1833/3143
f 1826/1836/3146 1834/1833/3143 1837/1837/3147
f 1838/1838/3148 1837/1837/3147 1836/1835/3145
f 1839/1839/3149 1826/1836/3146 1837/1837/3147
f 1838/1838/3148 1839/1839/3149 1837/1837/3147
f 1823/1840/3127 1839/1839/3149 1838/1838/3148
f 1823/1840/3127 1773/1841/3128 1839/1839/3149
f 1839/1839/3149 1825/1842/3150 1826/1836/3146
f 1839/1839/3149 1773/1841/3128 1825/1842/3150
f 1774/1843/3151 1825/1842/3150 1773/1841/3128
f 1774/1843/3151 1824/1844/3152 1825/1842/3150
f 1747/1718/3153 1783/1845/3154 1746/1716/3155
f 1783/1845/3154 1747/1718/3153 1817/1846/3156
f 1817/1846/3156 1782/1847/3157 1783/1845/3154
f 1782/1847/3157 1817/1846/3156 1813/1848/3158
f 1812/1849/3159 1782/1847/3157 1813/1848/3158
f 1782/1847/3157 1812/1849/3159 1784/1850/3160
f 1812/1849/3159 1788/1851/3159 1784/1850/3160
f 1788/1851/3159 1812/1849/3159 1815/1852/3159
f 1816/1853/3161 1788/1851/3159 1815/1852/3159
f 1788/1851/3159 1816/1853/3161 1787/1854/3162
f 1814/1855/3163 1787/1854/3162 1816/1853/3161
f 1787/1854/3162 1814/1855/3163 1786/1856/3164
f 1840/1857/3165 1748/1717/3166 1841/1858/3167
f 1748/1717/3166 1840/1857/3165 1760/1859/3168
f 1840/1857/3165 1829/1825/3169 1760/1859/3168
f 1829/1825/3169 1774/1741/3170 1760/1859/3168
f 1774/1741/3170 1772/1739/3171 1760/1859/3168
f 1760/1859/3168 1772/1739/3171 1756/1860/3172
f 1756/1860/3172 1772/1739/3171 1769/1861/3173
f 1767/1862/3174 1756/1860/3172 1769/1861/3173
f 1756/1860/3172 1767/1862/3174 1759/1863/3174
f 1820/1864/3084 1778/1865/3084 1779/1866/3084
f 1778/1865/3084 1820/1864/3084 1821/1867/3084
f 1842/1843/3175 1844/1842/3176 1843/1844/3175
f 1842/1843/3175 1845/1841/3177 1844/1842/3176
f 1846/1839/3178 1844/1842/3176 1845/1841/3177
f 1847/1840/3179 1846/1839/3178 1845/1841/3177
f 1847/1840/3179 1848/1838/3180 1846/1839/3178
f 1846/1839/3178 1849/1836/3181 1844/1842/3176
f 1848/1838/3180 1850/1837/3182 1846/1839/3178
f 1846/1839/3178 1850/1837/3182 1849/1836/3181
f 1848/1838/3180 1851/1835/3183 1850/1837/3182
f 1849/1836/3181 1850/1837/3182 1852/1833/3184
f 1851/1835/3183 1852/1833/3184 1850/1837/3182
f 1849/1836/3181 1852/1833/3184 1853/1834/3185
f 1851/1835/3183 1854/1829/3186 1852/1833/3184
f 1852/1833/3184 1855/1832/3187 1853/1834/3185
f 1854/1829/3186 1856/1828/3188 1852/1833/3184
f 1852/1833/3184 1856/1828/3188 1855/1832/3187
f 1854/1829/3186 1857/1827/3189 1856/1828/3188
f 1856/1828/3188 1858/1830/3190 1855/1832/3187
f 1842/1741/3191 1856/1828/3188 1857/1827/3189
f 1856/1828/3188 1842/1741/3191 1858/1830/3190
f 1858/1830/3190 1842/1741/3191 1843/1831/3192
f 1857/1827/3189 1859/1826/3193 1842/1741/3191
f 1842/1741/3191 1859/1826/3193 1860/1825/3194
f 1835/1834/3195 1827/1824/3195 1833/1832/3195
f 1835/1834/3195 1826/1822/3196 1827/1824/3195
f 1748/1717/3197 1775/1743/3197 1841/1858/3197
f 1775/1743/3197 1748/1717/3197 1746/1716/3197
f 1819/1811/3198 1778/1868/3198 1821/1813/3198
f 1778/1868/3198 1819/1811/3198 1776/1869/3198
f 1819/1811/3198 1775/1870/3082 1776/1869/3198
f 1819/1811/3198 1841/1871/3199 1775/1870/3082
f 1819/1811/3198 1818/1809/3199 1841/1871/3199
f 1822/1814/3200 1841/1871/3199 1818/1809/3199
f 1841/1871/3199 1822/1814/3200 1840/1872/3201
f 1822/1814/3200 1829/1873/3202 1840/1872/3201
f 1829/1873/3202 1822/1814/3200 1823/1815/3203
f 1763/1731/3204 1752/1719/3204 1762/1729/3204
f 1752/1719/3204 1763/1731/3204 1755/1722/3204
f 1792/1765/3205 1779/1866/3205 1777/1766/3205
f 1779/1866/3205 1792/1765/3205 1820/1864/3205
f 1861/1743/3206 1749/1716/3206 1750/1717/3206
f 1750/1717/3206 1862/1858/3206 1861/1743/3206
f 1863/1854/3207 1865/1856/3208 1864/1855/3209
f 1864/1855/3209 1866/1853/3210 1863/1854/3207
f 1867/1851/3211 1863/1854/3207 1866/1853/3210
f 1866/1853/3210 1868/1852/3211 1867/1851/3211
f 1867/1851/3211 1868/1852/3211 1869/1849/3211
f 1869/1849/3211 1870/1850/3212 1867/1851/3211
f 1871/1847/3213 1870/1850/3212 1869/1849/3211
f 1869/1849/3211 1872/1848/3213 1871/1847/3213
f 1871/1847/3213 1872/1848/3213 1873/1846/3214
f 1873/1846/3214 1874/1845/3215 1871/1847/3213
f 1874/1845/3215 1873/1846/3214 1751/1718/3216
f 1751/1718/3216 1749/1716/3217 1874/1845/3215
f 1843/1821/3218 1849/1822/3218 1858/1824/3219
f 1843/1821/3218 1844/1823/3218 1849/1822/3218
f 1853/1834/3220 1858/1824/3220 1849/1822/3221
f 1853/1834/3220 1855/1832/3222 1858/1824/3220
f 1875/1791/3223 1877/1793/3224 1876/1792/3225
f 1875/1791/3223 1876/1792/3225 1878/1790/3226
f 1879/1789/3227 1875/1791/3223 1878/1790/3226
f 1879/1789/3227 1878/1790/3226 1880/1788/3228
f 1881/1787/3229 1879/1789/3227 1880/1788/3228
f 1881/1787/3229 1880/1788/3228 1882/1786/3230
f 1883/1785/3231 1881/1787/3229 1882/1786/3230
f 1883/1785/3231 1882/1786/3230 1884/1784/3232
f 1885/1783/3233 1883/1785/3231 1884/1784/3232
f 1885/1783/3233 1884/1784/3232 1886/1782/3234
f 1886/1782/3234 1887/1781/3235 1885/1783/3233
f 1886/1782/3234 1888/1778/3236 1887/1781/3235
f 1888/1778/3236 1877/1779/3224 1887/1781/3235
f 1888/1778/3236 1876/1780/3225 1877/1779/3224
f 1759/1863/3237 1814/1855/3238 1758/1874/3238
f 1759/1863/3237 1786/1856/3238 1814/1855/3238
f 1759/1863/3237 1791/1759/3239 1786/1856/3238
f 1767/1862/3240 1791/1759/3239 1759/1863/3237
f 1791/1759/3239 1767/1862/3240 1768/1760/3240
f 1889/1794/1216 1891/1796/3241 1890/1795/1216
f 1890/1795/1216 1892/1797/1216 1889/1794/1216
f 1892/1797/1216 1890/1795/1216 1869/1798/1216
f 1872/1799/1216 1869/1798/1216 1890/1795/1216
f 1890/1795/1216 1893/1800/1195 1872/1799/1216
f 1872/1799/1216 1893/1800/1195 1894/1801/1216
f 1894/1801/1216 1893/1800/1195 1895/1802/3242
f 1869/1798/1216 1864/1803/1216 1892/1797/1216
f 1864/1803/1216 1869/1798/1216 1868/1804/1195
f 1868/1804/1195 1866/1805/1195 1864/1803/1216
f 1864/1803/1216 1896/1806/3243 1892/1797/1216
f 1894/1801/1216 1751/1807/3244 1872/1799/1216
f 1872/1799/1216 1751/1807/3244 1873/1808/3241
f 1897/1809/3245 1751/1807/3244 1894/1801/1216
f 1898/1810/3246 1751/1807/3244 1897/1809/3245
f 1894/1801/1216 1899/1811/1216 1897/1809/3245
f 1899/1811/1216 1894/1801/1216 1900/1812/1216
f 1900/1812/1216 1901/1813/1216 1899/1811/1216
f 1897/1809/3245 1902/1814/3247 1898/1810/3246
f 1898/1810/3246 1902/1814/3247 1847/1815/3179
f 1847/1815/3179 1845/1740/3177 1898/1810/3246
f 1898/1810/3246 1845/1740/3177 1903/1816/3248
f 1904/1738/3249 1903/1816/3248 1845/1740/3177
f 1905/1737/3250 1903/1816/3248 1904/1738/3249
f 1896/1806/3243 1903/1816/3248 1905/1737/3250
f 1905/1737/3250 1906/1817/3251 1896/1806/3243
f 1896/1806/3243 1906/1817/3251 1907/1818/1216
f 1907/1818/1216 1892/1797/1216 1896/1806/3243
f 1892/1797/1216 1907/1818/1216 1908/1819/3252
f 1908/1819/3252 1909/1820/1195 1892/1797/1216
f 1910/1757/3253 1912/1758/3254 1911/1756/2446
f 1911/1756/2446 1913/1752/2446 1910/1757/3253
f 1913/1752/2446 1911/1756/2446 1865/1753/2446
f 1865/1753/2446 1870/1751/2446 1913/1752/2446
f 1914/1747/2446 1913/1752/2446 1870/1751/2446
f 1870/1751/2446 1865/1753/2446 1863/1754/2446
f 1863/1754/2446 1867/1755/2446 1870/1751/2446
f 1865/1753/2446 1911/1756/2446 1915/1759/2446
f 1916/1760/2446 1915/1759/2446 1911/1756/2446
f 1911/1756/2446 1917/1761/2446 1916/1760/2446
f 1917/1761/2446 1911/1756/2446 1918/1762/2446
f 1918/1762/2446 1919/1763/2446 1917/1761/2446
f 1870/1751/2446 1871/1749/2446 1914/1747/2446
f 1914/1747/2446 1871/1749/2446 1749/1716/2446
f 1749/1716/2446 1871/1749/2446 1874/1750/3253
f 1749/1716/2446 1920/1744/2446 1914/1747/2446
f 1914/1747/2446 1920/1744/2446 1921/1748/2446
f 1922/1742/2446 1920/1744/2446 1749/1716/2446
f 1749/1716/2446 1861/1743/2446 1922/1742/2446
f 1920/1744/2446 1922/1742/2446 1923/1745/2446
f 1923/1745/2446 1924/1746/2446 1920/1744/2446
f 1892/1720/3255 1911/1721/3256 1912/1774/3257
f 1912/1774/3257 1889/1775/3257 1892/1720/3255
f 1891/1773/3258 1889/1775/3257 1912/1774/3257
f 1912/1774/3257 1910/1772/3259 1891/1773/3258
f 1890/1771/3260 1891/1773/3258 1910/1772/3259
f 1910/1772/3259 1913/1770/3258 1890/1771/3260
f 1893/1768/3261 1890/1771/3260 1913/1770/3258
f 1913/1770/3258 1914/1769/3262 1893/1768/3261
f 1893/1768/3261 1914/1769/3262 1921/1764/3094
f 1921/1764/3094 1895/1767/3263 1893/1768/3261
f 1894/1765/3264 1895/1767/3263 1921/1764/3094
f 1921/1764/3094 1920/1766/3264 1894/1765/3264
f 1925/1860/3265 1927/1863/3266 1926/1862/3266
f 1926/1862/3266 1928/1861/3267 1925/1860/3265
f 1925/1860/3265 1928/1861/3267 1929/1739/3268
f 1930/1859/3269 1925/1860/3265 1929/1739/3268
f 1842/1741/3270 1930/1859/3269 1929/1739/3268
f 1860/1825/3271 1930/1859/3269 1842/1741/3270
f 1931/1857/3272 1930/1859/3269 1860/1825/3271
f 1750/1717/3273 1930/1859/3269 1931/1857/3272
f 1931/1857/3272 1862/1858/3274 1750/1717/3273
f 1917/1732/3275 1926/1734/3276 1916/1735/3275
f 1917/1732/3275 1906/1733/3277 1926/1734/3276
f 1928/1736/3278 1926/1734/3276 1906/1733/3277
f 1917/1732/3275 1907/1730/3275 1906/1733/3277
f 1907/1730/3275 1917/1732/3275 1919/1729/3275
f 1919/1729/3275 1908/1731/3279 1907/1730/3275
f 1906/1733/3277 1905/1737/3278 1928/1736/3278
f 1928/1736/3278 1905/1737/3278 1904/1738/3280
f 1904/1738/3280 1929/1739/3281 1928/1736/3278
f 1929/1739/3281 1904/1738/3280 1845/1740/3282
f 1845/1740/3282 1842/1741/3282 1929/1739/3281
f 1927/1863/3283 1896/1874/3284 1864/1855/3284
f 1927/1863/3283 1864/1855/3284 1865/1856/3285
f 1927/1863/3283 1865/1856/3285 1915/1759/3286
f 1926/1862/3287 1927/1863/3283 1915/1759/3286
f 1915/1759/3286 1916/1760/3287 1926/1862/3287
f 1925/1723/3288 1903/1725/3288 1896/1724/3288
f 1896/1724/3288 1927/1726/3288 1925/1723/3288
f 1930/1727/3289 1898/1728/3289 1903/1725/3289
f 1903/1725/3289 1925/1723/3289 1930/1727/3289
f 1750/1776/3290 1751/1777/3290 1898/1728/3290
f 1898/1728/3290 1930/1727/3290 1750/1776/3290
f 1892/1720/3291 1909/1722/3291 1918/1719/3292
f 1918/1719/3292 1911/1721/3292 1892/1720/3291
f 1924/1866/3293 1900/1864/3275 1894/1765/3275
f 1894/1765/3275 1920/1766/3293 1924/1866/3293
f 1908/1731/3294 1919/1729/3294 1918/1719/3294
f 1918/1719/3294 1909/1722/3294 1908/1731/3294
f 1923/1865/3289 1901/1867/3289 1900/1864/3289
f 1900/1864/3289 1924/1866/3289 1923/1865/3289
f 1860/1873/3295 1847/1815/3296 1902/1814/3297
f 1902/1814/3297 1931/1872/3298 1860/1873/3295
f 1862/1871/3299 1931/1872/3298 1902/1814/3297
f 1902/1814/3297 1897/1809/3300 1862/1871/3299
f 1899/1811/3301 1862/1871/3299 1897/1809/3300
f 1899/1811/3301 1861/1870/3291 1862/1871/3299
f 1899/1811/3301 1922/1869/3301 1861/1870/3291
f 1923/1868/3301 1922/1869/3301 1899/1811/3301
f 1899/1811/3301 1901/1813/3301 1923/1868/3301
f 1851/1875/3302 1848/1876/3302 1886/1877/3302
f 1851/1875/3302 1886/1877/3302 1884/1878/3302
f 1848/1876/3302 1888/1879/3302 1886/1877/3302
f 1854/1880/3303 1851/1875/3302 1884/1878/3302
f 1848/1876/3302 1847/1815/3302 1888/1879/3302
f 1854/1880/3303 1884/1878/3302 1882/1881/3303
f 1847/1815/3302 1876/1882/3304 1888/1879/3302
f 1857/1883/3302 1854/1880/3303 1882/1881/3303
f 1847/1815/3302 1860/1873/3304 1876/1882/3304
f 1857/1883/3302 1882/1881/3303 1880/1884/3302
f 1860/1873/3304 1878/1885/3302 1876/1882/3304
f 1880/1884/3302 1859/1886/3302 1857/1883/3302
f 1860/1873/3304 1859/1886/3302 1878/1885/3302
f 1880/1884/3302 1878/1885/3302 1859/1886/3302
f 1838/1876/3305 1798/1879/3305 1823/1815/3305
f 1838/1876/3305 1802/1877/3305 1798/1879/3305
f 1823/1815/3305 1798/1879/3305 1799/1882/3306
f 1836/1875/3305 1802/1877/3305 1838/1876/3305
f 1823/1815/3305 1799/1882/3306 1829/1873/3306
f 1836/1875/3305 1804/1878/3305 1802/1877/3305
f 1829/1873/3306 1799/1882/3306 1810/1885/3305
f 1832/1880/3306 1804/1878/3305 1836/1875/3305
f 1829/1873/3306 1810/1885/3305 1828/1886/3305
f 1832/1880/3306 1806/1881/3306 1804/1878/3305
f 1808/1884/3307 1828/1886/3305 1810/1885/3305
f 1830/1883/3307 1806/1881/3306 1832/1880/3306
f 1830/1883/3307 1808/1884/3307 1806/1881/3306
f 1808/1884/3307 1830/1883/3307 1828/1886/3305
f 1932/1887/3308 1934/1888/3308 1933/1889/3308
f 1933/1889/3309 1936/1890/3309 1935/1891/3309
f 1937/1892/3310 1939/1893/3310 1938/1894/3310
f 1940/1895/3311 1941/1896/3311 1937/1892/3311
f 1942/1897/3312 1944/1898/3313 1943/1899/3313
f 1944/1898/3314 1945/1900/3315 1943/1899/3314
f 1946/1901/3316 1945/1900/3317 1944/1898/3318
f 1944/1898/3318 1947/1902/3319 1946/1901/3316
f 1948/1903/3320 1950/1904/3321 1949/1905/3322
f 1949/1905/3322 1951/1906/3323 1948/1903/3320
f 1947/1902/3324 1953/1907/3325 1952/1908/3324
f 1952/1908/3324 1946/1901/3326 1947/1902/3324
f 1950/1904/3327 1952/1908/3328 1953/1907/3327
f 1953/1907/3327 1949/1905/3329 1950/1904/3327
f 1954/1909/3330 1942/1897/3331 1943/1910/3332
f 1943/1910/3332 1955/1911/3333 1954/1909/3330
f 1956/1912/3334 1954/1909/3330 1955/1911/3333
f 1955/1911/3333 1932/1887/3335 1956/1912/3334
f 1933/1889/3336 1956/1912/3334 1932/1887/3337
f 1957/1913/3338 1959/1914/3339 1958/1915/3340
f 1958/1915/3340 1960/1916/3341 1957/1913/3338
f 1936/1890/3342 1957/1913/3338 1960/1916/3341
f 1960/1916/3341 1958/1915/3340 1961/1917/3343
f 1960/1916/3341 1935/1891/3344 1936/1890/3342
f 1961/1917/3343 1962/1918/3345 1960/1916/3341
f 1935/1891/3344 1960/1916/3341 1962/1918/3345
f 1962/1918/3345 1963/1919/3346 1935/1891/3344
f 1962/1918/3345 1961/1917/3343 1964/1920/3347
f 1964/1920/3347 1965/1921/3348 1962/1918/3345
f 1965/1921/3348 1964/1920/3347 1966/1922/3349
f 1963/1919/3346 1962/1918/3345 1967/1923/3350
f 1967/1923/3350 1962/1918/3345 1965/1921/3348
f 1965/1921/3348 1966/1922/3349 1968/1924/3351
f 1968/1924/3351 1969/1925/3352 1965/1921/3348
f 1969/1925/3352 1968/1924/3351 1970/1926/3353
f 1970/1926/3353 1971/1927/3354 1969/1925/3352
f 1971/1927/3354 1970/1926/3353 1972/1928/3355
f 1972/1928/3355 1973/1929/3356 1971/1927/3354
f 1973/1929/3356 1972/1928/3355 1974/1930/3357
f 1969/1925/3352 1971/1927/3354 1975/1931/3358
f 1971/1927/3354 1973/1929/3356 1975/1931/3358
f 1965/1921/3348 1969/1925/3352 1976/1932/3359
f 1975/1931/3358 1976/1932/3359 1969/1925/3352
f 1965/1921/3348 1977/1933/3360 1967/1923/3350
f 1976/1932/3359 1978/1934/3361 1965/1921/3348
f 1977/1933/3360 1965/1921/3348 1978/1934/3361
f 1977/1933/3360 1979/1935/3362 1967/1923/3350
f 1942/1897/3363 1967/1923/3350 1979/1935/3362
f 1979/1935/3362 1944/1898/3364 1942/1897/3363
f 1944/1898/3364 1979/1935/3362 1980/1936/3365
f 1980/1936/3365 1947/1902/3366 1944/1898/3364
f 1947/1902/3366 1980/1936/3365 1981/1937/3367
f 1981/1937/3367 1953/1907/3368 1947/1902/3366
f 1953/1907/3368 1981/1937/3367 1982/1938/3369
f 1982/1938/3369 1981/1937/3367 1980/1936/3365
f 1982/1938/3369 1949/1905/3370 1953/1907/3368
f 1949/1905/3370 1982/1938/3369 1983/1939/3371
f 1980/1936/3365 1983/1939/3371 1982/1938/3369
f 1983/1939/3371 1951/1906/3372 1949/1905/3370
f 1984/1940/3373 1980/1936/3365 1979/1935/3362
f 1983/1939/3371 1980/1936/3365 1984/1940/3373
f 1985/1941/3374 1979/1935/3362 1977/1933/3360
f 1979/1935/3362 1985/1941/3374 1984/1940/3373
f 1986/1942/3375 1984/1940/3373 1985/1941/3374
f 1951/1906/3372 1983/1939/3371 1987/1943/3376
f 1987/1943/3376 1988/1944/3377 1951/1906/3372
f 1984/1940/3373 1989/1945/3378 1983/1939/3371
f 1989/1945/3378 1984/1940/3373 1986/1942/3375
f 1987/1943/3376 1983/1939/3371 1989/1945/3378
f 1977/1933/3360 1990/1946/3379 1985/1941/3374
f 1978/1934/3361 1990/1946/3379 1977/1933/3360
f 1988/1944/3377 1987/1943/3376 1991/1947/3380
f 1991/1947/3380 1992/1948/3381 1988/1944/3377
f 1989/1945/3378 1993/1949/3382 1987/1943/3376
f 1987/1943/3376 1993/1949/3382 1991/1947/3380
f 1994/1950/3383 1985/1941/3374 1990/1946/3379
f 1985/1941/3374 1994/1950/3383 1986/1942/3375
f 1995/1951/3384 1990/1946/3379 1978/1934/3361
f 1990/1946/3379 1995/1951/3384 1994/1950/3383
f 1992/1948/3381 1991/1947/3380 1996/1952/3385
f 1996/1952/3385 1997/1953/3386 1992/1948/3381
f 1998/1954/3387 1997/1953/3386 1996/1952/3385
f 1993/1949/3382 1989/1945/3378 1999/1955/3388
f 1986/1942/3375 1999/1955/3388 1989/1945/3378
f 1991/1947/3380 1993/1949/3382 2000/1956/3389
f 2000/1956/3389 1996/1952/3385 1991/1947/3380
f 1999/1955/3388 2000/1956/3389 1993/1949/3382
f 1996/1952/3385 2001/1957/3390 1998/1954/3387
f 2001/1957/3390 1996/1952/3385 2000/1956/3389
f 2002/1958/3391 1998/1954/3387 2001/1957/3390
f 2003/1959/3392 2000/1956/3389 1999/1955/3388
f 2000/1956/3389 2003/1959/3392 2001/1957/3390
f 2001/1957/3390 2004/1960/3393 2002/1958/3391
f 2004/1960/3393 2001/1957/3390 2003/1959/3392
f 2005/1961/3394 2002/1958/3391 2004/1960/3393
f 1999/1955/3388 2006/1962/3395 2003/1959/3392
f 2004/1960/3393 2003/1959/3392 2006/1962/3395
f 2006/1962/3395 1999/1955/3388 1986/1942/3375
f 2004/1960/3393 2007/1963/3396 2005/1961/3394
f 2006/1962/3395 2007/1963/3396 2004/1960/3393
f 2008/1964/3397 2005/1961/3394 2007/1963/3396
f 1986/1942/3375 2009/1965/3398 2006/1962/3395
f 2007/1963/3396 2006/1962/3395 2009/1965/3398
f 2007/1963/3396 2010/1966/3399 2008/1964/3397
f 2011/1967/3400 2008/1964/3397 2010/1966/3399
f 2010/1966/3399 2007/1963/3396 2012/1968/3401
f 2009/1965/3398 2012/1968/3401 2007/1963/3396
f 2010/1966/3399 2013/1969/3402 2011/1967/3400
f 2012/1968/3401 2013/1969/3402 2010/1966/3399
f 2014/1970/3403 2011/1967/3400 2013/1969/3402
f 2013/1969/3402 2012/1968/3401 2014/1970/3403
f 2015/1971/3404 2014/1970/3403 2012/1968/3401
f 2012/1968/3401 2016/1972/3405 2015/1971/3404
f 2016/1972/3405 2012/1968/3401 2009/1965/3398
f 2017/1973/3406 2015/1971/3404 2016/1972/3405
f 2016/1972/3405 2018/1974/3407 2017/1973/3406
f 2019/1975/3408 2009/1965/3398 1986/1942/3375
f 2009/1965/3398 2019/1975/3408 2016/1972/3405
f 1986/1942/3375 1994/1950/3383 2019/1975/3408
f 2020/1976/3409 2016/1972/3405 2019/1975/3408
f 2020/1976/3409 2018/1974/3407 2016/1972/3405
f 2018/1974/3407 2020/1976/3409 2021/1977/3410
f 2021/1977/3410 2022/1978/3411 2018/1974/3407
f 2023/1979/3412 2018/1974/3407 2022/1978/3411
f 1940/1895/3413 2023/1979/3412 2022/1978/3411
f 2024/1980/3414 2019/1975/3408 1994/1950/3383
f 2019/1975/3408 2024/1980/3414 2020/1976/3409
f 1994/1950/3383 1995/1951/3384 2024/1980/3414
f 2020/1976/3409 2024/1980/3414 2025/1981/3415
f 2025/1981/3415 2024/1980/3414 1995/1951/3384
f 2025/1981/3415 2021/1977/3410 2020/1976/3409
f 1995/1951/3384 2026/1982/3416 2025/1981/3415
f 1978/1934/3361 2026/1982/3416 1995/1951/3384
f 2026/1982/3416 1978/1934/3361 1976/1932/3359
f 2027/1983/3417 2025/1981/3415 2026/1982/3416
f 2021/1977/3410 2025/1981/3415 2027/1983/3417
f 1976/1932/3359 2028/1984/3418 2026/1982/3416
f 2026/1982/3416 2028/1984/3418 2027/1983/3417
f 2028/1984/3418 1976/1932/3359 1975/1931/3358
f 1975/1931/3358 2029/1985/3419 2028/1984/3418
f 2029/1985/3419 1975/1931/3358 1973/1929/3356
f 2030/1986/3420 2027/1983/3417 2028/1984/3418
f 2028/1984/3418 2029/1985/3419 2030/1986/3420
f 1973/1929/3356 2031/1987/3421 2029/1985/3419
f 1974/1930/3357 2031/1987/3421 1973/1929/3356
f 2029/1985/3419 2031/1987/3421 2032/1988/3422
f 2032/1988/3422 2031/1987/3421 1974/1930/3357
f 2032/1988/3422 2030/1986/3420 2029/1985/3419
f 1974/1930/3357 2033/1989/3423 2032/1988/3422
f 2034/1990/3424 2032/1988/3422 2033/1989/3423
f 2034/1990/3424 2030/1986/3420 2032/1988/3422
f 2033/1989/3423 2035/1991/3425 2034/1990/3424
f 2036/1992/3426 2027/1983/3417 2030/1986/3420
f 2030/1986/3420 2034/1990/3424 2036/1992/3426
f 2036/1992/3426 2034/1990/3424 2035/1991/3425
f 2035/1991/3425 2037/1993/3427 2036/1992/3426
f 2027/1983/3417 2036/1992/3426 2021/1977/3410
f 2021/1977/3410 2036/1992/3426 2037/1993/3427
f 2037/1993/3427 2038/1994/3428 2021/1977/3410
f 2021/1977/3410 2038/1994/3428 2039/1995/3429
f 2022/1978/3411 2021/1977/3410 2039/1995/3429
f 2039/1995/3429 2040/1996/3430 2022/1978/3411
f 2041/1997/3431 2022/1978/3411 2040/1996/3430
f 2022/1978/3411 2041/1997/3431 1940/1895/3413
f 1941/1896/3432 1940/1895/3413 2041/1997/3431
f 2040/1996/3430 2042/1998/3433 2041/1997/3431
f 2041/1997/3431 2043/1999/3434 1941/1896/3432
f 2043/1999/3434 2041/1997/3431 2042/1998/3433
f 2042/1998/3433 2044/2000/3435 2043/1999/3434
f 2045/2001/3436 1948/1903/3437 1951/1906/3438
f 1951/1906/3438 1988/1944/3439 2045/2001/3436
f 2046/2002/3440 2045/2001/3436 1988/1944/3439
f 1988/1944/3439 1992/1948/3441 2046/2002/3440
f 2047/2003/3442 2046/2002/3440 1992/1948/3441
f 1992/1948/3441 1997/1953/3443 2047/2003/3442
f 2047/2003/3442 1997/1953/3443 1998/1954/3444
f 1998/1954/3444 2048/2004/3445 2047/2003/3442
f 2048/2004/3445 1998/1954/3444 2002/1958/3446
f 2002/1958/3446 2049/2005/3447 2048/2004/3445
f 2049/2005/3447 2002/1958/3446 2005/1961/3448
f 2005/1961/3448 2050/2006/3449 2049/2005/3447
f 2050/2006/3450 2005/1961/3451 2008/1964/3450
f 2008/1964/3452 2051/2007/3453 2050/2006/3452
f 2014/1970/3454 2053/2008/3455 2052/2009/3454
f 2052/2009/3456 2011/1967/3457 2014/1970/3456
f 2051/2007/3458 2008/1964/3459 2011/1967/3458
f 2011/1967/3458 2052/2009/3460 2051/2007/3458
f 1967/1923/3461 1942/1897/3462 1954/1909/3463
f 1954/1909/3463 1963/1919/3464 1967/1923/3461
f 1963/1919/3464 1954/1909/3463 1956/1912/3465
f 1956/1912/3465 1935/1891/3466 1963/1919/3464
f 1935/1891/3466 1956/1912/3465 1933/1889/3467
f 1959/1914/3468 1933/1889/3469 1934/1888/3470
f 1936/1890/3471 1933/1889/3469 1959/1914/3468
f 1959/1914/3468 1957/1913/3472 1936/1890/3471
f 1937/1892/3473 2054/2010/3474 1940/1895/3475
f 2023/1979/3476 1940/1895/3475 2054/2010/3474
f 2054/2010/3474 2055/2011/3477 2023/1979/3476
f 2018/1974/3478 2023/1979/3476 2055/2011/3477
f 2055/2011/3477 2017/1973/3479 2018/1974/3478
f 2053/2008/3480 2014/1970/3481 2015/1971/3482
f 2015/1971/3483 2056/2012/3484 2053/2008/3483
f 2015/1971/3485 2057/2013/3486 2056/2012/3487
f 2057/2013/3486 2015/1971/3485 2017/1973/3488
f 1958/1915/3489 1959/1914/3490 1934/1888/3491
f 1934/1888/3491 2058/2014/3492 1958/1915/3489
f 1961/1917/3493 1958/1915/3489 2058/2014/3492
f 2058/2014/3492 2059/2015/3494 1961/1917/3493
f 1964/1920/3495 1961/1917/3493 2059/2015/3494
f 2059/2015/3494 2060/2016/3496 1964/1920/3495
f 1966/1922/3497 1964/1920/3495 2060/2016/3496
f 2060/2016/3496 2061/2017/3498 1966/1922/3497
f 1968/1924/3499 1966/1922/3497 2061/2017/3498
f 2061/2017/3498 2062/2018/3500 1968/1924/3499
f 1970/1926/3501 1968/1924/3499 2062/2018/3500
f 2062/2018/3500 2063/2019/3502 1970/1926/3501
f 1972/1928/3503 1970/1926/3501 2063/2019/3502
f 2063/2019/3502 2064/2020/3504 1972/1928/3503
f 1974/1930/3505 1972/1928/3503 2064/2020/3504
f 2064/2020/3504 2065/2021/3506 1974/1930/3505
f 1974/1930/3505 2065/2021/3506 2066/2022/3507
f 2066/2022/3507 2033/1989/3508 1974/1930/3505
f 2033/1989/3508 2066/2022/3507 2067/2023/3509
f 2067/2023/3509 2035/1991/3510 2033/1989/3508
f 2035/1991/3510 2067/2023/3509 2068/2024/3511
f 2068/2024/3511 2037/1993/3512 2035/1991/3510
f 2037/1993/3512 2068/2024/3511 2069/2025/3513
f 2069/2025/3513 2038/1994/3514 2037/1993/3512
f 2038/1994/3514 2069/2025/3513 2070/2026/3515
f 2070/2026/3515 2039/1995/3516 2038/1994/3514
f 2039/1995/3516 2070/2026/3515 2071/2027/3517
f 2071/2027/3517 2040/1996/3518 2039/1995/3516
f 2040/1996/3518 2071/2027/3517 2072/2028/3519
f 2072/2028/3519 2042/1998/3520 2040/1996/3518
f 2042/1998/3520 2072/2028/3519 1939/1893/3521
f 1939/1893/3521 2044/2000/3522 2042/1998/3523
f 2057/2029/3524 2017/1973/3525 2055/2011/3526
f 2055/2011/3527 2073/2030/3528 2057/2029/3524
f 2073/2030/3528 2055/2011/3527 2054/2010/3529
f 2054/2010/3529 1938/1894/3530 2073/2030/3528
f 1938/1894/3530 2054/2010/3529 1937/1892/3531
f 1941/1896/3532 2043/1999/3533 2044/2000/3534
f 2044/2000/3534 1937/1892/3535 1941/1896/3532
f 2044/2000/3534 1939/1893/3536 1937/1892/3535
f 2074/2031/969 2076/2032/969 2075/2033/969
f 2077/2034/969 2074/2031/969 2075/2033/969
f 2077/2034/969 2075/2033/969 2078/2035/969
f 2079/2036/969 2077/2034/969 2078/2035/969
f 2079/2036/969 2078/2035/969 2080/2037/969
f 2079/2036/969 2080/2037/969 2081/2038/969
f 2081/2038/969 2080/2037/969 2082/2039/969
f 2079/2036/969 2083/2040/969 2077/2034/969
f 2083/2040/969 2084/2041/969 2077/2034/969
f 2084/2041/969 2085/2042/969 2077/2034/969
f 2084/2041/969 2086/2043/969 2085/2042/969
f 2086/2043/969 2087/2044/969 2085/2042/969
f 2083/2040/969 2088/2045/969 2084/2041/969
f 2083/2040/969 2089/2046/969 2088/2045/969
f 2089/2046/969 2090/2047/969 2088/2045/969
f 2079/2036/969 2091/2048/969 2083/2040/969
f 2091/2048/969 2092/2049/969 2083/2040/969
f 2091/2048/969 2093/2050/969 2092/2049/969
f 2093/2050/969 2094/2051/969 2092/2049/969
f 2079/2036/969 2095/2052/969 2091/2048/969
f 2079/2036/969 2096/2053/969 2095/2052/969
f 2096/2053/969 2097/2054/969 2095/2052/969
f 2098/2049/56 2100/2051/56 2099/2050/56
f 2101/2040/56 2098/2049/56 2099/2050/56
f 2101/2040/56 2099/2050/56 2102/2048/56
f 2103/2036/56 2101/2040/56 2102/2048/56
f 2103/2036/56 2102/2048/56 2104/2052/56
f 2103/2036/56 2104/2052/56 2105/2053/56
f 2105/2053/56 2104/2052/56 2106/2054/56
f 2103/2036/56 2107/2034/56 2101/2040/56
f 2107/2034/56 2108/2041/56 2101/2040/56
f 2108/2041/56 2109/2046/56 2101/2040/56
f 2108/2041/56 2110/2045/56 2109/2046/56
f 2110/2045/56 2111/2047/56 2109/2046/56
f 2107/2034/56 2112/2043/56 2108/2041/56
f 2107/2034/56 2113/2042/56 2112/2043/56
f 2113/2042/56 2114/2044/56 2112/2043/56
f 2103/2036/56 2115/2035/56 2107/2034/56
f 2115/2035/56 2116/2031/56 2107/2034/56
f 2115/2035/56 2117/2033/56 2116/2031/56
f 2117/2033/56 2118/2032/56 2116/2031/56
f 2103/2036/56 2119/2037/56 2115/2035/56
f 2103/2036/56 2120/2038/56 2119/2037/56
f 2120/2038/56 2121/2039/56 2119/2037/56
f 2122/2055/3537 2124/2056/3538 2123/2057/3539
f 2122/2055/3537 2125/2058/3540 2124/2056/3538
f 2126/2059/3541 2125/2058/3540 2122/2055/3537
f 2126/2059/3541 2127/2060/3542 2125/2058/3540
f 2128/2061/3543 2127/2060/3542 2126/2059/3541
f 2128/2061/3543 2129/2062/3544 2127/2060/3542
f 2128/2061/3543 2130/2063/3545 2129/2062/3544
f 2128/2061/3543 2131/2064/3546 2130/2063/3545
f 2131/2064/3546 2132/2065/3547 2130/2063/3545
f 2131/2064/3546 2133/2066/3548 2132/2065/3547
f 2132/2065/3547 2133/2066/3548 2134/2067/3549
f 2134/2067/3549 2133/2066/3548 2135/2068/3550
f 2132/2065/3547 2134/2067/3549 2136/2069/3551
f 2135/2068/3550 2137/2070/3552 2134/2067/3549
f 2138/2071/3553 2132/2065/3547 2136/2069/3551
f 2135/2068/3550 2139/2072/3554 2137/2070/3552
f 2138/2071/3553 2136/2069/3551 2140/2073/3555
f 2140/2073/3555 2137/2070/3552 2139/2072/3554
f 2140/2073/3555 2141/2074/3556 2138/2071/3553
f 2140/2073/3555 2139/2072/3554 2141/2074/3556
f 2139/2072/3554 2142/2075/3557 2141/2074/3556
f 2139/2072/3554 2143/2076/3558 2142/2075/3557
f 2143/2076/3558 2144/2077/3559 2142/2075/3557
f 2143/2076/3558 2145/2078/3560 2144/2077/3559
f 2146/2079/3561 2144/2077/3559 2145/2078/3560
f 2146/2079/3561 2147/2080/3562 2144/2077/3559
f 2148/2081/3563 2147/2080/3562 2146/2079/3561
f 2148/2081/3563 2149/2082/3564 2147/2080/3562
f 2149/2082/3564 2148/2081/3563 2150/2083/3565
f 2150/2083/3565 2148/2081/3563 2151/2084/3566
f 2149/2082/3564 2150/2083/3565 2152/2085/3567
f 2151/2084/3566 2153/2086/3568 2150/2083/3565
f 2154/2087/3569 2149/2082/3564 2152/2085/3567
f 2151/2084/3566 2155/2088/3570 2153/2086/3568
f 2154/2087/3569 2152/2085/3567 2156/2089/3571
f 2156/2089/3571 2153/2086/3568 2155/2088/3570
f 2156/2089/3571 2157/2090/3572 2154/2087/3569
f 2156/2089/3571 2155/2088/3570 2157/2090/3572
f 2158/2091/3573 2157/2090/3572 2155/2088/3570
f 2158/2091/3573 2155/2088/3570 2159/2092/3574
f 2160/2093/3575 2158/2091/3573 2159/2092/3574
f 2160/2093/3575 2159/2092/3574 2161/2094/3576
f 2162/2095/3577 2160/2093/3575 2161/2094/3576
f 2162/2095/3577 2161/2094/3576 2163/2096/3578
f 2164/2097/3579 2162/2095/3577 2163/2096/3578
f 2164/2097/3579 2163/2096/3578 2165/2098/3580
f 2166/2099/3581 2164/2097/3579 2165/2098/3580
f 2166/2099/3581 2165/2098/3580 2167/2100/3582
f 2166/2099/3581 2168/2101/3583 2164/2097/3579
f 2166/2099/3581 2167/2100/3582 2169/2102/3584
f 2164/2097/3579 2168/2101/3583 2170/2103/3585
f 2171/2104/3586 2169/2102/3584 2167/2100/3582
f 2172/2105/3587 2170/2103/3585 2168/2101/3583
f 2172/2105/3587 2169/2102/3584 2171/2104/3586
f 2172/2105/3587 2173/2106/3588 2170/2103/3585
f 2172/2105/3587 2171/2104/3586 2173/2106/3588
f 2173/2106/3588 2171/2104/3586 2174/2107/3589
f 2173/2106/3588 2174/2107/3589 2175/2108/3590
f 2175/2108/3590 2174/2107/3589 2176/2109/3591
f 2175/2108/3590 2176/2109/3591 2177/2110/3592
f 2178/2111/3593 2177/2110/3592 2176/2109/3591
f 2178/2111/3593 2176/2109/3591 2179/2112/3594
f 2180/2113/3595 2178/2111/3593 2179/2112/3594
f 2180/2113/3595 2179/2112/3594 2181/2114/3596
f 2182/2115/3597 2180/2113/3595 2181/2114/3596
f 2182/2115/3597 2181/2114/3596 2183/2116/3598
f 2182/2115/3597 2184/2117/3599 2180/2113/3595
f 2183/2116/3598 2185/2118/3600 2182/2115/3597
f 2180/2113/3595 2184/2117/3599 2186/2119/3601
f 2183/2116/3598 2187/2120/3602 2185/2118/3600
f 2188/2121/3603 2186/2119/3601 2184/2117/3599
f 2188/2121/3603 2185/2118/3600 2187/2120/3602
f 2188/2121/3603 2189/2122/3604 2186/2119/3601
f 2188/2121/3603 2187/2120/3602 2189/2122/3604
f 2189/2122/3604 2187/2120/3602 2190/2123/3605
f 2189/2122/3604 2190/2123/3605 2191/2124/3606
f 2191/2124/3606 2190/2123/3605 2192/2125/3607
f 2191/2124/3606 2192/2125/3607 2193/2126/3608
f 2194/2127/3609 2193/2126/3608 2192/2125/3607
f 2194/2127/3609 2192/2125/3607 2195/2128/3610
f 2196/2129/3611 2194/2127/3609 2195/2128/3610
f 2196/2129/3611 2195/2128/3610 2197/2130/3612
f 2198/2131/3613 2196/2129/3611 2197/2130/3612
f 2198/2131/3613 2197/2130/3612 2199/2132/3614
f 2198/2131/3613 2199/2132/3614 2123/2133/3539
f 2122/2134/3537 2123/2133/3539 2199/2132/3614
f 2198/2131/3613 2200/2135/3615 2196/2129/3611
f 2196/2129/3611 2200/2135/3615 2201/2136/3616
f 2124/2137/3538 2201/2136/3616 2200/2135/3615
f 2124/2137/3538 2125/2138/3540 2201/2136/3616
f 2150/2139/3617 2153/2140/3618 2202/2141/3619
f 2202/2141/3619 2203/2142/3620 2150/2139/3617
f 2204/2143/3621 2203/2142/3620 2202/2141/3619
f 2202/2141/3619 2205/2144/3622 2204/2143/3621
f 2206/2145/3623 2204/2143/3621 2205/2144/3622
f 2204/2143/3621 2206/2145/3623 2207/2146/3624
f 2205/2144/3622 2208/2147/3625 2206/2145/3623
f 2209/2148/3626 2208/2147/3625 2205/2144/3622
f 2210/2149/3627 2207/2146/3624 2206/2145/3623
f 2211/2150/3628 2207/2146/3624 2210/2149/3627
f 2210/2149/3627 2212/2151/3629 2211/2150/3628
f 2211/2150/3628 2212/2151/3629 2134/2152/3630
f 2134/2152/3630 2137/2153/3631 2211/2150/3628
f 2206/2145/3623 2213/2154/3632 2210/2149/3627
f 2210/2149/3627 2213/2154/3632 2214/2155/3633
f 2215/2156/3634 2213/2154/3632 2206/2145/3623
f 2206/2145/3623 2208/2147/3625 2215/2156/3634
f 2214/2155/3633 2213/2154/3632 2216/2157/3635
f 2215/2156/3634 2216/2157/3635 2213/2154/3632
f 2208/2147/3625 2217/2158/3636 2215/2156/3634
f 2215/2156/3634 2217/2158/3636 2216/2157/3635
f 2208/2147/3625 2209/2148/3626 2218/2159/3637
f 2218/2159/3637 2217/2158/3636 2208/2147/3625
f 2219/2160/3638 2218/2159/3637 2209/2148/3626
f 2209/2148/3626 2220/2161/3639 2219/2160/3638
f 2219/2160/3638 2220/2161/3639 2166/2162/3640
f 2166/2162/3640 2169/2163/3641 2219/2160/3638
f 2221/2164/3642 2217/2158/3636 2218/2159/3637
f 2216/2157/3635 2222/2165/3643 2214/2155/3633
f 2223/2166/3644 2214/2155/3633 2222/2165/3643
f 2222/2165/3643 2224/2167/3645 2223/2166/3644
f 2223/2166/3644 2224/2167/3645 2198/2168/3646
f 2198/2168/3646 2123/2169/3647 2223/2166/3644
f 2222/2165/3643 2216/2157/3635 2225/2170/3648
f 2225/2170/3648 2216/2157/3635 2217/2158/3636
f 2217/2158/3636 2221/2164/3642 2225/2170/3648
f 2226/2171/3649 2225/2170/3648 2221/2164/3642
f 2221/2164/3642 2227/2172/3650 2226/2171/3649
f 2226/2171/3649 2227/2172/3650 2182/2173/3651
f 2182/2173/3651 2185/2174/3652 2226/2171/3649
f 2156/2140/3653 2152/2139/3654 2228/2142/3655
f 2228/2142/3655 2229/2141/3656 2156/2140/3653
f 2230/2144/3657 2229/2141/3656 2228/2142/3655
f 2228/2142/3655 2231/2143/3658 2230/2144/3657
f 2230/2144/3657 2231/2143/3658 2232/2145/3659
f 2233/2146/3660 2232/2145/3659 2231/2143/3658
f 2232/2145/3659 2234/2147/3661 2230/2144/3657
f 2230/2144/3657 2234/2147/3661 2235/2148/3662
f 2236/2159/3663 2235/2148/3662 2234/2147/3661
f 2237/2161/3664 2235/2148/3662 2236/2159/3663
f 2236/2159/3663 2238/2160/3665 2237/2161/3664
f 2237/2161/3664 2238/2160/3665 2172/2163/3666
f 2172/2163/3666 2168/2162/3667 2237/2161/3664
f 2234/2147/3661 2239/2158/3668 2236/2159/3663
f 2236/2159/3663 2239/2158/3668 2240/2164/3669
f 2234/2147/3661 2232/2145/3659 2241/2156/3670
f 2239/2158/3668 2234/2147/3661 2241/2156/3670
f 2242/2170/3671 2240/2164/3669 2239/2158/3668
f 2243/2172/3672 2240/2164/3669 2242/2170/3671
f 2242/2170/3671 2244/2171/3673 2243/2172/3672
f 2243/2172/3672 2244/2171/3673 2188/2174/3674
f 2188/2174/3674 2184/2173/3675 2243/2172/3672
f 2239/2158/3668 2245/2157/3676 2242/2170/3671
f 2241/2156/3670 2245/2157/3676 2239/2158/3668
f 2242/2170/3671 2245/2157/3676 2246/2165/3677
f 2241/2156/3670 2232/2145/3659 2247/2154/3678
f 2241/2156/3670 2247/2154/3678 2245/2157/3676
f 2248/2155/3679 2246/2165/3677 2245/2157/3676
f 2245/2157/3676 2247/2154/3678 2248/2155/3679
f 2249/2167/3680 2246/2165/3677 2248/2155/3679
f 2248/2155/3679 2250/2166/3681 2249/2167/3680
f 2249/2167/3680 2250/2166/3681 2124/2169/3682
f 2124/2169/3682 2200/2168/3683 2249/2167/3680
f 2248/2155/3679 2247/2154/3678 2251/2149/3684
f 2251/2149/3684 2247/2154/3678 2232/2145/3659
f 2232/2145/3659 2233/2146/3660 2251/2149/3684
f 2252/2151/3685 2251/2149/3684 2233/2146/3660
f 2233/2146/3660 2253/2150/3686 2252/2151/3685
f 2252/2151/3685 2253/2150/3686 2140/2153/3687
f 2140/2153/3687 2136/2152/3688 2252/2151/3685
f 2137/2175/3689 2140/2176/3689 2253/2177/3690
f 2253/2177/3690 2211/2178/3690 2137/2175/3689
f 2207/2179/3691 2211/2178/3690 2253/2177/3690
f 2253/2177/3690 2233/2180/3692 2207/2179/3691
f 2207/2179/3691 2233/2180/3692 2231/2181/3693
f 2231/2181/3693 2204/2182/3694 2207/2179/3691
f 2203/2183/3695 2204/2182/3694 2231/2181/3693
f 2231/2181/3693 2228/2184/3696 2203/2183/3695
f 2150/2185/3697 2203/2183/3695 2228/2184/3696
f 2228/2184/3696 2152/2186/3697 2150/2185/3697
f 2153/2187/3698 2156/2188/3698 2229/2189/3699
f 2229/2189/3699 2202/2190/3699 2153/2187/3698
f 2205/2191/3700 2202/2190/3699 2229/2189/3699
f 2229/2189/3699 2230/2192/3701 2205/2191/3700
f 2205/2191/3700 2230/2192/3701 2235/2193/3702
f 2235/2193/3702 2209/2194/3702 2205/2191/3700
f 2220/2195/3703 2209/2194/3702 2235/2193/3702
f 2235/2193/3702 2237/2196/3704 2220/2195/3703
f 2166/2197/3705 2220/2195/3703 2237/2196/3704
f 2237/2196/3704 2168/2198/3705 2166/2197/3705
f 2169/2199/3706 2172/2200/3706 2238/2201/3707
f 2238/2201/3707 2219/2202/3708 2169/2199/3706
f 2218/2203/2805 2219/2202/3708 2238/2201/3707
f 2238/2201/3707 2236/2204/3709 2218/2203/2805
f 2218/2203/2805 2236/2204/3709 2240/2205/3710
f 2240/2205/3710 2221/2206/3711 2218/2203/2805
f 2227/2207/3712 2221/2206/3711 2240/2205/3710
f 2240/2205/3710 2243/2208/3713 2227/2207/3712
f 2182/2209/3714 2227/2207/3712 2243/2208/3713
f 2243/2208/3713 2184/2210/3714 2182/2209/3714
f 2185/2211/3715 2188/2212/3715 2244/2213/3716
f 2244/2213/3716 2226/2214/3717 2185/2211/3715
f 2225/2215/3718 2226/2214/3717 2244/2213/3716
f 2244/2213/3716 2242/2216/3719 2225/2215/3718
f 2225/2215/3718 2242/2216/3719 2246/2217/3720
f 2246/2217/3720 2222/2218/3721 2225/2215/3718
f 2224/2219/2815 2222/2218/3721 2246/2217/3720
f 2246/2217/3720 2249/2220/3722 2224/2219/2815
f 2198/2221/3723 2224/2219/2815 2249/2220/3722
f 2249/2220/3722 2200/2222/3723 2198/2221/3723
f 2123/2223/3724 2124/2224/3724 2250/2225/3725
f 2250/2225/3725 2223/2226/3726 2123/2223/3724
f 2214/2227/3727 2223/2226/3726 2250/2225/3725
f 2250/2225/3725 2248/2228/3728 2214/2227/3727
f 2214/2227/3727 2248/2228/3728 2251/2229/3729
f 2251/2229/3729 2210/2230/3730 2214/2227/3727
f 2212/2231/3731 2210/2230/3730 2251/2229/3729
f 2251/2229/3729 2252/2232/3732 2212/2231/3731
f 2134/2233/3733 2212/2231/3731 2252/2232/3732
f 2252/2232/3732 2136/2234/3733 2134/2233/3733
f 2254/2031/56 2256/2033/56 2255/2032/56
f 2257/2034/56 2256/2033/56 2254/2031/56
f 2257/2034/56 2258/2035/56 2256/2033/56
f 2259/2036/56 2258/2035/56 2257/2034/56
f 2259/2036/56 2260/2037/56 2258/2035/56
f 2259/2036/56 2261/2038/56 2260/2037/56
f 2261/2038/56 2262/2039/56 2260/2037/56
f 2259/2036/56 2257/2034/56 2263/2040/56
f 2263/2040/56 2257/2034/56 2264/2041/56
f 2264/2041/56 2257/2034/56 2265/2042/56
f 2264/2041/56 2265/2042/56 2266/2043/56
f 2266/2043/56 2265/2042/56 2267/2044/56
f 2263/2040/56 2264/2041/56 2268/2045/56
f 2263/2040/56 2268/2045/56 2269/2046/56
f 2269/2046/56 2268/2045/56 2270/2047/56
f 2259/2036/56 2263/2040/56 2271/2048/56
f 2271/2048/56 2263/2040/56 2272/2049/56
f 2271/2048/56 2272/2049/56 2273/2050/56
f 2273/2050/56 2272/2049/56 2274/2051/56
f 2259/2036/56 2271/2048/56 2275/2052/56
f 2259/2036/56 2275/2052/56 2276/2053/56
f 2276/2053/56 2275/2052/56 2277/2054/56
f 2278/2049/969 2280/2050/969 2279/2051/969
f 2281/2040/969 2280/2050/969 2278/2049/969
f 2281/2040/969 2282/2048/969 2280/2050/969
f 2283/2036/969 2282/2048/969 2281/2040/969
f 2283/2036/969 2284/2052/969 2282/2048/969
f 2283/2036/969 2285/2053/969 2284/2052/969
f 2285/2053/969 2286/2054/969 2284/2052/969
f 2283/2036/969 2281/2040/969 2287/2034/969
f 2287/2034/969 2281/2040/969 2288/2041/969
f 2288/2041/969 2281/2040/969 2289/2046/969
f 2288/2041/969 2289/2046/969 2290/2045/969
f 2290/2045/969 2289/2046/969 2291/2047/969
f 2287/2034/969 2288/2041/969 2292/2043/969
f 2287/2034/969 2292/2043/969 2293/2042/969
f 2293/2042/969 2292/2043/969 2294/2044/969
f 2283/2036/969 2287/2034/969 2295/2035/969
f 2295/2035/969 2287/2034/969 2296/2031/969
f 2295/2035/969 2296/2031/969 2297/2033/969
f 2297/2033/969 2296/2031/969 2298/2032/969
f 2283/2036/969 2295/2035/969 2299/2037/969
f 2283/2036/969 2299/2037/969 2300/2038/969
f 2300/2038/969 2299/2037/969 2301/2039/969
f 2106/2054/3734 2284/2235/3735 2286/2236/3736
f 2106/2054/3734 2104/2052/3737 2284/2235/3735
f 2286/2236/3736 2105/2053/3738 2106/2054/3734
f 2104/2052/3737 2282/2237/3739 2284/2235/3735
f 2286/2236/3736 2285/2238/3740 2105/2053/3738
f 2104/2052/3737 2102/2048/3741 2282/2237/3739
f 2285/2238/3740 2103/2036/3742 2105/2053/3738
f 2102/2048/3741 2280/2239/3743 2282/2237/3739
f 2285/2238/3740 2283/2240/3744 2103/2036/3742
f 2102/2048/3741 2099/2050/3745 2280/2239/3743
f 2120/2038/3746 2103/2036/3742 2283/2240/3744
f 2099/2050/3745 2279/2241/3747 2280/2239/3743
f 2120/2038/3746 2283/2240/3744 2300/2242/3748
f 2099/2050/3745 2100/2051/3749 2279/2241/3747
f 2121/2039/3750 2120/2038/3746 2300/2242/3748
f 2100/2051/3749 2278/2243/3751 2279/2241/3747
f 2121/2039/3750 2300/2242/3748 2301/2244/3752
f 2100/2051/3749 2098/2049/3753 2278/2243/3751
f 2119/2037/3754 2121/2039/3750 2301/2244/3752
f 2098/2049/3753 2281/2245/3755 2278/2243/3751
f 2119/2037/3754 2301/2244/3752 2299/2246/3756
f 2098/2049/3753 2101/2040/3757 2281/2245/3755
f 2115/2035/3758 2119/2037/3754 2299/2246/3756
f 2101/2040/3757 2289/2247/3759 2281/2245/3755
f 2115/2035/3758 2299/2246/3756 2295/2248/3760
f 2101/2040/3757 2109/2046/3761 2289/2247/3759
f 2117/2033/3762 2115/2035/3758 2295/2248/3760
f 2109/2046/3761 2291/2249/3763 2289/2247/3759
f 2117/2033/3762 2295/2248/3760 2297/2250/3764
f 2109/2046/3761 2111/2047/3765 2291/2249/3763
f 2118/2032/3766 2117/2033/3762 2297/2250/3764
f 2111/2047/3765 2290/2251/3767 2291/2249/3763
f 2118/2032/3766 2297/2250/3764 2298/2252/3768
f 2111/2047/3765 2110/2045/3769 2290/2251/3767
f 2116/2031/3770 2118/2032/3766 2298/2252/3768
f 2110/2045/3769 2288/2253/3771 2290/2251/3767
f 2116/2031/3770 2298/2252/3768 2296/2254/3772
f 2110/2045/3769 2108/2041/3773 2288/2253/3771
f 2107/2034/3774 2116/2031/3770 2296/2254/3772
f 2108/2041/3773 2292/2255/3775 2288/2253/3771
f 2107/2034/3774 2296/2254/3772 2287/2256/3776
f 2108/2041/3773 2112/2043/3777 2292/2255/3775
f 2113/2042/3778 2107/2034/3774 2287/2256/3776
f 2112/2043/3777 2294/2257/3779 2292/2255/3775
f 2113/2042/3778 2287/2256/3776 2293/2258/3780
f 2112/2043/3777 2114/2044/3781 2294/2257/3779
f 2114/2044/3781 2113/2042/3778 2293/2258/3780
f 2114/2044/3781 2293/2258/3780 2294/2257/3779
f 2273/2239/3782 2093/2050/3783 2091/2048/3741
f 2273/2239/3782 2091/2048/3741 2271/2237/3739
f 2274/2241/3784 2093/2050/3783 2273/2239/3782
f 2271/2237/3739 2091/2048/3741 2095/2052/3785
f 2274/2241/3784 2094/2051/3749 2093/2050/3783
f 2271/2237/3739 2095/2052/3785 2275/2235/3786
f 2272/2243/3787 2094/2051/3749 2274/2241/3784
f 2275/2235/3786 2095/2052/3785 2097/2054/3734
f 2272/2243/3787 2092/2049/3788 2094/2051/3749
f 2275/2235/3786 2097/2054/3734 2277/2236/3736
f 2263/2245/3755 2092/2049/3788 2272/2243/3787
f 2277/2236/3736 2097/2054/3734 2096/2053/3789
f 2263/2245/3755 2083/2040/3757 2092/2049/3788
f 2277/2236/3736 2096/2053/3789 2276/2238/3790
f 2269/2247/3791 2083/2040/3757 2263/2245/3755
f 2276/2238/3790 2096/2053/3789 2079/2036/3742
f 2269/2247/3791 2089/2046/3792 2083/2040/3757
f 2276/2238/3790 2079/2036/3742 2259/2240/3744
f 2270/2249/3763 2089/2046/3792 2269/2247/3791
f 2259/2240/3744 2079/2036/3742 2081/2038/3793
f 2270/2249/3763 2090/2047/3765 2089/2046/3792
f 2259/2240/3744 2081/2038/3793 2261/2242/3794
f 2268/2251/3795 2090/2047/3765 2270/2249/3763
f 2261/2242/3794 2081/2038/3793 2082/2039/3750
f 2268/2251/3795 2088/2045/3796 2090/2047/3765
f 2261/2242/3794 2082/2039/3750 2262/2244/3752
f 2264/2253/3797 2088/2045/3796 2268/2251/3795
f 2262/2244/3752 2082/2039/3750 2080/2037/3798
f 2264/2253/3797 2084/2041/3773 2088/2045/3796
f 2262/2244/3752 2080/2037/3798 2260/2246/3756
f 2266/2255/3799 2084/2041/3773 2264/2253/3797
f 2260/2246/3756 2080/2037/3798 2078/2035/3758
f 2266/2255/3799 2086/2043/3800 2084/2041/3773
f 2260/2246/3756 2078/2035/3758 2258/2248/3760
f 2267/2257/3779 2086/2043/3800 2266/2255/3799
f 2258/2248/3760 2078/2035/3758 2075/2033/3801
f 2267/2257/3779 2087/2044/3781 2086/2043/3800
f 2258/2248/3760 2075/2033/3801 2256/2250/3802
f 2265/2258/3803 2087/2044/3781 2267/2257/3779
f 2256/2250/3802 2075/2033/3801 2076/2032/3766
f 2265/2258/3803 2085/2042/3804 2087/2044/3781
f 2256/2250/3802 2076/2032/3766 2255/2252/3805
f 2257/2256/3776 2085/2042/3804 2265/2258/3803
f 2255/2252/3805 2076/2032/3766 2074/2031/3806
f 2257/2256/3776 2077/2034/3774 2085/2042/3804
f 2255/2252/3805 2074/2031/3806 2254/2254/3772
f 2254/2254/3772 2077/2034/3774 2257/2256/3776
f 2254/2254/3772 2074/2031/3806 2077/2034/3774
f 2146/2259/3807 2145/2260/3808 2302/2261/3809
f 2146/2259/3807 2302/2261/3809 2303/2262/3810
f 2148/2263/3811 2146/2259/3807 2303/2262/3810
f 2304/2264/3812 2303/2262/3810 2302/2261/3809
f 2304/2264/3812 2302/2261/3809 2305/2265/3813
f 2148/2263/3811 2303/2262/3810 2306/2266/3814
f 2306/2266/3814 2151/2267/3815 2148/2263/3811
f 2307/2268/3816 2303/2262/3810 2304/2264/3812
f 2307/2268/3816 2306/2266/3814 2303/2262/3810
f 2308/2269/3817 2304/2264/3812 2305/2265/3813
f 2308/2269/3817 2305/2265/3813 2309/2270/3818
f 2306/2266/3814 2310/2271/3819 2151/2267/3815
f 2310/2271/3819 2155/2272/3820 2151/2267/3815
f 2311/2273/3821 2307/2268/3816 2304/2264/3812
f 2311/2273/3821 2304/2264/3812 2308/2269/3817
f 2309/2270/3818 2312/2274/3822 2308/2269/3817
f 2309/2270/3818 2313/2275/3823 2312/2274/3822
f 2306/2266/3814 2307/2268/3816 2314/2276/3824
f 2306/2266/3814 2314/2276/3824 2310/2271/3819
f 2310/2271/3819 2315/2277/3825 2155/2272/3820
f 2315/2277/3825 2159/2278/3826 2155/2272/3820
f 2307/2268/3816 2311/2273/3821 2316/2279/3827
f 2307/2268/3816 2316/2279/3827 2314/2276/3824
f 2308/2269/3817 2317/2280/3828 2311/2273/3821
f 2308/2269/3817 2312/2274/3822 2317/2280/3828
f 2313/2275/3823 2318/2281/3829 2312/2274/3822
f 2313/2275/3823 2319/2282/3830 2318/2281/3829
f 2310/2271/3819 2314/2276/3824 2320/2283/3831
f 2310/2271/3819 2320/2283/3831 2315/2277/3825
f 2315/2277/3825 2321/2284/3832 2159/2278/3826
f 2321/2284/3832 2161/2285/3833 2159/2278/3826
f 2314/2276/3824 2316/2279/3827 2322/2286/3834
f 2314/2276/3824 2322/2286/3834 2320/2283/3831
f 2311/2273/3821 2323/2287/3835 2316/2279/3827
f 2311/2273/3821 2317/2280/3828 2323/2287/3835
f 2312/2274/3822 2324/2288/3836 2317/2280/3828
f 2312/2274/3822 2318/2281/3829 2324/2288/3836
f 2319/2282/3830 2325/2289/3837 2318/2281/3829
f 2319/2282/3830 2326/2290/3838 2325/2289/3837
f 2326/2290/3838 2147/2291/3839 2325/2289/3837
f 2326/2290/3838 2144/2292/3840 2147/2291/3839
f 2325/2289/3837 2147/2291/3839 2149/2293/3841
f 2318/2281/3829 2325/2289/3837 2327/2294/3842
f 2325/2289/3837 2149/2293/3841 2327/2294/3842
f 2318/2281/3829 2327/2294/3842 2324/2288/3836
f 2327/2294/3842 2149/2293/3841 2154/2295/3843
f 2327/2294/3842 2154/2295/3843 2328/2296/3844
f 2324/2288/3836 2327/2294/3842 2328/2296/3844
f 2328/2296/3844 2154/2295/3843 2157/2297/3845
f 2317/2280/3828 2324/2288/3836 2329/2298/3846
f 2324/2288/3836 2328/2296/3844 2329/2298/3846
f 2317/2280/3828 2329/2298/3846 2323/2287/3835
f 2328/2296/3844 2157/2297/3845 2330/2299/3847
f 2329/2298/3846 2328/2296/3844 2330/2299/3847
f 2323/2287/3835 2329/2298/3846 2331/2300/3848
f 2329/2298/3846 2330/2299/3847 2331/2300/3848
f 2157/2297/3845 2332/2301/3849 2330/2299/3847
f 2331/2300/3848 2330/2299/3847 2332/2301/3849
f 2157/2297/3845 2158/2302/3850 2332/2301/3849
f 2323/2287/3835 2331/2300/3848 2333/2303/3851
f 2316/2279/3827 2323/2287/3835 2333/2303/3851
f 2316/2279/3827 2333/2303/3851 2322/2286/3834
f 2158/2302/3850 2334/2304/3852 2332/2301/3849
f 2158/2302/3850 2160/2305/3853 2334/2304/3852
f 2334/2304/3852 2160/2305/3853 2162/2306/3854
f 2331/2300/3848 2332/2301/3849 2335/2307/3855
f 2333/2303/3851 2331/2300/3848 2335/2307/3855
f 2335/2307/3855 2332/2301/3849 2334/2304/3852
f 2336/2308/3856 2322/2286/3834 2333/2303/3851
f 2333/2303/3851 2335/2307/3855 2336/2308/3856
f 2334/2304/3852 2162/2306/3854 2337/2309/3857
f 2337/2309/3857 2162/2306/3854 2164/2310/3858
f 2335/2307/3855 2334/2304/3852 2338/2311/3859
f 2336/2308/3856 2335/2307/3855 2338/2311/3859
f 2338/2311/3859 2334/2304/3852 2337/2309/3857
f 2336/2308/3856 2339/2312/3860 2322/2286/3834
f 2320/2283/3831 2322/2286/3834 2339/2312/3860
f 2337/2309/3857 2164/2310/3858 2340/2313/3861
f 2340/2313/3861 2164/2310/3858 2170/2314/3862
f 2338/2311/3859 2337/2309/3857 2341/2315/3863
f 2341/2315/3863 2337/2309/3857 2340/2313/3861
f 2336/2308/3856 2338/2311/3859 2342/2316/3864
f 2342/2316/3864 2339/2312/3860 2336/2308/3856
f 2341/2315/3863 2342/2316/3864 2338/2311/3859
f 2320/2283/3831 2339/2312/3860 2343/2317/3865
f 2315/2277/3825 2320/2283/3831 2343/2317/3865
f 2315/2277/3825 2343/2317/3865 2321/2284/3832
f 2340/2313/3861 2170/2314/3862 2344/2318/3866
f 2344/2318/3866 2170/2314/3862 2173/2319/3867
f 2341/2315/3863 2340/2313/3861 2345/2320/3868
f 2344/2318/3866 2345/2320/3868 2340/2313/3861
f 2341/2315/3863 2346/2321/3869 2342/2316/3864
f 2345/2320/3868 2346/2321/3869 2341/2315/3863
f 2342/2316/3864 2347/2322/3870 2339/2312/3860
f 2343/2317/3865 2339/2312/3860 2347/2322/3870
f 2347/2322/3870 2342/2316/3864 2346/2321/3869
f 2321/2284/3832 2343/2317/3865 2348/2323/3871
f 2343/2317/3865 2347/2322/3870 2348/2323/3871
f 2347/2322/3870 2346/2321/3869 2349/2324/3872
f 2349/2324/3872 2348/2323/3871 2347/2322/3870
f 2345/2320/3868 2350/2325/3873 2346/2321/3869
f 2349/2324/3872 2346/2321/3869 2350/2325/3873
f 2344/2318/3866 2351/2326/3874 2345/2320/3868
f 2350/2325/3873 2345/2320/3868 2351/2326/3874
f 2344/2318/3866 2173/2319/3867 2352/2327/3875
f 2352/2327/3875 2351/2326/3874 2344/2318/3866
f 2321/2284/3832 2348/2323/3871 2353/2328/3876
f 2321/2284/3832 2353/2328/3876 2161/2285/3833
f 2353/2328/3876 2163/2329/3877 2161/2285/3833
f 2349/2324/3872 2354/2330/3878 2348/2323/3871
f 2353/2328/3876 2348/2323/3871 2354/2330/3878
f 2353/2328/3876 2355/2331/3879 2163/2329/3877
f 2353/2328/3876 2354/2330/3878 2355/2331/3879
f 2355/2331/3879 2165/2332/3880 2163/2329/3877
f 2349/2324/3872 2350/2325/3873 2356/2333/3881
f 2356/2333/3881 2354/2330/3878 2349/2324/3872
f 2357/2334/3882 2352/2327/3875 2173/2319/3867
f 2357/2334/3882 2173/2319/3867 2175/2335/3883
f 2350/2325/3873 2351/2326/3874 2358/2336/3884
f 2356/2333/3881 2350/2325/3873 2358/2336/3884
f 2352/2327/3875 2359/2337/3885 2351/2326/3874
f 2357/2334/3882 2359/2337/3885 2352/2327/3875
f 2358/2336/3884 2351/2326/3874 2359/2337/3885
f 2355/2331/3879 2360/2338/3886 2165/2332/3880
f 2360/2338/3886 2167/2339/3887 2165/2332/3880
f 2355/2331/3879 2354/2330/3878 2361/2340/3888
f 2356/2333/3881 2361/2340/3888 2354/2330/3878
f 2355/2331/3879 2361/2340/3888 2360/2338/3886
f 2362/2341/3889 2357/2334/3882 2175/2335/3883
f 2362/2341/3889 2175/2335/3883 2177/2342/3890
f 2356/2333/3881 2358/2336/3884 2363/2343/3891
f 2361/2340/3888 2356/2333/3881 2363/2343/3891
f 2358/2336/3884 2359/2337/3885 2364/2344/3892
f 2363/2343/3891 2358/2336/3884 2364/2344/3892
f 2357/2334/3882 2365/2345/3893 2359/2337/3885
f 2362/2341/3889 2365/2345/3893 2357/2334/3882
f 2364/2344/3892 2359/2337/3885 2365/2345/3893
f 2360/2338/3886 2366/2346/3894 2167/2339/3887
f 2366/2346/3894 2171/2347/3895 2167/2339/3887
f 2360/2338/3886 2361/2340/3888 2367/2348/3896
f 2361/2340/3888 2363/2343/3891 2367/2348/3896
f 2360/2338/3886 2367/2348/3896 2366/2346/3894
f 2368/2349/3897 2362/2341/3889 2177/2342/3890
f 2368/2349/3897 2177/2342/3890 2178/2350/3898
f 2363/2343/3891 2364/2344/3892 2369/2351/3899
f 2367/2348/3896 2363/2343/3891 2369/2351/3899
f 2364/2344/3892 2365/2345/3893 2370/2352/3900
f 2370/2352/3900 2369/2351/3899 2364/2344/3892
f 2362/2341/3889 2371/2353/3901 2365/2345/3893
f 2371/2353/3901 2362/2341/3889 2368/2349/3897
f 2370/2352/3900 2365/2345/3893 2371/2353/3901
f 2366/2346/3894 2372/2354/3902 2171/2347/3895
f 2372/2354/3902 2174/2355/3903 2171/2347/3895
f 2366/2346/3894 2367/2348/3896 2373/2356/3904
f 2367/2348/3896 2369/2351/3899 2373/2356/3904
f 2366/2346/3894 2373/2356/3904 2372/2354/3902
f 2374/2357/3905 2368/2349/3897 2178/2350/3898
f 2374/2357/3905 2178/2350/3898 2180/2358/3906
f 2370/2352/3900 2375/2359/3907 2369/2351/3899
f 2375/2359/3907 2373/2356/3904 2369/2351/3899
f 2370/2352/3900 2371/2353/3901 2376/2360/3908
f 2376/2360/3908 2375/2359/3907 2370/2352/3900
f 2371/2353/3901 2368/2349/3897 2377/2361/3909
f 2377/2361/3909 2368/2349/3897 2374/2357/3905
f 2376/2360/3908 2371/2353/3901 2377/2361/3909
f 2372/2354/3902 2378/2362/3910 2174/2355/3903
f 2378/2362/3910 2176/2363/3911 2174/2355/3903
f 2372/2354/3902 2373/2356/3904 2379/2364/3912
f 2375/2359/3907 2379/2364/3912 2373/2356/3904
f 2372/2354/3902 2379/2364/3912 2378/2362/3910
f 2180/2358/3906 2380/2365/3913 2374/2357/3905
f 2180/2358/3906 2186/2366/3914 2380/2365/3913
f 2376/2360/3908 2381/2367/3915 2375/2359/3907
f 2381/2367/3915 2379/2364/3912 2375/2359/3907
f 2377/2361/3909 2374/2357/3905 2382/2368/3916
f 2380/2365/3913 2382/2368/3916 2374/2357/3905
f 2376/2360/3908 2377/2361/3909 2383/2369/3917
f 2381/2367/3915 2376/2360/3908 2383/2369/3917
f 2383/2369/3917 2377/2361/3909 2382/2368/3916
f 2378/2362/3910 2384/2370/3918 2176/2363/3911
f 2384/2370/3918 2179/2371/3919 2176/2363/3911
f 2378/2362/3910 2379/2364/3912 2385/2372/3920
f 2381/2367/3915 2385/2372/3920 2379/2364/3912
f 2378/2362/3910 2385/2372/3920 2384/2370/3918
f 2186/2366/3914 2386/2373/3921 2380/2365/3913
f 2186/2366/3914 2189/2374/3922 2386/2373/3921
f 2191/2375/3923 2386/2373/3921 2189/2374/3922
f 2381/2367/3915 2383/2369/3917 2387/2376/3924
f 2385/2372/3920 2381/2367/3915 2387/2376/3924
f 2380/2365/3913 2388/2377/3925 2382/2368/3916
f 2386/2373/3921 2388/2377/3925 2380/2365/3913
f 2383/2369/3917 2382/2368/3916 2389/2378/3926
f 2387/2376/3924 2383/2369/3917 2389/2378/3926
f 2388/2377/3925 2389/2378/3926 2382/2368/3916
f 2384/2370/3918 2390/2379/3927 2179/2371/3919
f 2390/2379/3927 2181/2380/3928 2179/2371/3919
f 2384/2370/3918 2385/2372/3920 2391/2381/3929
f 2385/2372/3920 2387/2376/3924 2391/2381/3929
f 2384/2370/3918 2391/2381/3929 2390/2379/3927
f 2191/2375/3923 2392/2382/3930 2386/2373/3921
f 2193/2383/3931 2392/2382/3930 2191/2375/3923
f 2386/2373/3921 2393/2384/3932 2388/2377/3925
f 2392/2382/3930 2393/2384/3932 2386/2373/3921
f 2387/2376/3924 2389/2378/3926 2394/2385/3933
f 2391/2381/3929 2387/2376/3924 2394/2385/3933
f 2388/2377/3925 2395/2386/3934 2389/2378/3926
f 2393/2384/3932 2395/2386/3934 2388/2377/3925
f 2395/2386/3934 2394/2385/3933 2389/2378/3926
f 2390/2379/3927 2396/2387/3935 2181/2380/3928
f 2396/2387/3935 2183/2388/3936 2181/2380/3928
f 2390/2379/3927 2391/2381/3929 2397/2389/3937
f 2391/2381/3929 2394/2385/3933 2397/2389/3937
f 2390/2379/3927 2397/2389/3937 2396/2387/3935
f 2193/2383/3931 2398/2390/3938 2392/2382/3930
f 2194/2391/3939 2398/2390/3938 2193/2383/3931
f 2392/2382/3930 2399/2392/3940 2393/2384/3932
f 2398/2390/3938 2399/2392/3940 2392/2382/3930
f 2393/2384/3932 2400/2393/3941 2395/2386/3934
f 2400/2393/3941 2393/2384/3932 2399/2392/3940
f 2395/2386/3934 2401/2394/3942 2394/2385/3933
f 2401/2394/3942 2397/2389/3937 2394/2385/3933
f 2400/2393/3941 2401/2394/3942 2395/2386/3934
f 2396/2387/3935 2402/2395/3943 2183/2388/3936
f 2402/2395/3943 2187/2396/3944 2183/2388/3936
f 2403/2397/3945 2396/2387/3935 2397/2389/3937
f 2401/2394/3942 2403/2397/3945 2397/2389/3937
f 2403/2397/3945 2402/2395/3943 2396/2387/3935
f 2194/2391/3939 2404/2398/3946 2398/2390/3938
f 2196/2399/3947 2404/2398/3946 2194/2391/3939
f 2398/2390/3938 2405/2400/3948 2399/2392/3940
f 2405/2400/3948 2398/2390/3938 2404/2398/3946
f 2400/2393/3941 2399/2392/3940 2406/2401/3949
f 2406/2401/3949 2399/2392/3940 2405/2400/3948
f 2400/2393/3941 2407/2402/3950 2401/2394/3942
f 2407/2402/3950 2403/2397/3945 2401/2394/3942
f 2406/2401/3949 2407/2402/3950 2400/2393/3941
f 2402/2395/3943 2408/2403/3951 2187/2396/3944
f 2190/2404/3952 2187/2396/3944 2408/2403/3951
f 2409/2405/3953 2402/2395/3943 2403/2397/3945
f 2407/2402/3950 2409/2405/3953 2403/2397/3945
f 2409/2405/3953 2408/2403/3951 2402/2395/3943
f 2406/2401/3949 2410/2406/3954 2407/2402/3950
f 2410/2406/3954 2409/2405/3953 2407/2402/3950
f 2406/2401/3949 2405/2400/3948 2411/2407/3955
f 2411/2407/3955 2410/2406/3954 2406/2401/3949
f 2405/2400/3948 2404/2398/3946 2412/2408/3956
f 2412/2408/3956 2411/2407/3955 2405/2400/3948
f 2190/2404/3952 2408/2403/3951 2413/2409/3957
f 2192/2410/3958 2190/2404/3952 2413/2409/3957
f 2414/2411/3959 2408/2403/3951 2409/2405/3953
f 2410/2406/3954 2414/2411/3959 2409/2405/3953
f 2414/2411/3959 2413/2409/3957 2408/2403/3951
f 2411/2407/3955 2415/2412/3960 2410/2406/3954
f 2415/2412/3960 2414/2411/3959 2410/2406/3954
f 2192/2410/3958 2413/2409/3957 2416/2413/3961
f 2416/2413/3961 2195/2414/3962 2192/2410/3958
f 2417/2415/3963 2413/2409/3957 2414/2411/3959
f 2415/2412/3960 2417/2415/3963 2414/2411/3959
f 2417/2415/3963 2416/2413/3961 2413/2409/3957
f 2418/2416/3964 2415/2412/3960 2411/2407/3955
f 2412/2408/3956 2418/2416/3964 2411/2407/3955
f 2412/2408/3956 2404/2398/3946 2419/2417/3965
f 2196/2399/3947 2419/2417/3965 2404/2398/3946
f 2416/2413/3961 2420/2418/3966 2195/2414/3962
f 2420/2418/3966 2197/2419/3967 2195/2414/3962
f 2421/2420/3968 2417/2415/3963 2415/2412/3960
f 2418/2416/3964 2421/2420/3968 2415/2412/3960
f 2422/2421/3969 2416/2413/3961 2417/2415/3963
f 2422/2421/3969 2420/2418/3966 2416/2413/3961
f 2421/2420/3968 2422/2421/3969 2417/2415/3963
f 2423/2422/3970 2418/2416/3964 2412/2408/3956
f 2412/2408/3956 2419/2417/3965 2423/2422/3970
f 2424/2423/3971 2419/2417/3965 2196/2399/3947
f 2423/2422/3970 2419/2417/3965 2424/2423/3971
f 2424/2423/3971 2196/2399/3947 2201/2424/3972
f 2420/2418/3966 2425/2425/3973 2197/2419/3967
f 2425/2425/3973 2199/2426/3974 2197/2419/3967
f 2426/2427/3975 2421/2420/3968 2418/2416/3964
f 2423/2422/3970 2426/2427/3975 2418/2416/3964
f 2427/2428/3976 2420/2418/3966 2422/2421/3969
f 2427/2428/3976 2425/2425/3973 2420/2418/3966
f 2428/2429/3977 2422/2421/3969 2421/2420/3968
f 2426/2427/3975 2428/2429/3977 2421/2420/3968
f 2428/2429/3977 2427/2428/3976 2422/2421/3969
f 2429/2430/3978 2424/2423/3971 2201/2424/3972
f 2429/2430/3978 2201/2424/3972 2125/2431/3979
f 2423/2422/3970 2424/2423/3971 2430/2432/3980
f 2426/2427/3975 2423/2422/3970 2430/2432/3980
f 2430/2432/3980 2424/2423/3971 2429/2430/3978
f 2425/2425/3973 2431/2433/3981 2199/2426/3974
f 2431/2433/3981 2122/2434/3982 2199/2426/3974
f 2428/2429/3977 2426/2427/3975 2432/2435/3983
f 2426/2427/3975 2430/2432/3980 2432/2435/3983
f 2433/2436/3984 2427/2428/3976 2428/2429/3977
f 2428/2429/3977 2432/2435/3983 2433/2436/3984
f 2434/2437/3985 2425/2425/3973 2427/2428/3976
f 2434/2437/3985 2431/2433/3981 2425/2425/3973
f 2433/2436/3984 2434/2437/3985 2427/2428/3976
f 2435/2438/3986 2429/2430/3978 2125/2431/3979
f 2435/2438/3986 2125/2431/3979 2127/2439/3987
f 2430/2432/3980 2429/2430/3978 2436/2440/3988
f 2432/2435/3983 2430/2432/3980 2436/2440/3988
f 2436/2440/3988 2429/2430/3978 2435/2438/3986
f 2431/2433/3981 2437/2441/3989 2122/2434/3982
f 2437/2441/3989 2126/2442/3990 2122/2434/3982
f 2433/2436/3984 2432/2435/3983 2438/2443/3991
f 2432/2435/3983 2436/2440/3988 2438/2443/3991
f 2439/2444/3992 2434/2437/3985 2433/2436/3984
f 2433/2436/3984 2438/2443/3991 2439/2444/3992
f 2440/2445/3993 2431/2433/3981 2434/2437/3985
f 2440/2445/3993 2437/2441/3989 2431/2433/3981
f 2439/2444/3992 2440/2445/3993 2434/2437/3985
f 2441/2446/3994 2435/2438/3986 2127/2439/3987
f 2441/2446/3994 2127/2439/3987 2129/2447/3995
f 2436/2440/3988 2435/2438/3986 2442/2448/3996
f 2438/2443/3991 2436/2440/3988 2442/2448/3996
f 2442/2448/3996 2435/2438/3986 2441/2446/3994
f 2437/2441/3989 2443/2449/3997 2126/2442/3990
f 2443/2449/3997 2128/2450/3998 2126/2442/3990
f 2444/2451/3999 2439/2444/3992 2438/2443/3991
f 2438/2443/3991 2442/2448/3996 2444/2451/3999
f 2445/2452/4000 2440/2445/3993 2439/2444/3992
f 2444/2451/3999 2445/2452/4000 2439/2444/3992
f 2446/2453/4001 2437/2441/3989 2440/2445/3993
f 2446/2453/4001 2443/2449/3997 2437/2441/3989
f 2445/2452/4000 2446/2453/4001 2440/2445/3993
f 2447/2454/4002 2441/2446/3994 2129/2447/3995
f 2447/2454/4002 2129/2447/3995 2130/2455/4003
f 2442/2448/3996 2441/2446/3994 2448/2456/4004
f 2444/2451/3999 2442/2448/3996 2448/2456/4004
f 2447/2454/4002 2448/2456/4004 2441/2446/3994
f 2443/2449/3997 2449/2457/4005 2128/2450/3998
f 2449/2457/4005 2131/2458/4006 2128/2450/3998
f 2450/2459/4007 2445/2452/4000 2444/2451/3999
f 2444/2451/3999 2448/2456/4004 2450/2459/4007
f 2451/2460/4008 2443/2449/3997 2446/2453/4001
f 2451/2460/4008 2449/2457/4005 2443/2449/3997
f 2452/2461/4009 2446/2453/4001 2445/2452/4000
f 2450/2459/4007 2452/2461/4009 2445/2452/4000
f 2452/2461/4009 2451/2460/4008 2446/2453/4001
f 2453/2462/4010 2447/2454/4002 2130/2455/4003
f 2453/2462/4010 2130/2455/4003 2132/2463/4011
f 2453/2462/4010 2132/2463/4011 2138/2464/4012
f 2447/2454/4002 2454/2465/4013 2448/2456/4004
f 2450/2459/4007 2448/2456/4004 2454/2465/4013
f 2453/2462/4010 2454/2465/4013 2447/2454/4002
f 2449/2457/4005 2455/2466/4014 2131/2458/4006
f 2455/2466/4014 2133/2467/4015 2131/2458/4006
f 2456/2468/4016 2452/2461/4009 2450/2459/4007
f 2450/2459/4007 2454/2465/4013 2456/2468/4016
f 2457/2469/4017 2451/2460/4008 2452/2461/4009
f 2456/2468/4016 2457/2469/4017 2452/2461/4009
f 2458/2470/4018 2449/2457/4005 2451/2460/4008
f 2458/2470/4018 2455/2466/4014 2449/2457/4005
f 2457/2469/4017 2458/2470/4018 2451/2460/4008
f 2453/2462/4010 2138/2464/4012 2459/2471/4019
f 2459/2471/4019 2138/2464/4012 2141/2472/4020
f 2453/2462/4010 2460/2473/4021 2454/2465/4013
f 2456/2468/4016 2454/2465/4013 2460/2473/4021
f 2460/2473/4021 2453/2462/4010 2459/2471/4019
f 2461/1680/4022 2457/2469/4017 2456/2468/4016
f 2456/2468/4016 2460/2473/4021 2461/1680/4022
f 2462/2474/4023 2458/2470/4018 2457/2469/4017
f 2461/1680/4022 2462/2474/4023 2457/2469/4017
f 2463/2475/4024 2455/2466/4014 2458/2470/4018
f 2462/2474/4023 2463/2475/4024 2458/2470/4018
f 2460/2473/4021 2459/2471/4019 2464/2476/4025
f 2461/1680/4022 2460/2473/4021 2464/2476/4025
f 2459/2471/4019 2141/2472/4020 2465/2477/4026
f 2464/2476/4025 2459/2471/4019 2465/2477/4026
f 2462/2474/4023 2461/1680/4022 2466/2478/4027
f 2461/1680/4022 2464/2476/4025 2466/2478/4027
f 2467/2479/4028 2465/2477/4026 2141/2472/4020
f 2467/2479/4028 2141/2472/4020 2142/2480/4029
f 2464/2476/4025 2465/2477/4026 2468/2481/4030
f 2466/2478/4027 2464/2476/4025 2468/2481/4030
f 2468/2481/4030 2465/2477/4026 2467/2479/4028
f 2462/2474/4023 2466/2478/4027 2469/2482/4031
f 2463/2475/4024 2462/2474/4023 2469/2482/4031
f 2463/2475/4024 2470/2483/4032 2455/2466/4014
f 2455/2466/4014 2470/2483/4032 2133/2467/4015
f 2326/2484/3838 2467/2479/4028 2142/2480/4029
f 2326/2484/3838 2142/2480/4029 2144/2485/3840
f 2471/2486/4033 2467/2479/4028 2326/2484/3838
f 2468/2481/4030 2467/2479/4028 2471/2486/4033
f 2471/2486/4033 2326/2484/3838 2319/2487/3830
f 2466/2478/4027 2468/2481/4030 2472/2488/4034
f 2472/2488/4034 2468/2481/4030 2471/2486/4033
f 2469/2482/4031 2466/2478/4027 2472/2488/4034
f 2473/2489/4035 2471/2486/4033 2319/2487/3830
f 2472/2488/4034 2471/2486/4033 2473/2489/4035
f 2473/2489/4035 2319/2487/3830 2313/2490/3823
f 2463/2475/4024 2469/2482/4031 2474/2491/4036
f 2470/2483/4032 2463/2475/4024 2474/2491/4036
f 2475/2492/4037 2133/2467/4015 2470/2483/4032
f 2470/2483/4032 2474/2491/4036 2475/2492/4037
f 2475/2492/4037 2135/2493/4038 2133/2467/4015
f 2469/2482/4031 2472/2488/4034 2476/2494/4039
f 2476/2494/4039 2472/2488/4034 2473/2489/4035
f 2474/2491/4036 2469/2482/4031 2476/2494/4039
f 2477/2495/4040 2473/2489/4035 2313/2490/3823
f 2476/2494/4039 2473/2489/4035 2477/2495/4040
f 2477/2495/4040 2313/2490/3823 2309/2496/3818
f 2474/2491/4036 2476/2494/4039 2478/2497/4041
f 2475/2492/4037 2474/2491/4036 2478/2497/4041
f 2478/2497/4041 2476/2494/4039 2477/2495/4040
f 2479/2498/4042 2135/2493/4038 2475/2492/4037
f 2475/2492/4037 2478/2497/4041 2479/2498/4042
f 2479/2498/4042 2139/2499/4043 2135/2493/4038
f 2143/2500/4044 2139/2499/4043 2479/2498/4042
f 2480/2501/4045 2477/2495/4040 2309/2496/3818
f 2478/2497/4041 2477/2495/4040 2480/2501/4045
f 2479/2498/4042 2478/2497/4041 2480/2501/4045
f 2480/2501/4045 2309/2496/3818 2305/2502/3813
f 2143/2500/4044 2479/2498/4042 2481/2503/4046
f 2479/2498/4042 2480/2501/4045 2481/2503/4046
f 2481/2503/4046 2480/2501/4045 2305/2502/3813
f 2145/2504/3808 2143/2500/4044 2481/2503/4046
f 2481/2503/4046 2305/2502/3813 2302/2505/3809
f 2145/2504/3808 2481/2503/4046 2302/2505/3809
f 2482/2506/56 2484/2507/56 2483/2508/56
f 2485/2509/56 2487/2510/56 2486/2511/56
f 2486/2511/56 2488/2512/56 2485/2509/56
f 2489/2513/969 2491/2514/969 2490/2515/969
f 2490/2515/969 2492/2516/969 2489/2513/969
f 2493/2517/4047 2495/2518/4047 2494/2519/4048
f 2494/2519/4048 2496/2520/4048 2493/2517/4047
f 2497/2521/4049 2495/2521/4047 2493/2522/4047
f 2493/2522/4047 2498/2522/4049 2497/2521/4049
f 2497/2523/4049 2498/2524/4049 2499/2524/4050
f 2499/2524/4050 2500/2523/4051 2497/2523/4049
f 2500/2523/4051 2499/2524/4050 2501/2524/4052
f 2501/2524/4052 2502/2523/4052 2500/2523/4051
f 2503/2525/4053 2502/2525/4054 2501/2526/4054
f 2501/2526/4054 2504/2527/4055 2503/2525/4053
f 2496/2520/4056 2494/2519/4056 2503/2519/4055
f 2503/2519/4053 2504/2520/4055 2496/2520/4056
f 2497/2528/969 2500/2528/969 2502/2528/969
f 2497/2528/969 2502/2528/969 2495/2528/969
f 2502/2528/969 2503/2528/969 2495/2528/969
f 2503/2528/969 2494/2529/969 2495/2528/969
f 2505/2530/56 2507/2511/56 2506/2531/56
f 2506/2531/56 2508/2532/56 2505/2530/56
f 2509/2528/969 2511/2533/969 2510/2534/969
f 2510/2534/969 2512/2528/969 2509/2528/969
f 2513/2513/969 2515/2514/969 2514/2515/969
f 2514/2515/969 2516/2516/969 2513/2513/969
f 2517/2535/4057 2519/2535/4058 2518/2536/4058
f 2518/2536/4058 2520/2536/4059 2517/2535/4057
f 2521/2535/4060 2517/2535/4057 2520/2536/4059
f 2520/2536/4059 2522/2536/4060 2521/2535/4060
f 2518/2537/4058 2519/2517/4058 2523/2517/4061
f 2523/2517/4061 2524/2537/4062 2518/2537/4058
f 2524/2537/4062 2523/2517/4061 2525/2520/4063
f 2525/2520/4063 2526/2538/4063 2524/2537/4062
f 2527/2539/4064 2526/2540/4063 2525/2541/4063
f 2525/2541/4063 2528/2542/4065 2527/2539/4064
f 2529/2539/4066 2527/2539/4064 2528/2542/4065
f 2528/2542/4065 2530/2542/4066 2529/2539/4066
f 2529/2543/4066 2530/2544/4066 2531/2544/4067
f 2531/2544/4067 2532/2543/4068 2529/2543/4066
f 2532/2543/4068 2531/2544/4067 2521/2545/4060
f 2521/2545/4060 2522/2546/4060 2532/2543/4068
f 2529/2511/56 2532/2530/56 2522/2530/56
f 2529/2511/56 2522/2530/56 2520/2530/56
f 2529/2511/56 2520/2530/56 2527/2511/56
f 2520/2530/56 2518/2530/56 2527/2511/56
f 2518/2530/56 2526/2510/56 2527/2511/56
f 2518/2530/56 2524/2510/56 2526/2510/56
f 2521/2516/969 2531/2516/969 2530/2513/969
f 2521/2516/969 2530/2513/969 2517/2516/969
f 2530/2513/969 2528/2533/969 2517/2516/969
f 2528/2533/969 2519/2534/969 2517/2516/969
f 2528/2533/969 2525/2534/969 2519/2534/969
f 2525/2534/969 2523/2534/969 2519/2534/969
f 2533/2547/4055 2535/2548/4055 2534/2548/4069
f 2534/2548/4069 2536/2547/4070 2533/2547/4055
f 2536/2547/4070 2534/2548/4069 2537/2549/4047
f 2537/2549/4047 2538/2550/4047 2536/2547/4070
f 2539/2551/4071 2541/2552/4071 2540/2552/4072
f 2540/2552/4072 2542/2551/4073 2539/2551/4071
f 2542/2551/4073 2540/2552/4072 2543/2552/4049
f 2543/2552/4049 2544/2551/4049 2542/2551/4073
f 2539/2531/56 2542/2532/56 2544/2532/56
f 2539/2531/56 2544/2532/56 2537/2553/56
f 2539/2531/56 2537/2553/56 2535/2531/56
f 2537/2553/56 2534/2553/56 2535/2531/56
f 2543/2519/4049 2538/2519/4047 2537/2554/4047
f 2537/2554/4047 2544/2520/4049 2543/2519/4049
f 2533/2555/4055 2541/2555/4071 2539/2556/4071
f 2539/2556/4071 2535/2557/4055 2533/2555/4055
f 2482/2506/4074 2483/2508/4075 2545/2558/4076
f 2482/2506/4074 2545/2558/4076 2546/2559/4077
f 2482/2506/4074 2546/2559/4077 2547/2560/4078
f 2548/2561/4079 2482/2506/4074 2547/2560/4078
f 2547/2560/4078 2549/2562/4080 2548/2561/4079
f 2550/2563/4081 2548/2561/4079 2549/2562/4080
f 2549/2562/4080 2551/2564/4081 2550/2563/4081
f 2552/2565/969 2554/2566/969 2553/2567/969
f 2552/2565/969 2553/2567/969 2555/2568/969
f 2553/2567/969 2556/2569/969 2555/2568/969
f 2553/2567/969 2557/2570/969 2556/2569/969
f 2557/2570/969 2558/2571/969 2556/2569/969
f 2557/2570/969 2559/2572/969 2558/2571/969
f 2559/2572/969 2560/2573/969 2558/2571/969
f 2559/2572/969 2561/2574/969 2560/2573/969
f 2561/2574/969 2562/2575/969 2560/2573/969
f 2561/2574/969 2563/2575/969 2562/2575/969
f 2563/2575/969 2564/2576/969 2562/2575/969
f 2564/2576/969 2565/2577/969 2562/2575/969
f 2564/2576/969 2566/2578/969 2565/2577/969
f 2566/2578/969 2550/2579/969 2565/2577/969
f 2566/2578/969 2567/2580/969 2550/2579/969
f 2567/2580/969 2548/2581/969 2550/2579/969
f 2567/2580/969 2482/2582/969 2548/2581/969
f 2567/2580/969 2568/2583/969 2482/2582/969
f 2568/2583/969 2484/2584/969 2482/2582/969
f 2568/2583/969 2569/2585/969 2484/2584/969
f 2569/2585/969 2483/2586/969 2484/2584/969
f 2569/2585/969 2570/2587/969 2483/2586/969
f 2571/2588/4082 2566/2589/4082 2564/2590/4083
f 2564/2590/4083 2572/2591/4084 2571/2588/4082
f 2572/2591/4084 2564/2590/4083 2563/2592/4085
f 2563/2592/4085 2573/2593/4086 2572/2591/4084
f 2573/2593/4086 2563/2592/4085 2561/2594/4087
f 2561/2594/4087 2574/2595/4088 2573/2593/4086
f 2574/2595/4088 2561/2594/4087 2559/2596/4089
f 2559/2596/4089 2575/2597/4089 2574/2595/4088
f 2576/2598/4090 2577/2599/4091 2570/2600/4091
f 2570/2600/4091 2569/2601/4090 2576/2598/4090
f 2578/2602/4092 2576/2598/4090 2569/2601/4090
f 2569/2601/4090 2568/2603/4093 2578/2602/4092
f 2579/2604/4094 2578/2602/4092 2568/2603/4093
f 2568/2603/4093 2567/2605/4095 2579/2604/4094
f 2571/2606/4082 2579/2604/4094 2567/2605/4095
f 2567/2605/4095 2566/2607/4082 2571/2606/4082
f 2545/2608/56 2577/2608/56 2576/2609/56
f 2545/2608/56 2576/2609/56 2546/2610/56
f 2576/2609/56 2578/2611/56 2546/2610/56
f 2578/2611/56 2547/2611/56 2546/2610/56
f 2578/2611/56 2579/2612/56 2547/2611/56
f 2579/2612/56 2549/2613/56 2547/2611/56
f 2579/2612/56 2551/2614/56 2549/2613/56
f 2579/2612/56 2571/2615/56 2551/2614/56
f 2571/2615/56 2580/2616/56 2551/2614/56
f 2571/2615/56 2572/2616/56 2580/2616/56
f 2572/2616/56 2581/2617/56 2580/2616/56
f 2572/2616/56 2573/2618/56 2581/2617/56
f 2573/2618/56 2574/2619/56 2581/2617/56
f 2574/2619/56 2582/2619/56 2581/2617/56
f 2574/2619/56 2575/2620/56 2582/2619/56
f 2575/2620/56 2583/2621/56 2582/2619/56
f 2575/2620/56 2584/2622/56 2583/2621/56
f 2584/2622/56 2585/2622/56 2583/2621/56
f 2584/2622/56 2586/2623/56 2585/2622/56
f 2586/2623/56 2587/2624/56 2585/2622/56
f 2586/2623/56 2588/2625/56 2587/2624/56
f 2586/2623/56 2589/2625/56 2588/2625/56
f 2589/2626/4096 2554/2627/4096 2552/2628/4096
f 2552/2628/4096 2588/2629/4096 2589/2626/4096
f 2545/2630/4097 2483/2631/4097 2570/2619/4097
f 2570/2619/4097 2577/2632/4097 2545/2630/4097
f 2553/2506/4098 2554/2633/4099 2589/2634/4099
f 2589/2634/4099 2586/2560/4100 2553/2506/4098
f 2557/2561/4101 2553/2506/4098 2586/2560/4100
f 2586/2560/4100 2584/2562/4102 2557/2561/4101
f 2559/2563/4089 2557/2561/4101 2584/2562/4102
f 2584/2562/4102 2575/2564/4089 2559/2563/4089
f 2587/2635/4103 2588/2636/4104 2552/2637/4104
f 2552/2637/4104 2555/2638/4105 2587/2635/4103
f 2585/2604/4106 2587/2635/4103 2555/2638/4105
f 2555/2638/4105 2556/2605/4107 2585/2604/4106
f 2583/2606/4108 2585/2604/4106 2556/2605/4107
f 2556/2605/4107 2558/2607/4108 2583/2606/4108
f 2583/2639/4108 2558/2640/4108 2560/2641/4109
f 2560/2641/4109 2582/2642/4110 2583/2639/4108
f 2582/2642/4110 2560/2641/4109 2562/2631/4111
f 2562/2631/4111 2581/2630/4112 2582/2642/4110
f 2581/2630/4112 2562/2631/4111 2565/2565/4113
f 2565/2565/4113 2580/2566/4114 2581/2630/4112
f 2580/2566/4114 2565/2565/4113 2550/2643/4081
f 2550/2643/4081 2551/2644/4081 2580/2566/4114
f 2590/2645/4115 2592/2646/2616 2591/2647/2628
f 2590/2645/4115 2591/2647/2628 2593/2648/2629
f 2594/2649/2630 2590/2645/4115 2593/2648/2629
f 2594/2649/2630 2593/2648/2629 2595/2650/2631
f 2596/2651/2632 2594/2649/2630 2595/2650/2631
f 2596/2651/2632 2595/2650/2631 2597/2652/4116
f 2598/2653/2634 2596/2651/2632 2597/2652/4116
f 2598/2653/2634 2597/2652/4116 2599/2654/4117
f 2600/2655/2636 2598/2653/2634 2599/2654/4117
f 2600/2655/2636 2599/2654/4117 2601/2656/2637
f 2592/2657/2616 2600/2655/2636 2601/2656/2637
f 2592/2657/2616 2601/2656/2637 2591/2658/2628
f 2602/2659/4118 2604/2660/4119 2603/2661/4118
f 2602/2659/4118 2605/2662/4119 2604/2660/4119
f 2606/2663/4120 2608/2664/4121 2607/2665/4121
f 2606/2663/4120 2609/2666/4120 2608/2664/4121
f 2610/2667/4122 2606/2663/4123 2607/2665/4124
f 2610/2667/4122 2611/2668/4125 2606/2663/4123
f 2610/2667/4122 2612/2669/4126 2611/2668/4125
f 2610/2667/4122 2613/2670/4127 2612/2669/4126
f 2614/2671/4128 2612/2669/4126 2613/2670/4127
f 2615/2672/4129 2617/2673/4130 2616/2674/4129
f 2615/2672/4129 2618/2675/4130 2617/2673/4130
f 2619/2676/4131 2621/2677/4132 2620/2678/4133
f 2619/2676/4131 2622/2679/4134 2621/2677/4132
f 2622/2679/4134 2616/2680/4135 2621/2677/4132
f 2622/2679/4134 2615/2672/4136 2616/2680/4135
f 2623/2681/4137 2620/2682/4138 2624/2683/4137
f 2623/2681/4137 2619/2684/4138 2620/2682/4138
f 2625/2685/4139 2622/2679/4140 2619/2676/4141
f 2625/2685/4139 2626/2686/4142 2622/2679/4140
f 2626/2686/4142 2615/2672/4143 2622/2679/4140
f 2626/2686/4142 2627/2687/4144 2615/2672/4143
f 2627/2687/4144 2618/2675/4145 2615/2672/4143
f 2627/2687/4144 2628/2688/4146 2618/2675/4145
f 2628/2688/4146 2629/2689/4147 2618/2675/4145
f 2628/2688/4146 2630/2690/4148 2629/2689/4147
f 2630/2690/4148 2631/2691/4149 2629/2689/4147
f 2630/2690/4148 2632/2692/4149 2631/2691/4149
f 2633/2693/4150 2631/2691/4149 2632/2692/4149
f 2633/2693/4150 2623/2681/4151 2631/2691/4149
f 2625/2694/4139 2623/2681/4151 2633/2693/4150
f 2625/2694/4139 2619/2684/4141 2623/2681/4151
f 2634/2695/4152 2636/2696/4153 2635/2697/4154
f 2634/2695/4152 2635/2697/4154 2637/2698/4155
f 2637/2698/4155 2635/2697/4154 2638/2689/4156
f 2637/2698/4155 2638/2689/4156 2639/2699/4157
f 2639/2699/4157 2638/2689/4156 2640/2675/4158
f 2639/2699/4157 2640/2675/4158 2641/2700/4159
f 2642/2701/4160 2634/2695/4152 2637/2698/4155
f 2642/2701/4160 2637/2698/4155 2643/2702/4161
f 2643/2702/4161 2637/2698/4155 2639/2699/4157
f 2644/2703/4162 2634/2695/4152 2642/2701/4160
f 2643/2702/4161 2639/2699/4157 2645/2704/4163
f 2645/2704/4163 2639/2699/4157 2641/2700/4159
f 2644/2703/4162 2646/2705/4164 2634/2695/4152
f 2645/2704/4163 2641/2700/4159 2647/2706/4165
f 2648/2707/4166 2646/2705/4164 2644/2703/4162
f 2647/2706/4165 2641/2700/4159 2649/2708/4167
f 2648/2707/4166 2650/2709/4168 2646/2705/4164
f 2647/2706/4165 2649/2708/4167 2651/2710/4169
f 2651/2710/4169 2650/2709/4168 2648/2707/4166
f 2651/2710/4169 2649/2708/4167 2650/2709/4168
f 2652/2694/4170 2636/2681/4171 2653/2684/4172
f 2652/2694/4170 2654/2693/4173 2636/2681/4171
f 2654/2693/4173 2635/2691/4174 2636/2681/4171
f 2654/2693/4173 2655/2692/4174 2635/2691/4174
f 2656/2690/4175 2635/2691/4174 2655/2692/4174
f 2656/2690/4175 2638/2689/4176 2635/2691/4174
f 2657/2688/4177 2638/2689/4176 2656/2690/4175
f 2657/2688/4177 2640/2675/4178 2638/2689/4176
f 2658/2687/4179 2640/2675/4178 2657/2688/4177
f 2658/2687/4179 2659/2672/4180 2640/2675/4178
f 2660/2686/4181 2659/2672/4180 2658/2687/4179
f 2660/2686/4181 2661/2679/4182 2659/2672/4180
f 2652/2685/4170 2661/2679/4182 2660/2686/4181
f 2652/2685/4170 2653/2676/4172 2661/2679/4182
f 2661/2679/4183 2649/2680/4184 2659/2672/4185
f 2661/2679/4183 2650/2677/4186 2649/2680/4184
f 2653/2676/4187 2650/2677/4186 2661/2679/4183
f 2653/2676/4187 2646/2678/4188 2650/2677/4186
f 2644/2671/4189 2662/2670/4190 2648/2669/4191
f 2663/2667/4192 2648/2669/4191 2662/2670/4190
f 2663/2667/4192 2651/2668/4193 2648/2669/4191
f 2663/2667/4192 2647/2663/4194 2651/2668/4193
f 2663/2667/4192 2664/2665/4195 2647/2663/4194
f 2663/2711/4196 2662/2712/4197 2664/2713/4198
f 2665/2714/4199 2664/2713/4198 2662/2712/4197
f 2665/2714/4199 2666/2664/3307 2664/2713/4198
f 2667/2659/4200 2666/2664/3307 2665/2714/4199
f 2642/2660/4201 2662/2715/4201 2644/2716/4202
f 2642/2660/4201 2665/2661/4203 2662/2715/4201
f 2645/2666/4204 2667/2659/4205 2643/2662/4204
f 2645/2666/4204 2666/2664/4206 2667/2659/4205
f 2636/2681/4207 2646/2682/4208 2653/2684/4208
f 2636/2681/4207 2634/2683/4207 2646/2682/4208
f 2659/2672/4209 2641/2673/4209 2640/2675/4209
f 2659/2672/4209 2649/2674/4209 2641/2673/4209
f 2647/2663/4210 2666/2664/4211 2645/2666/4210
f 2647/2663/4210 2664/2665/4211 2666/2664/4211
f 2667/2659/4212 2642/2660/4213 2643/2662/4213
f 2667/2659/4212 2665/2661/4212 2642/2660/4213
f 2602/2659/3304 2603/2714/3303 2608/2664/4214
f 2603/2714/3303 2607/2713/4214 2608/2664/4214
f 2603/2714/3303 2613/2712/4214 2607/2713/4214
f 2610/2711/4215 2607/2713/4214 2613/2712/4214
f 2624/2695/4216 2631/2697/4217 2623/2696/4218
f 2624/2695/4216 2668/2698/4219 2631/2697/4217
f 2668/2698/4219 2629/2689/4220 2631/2697/4217
f 2668/2698/4219 2669/2699/4221 2629/2689/4220
f 2669/2699/4221 2618/2675/4222 2629/2689/4220
f 2669/2699/4221 2617/2700/4223 2618/2675/4222
f 2604/2701/4224 2668/2698/4219 2624/2695/4216
f 2614/2703/4225 2604/2701/4224 2624/2695/4216
f 2604/2701/4224 2605/2702/4226 2668/2698/4219
f 2605/2702/4226 2669/2699/4221 2668/2698/4219
f 2614/2703/4225 2624/2695/4216 2620/2705/4227
f 2605/2702/4226 2609/2704/4228 2669/2699/4221
f 2609/2704/4228 2617/2700/4223 2669/2699/4221
f 2612/2707/4229 2614/2703/4225 2620/2705/4227
f 2609/2704/4228 2606/2706/4230 2617/2700/4223
f 2612/2707/4229 2620/2705/4227 2621/2709/4231
f 2606/2706/4230 2616/2708/4232 2617/2700/4223
f 2611/2710/4233 2612/2707/4229 2621/2709/4231
f 2606/2706/4230 2611/2710/4233 2616/2708/4232
f 2611/2710/4233 2621/2709/4231 2616/2708/4232
f 2604/2660/4234 2613/2715/4235 2603/2661/4236
f 2604/2660/4234 2614/2716/4237 2613/2715/4235
f 2609/2666/4238 2602/2659/4238 2608/2664/4238
f 2609/2666/4238 2605/2662/4238 2602/2659/4238
f 2670/2717/4239 2672/2718/4240 2671/2719/4240
f 2671/2719/4240 2673/2720/4241 2670/2717/4239
f 2674/2721/4242 2670/2717/4239 2673/2720/4241
f 2673/2720/4241 2675/2722/4242 2674/2721/4242
f 2675/2723/4243 2673/2724/4244 2676/2725/4245
f 2677/2726/4246 2676/2725/4245 2673/2724/4244
f 2673/2724/4244 2671/2727/4247 2677/2726/4246
f 2671/2727/4247 2678/2728/4248 2677/2726/4246
f 2679/2729/4249 2676/2725/4245 2677/2726/4246
f 2680/2730/4250 2676/2725/4245 2679/2729/4249
f 2677/2726/4246 2681/2731/4251 2679/2729/4249
f 2677/2726/4246 2682/2732/4252 2681/2731/4251
f 2674/2733/4253 2683/2734/4254 2670/2717/4255
f 2670/2717/4255 2683/2734/4254 2684/2735/4256
f 2684/2735/4256 2672/2718/4257 2670/2717/4255
f 2672/2718/4257 2684/2735/4256 2685/2736/4258
f 2684/2735/4256 2683/2734/4254 2686/2737/4259
f 2687/2738/4260 2686/2737/4259 2683/2734/4254
f 2686/2737/4259 2688/2739/4261 2684/2735/4256
f 2688/2739/4261 2689/2740/4262 2684/2735/4256
f 2688/2741/4263 2681/2742/4263 2682/2743/4264
f 2682/2743/4264 2689/2740/4265 2688/2741/4263
f 2689/2740/4265 2682/2743/4264 2677/2744/4266
f 2677/2744/4266 2684/2735/4267 2689/2740/4265
f 2685/2736/4268 2684/2735/4267 2677/2744/4266
f 2677/2744/4266 2678/2745/4269 2685/2736/4268
f 2672/2746/4270 2685/2736/4268 2678/2745/4269
f 2678/2745/4269 2671/2747/4270 2672/2746/4270
f 2683/2734/4271 2674/2733/4272 2675/2723/4272
f 2675/2723/4272 2676/2725/4271 2683/2734/4271
f 2683/2734/4271 2676/2725/4271 2680/2730/4273
f 2680/2730/4273 2687/2738/4273 2683/2734/4271
f 2687/2748/4274 2680/2749/4274 2679/2750/4275
f 2679/2750/4275 2686/2737/4276 2687/2748/4274
f 2686/2737/4276 2679/2750/4275 2681/2751/4277
f 2681/2751/4277 2688/2739/4277 2686/2737/4276
f 2690/2752/4278 2692/2753/4279 2691/2754/4280
f 2691/2754/4280 2693/2755/4281 2690/2752/4278
f 2694/2756/4282 2690/2752/4278 2693/2755/4281
f 2693/2755/4281 2695/2757/4283 2694/2756/4282
f 2695/2757/4283 2696/2758/4284 2694/2756/4282
f 2690/2752/4278 2694/2756/4282 2697/2759/4285
f 2697/2759/4285 2698/2760/4286 2690/2752/4278
f 2699/2761/4287 2694/2756/4282 2696/2758/4284
f 2697/2759/4285 2694/2756/4282 2699/2761/4287
f 2696/2758/4284 2700/2762/4288 2699/2761/4287
f 2701/2763/4289 2699/2761/4287 2700/2762/4288
f 2700/2762/4288 2702/2764/4290 2701/2763/4289
f 2703/2765/4291 2701/2763/4289 2702/2764/4290
f 2702/2764/4290 2704/2766/4292 2703/2765/4291
f 2704/2766/4292 2691/2767/4293 2703/2765/4291
f 2692/2768/4294 2703/2765/4291 2691/2767/4293
f 2701/2763/4289 2703/2765/4291 2705/2769/4295
f 2705/2769/4295 2703/2765/4291 2692/2768/4294
f 2699/2761/4287 2701/2763/4289 2706/2770/4296
f 2705/2769/4295 2706/2770/4296 2701/2763/4289
f 2699/2761/4287 2707/2771/4297 2697/2759/4285
f 2706/2770/4296 2707/2771/4297 2699/2761/4287
f 2698/2760/4286 2697/2759/4285 2708/2772/4298
f 2697/2759/4285 2707/2771/4297 2709/2773/4299
f 2709/2773/4299 2708/2772/4298 2697/2759/4285
f 2707/2771/4297 2706/2770/4296 2710/2774/4300
f 2710/2774/4300 2709/2773/4299 2707/2771/4297
f 2706/2770/4296 2705/2769/4295 2711/2775/4301
f 2711/2775/4301 2710/2774/4300 2706/2770/4296
f 2708/2772/4298 2712/2776/4302 2698/2760/4286
f 2713/2777/4303 2698/2760/4286 2712/2776/4302
f 2712/2776/4302 2714/2778/4304 2713/2777/4303
f 2713/2777/4303 2714/2778/4304 2715/2779/4305
f 2716/2780/4306 2715/2779/4305 2714/2778/4304
f 2714/2778/4304 2717/2781/4307 2716/2780/4306
f 2718/2782/4308 2717/2781/4307 2714/2778/4304
f 2714/2778/4304 2712/2776/4302 2718/2782/4308
f 2719/2783/4309 2718/2782/4308 2712/2776/4302
f 2712/2776/4302 2708/2772/4298 2719/2783/4309
f 2720/2784/4310 2719/2783/4309 2708/2772/4298
f 2708/2772/4298 2709/2773/4299 2720/2784/4310
f 2721/2785/4311 2720/2784/4310 2709/2773/4299
f 2709/2773/4299 2710/2774/4300 2721/2785/4311
f 2722/2786/4312 2721/2785/4311 2710/2774/4300
f 2710/2774/4300 2711/2775/4301 2722/2786/4312
f 2722/2786/4312 2711/2775/4301 2715/2787/4313
f 2715/2787/4313 2716/2788/4314 2722/2786/4312
f 2715/2787/4313 2711/2775/4301 2705/2769/4295
f 2713/2789/4315 2715/2787/4313 2705/2769/4295
f 2692/2768/4294 2713/2789/4315 2705/2769/4295
f 2723/2790/4316 2713/2789/4315 2692/2768/4294
f 2692/2768/4294 2724/2791/4317 2723/2790/4316
f 2695/2792/4318 2693/2793/4319 2725/2794/4320
f 2725/2794/4320 2726/2795/4321 2695/2792/4318
f 2695/2792/4318 2726/2795/4321 2727/2796/4322
f 2727/2796/4322 2728/2797/4323 2695/2792/4318
f 2729/2798/4324 2727/2796/4322 2726/2795/4321
f 2730/2799/4325 2726/2795/4321 2725/2794/4320
f 2726/2795/4321 2730/2799/4325 2729/2798/4324
f 2725/2794/4320 2731/2800/4326 2730/2799/4325
f 2729/2798/4324 2730/2799/4325 2732/2801/4327
f 2732/2801/4327 2730/2799/4325 2731/2800/4326
f 2732/2801/4327 2733/2802/4328 2729/2798/4324
f 2731/2800/4326 2734/2803/4329 2732/2801/4327
f 2733/2802/4328 2732/2801/4327 2735/2804/4330
f 2735/2804/4330 2732/2801/4327 2734/2803/4329
f 2735/2804/4330 2736/2805/4331 2733/2802/4328
f 2736/2805/4331 2735/2804/4330 2737/2806/4332
f 2737/2806/4332 2738/2807/4333 2736/2805/4331
f 2734/2803/4329 2739/2808/4334 2735/2804/4330
f 2737/2806/4332 2735/2804/4330 2739/2808/4334
f 2734/2803/4329 2740/2809/4335 2739/2808/4334
f 2734/2803/4329 2731/2810/4335 2740/2809/4335
f 2725/2811/4335 2740/2809/4335 2731/2810/4335
f 2725/2811/4335 2693/2812/4335 2740/2809/4335
f 2693/2812/4335 2691/2813/4336 2740/2809/4335
f 2691/2813/4336 2704/2814/4335 2740/2809/4335
f 2741/2815/4337 2740/2809/4335 2704/2814/4335
f 2739/2808/4334 2740/2809/4335 2741/2815/4337
f 2739/2808/4334 2741/2816/4338 2737/2806/4332
f 2737/2806/4332 2741/2816/4338 2704/2817/4339
f 2704/2817/4339 2702/2818/4340 2737/2806/4332
f 2738/2807/4333 2737/2806/4332 2702/2818/4340
f 2702/2818/4340 2742/2819/4341 2738/2807/4333
f 2742/2819/4341 2702/2818/4340 2700/2820/4342
f 2700/2820/4342 2743/2821/4343 2742/2819/4341
f 2743/2821/4343 2700/2820/4342 2696/2822/4344
f 2696/2822/4344 2744/2823/4345 2743/2821/4343
f 2744/2823/4345 2696/2822/4344 2695/2824/4346
f 2695/2824/4346 2728/2825/4346 2744/2823/4345
f 2690/2826/4347 2745/2827/4348 2724/2791/4349
f 2724/2791/4349 2692/2768/4350 2690/2826/4347
f 2698/2828/4351 2746/2829/4352 2745/2827/4353
f 2745/2827/4353 2690/2826/4354 2698/2828/4351
f 2713/2789/4355 2723/2790/4356 2746/2830/4355
f 2746/2830/4355 2698/2831/4357 2713/2789/4355
f 2724/2791/4358 2745/2827/4359 2746/2832/4360
f 2746/2832/4360 2723/2833/4361 2724/2791/4358
f 2747/2834/4362 2749/2835/4363 2748/2836/4362
f 2748/2836/4362 2750/2837/4364 2747/2834/4362
f 2751/2838/4365 2753/2839/4365 2752/2840/4365
f 2752/2840/4365 2754/2841/4365 2751/2838/4365
f 2747/2842/4366 2750/2843/4367 2751/2838/4368
f 2751/2838/4368 2754/2841/4369 2747/2842/4366
f 2755/2844/4370 2757/2845/4371 2756/2846/4372
f 2756/2846/4372 2758/2847/4373 2755/2844/4374
f 2759/2848/4375 2755/2844/4374 2758/2847/4373
f 2758/2847/4373 2760/2849/4376 2759/2848/4375
f 2748/2836/4377 2759/2848/4375 2760/2849/4376
f 2760/2849/4376 2753/2839/4378 2748/2836/4377
f 2750/2837/4379 2748/2836/4377 2753/2839/4378
f 2753/2839/4378 2751/2838/4380 2750/2837/4379
f 2758/2847/4381 2756/2846/4382 2761/2850/4383
f 2761/2850/4384 2762/2851/4385 2758/2847/4381
f 2760/2849/4386 2758/2847/4381 2762/2851/4385
f 2762/2851/4385 2763/2852/4387 2760/2849/4386
f 2753/2839/4388 2760/2849/4386 2763/2852/4387
f 2763/2852/4387 2752/2840/4388 2753/2839/4388
f 2762/2851/4389 2761/2850/4390 2764/2853/4391
f 2764/2853/4391 2765/2854/4392 2762/2851/4393
f 2763/2852/4394 2762/2851/4393 2765/2854/4392
f 2765/2854/4392 2766/2855/4395 2763/2852/4394
f 2752/2840/4396 2763/2852/4394 2766/2855/4395
f 2766/2855/4395 2749/2856/4396 2752/2840/4396
f 2752/2840/4396 2749/2856/4396 2747/2857/4397
f 2747/2857/4397 2754/2841/4397 2752/2840/4396
f 2765/2858/4398 2764/2859/4399 2757/2845/4400
f 2757/2845/4400 2755/2844/4401 2765/2858/4402
f 2766/2860/4403 2765/2858/4402 2755/2844/4401
f 2755/2844/4401 2759/2848/4404 2766/2860/4403
f 2749/2835/4405 2766/2860/4403 2759/2848/4404
f 2759/2848/4404 2748/2836/4405 2749/2835/4405
f 2767/2794/4406 2769/2793/4407 2768/2792/4408
f 2768/2792/4408 2770/2795/4409 2767/2794/4406
f 2771/2796/4410 2770/2795/4409 2768/2792/4408
f 2768/2792/4408 2772/2797/4411 2771/2796/4410
f 2770/2795/4409 2771/2796/4410 2773/2798/4412
f 2767/2794/4406 2770/2795/4409 2774/2799/4413
f 2773/2798/4412 2774/2799/4413 2770/2795/4409
f 2774/2799/4413 2775/2800/4414 2767/2794/4406
f 2776/2801/4415 2774/2799/4413 2773/2798/4412
f 2775/2800/4414 2774/2799/4413 2776/2801/4415
f 2773/2798/4412 2777/2802/4416 2776/2801/4415
f 2776/2801/4415 2778/2803/4417 2775/2800/4414
f 2779/2804/4418 2776/2801/4415 2777/2802/4416
f 2778/2803/4417 2776/2801/4415 2779/2804/4418
f 2777/2802/4416 2780/2805/4419 2779/2804/4418
f 2781/2806/4420 2779/2804/4418 2780/2805/4419
f 2780/2805/4419 2782/2807/4421 2781/2806/4420
f 2779/2804/4418 2783/2808/4422 2778/2803/4417
f 2783/2808/4422 2779/2804/4418 2781/2806/4420
f 2778/2803/4417 2783/2808/4422 2784/2809/4423
f 2778/2803/4417 2784/2809/4423 2775/2810/4423
f 2767/2811/4424 2775/2810/4423 2784/2809/4423
f 2767/2811/4424 2784/2809/4423 2769/2812/4424
f 2769/2812/4424 2784/2809/4423 2785/2813/4423
f 2785/2813/4423 2784/2809/4423 2786/2814/4423
f 2787/2815/4423 2786/2814/4423 2784/2809/4423
f 2783/2808/4422 2787/2815/4423 2784/2809/4423
f 2781/2806/4420 2787/2816/4425 2783/2808/4422
f 2786/2817/4426 2787/2816/4425 2781/2806/4420
f 2781/2806/4420 2788/2818/4427 2786/2817/4426
f 2788/2818/4427 2781/2806/4420 2782/2807/4421
f 2782/2807/4421 2789/2819/4428 2788/2818/4427
f 2790/2820/4429 2788/2818/4427 2789/2819/4428
f 2789/2819/4428 2791/2821/4430 2790/2820/4429
f 2792/2822/4431 2790/2820/4429 2791/2821/4430
f 2791/2821/4430 2793/2823/4432 2792/2822/4431
f 2768/2824/4433 2792/2822/4431 2793/2823/4432
f 2793/2823/4432 2772/2825/4433 2768/2824/4433
f 2785/2754/4434 2795/2753/4435 2794/2752/4436
f 2794/2752/4436 2769/2755/4437 2785/2754/4434
f 2769/2755/4437 2794/2752/4436 2796/2756/4438
f 2796/2756/4438 2768/2757/4439 2769/2755/4437
f 2768/2757/4439 2796/2756/4438 2792/2758/4440
f 2797/2759/4441 2796/2756/4438 2794/2752/4436
f 2794/2752/4436 2798/2760/4442 2797/2759/4441
f 2792/2758/4440 2796/2756/4438 2799/2761/4443
f 2799/2761/4443 2796/2756/4438 2797/2759/4441
f 2799/2761/4443 2790/2762/4444 2792/2758/4440
f 2790/2762/4444 2799/2761/4443 2800/2763/4445
f 2800/2763/4445 2788/2764/4446 2790/2762/4444
f 2788/2764/4446 2800/2763/4445 2801/2765/4447
f 2801/2765/4447 2786/2766/4448 2788/2764/4446
f 2786/2766/4448 2801/2765/4447 2785/2767/4449
f 2795/2768/4450 2785/2767/4449 2801/2765/4447
f 2802/2769/4451 2801/2765/4447 2800/2763/4445
f 2795/2768/4450 2801/2765/4447 2802/2769/4451
f 2803/2770/4452 2800/2763/4445 2799/2761/4443
f 2800/2763/4445 2803/2770/4452 2802/2769/4451
f 2797/2759/4441 2804/2771/4453 2799/2761/4443
f 2799/2761/4443 2804/2771/4453 2803/2770/4452
f 2805/2772/4454 2797/2759/4441 2798/2760/4442
f 2806/2773/4455 2804/2771/4453 2797/2759/4441
f 2797/2759/4441 2805/2772/4454 2806/2773/4455
f 2807/2774/4456 2803/2770/4452 2804/2771/4453
f 2804/2771/4453 2806/2773/4455 2807/2774/4456
f 2808/2775/4457 2802/2769/4451 2803/2770/4452
f 2803/2770/4452 2807/2774/4456 2808/2775/4457
f 2798/2760/4442 2809/2776/4458 2805/2772/4454
f 2809/2776/4458 2798/2760/4442 2810/2777/4459
f 2810/2777/4459 2811/2778/4460 2809/2776/4458
f 2810/2777/4459 2812/2779/4461 2811/2778/4460
f 2811/2778/4460 2812/2779/4461 2813/2780/4462
f 2813/2780/4462 2814/2781/4463 2811/2778/4460
f 2811/2778/4460 2814/2781/4463 2815/2782/4464
f 2815/2782/4464 2809/2776/4458 2811/2778/4460
f 2809/2776/4458 2815/2782/4464 2816/2783/4465
f 2816/2783/4465 2805/2772/4454 2809/2776/4458
f 2805/2772/4454 2816/2783/4465 2817/2784/4466
f 2817/2784/4466 2806/2773/4455 2805/2772/4454
f 2806/2773/4455 2817/2784/4466 2818/2785/4467
f 2818/2785/4467 2807/2774/4456 2806/2773/4455
f 2807/2774/4456 2818/2785/4467 2819/2786/4468
f 2819/2786/4468 2808/2775/4457 2807/2774/4456
f 2812/2787/4469 2808/2775/4457 2819/2786/4468
f 2819/2786/4468 2813/2788/4470 2812/2787/4469
f 2812/2787/4469 2802/2769/4451 2808/2775/4457
f 2810/2789/4471 2802/2769/4451 2812/2787/4469
f 2802/2769/4451 2810/2789/4471 2795/2768/4450
f 2795/2768/4450 2810/2789/4471 2820/2790/4472
f 2820/2790/4472 2821/2791/4473 2795/2768/4450
f 2794/2826/4474 2795/2768/4475 2821/2791/4476
f 2821/2791/4476 2822/2827/4476 2794/2826/4474
f 2798/2828/4477 2794/2826/4478 2822/2827/4479
f 2822/2827/4479 2823/2829/4480 2798/2828/4477
f 2810/2789/4481 2798/2831/4482 2823/2830/4481
f 2823/2830/4481 2820/2790/4483 2810/2789/4481
f 2821/2791/4484 2820/2833/4485 2823/2832/4486
f 2823/2832/4486 2822/2827/4487 2821/2791/4484
f 2824/2834/4488 2826/2837/4489 2825/2836/4490
f 2825/2836/4490 2827/2835/4490 2824/2834/4488
f 2828/2838/4491 2830/2841/4492 2829/2840/4493
f 2829/2840/4493 2831/2839/4494 2828/2838/4491
f 2824/2842/4495 2830/2841/4496 2828/2838/4497
f 2828/2838/4497 2826/2843/4498 2824/2842/4495
f 2826/2837/4499 2828/2838/4500 2831/2839/4501
f 2831/2839/4501 2825/2836/4502 2826/2837/4499
f 2825/2836/4502 2831/2839/4501 2832/2849/4503
f 2832/2849/4503 2833/2848/4504 2825/2836/4502
f 2833/2848/4504 2832/2849/4503 2834/2847/4505
f 2834/2847/4505 2835/2844/4506 2833/2848/4504
f 2835/2844/4506 2834/2847/4505 2836/2846/4507
f 2836/2846/4507 2837/2845/4508 2835/2844/4506
f 2831/2839/4509 2829/2840/4510 2838/2852/4511
f 2838/2852/4511 2832/2849/4512 2831/2839/4509
f 2832/2849/4512 2838/2852/4511 2839/2851/4513
f 2839/2851/4513 2834/2847/4514 2832/2849/4512
f 2834/2847/4514 2839/2851/4513 2840/2850/4515
f 2840/2850/4515 2836/2846/4516 2834/2847/4514
f 2827/2835/4517 2825/2836/4517 2833/2848/4518
f 2833/2848/4518 2841/2860/4519 2827/2835/4517
f 2841/2860/4519 2833/2848/4518 2835/2844/4520
f 2835/2844/4520 2842/2858/4521 2841/2860/4519
f 2842/2858/4521 2835/2844/4520 2837/2845/4522
f 2837/2845/4522 2843/2859/4523 2842/2858/4521
f 2829/2840/4524 2830/2841/4525 2824/2857/4526
f 2824/2857/4526 2827/2856/4524 2829/2840/4524
f 2829/2840/4524 2827/2856/4524 2841/2855/4527
f 2841/2855/4527 2838/2852/4528 2829/2840/4524
f 2838/2852/4528 2841/2855/4527 2842/2854/4529
f 2842/2854/4529 2839/2851/4530 2838/2852/4528
f 2839/2851/4530 2842/2854/4529 2843/2853/4531
f 2843/2853/4531 2840/2850/4532 2839/2851/4530
f 2844/2861/4533 2846/2862/4534 2845/2863/4535
f 2845/2863/4535 2847/2864/4536 2844/2861/4533
f 2848/2865/4537 2844/2861/4533 2847/2864/4536
f 2847/2864/4536 2849/2866/4538 2848/2865/4537
f 2850/2867/4539 2848/2865/4537 2849/2866/4538
f 2849/2866/4538 2851/2868/4540 2850/2867/4539
f 2852/2869/4541 2850/2867/4539 2851/2868/4540
f 2851/2868/4540 2853/2870/4542 2852/2869/4541
f 2854/2871/4543 2852/2869/4541 2853/2870/4542
f 2853/2870/4542 2855/2872/4544 2854/2871/4543
f 2856/2873/4545 2854/2871/4543 2855/2872/4544
f 2855/2872/4544 2857/2874/4546 2856/2873/4545
f 2858/2875/4547 2856/2873/4545 2857/2874/4546
f 2857/2874/4546 2859/2876/4548 2858/2875/4547
f 2846/2877/4549 2858/2875/4547 2859/2876/4548
f 2859/2876/4548 2845/2878/4550 2846/2877/4549
f 2858/2875/4551 2846/2877/4552 2860/2879/4553
f 2860/2879/4553 2861/2880/4554 2858/2875/4551
f 2861/2880/4554 2860/2879/4553 2862/2881/4555
f 2862/2881/4555 2863/2882/4556 2861/2880/4554
f 2858/2875/4551 2861/2880/4554 2864/2883/4557
f 2864/2883/4557 2861/2880/4554 2863/2882/4556
f 2864/2883/4557 2856/2873/4558 2858/2875/4551
f 2863/2882/4556 2865/2884/4559 2864/2883/4557
f 2854/2871/4560 2856/2873/4558 2864/2883/4557
f 2866/2885/4561 2864/2883/4557 2865/2884/4559
f 2864/2883/4557 2866/2885/4561 2854/2871/4560
f 2865/2884/4559 2867/2886/4562 2866/2885/4561
f 2852/2869/4563 2854/2871/4560 2866/2885/4561
f 2868/2887/4564 2866/2885/4561 2867/2886/4562
f 2866/2885/4561 2868/2887/4564 2852/2869/4563
f 2867/2886/4562 2869/2888/4565 2868/2887/4564
f 2850/2867/4566 2852/2869/4563 2868/2887/4564
f 2870/2889/4567 2868/2887/4564 2869/2888/4565
f 2868/2887/4564 2870/2889/4567 2850/2867/4566
f 2869/2888/4565 2871/2890/4568 2870/2889/4567
f 2848/2865/4569 2850/2867/4566 2870/2889/4567
f 2872/2891/4570 2870/2889/4567 2871/2890/4568
f 2870/2889/4567 2872/2891/4570 2848/2865/4569
f 2871/2890/4568 2873/2892/4571 2872/2891/4570
f 2844/2861/4572 2848/2865/4569 2872/2891/4570
f 2874/2893/4573 2872/2891/4570 2873/2892/4571
f 2872/2891/4570 2874/2893/4573 2844/2861/4572
f 2846/2862/4574 2844/2861/4572 2874/2893/4573
f 2873/2892/4571 2875/2894/4575 2874/2893/4573
f 2874/2893/4573 2860/2895/4576 2846/2862/4574
f 2860/2895/4576 2874/2893/4573 2875/2894/4575
f 2875/2894/4575 2862/2896/4577 2860/2895/4576
f 2876/2897/4578 2878/2898/4579 2877/2899/4580
f 2877/2899/4580 2879/2900/4581 2876/2897/4578
f 2878/2898/4582 2876/2897/4582 2880/2901/4582
f 2880/2901/4582 2881/2902/4582 2878/2898/4582
f 2880/2901/4583 2883/2901/4583 2882/2903/4583
f 2882/2903/4583 2881/2902/4583 2880/2901/4583
f 2879/2900/4584 2877/2899/4585 2884/2904/4586
f 2884/2904/4586 2885/2905/4587 2879/2900/4584
f 2886/2906/4588 2887/2907/4589 2884/2904/4590
f 2884/2904/4591 2877/2899/4592 2886/2906/4593
f 2886/2906/4593 2877/2899/4592 2878/2898/4594
f 2878/2898/4594 2888/2908/4595 2886/2906/4593
f 2888/2908/4595 2878/2898/4594 2881/2902/4596
f 2881/2902/4596 2882/2903/4597 2888/2908/4595
f 2883/2901/4598 2880/2901/4599 2876/2897/4600
f 2876/2897/4601 2889/2909/4602 2883/2901/4603
f 2889/2909/4602 2876/2897/4601 2879/2900/4604
f 2879/2900/4604 2890/2910/4605 2889/2909/4602
f 2890/2910/4605 2879/2900/4604 2885/2905/4606
f 2885/2905/4606 2891/2911/4607 2890/2910/4605
f 2892/2912/4608 2894/2913/4608 2893/2914/4609
f 2893/2914/4609 2895/2915/4610 2892/2912/4611
f 2895/2915/4610 2893/2914/4609 2896/2916/4612
f 2896/2916/4612 2684/2917/4613 2895/2915/4610
f 2897/2918/4614 2898/2919/4614 2894/2913/4614
f 2894/2913/4615 2892/2912/4615 2897/2918/4615
f 2899/2920/4616 2900/2921/4617 2898/2922/4616
f 2898/2922/4616 2897/2923/4618 2899/2920/4616
f 2901/2924/4619 2896/2916/4620 2893/2914/4619
f 2893/2914/4619 2902/2925/4619 2901/2924/4619
f 2902/2925/4619 2893/2914/4619 2894/2913/4619
f 2898/2922/4619 2902/2925/4619 2894/2913/4619
f 2902/2925/4619 2898/2922/4619 2900/2921/4619
f 2900/2921/4619 2903/2926/4619 2902/2925/4619
f 2771/2927/3302 2772/2928/3302 2904/2929/3302
f 2773/2930/3304 2771/2927/3302 2904/2929/3302
f 2772/2928/3302 2793/2931/3302 2904/2929/3302
f 2777/2802/3302 2773/2930/3304 2904/2929/3302
f 2793/2931/3302 2791/2932/3302 2904/2929/3302
f 2780/2805/4621 2777/2802/3302 2904/2929/3302
f 2791/2932/3302 2789/2933/3302 2904/2929/3302
f 2782/2934/3302 2780/2805/4621 2904/2929/3302
f 2789/2933/3302 2782/2934/3302 2904/2929/3302
f 2727/2927/3305 2905/2929/3305 2728/2928/3306
f 2729/2930/3306 2905/2929/3305 2727/2927/3305
f 2728/2928/3306 2905/2929/3305 2744/2931/3305
f 2733/2802/3305 2905/2929/3305 2729/2930/3306
f 2744/2931/3305 2905/2929/3305 2743/2932/3307
f 2736/2805/3307 2905/2929/3305 2733/2802/3305
f 2743/2932/3307 2905/2929/3305 2742/2933/3305
f 2738/2934/3307 2905/2929/3305 2736/2805/3307
f 2742/2933/3305 2905/2929/3305 2738/2934/3307
f 2716/2935/4622 2717/2781/4623 2906/2936/4623
f 2906/2936/4623 2717/2781/4623 2718/2782/4624
f 2906/2936/4623 2907/2937/4625 2716/2935/4622
f 2718/2782/4624 2908/2938/4626 2906/2936/4623
f 2716/2935/4622 2907/2937/4625 2909/2939/4627
f 2908/2938/4626 2718/2782/4624 2719/2940/4628
f 2909/2939/4627 2722/2941/4629 2716/2935/4622
f 2719/2940/4628 2910/2942/4630 2908/2938/4626
f 2722/2941/4629 2909/2939/4627 2911/2943/4631
f 2910/2942/4630 2719/2940/4628 2720/2944/4632
f 2911/2943/4631 2721/2945/4633 2722/2941/4629
f 2720/2944/4632 2912/2946/4634 2910/2942/4630
f 2721/2945/4633 2911/2943/4631 2912/2946/4634
f 2912/2946/4634 2720/2944/4632 2721/2945/4633
f 2871/2890/4635 2913/2947/4635 2873/2948/4635
f 2869/2888/4635 2913/2947/4635 2871/2890/4635
f 2873/2948/4635 2913/2947/4635 2875/2949/4635
f 2867/2950/4635 2913/2947/4635 2869/2888/4635
f 2875/2949/4635 2913/2947/4635 2862/2951/4635
f 2865/2952/4635 2913/2947/4635 2867/2950/4635
f 2862/2951/4635 2913/2947/4635 2863/2953/4635
f 2865/2952/4635 2863/2953/4635 2913/2947/4635
f 2914/2954/4636 2855/2955/4637 2853/2870/4638
f 2914/2954/4636 2857/2956/4639 2855/2955/4637
f 2914/2954/4636 2853/2870/4638 2851/2868/4640
f 2914/2954/4636 2859/2957/4641 2857/2956/4639
f 2914/2954/4636 2851/2868/4640 2849/2958/4642
f 2914/2954/4636 2845/2959/4643 2859/2957/4641
f 2914/2954/4636 2849/2958/4642 2847/2960/4644
f 2914/2954/4636 2847/2960/4644 2845/2959/4643
f 2915/2936/4645 2814/2781/4645 2813/2935/4646
f 2815/2782/4647 2814/2781/4645 2915/2936/4645
f 2813/2935/4646 2916/2937/4646 2915/2936/4645
f 2915/2936/4645 2917/2938/4648 2815/2782/4647
f 2918/2939/4649 2916/2937/4646 2813/2935/4646
f 2816/2940/4650 2815/2782/4647 2917/2938/4648
f 2813/2935/4646 2819/2941/4651 2918/2939/4649
f 2917/2938/4648 2919/2942/4652 2816/2940/4650
f 2920/2943/4653 2918/2939/4649 2819/2941/4651
f 2817/2944/4654 2816/2940/4650 2919/2942/4652
f 2819/2941/4651 2818/2945/4655 2920/2943/4653
f 2919/2942/4652 2921/2946/4656 2817/2944/4654
f 2921/2946/4656 2920/2943/4653 2818/2945/4655
f 2818/2945/4655 2817/2944/4654 2921/2946/4656
f 2922/2961/4657 2628/2688/4658 2627/2962/4657
f 2922/2961/4657 2923/2963/4659 2628/2688/4658
f 2924/2964/4424 2922/2961/4657 2627/2962/4657
f 2923/2963/4659 2630/2690/4424 2628/2688/4658
f 2924/2964/4424 2627/2962/4657 2626/2965/4424
f 2923/2963/4659 2925/2966/4423 2630/2690/4424
f 2926/2967/4660 2924/2964/4424 2626/2965/4424
f 2925/2966/4423 2632/2968/4424 2630/2690/4424
f 2926/2967/4660 2626/2965/4424 2625/2969/4424
f 2925/2966/4423 2927/2970/4424 2632/2968/4424
f 2928/2971/4423 2926/2967/4660 2625/2969/4424
f 2633/2972/4423 2632/2968/4424 2927/2970/4424
f 2633/2972/4423 2927/2970/4424 2928/2971/4423
f 2928/2971/4423 2625/2969/4424 2633/2972/4423
f 2929/2961/4337 2657/2688/4661 2930/2963/4662
f 2929/2961/4337 2658/2962/4337 2657/2688/4661
f 2930/2963/4662 2657/2688/4661 2656/2690/4661
f 2931/2964/4337 2658/2962/4337 2929/2961/4337
f 2930/2963/4662 2656/2690/4661 2932/2966/4661
f 2931/2964/4337 2660/2965/4337 2658/2962/4337
f 2932/2966/4661 2656/2690/4661 2655/2968/4335
f 2933/2967/4335 2660/2965/4337 2931/2964/4337
f 2932/2966/4661 2655/2968/4335 2934/2970/4335
f 2933/2967/4335 2652/2969/4335 2660/2965/4337
f 2654/2972/4335 2934/2970/4335 2655/2968/4335
f 2935/2971/4335 2652/2969/4335 2933/2967/4335
f 2935/2971/4335 2654/2972/4335 2652/2969/4335
f 2654/2972/4335 2935/2971/4335 2934/2970/4335
f 2907/2973/4663 2937/2974/4663 2936/2975/4664
f 2936/2975/4664 2909/2976/4664 2907/2973/4663
f 2911/2977/4665 2909/2976/4664 2936/2975/4664
f 2936/2975/4664 2938/2978/4666 2911/2977/4665
f 2912/2979/4667 2911/2977/4665 2938/2978/4666
f 2938/2978/4666 2939/2980/4668 2912/2979/4667
f 2910/2981/4669 2912/2979/4667 2939/2980/4668
f 2939/2980/4668 2940/2982/4670 2910/2981/4669
f 2908/2983/4671 2910/2981/4669 2940/2982/4670
f 2940/2982/4670 2941/2984/4672 2908/2983/4671
f 2906/2985/4673 2908/2983/4671 2941/2984/4672
f 2941/2984/4672 2942/2986/4674 2906/2985/4673
f 2907/2987/4675 2906/2985/4673 2942/2986/4674
f 2942/2986/4674 2937/2988/4676 2907/2987/4675
f 2943/2975/4677 2944/2974/4678 2916/2973/4678
f 2916/2973/4678 2918/2976/4677 2943/2975/4677
f 2943/2975/4677 2918/2976/4677 2920/2977/4679
f 2920/2977/4679 2945/2978/4680 2943/2975/4677
f 2945/2978/4680 2920/2977/4679 2921/2979/4681
f 2921/2979/4681 2946/2980/4682 2945/2978/4680
f 2946/2980/4682 2921/2979/4681 2919/2981/4683
f 2919/2981/4683 2947/2982/4684 2946/2980/4682
f 2947/2982/4684 2919/2981/4683 2917/2983/4685
f 2917/2983/4685 2948/2984/4686 2947/2982/4684
f 2948/2984/4686 2917/2983/4685 2915/2985/4687
f 2915/2985/4687 2949/2986/4688 2948/2984/4686
f 2949/2986/4688 2915/2985/4687 2916/2987/4689
f 2916/2987/4689 2944/2988/4689 2949/2986/4688
f 2950/2989/4690 2947/2990/4691 2948/2991/4690
f 2950/2989/4690 2946/2980/4691 2947/2990/4691
f 2950/2989/4690 2948/2991/4690 2949/2992/4690
f 2950/2989/4690 2945/2978/4692 2946/2980/4691
f 2950/2989/4690 2949/2992/4690 2944/2993/4690
f 2950/2989/4690 2943/2994/4690 2945/2978/4692
f 2950/2989/4690 2944/2993/4690 2943/2994/4690
f 2951/2989/4693 2940/2990/4693 2939/2980/4693
f 2951/2989/4693 2941/2991/4694 2940/2990/4693
f 2951/2989/4693 2939/2980/4693 2938/2978/4693
f 2951/2989/4693 2942/2992/4694 2941/2991/4694
f 2951/2989/4693 2938/2978/4693 2936/2994/4693
f 2951/2989/4693 2937/2993/4693 2942/2992/4694
f 2951/2989/4693 2936/2994/4693 2937/2993/4693
