# Blender 4.5.2 LTS
# www.blender.org
mtllib enemy3.mtl
o Cube.001
v -0.199238 0.035028 0.199238
v -0.253268 0.612433 0.253268
v -0.199238 0.035028 -0.199238
v -0.253268 0.612433 -0.253268
v 0.199238 0.035028 0.199238
v 0.253268 0.612433 0.253268
v 0.199238 0.035028 -0.199238
v 0.253268 0.612433 -0.253268
v -0.395825 0.143880 -0.395825
v -0.395825 0.143880 0.395825
v 0.395825 0.143880 -0.395825
v 0.395825 0.143880 0.395825
v -0.460765 0.143880 -0.313103
v -0.507150 0.143880 -0.216467
v -0.534982 0.143880 -0.110553
v -0.544259 0.143880 -0.000000
v -0.534982 0.143880 0.110553
v -0.507150 0.143880 0.216467
v -0.460765 0.143880 0.313104
v -0.398292 0.198057 0.398292
v -0.392691 0.261615 0.392691
v -0.379784 0.330445 0.379784
v -0.360328 0.400441 0.360328
v -0.335311 0.467610 0.335311
v -0.306622 0.528426 0.306622
v -0.276897 0.579178 0.276897
v -0.267645 0.626771 0.211102
v -0.282799 0.642210 0.148803
v -0.293241 0.653113 0.076727
v -0.297048 0.657168 -0.000000
v -0.293241 0.653113 -0.076727
v -0.282799 0.642211 -0.148803
v -0.267645 0.626771 -0.211102
v -0.276897 0.579178 -0.276897
v -0.306622 0.528426 -0.306622
v -0.335311 0.467610 -0.335311
v -0.360328 0.400441 -0.360328
v -0.379784 0.330445 -0.379784
v -0.392691 0.261615 -0.392691
v -0.398292 0.198057 -0.398292
v 0.313103 0.143880 -0.460765
v 0.216467 0.143880 -0.507150
v 0.110553 0.143880 -0.534982
v 0.000000 0.143880 -0.544259
v -0.110553 0.143880 -0.534982
v -0.216467 0.143880 -0.507150
v -0.313104 0.143880 -0.460765
v -0.211102 0.626771 -0.267645
v -0.148803 0.642210 -0.282799
v -0.076727 0.653113 -0.293241
v 0.000000 0.657168 -0.297048
v 0.076727 0.653113 -0.293241
v 0.148803 0.642211 -0.282799
v 0.211102 0.626771 -0.267645
v 0.276897 0.579178 -0.276897
v 0.306622 0.528426 -0.306622
v 0.335311 0.467610 -0.335311
v 0.360328 0.400441 -0.360328
v 0.379784 0.330445 -0.379784
v 0.392691 0.261615 -0.392691
v 0.398292 0.198057 -0.398292
v 0.460765 0.143880 0.313103
v 0.507150 0.143880 0.216467
v 0.534982 0.143880 0.110553
v 0.544259 0.143880 -0.000000
v 0.534982 0.143880 -0.110553
v 0.507150 0.143880 -0.216467
v 0.460765 0.143880 -0.313104
v 0.267645 0.626771 -0.211102
v 0.282799 0.642210 -0.148803
v 0.293241 0.653113 -0.076727
v 0.297048 0.657168 -0.000000
v 0.293241 0.653113 0.076727
v 0.282799 0.642211 0.148803
v 0.267645 0.626771 0.211102
v 0.276897 0.579178 0.276897
v 0.306622 0.528426 0.306622
v 0.335311 0.467610 0.335311
v 0.360328 0.400441 0.360328
v 0.379784 0.330445 0.379784
v 0.392691 0.261615 0.392691
v 0.398292 0.198057 0.398292
v -0.313103 0.143880 0.460765
v -0.216467 0.143880 0.507150
v -0.110553 0.143880 0.534982
v 0.000000 0.143880 0.544259
v 0.110553 0.143880 0.534982
v 0.216467 0.143880 0.507150
v 0.313104 0.143880 0.460765
v 0.211102 0.626771 0.267645
v 0.148803 0.642210 0.282799
v 0.076727 0.653113 0.293241
v 0.000000 0.657168 0.297048
v -0.076727 0.653113 0.293241
v -0.148803 0.642211 0.282799
v -0.211102 0.626771 0.267645
v -0.208207 0.035849 -0.165339
v -0.217381 0.036732 -0.116055
v -0.223478 0.037355 -0.059689
v -0.225633 0.037587 -0.000000
v -0.223478 0.037355 0.059689
v -0.217381 0.036732 0.116055
v -0.208207 0.035849 0.165339
v 0.165339 0.035849 -0.208207
v 0.116055 0.036732 -0.217381
v 0.059689 0.037355 -0.223478
v 0.000000 0.037587 -0.225633
v -0.059689 0.037355 -0.223478
v -0.116055 0.036732 -0.217381
v -0.165339 0.035849 -0.208207
v 0.208207 0.035849 0.165339
v 0.217381 0.036732 0.116055
v 0.223478 0.037355 0.059689
v 0.225633 0.037587 -0.000000
v 0.223478 0.037355 -0.059689
v 0.217381 0.036732 -0.116055
v 0.208207 0.035849 -0.165339
v -0.165339 0.035849 0.208207
v -0.116055 0.036732 0.217381
v -0.059689 0.037355 0.223478
v 0.000000 0.037587 0.225633
v 0.059689 0.037355 0.223478
v 0.116055 0.036732 0.217381
v 0.165339 0.035849 0.208207
v -0.384912 0.102204 -0.384912
v -0.366700 0.072191 -0.366700
v -0.342717 0.052018 -0.342717
v -0.314490 0.039860 -0.314490
v -0.283611 0.033899 -0.283611
v -0.251928 0.032343 -0.251928
v -0.221767 0.033392 -0.221767
v -0.221767 0.033392 0.221767
v -0.251928 0.032343 0.251928
v -0.283611 0.033899 0.283611
v -0.314490 0.039860 0.314490
v -0.342717 0.052018 0.342717
v -0.366700 0.072191 0.366700
v -0.384912 0.102204 0.384912
v 0.384912 0.102204 -0.384912
v 0.366700 0.072191 -0.366700
v 0.342717 0.052018 -0.342717
v 0.314490 0.039860 -0.314490
v 0.283611 0.033899 -0.283611
v 0.251928 0.032343 -0.251928
v 0.221767 0.033392 -0.221767
v 0.384912 0.102204 0.384912
v 0.366700 0.072191 0.366700
v 0.342717 0.052018 0.342717
v 0.314490 0.039860 0.314490
v 0.283611 0.033899 0.283611
v 0.251928 0.032343 0.251928
v 0.221767 0.033392 0.221767
v -0.463627 0.198068 0.315060
v -0.457043 0.261701 0.310663
v -0.441839 0.330736 0.300543
v -0.418846 0.401130 0.285330
v -0.388977 0.468999 0.265942
v -0.353501 0.531098 0.244459
v -0.313435 0.584459 0.223953
v -0.510291 0.198091 0.217821
v -0.502972 0.261890 0.214797
v -0.486043 0.331375 0.207841
v -0.460357 0.402646 0.197402
v -0.426722 0.472016 0.184192
v -0.385795 0.536667 0.169974
v -0.337975 0.594095 0.157048
v -0.538286 0.198115 0.111245
v -0.530508 0.262080 0.109705
v -0.512494 0.332015 0.106164
v -0.485093 0.404162 0.100856
v -0.449072 0.474969 0.094167
v -0.404880 0.541720 0.087099
v -0.352858 0.601916 0.080844
v -0.547617 0.198126 -0.000000
v -0.539680 0.262166 -0.000000
v -0.521289 0.332306 -0.000000
v -0.493287 0.404851 -0.000000
v -0.456438 0.476294 -0.000000
v -0.411196 0.543876 -0.000000
v -0.357940 0.605025 -0.000000
v -0.538286 0.198115 -0.111245
v -0.530508 0.262080 -0.109705
v -0.512494 0.332015 -0.106164
v -0.485093 0.404162 -0.100856
v -0.449072 0.474969 -0.094167
v -0.404880 0.541720 -0.087099
v -0.352858 0.601916 -0.080844
v -0.510291 0.198091 -0.217821
v -0.502972 0.261890 -0.214797
v -0.486043 0.331375 -0.207841
v -0.460357 0.402646 -0.197402
v -0.426722 0.472016 -0.184192
v -0.385795 0.536667 -0.169974
v -0.337975 0.594095 -0.157048
v -0.463627 0.198068 -0.315060
v -0.457043 0.261701 -0.310663
v -0.441839 0.330736 -0.300543
v -0.418846 0.401130 -0.285330
v -0.388977 0.468999 -0.265942
v -0.353501 0.531098 -0.244459
v -0.313435 0.584459 -0.223953
v -0.315060 0.198068 -0.463627
v -0.310663 0.261701 -0.457043
v -0.300543 0.330736 -0.441839
v -0.285330 0.401130 -0.418846
v -0.265942 0.468999 -0.388977
v -0.244459 0.531098 -0.353501
v -0.223953 0.584459 -0.313435
v -0.217821 0.198091 -0.510291
v -0.214797 0.261890 -0.502972
v -0.207841 0.331375 -0.486043
v -0.197402 0.402646 -0.460357
v -0.184192 0.472016 -0.426722
v -0.169974 0.536667 -0.385795
v -0.157048 0.594095 -0.337975
v -0.111245 0.198115 -0.538286
v -0.109705 0.262080 -0.530508
v -0.106164 0.332015 -0.512494
v -0.100856 0.404162 -0.485093
v -0.094167 0.474970 -0.449072
v -0.087099 0.541720 -0.404880
v -0.080844 0.601916 -0.352858
v 0.000000 0.198126 -0.547617
v 0.000000 0.262166 -0.539680
v 0.000000 0.332306 -0.521289
v 0.000000 0.404851 -0.493287
v 0.000000 0.476294 -0.456437
v 0.000000 0.543876 -0.411196
v 0.000000 0.605025 -0.357940
v 0.111245 0.198115 -0.538286
v 0.109705 0.262080 -0.530508
v 0.106164 0.332015 -0.512494
v 0.100856 0.404162 -0.485093
v 0.094167 0.474970 -0.449072
v 0.087099 0.541720 -0.404880
v 0.080844 0.601916 -0.352858
v 0.217821 0.198091 -0.510291
v 0.214797 0.261890 -0.502972
v 0.207841 0.331375 -0.486043
v 0.197402 0.402646 -0.460357
v 0.184192 0.472016 -0.426722
v 0.169974 0.536667 -0.385795
v 0.157048 0.594095 -0.337975
v 0.315060 0.198068 -0.463627
v 0.310663 0.261701 -0.457043
v 0.300543 0.330736 -0.441839
v 0.285330 0.401130 -0.418846
v 0.265942 0.468999 -0.388977
v 0.244459 0.531098 -0.353501
v 0.223953 0.584459 -0.313435
v 0.463627 0.198068 -0.315060
v 0.457043 0.261701 -0.310663
v 0.441839 0.330736 -0.300543
v 0.418846 0.401130 -0.285330
v 0.388977 0.468999 -0.265942
v 0.353501 0.531098 -0.244459
v 0.313435 0.584459 -0.223953
v 0.510291 0.198091 -0.217821
v 0.502972 0.261890 -0.214797
v 0.486043 0.331375 -0.207841
v 0.460357 0.402646 -0.197402
v 0.426722 0.472016 -0.184192
v 0.385795 0.536667 -0.169974
v 0.337975 0.594095 -0.157048
v 0.538286 0.198115 -0.111245
v 0.530508 0.262080 -0.109705
v 0.512494 0.332015 -0.106164
v 0.485093 0.404162 -0.100856
v 0.449072 0.474969 -0.094167
v 0.404880 0.541720 -0.087099
v 0.352858 0.601916 -0.080844
v 0.547617 0.198126 -0.000000
v 0.539680 0.262166 -0.000000
v 0.521289 0.332306 -0.000000
v 0.493287 0.404851 -0.000000
v 0.456438 0.476294 -0.000000
v 0.411196 0.543876 -0.000000
v 0.357940 0.605025 -0.000000
v 0.538286 0.198115 0.111245
v 0.530508 0.262080 0.109705
v 0.512494 0.332015 0.106164
v 0.485093 0.404162 0.100856
v 0.449072 0.474969 0.094167
v 0.404880 0.541720 0.087099
v 0.352858 0.601916 0.080844
v 0.510291 0.198091 0.217821
v 0.502972 0.261890 0.214797
v 0.486043 0.331375 0.207841
v 0.460357 0.402646 0.197402
v 0.426722 0.472016 0.184192
v 0.385795 0.536667 0.169974
v 0.337975 0.594095 0.157048
v 0.463627 0.198068 0.315060
v 0.457043 0.261701 0.310663
v 0.441839 0.330736 0.300543
v 0.418846 0.401130 0.285330
v 0.388977 0.468999 0.265942
v 0.353501 0.531098 0.244459
v 0.313435 0.584459 0.223953
v 0.315060 0.198068 0.463627
v 0.310663 0.261701 0.457043
v 0.300543 0.330736 0.441839
v 0.285330 0.401130 0.418846
v 0.265942 0.468999 0.388977
v 0.244459 0.531098 0.353501
v 0.223953 0.584459 0.313435
v 0.217821 0.198091 0.510291
v 0.214797 0.261890 0.502972
v 0.207841 0.331375 0.486043
v 0.197402 0.402646 0.460357
v 0.184192 0.472016 0.426722
v 0.169974 0.536667 0.385795
v 0.157048 0.594095 0.337975
v 0.111245 0.198115 0.538286
v 0.109705 0.262080 0.530508
v 0.106164 0.332015 0.512494
v 0.100856 0.404162 0.485093
v 0.094167 0.474969 0.449072
v 0.087099 0.541720 0.404880
v 0.080844 0.601916 0.352858
v 0.000000 0.198126 0.547617
v 0.000000 0.262166 0.539680
v 0.000000 0.332306 0.521289
v 0.000000 0.404851 0.493287
v 0.000000 0.476294 0.456438
v 0.000000 0.543876 0.411196
v 0.000000 0.605025 0.357940
v -0.111245 0.198115 0.538286
v -0.109705 0.262080 0.530508
v -0.106164 0.332015 0.512494
v -0.100856 0.404162 0.485093
v -0.094167 0.474969 0.449072
v -0.087099 0.541720 0.404880
v -0.080844 0.601916 0.352858
v -0.217821 0.198091 0.510291
v -0.214797 0.261890 0.502972
v -0.207841 0.331375 0.486043
v -0.197402 0.402646 0.460357
v -0.184192 0.472016 0.426722
v -0.169974 0.536667 0.385795
v -0.157048 0.594095 0.337975
v -0.315060 0.198068 0.463627
v -0.310663 0.261701 0.457043
v -0.300543 0.330736 0.441839
v -0.285330 0.401130 0.418846
v -0.265942 0.468999 0.388977
v -0.244459 0.531098 0.353501
v -0.223953 0.584459 0.313435
v -0.162790 0.037608 -0.162790
v -0.112089 0.038862 -0.165715
v -0.057145 0.039653 -0.168706
v 0.000000 0.039931 -0.169953
v 0.057145 0.039653 -0.168706
v 0.112089 0.038862 -0.165715
v 0.162790 0.037608 -0.162790
v -0.165715 0.038862 -0.112089
v -0.111984 0.040376 -0.111984
v -0.056472 0.041297 -0.113022
v 0.000000 0.041610 -0.113649
v 0.056472 0.041297 -0.113022
v 0.111984 0.040376 -0.111984
v 0.165715 0.038862 -0.112089
v -0.168706 0.039653 -0.057145
v -0.113022 0.041297 -0.056472
v -0.056680 0.042288 -0.056680
v 0.000000 0.042620 -0.056929
v 0.056680 0.042288 -0.056680
v 0.113022 0.041297 -0.056472
v 0.168706 0.039653 -0.057145
v -0.169953 0.039931 -0.000000
v -0.113649 0.041610 -0.000000
v -0.056929 0.042620 -0.000000
v 0.000000 0.042957 -0.000000
v 0.056929 0.042620 -0.000000
v 0.113649 0.041610 -0.000000
v 0.169953 0.039931 -0.000000
v -0.168706 0.039653 0.057145
v -0.113022 0.041297 0.056472
v -0.056680 0.042288 0.056680
v 0.000000 0.042620 0.056929
v 0.056680 0.042288 0.056680
v 0.113022 0.041297 0.056472
v 0.168706 0.039653 0.057145
v -0.165715 0.038862 0.112089
v -0.111984 0.040376 0.111984
v -0.056472 0.041297 0.113022
v 0.000000 0.041610 0.113649
v 0.056472 0.041297 0.113022
v 0.111984 0.040376 0.111984
v 0.165715 0.038862 0.112089
v -0.162790 0.037608 0.162790
v -0.112089 0.038862 0.165715
v -0.057145 0.039653 0.168706
v 0.000000 0.039932 0.169953
v 0.057145 0.039653 0.168706
v 0.112089 0.038862 0.165715
v 0.162790 0.037608 0.162790
v 0.212419 0.657533 -0.212419
v 0.147605 0.679447 -0.219961
v 0.075635 0.693285 -0.226499
v 0.000000 0.698153 -0.229136
v -0.075635 0.693285 -0.226499
v -0.147605 0.679447 -0.219961
v -0.212419 0.657533 -0.212419
v 0.219961 0.679447 -0.147605
v 0.150643 0.705927 -0.150643
v 0.076553 0.722035 -0.154160
v 0.000000 0.727500 -0.155782
v -0.076553 0.722035 -0.154160
v -0.150643 0.705927 -0.150643
v -0.219961 0.679447 -0.147605
v 0.226499 0.693285 -0.075635
v 0.154160 0.722035 -0.076553
v 0.078032 0.739355 -0.078032
v 0.000000 0.745152 -0.078798
v -0.078032 0.739355 -0.078032
v -0.154160 0.722035 -0.076553
v -0.226499 0.693285 -0.075635
v 0.229136 0.698153 -0.000000
v 0.155782 0.727500 -0.000000
v 0.078798 0.745152 -0.000000
v 0.000000 0.751049 -0.000000
v -0.078798 0.745152 -0.000000
v -0.155782 0.727500 -0.000000
v -0.229136 0.698153 -0.000000
v 0.226499 0.693285 0.075635
v 0.154160 0.722035 0.076553
v 0.078032 0.739354 0.078032
v 0.000000 0.745152 0.078798
v -0.078032 0.739355 0.078032
v -0.154160 0.722035 0.076553
v -0.226499 0.693285 0.075635
v 0.219961 0.679447 0.147605
v 0.150643 0.705927 0.150643
v 0.076553 0.722035 0.154160
v 0.000000 0.727500 0.155782
v -0.076553 0.722035 0.154160
v -0.150643 0.705927 0.150643
v -0.219961 0.679447 0.147605
v 0.212419 0.657533 0.212419
v 0.147605 0.679447 0.219961
v 0.075635 0.693285 0.226499
v 0.000000 0.698153 0.229137
v -0.075635 0.693285 0.226499
v -0.147605 0.679447 0.219961
v -0.212419 0.657533 0.212419
v -0.249384 0.033694 -0.179727
v -0.266864 0.034245 -0.125961
v -0.277001 0.034692 -0.064798
v -0.280340 0.034870 -0.000000
v -0.277001 0.034692 0.064798
v -0.266864 0.034245 0.125961
v -0.249384 0.033694 0.179727
v -0.289195 0.032496 -0.201367
v -0.314161 0.032815 -0.140157
v -0.328527 0.033104 -0.071852
v -0.333168 0.033227 -0.000000
v -0.328527 0.033104 0.071852
v -0.314161 0.032814 0.140157
v -0.289195 0.032496 0.201367
v -0.328183 0.033978 -0.225339
v -0.359117 0.034151 -0.156240
v -0.377190 0.034320 -0.079924
v -0.383071 0.034396 -0.000000
v -0.377190 0.034320 0.079924
v -0.359117 0.034151 0.156240
v -0.328183 0.033978 0.225339
v -0.365139 0.039899 -0.249248
v -0.400862 0.039986 -0.172537
v -0.422028 0.040073 -0.088180
v -0.429001 0.040112 -0.000000
v -0.422028 0.040073 0.088180
v -0.400863 0.039986 0.172537
v -0.365139 0.039899 0.249248
v -0.398544 0.052035 -0.271297
v -0.438230 0.052071 -0.187655
v -0.461927 0.052108 -0.095865
v -0.469792 0.052124 -0.000000
v -0.461927 0.052108 0.095865
v -0.438230 0.052071 0.187655
v -0.398544 0.052034 0.271297
v -0.426744 0.072196 -0.290126
v -0.469575 0.072207 -0.200608
v -0.495240 0.072218 -0.102461
v -0.503785 0.072222 -0.000000
v -0.495240 0.072218 0.102461
v -0.469575 0.072207 0.200608
v -0.426744 0.072196 0.290126
v -0.448047 0.102204 -0.304479
v -0.493136 0.102206 -0.210507
v -0.520185 0.102207 -0.107510
v -0.529200 0.102208 -0.000000
v -0.520185 0.102207 0.107510
v -0.493136 0.102206 0.210507
v -0.448047 0.102204 0.304479
v 0.179727 0.033694 -0.249384
v 0.125961 0.034245 -0.266864
v 0.064798 0.034692 -0.277001
v 0.000000 0.034870 -0.280340
v -0.064798 0.034692 -0.277001
v -0.125961 0.034245 -0.266864
v -0.179727 0.033694 -0.249384
v 0.201367 0.032496 -0.289195
v 0.140157 0.032815 -0.314161
v 0.071852 0.033104 -0.328527
v 0.000000 0.033227 -0.333168
v -0.071852 0.033104 -0.328527
v -0.140157 0.032815 -0.314161
v -0.201367 0.032496 -0.289195
v 0.225339 0.033978 -0.328183
v 0.156240 0.034151 -0.359117
v 0.079924 0.034320 -0.377190
v 0.000000 0.034396 -0.383071
v -0.079924 0.034320 -0.377190
v -0.156240 0.034151 -0.359117
v -0.225339 0.033978 -0.328183
v 0.249248 0.039899 -0.365139
v 0.172537 0.039986 -0.400862
v 0.088180 0.040073 -0.422028
v 0.000000 0.040112 -0.429001
v -0.088180 0.040073 -0.422028
v -0.172537 0.039986 -0.400863
v -0.249248 0.039899 -0.365139
v 0.271297 0.052035 -0.398544
v 0.187655 0.052071 -0.438230
v 0.095865 0.052108 -0.461927
v 0.000000 0.052124 -0.469792
v -0.095865 0.052108 -0.461927
v -0.187655 0.052071 -0.438230
v -0.271297 0.052035 -0.398544
v 0.290126 0.072196 -0.426744
v 0.200608 0.072207 -0.469575
v 0.102461 0.072218 -0.495240
v 0.000000 0.072222 -0.503785
v -0.102461 0.072218 -0.495240
v -0.200608 0.072207 -0.469575
v -0.290126 0.072196 -0.426744
v 0.304479 0.102204 -0.448047
v 0.210507 0.102206 -0.493136
v 0.107510 0.102207 -0.520185
v 0.000000 0.102208 -0.529200
v -0.107510 0.102207 -0.520185
v -0.210507 0.102206 -0.493136
v -0.304479 0.102204 -0.448047
v 0.249384 0.033694 0.179727
v 0.266864 0.034245 0.125961
v 0.277001 0.034692 0.064798
v 0.280340 0.034870 -0.000000
v 0.277001 0.034692 -0.064798
v 0.266864 0.034245 -0.125961
v 0.249384 0.033694 -0.179727
v 0.289195 0.032496 0.201367
v 0.314161 0.032814 0.140157
v 0.328527 0.033104 0.071852
v 0.333168 0.033227 -0.000000
v 0.328527 0.033104 -0.071852
v 0.314161 0.032815 -0.140157
v 0.289195 0.032496 -0.201367
v 0.328183 0.033978 0.225339
v 0.359117 0.034151 0.156240
v 0.377190 0.034320 0.079924
v 0.383071 0.034396 -0.000000
v 0.377190 0.034320 -0.079924
v 0.359117 0.034151 -0.156240
v 0.328183 0.033978 -0.225339
v 0.365139 0.039899 0.249248
v 0.400862 0.039986 0.172537
v 0.422028 0.040073 0.088180
v 0.429001 0.040112 -0.000000
v 0.422028 0.040073 -0.088180
v 0.400863 0.039986 -0.172537
v 0.365139 0.039899 -0.249248
v 0.398544 0.052035 0.271297
v 0.438230 0.052071 0.187655
v 0.461927 0.052108 0.095865
v 0.469792 0.052124 -0.000000
v 0.461927 0.052108 -0.095865
v 0.438230 0.052071 -0.187655
v 0.398544 0.052034 -0.271297
v 0.426744 0.072196 0.290126
v 0.469575 0.072207 0.200608
v 0.495240 0.072218 0.102461
v 0.503785 0.072222 -0.000000
v 0.495240 0.072218 -0.102461
v 0.469575 0.072207 -0.200608
v 0.426744 0.072196 -0.290126
v 0.448047 0.102204 0.304479
v 0.493136 0.102206 0.210507
v 0.520185 0.102207 0.107510
v 0.529200 0.102208 -0.000000
v 0.520185 0.102207 -0.107510
v 0.493136 0.102206 -0.210507
v 0.448047 0.102204 -0.304479
v -0.179727 0.033694 0.249384
v -0.125961 0.034245 0.266864
v -0.064798 0.034692 0.277000
v 0.000000 0.034870 0.280340
v 0.064798 0.034692 0.277000
v 0.125961 0.034245 0.266864
v 0.179727 0.033694 0.249384
v -0.201367 0.032496 0.289195
v -0.140157 0.032814 0.314161
v -0.071852 0.033104 0.328527
v 0.000000 0.033227 0.333168
v 0.071852 0.033104 0.328527
v 0.140157 0.032814 0.314161
v 0.201367 0.032496 0.289195
v -0.225339 0.033978 0.328183
v -0.156240 0.034151 0.359117
v -0.079924 0.034320 0.377190
v 0.000000 0.034396 0.383071
v 0.079924 0.034320 0.377190
v 0.156240 0.034151 0.359117
v 0.225339 0.033978 0.328183
v -0.249248 0.039899 0.365139
v -0.172537 0.039986 0.400862
v -0.088180 0.040073 0.422028
v 0.000000 0.040112 0.429001
v 0.088180 0.040073 0.422028
v 0.172537 0.039986 0.400863
v 0.249248 0.039899 0.365139
v -0.271298 0.052034 0.398544
v -0.187655 0.052071 0.438230
v -0.095865 0.052108 0.461927
v 0.000000 0.052124 0.469792
v 0.095865 0.052108 0.461927
v 0.187655 0.052071 0.438230
v 0.271297 0.052034 0.398544
v -0.290126 0.072196 0.426744
v -0.200608 0.072207 0.469575
v -0.102461 0.072218 0.495240
v 0.000000 0.072222 0.503785
v 0.102461 0.072218 0.495240
v 0.200608 0.072207 0.469575
v 0.290126 0.072196 0.426744
v -0.304479 0.102204 0.448047
v -0.210507 0.102206 0.493136
v -0.107510 0.102207 0.520185
v 0.000000 0.102208 0.529200
v 0.107510 0.102207 0.520185
v 0.210507 0.102206 0.493136
v 0.304479 0.102204 0.448047
v -0.171134 0.531556 -0.412838
v -0.171134 0.509122 -0.436134
v -0.171134 0.476274 -0.460159
v -0.171134 0.457466 -0.471290
v -0.171134 0.438014 -0.481254
v -0.171134 0.400164 -0.496208
v -0.169657 0.540098 -0.393702
v -0.168237 0.537599 -0.402367
v -0.166927 0.531377 -0.412514
v -0.165780 0.521671 -0.423751
v -0.164839 0.508855 -0.435649
v -0.164139 0.493419 -0.447749
v -0.163708 0.475959 -0.459587
v -0.163563 0.457144 -0.470706
v -0.163708 0.437698 -0.480681
v -0.164139 0.418368 -0.489129
v -0.164839 0.399897 -0.495723
v -0.165780 0.382995 -0.500211
v -0.166927 0.368311 -0.502420
v -0.168237 0.356410 -0.502265
v -0.169657 0.347749 -0.499754
v -0.168237 0.539912 -0.393365
v -0.165450 0.537234 -0.401705
v -0.162883 0.530848 -0.411553
v -0.160632 0.520997 -0.422529
v -0.158785 0.508062 -0.434212
v -0.157413 0.492539 -0.446152
v -0.156568 0.475024 -0.457891
v -0.156282 0.456191 -0.468978
v -0.156568 0.436763 -0.478986
v -0.157413 0.417488 -0.487531
v -0.158785 0.399105 -0.494285
v -0.160632 0.382321 -0.498988
v -0.162883 0.367782 -0.501460
v -0.165450 0.356045 -0.501604
v -0.168237 0.347562 -0.499416
v -0.166927 0.539610 -0.392817
v -0.162883 0.536642 -0.400631
v -0.159155 0.529988 -0.409994
v -0.155888 0.519903 -0.420544
v -0.153207 0.506775 -0.431878
v -0.151214 0.491109 -0.443559
v -0.149987 0.473506 -0.455139
v -0.149573 0.454643 -0.466171
v -0.149987 0.435246 -0.476233
v -0.151214 0.416058 -0.484938
v -0.153207 0.397818 -0.491952
v -0.155888 0.381227 -0.497003
v -0.159155 0.366922 -0.499900
v -0.162883 0.355453 -0.500530
v -0.166927 0.347261 -0.498869
v -0.165780 0.539204 -0.392080
v -0.160632 0.535845 -0.399186
v -0.155888 0.528831 -0.407895
v -0.151730 0.518430 -0.417873
v -0.148317 0.505044 -0.428737
v -0.145781 0.489185 -0.440069
v -0.144219 0.471464 -0.451434
v -0.143692 0.452561 -0.462394
v -0.144219 0.433203 -0.472528
v -0.145781 0.414134 -0.481449
v -0.148317 0.396086 -0.488811
v -0.151730 0.379754 -0.494333
v -0.155888 0.365765 -0.497801
v -0.160632 0.354656 -0.499084
v -0.165780 0.346854 -0.498132
v -0.164839 0.538709 -0.391182
v -0.158785 0.534874 -0.397425
v -0.153207 0.527421 -0.405338
v -0.148317 0.516636 -0.414619
v -0.144304 0.502933 -0.424910
v -0.141322 0.486840 -0.435817
v -0.139485 0.468974 -0.446919
v -0.138865 0.450023 -0.457791
v -0.139485 0.430714 -0.468014
v -0.141322 0.411789 -0.477196
v -0.144304 0.393976 -0.484984
v -0.148317 0.377960 -0.491078
v -0.153207 0.364355 -0.495244
v -0.158785 0.353685 -0.497323
v -0.164839 0.346359 -0.497234
v -0.171134 0.538778 -0.386851
v -0.164139 0.538144 -0.390158
v -0.157413 0.533766 -0.395415
v -0.151214 0.525812 -0.402420
v -0.145781 0.514589 -0.410906
v -0.141322 0.500526 -0.420544
v -0.138008 0.484165 -0.430965
v -0.135968 0.466135 -0.441769
v -0.135279 0.447128 -0.452539
v -0.135968 0.427874 -0.462864
v -0.138008 0.409114 -0.472344
v -0.141322 0.391569 -0.480618
v -0.145781 0.375912 -0.487365
v -0.151214 0.362746 -0.492327
v -0.157413 0.352577 -0.495313
v -0.164139 0.345794 -0.496209
v -0.163708 0.537531 -0.389046
v -0.156568 0.532564 -0.393234
v -0.149987 0.524067 -0.399255
v -0.144219 0.512367 -0.406877
v -0.139485 0.497914 -0.415806
v -0.135968 0.481263 -0.425701
v -0.133802 0.463054 -0.436180
v -0.133070 0.443986 -0.446842
v -0.133802 0.424793 -0.457275
v -0.135968 0.406212 -0.467080
v -0.139485 0.388957 -0.475880
v -0.144219 0.373691 -0.483336
v -0.149987 0.361001 -0.489161
v -0.156568 0.351374 -0.493133
v -0.163708 0.345181 -0.495098
v -0.163563 0.536894 -0.387890
v -0.156282 0.531313 -0.390967
v -0.149573 0.522252 -0.395963
v -0.143692 0.510057 -0.402686
v -0.138865 0.495198 -0.410879
v -0.135279 0.478245 -0.420226
v -0.133070 0.459849 -0.430368
v -0.132325 0.440719 -0.440916
v -0.133070 0.421589 -0.451463
v -0.135279 0.403193 -0.461606
v -0.138865 0.386240 -0.470952
v -0.143692 0.371381 -0.479145
v -0.149573 0.359186 -0.485869
v -0.156282 0.350124 -0.490865
v -0.163563 0.344544 -0.493942
v -0.163708 0.536256 -0.386734
v -0.156568 0.530063 -0.388699
v -0.149987 0.520437 -0.392671
v -0.144219 0.507747 -0.398496
v -0.139485 0.492481 -0.405952
v -0.135968 0.475226 -0.414752
v -0.133802 0.456645 -0.424557
v -0.133070 0.437452 -0.434990
v -0.133802 0.418384 -0.445652
v -0.135968 0.400175 -0.456131
v -0.139485 0.383524 -0.466026
v -0.144219 0.369071 -0.474955
v -0.149987 0.357371 -0.482577
v -0.156568 0.348874 -0.488598
v -0.163708 0.343907 -0.492786
v -0.164139 0.535643 -0.385622
v -0.157413 0.528861 -0.386518
v -0.151214 0.518691 -0.389505
v -0.145781 0.505525 -0.394467
v -0.141322 0.489869 -0.401214
v -0.138008 0.472323 -0.409487
v -0.135968 0.453564 -0.418968
v -0.135279 0.434310 -0.429292
v -0.135968 0.415303 -0.440063
v -0.138008 0.397272 -0.450867
v -0.141322 0.380912 -0.461288
v -0.145781 0.366849 -0.470926
v -0.151214 0.355625 -0.479411
v -0.157413 0.347672 -0.486417
v -0.164139 0.343294 -0.491674
v -0.164839 0.535078 -0.384598
v -0.158785 0.527753 -0.384509
v -0.153207 0.517083 -0.386587
v -0.148317 0.503478 -0.390754
v -0.144304 0.487461 -0.396848
v -0.141322 0.469648 -0.404636
v -0.139485 0.450724 -0.413818
v -0.138865 0.431415 -0.424041
v -0.139485 0.412463 -0.434913
v -0.141322 0.394597 -0.446015
v -0.144304 0.378504 -0.456921
v -0.148317 0.364802 -0.467213
v -0.153207 0.354017 -0.476494
v -0.158785 0.346564 -0.484407
v -0.164839 0.342729 -0.490649
v -0.165780 0.534583 -0.383700
v -0.160632 0.526782 -0.382747
v -0.155888 0.515673 -0.384030
v -0.151730 0.501684 -0.387499
v -0.148317 0.485351 -0.393021
v -0.145781 0.467304 -0.400383
v -0.144219 0.448235 -0.409303
v -0.143692 0.428877 -0.419438
v -0.144219 0.409974 -0.430398
v -0.145781 0.392253 -0.441763
v -0.148317 0.376394 -0.453095
v -0.151730 0.363007 -0.463958
v -0.155888 0.352607 -0.473937
v -0.160632 0.345593 -0.482646
v -0.165780 0.342234 -0.489752
v -0.166927 0.534177 -0.382963
v -0.162883 0.525985 -0.381302
v -0.159155 0.514516 -0.381932
v -0.155888 0.500211 -0.384828
v -0.153207 0.483620 -0.389880
v -0.151214 0.465380 -0.396893
v -0.149987 0.446192 -0.405598
v -0.149573 0.426794 -0.415661
v -0.149987 0.407932 -0.426694
v -0.151214 0.390329 -0.438273
v -0.153207 0.374662 -0.449954
v -0.155888 0.361535 -0.461287
v -0.159155 0.351450 -0.471838
v -0.162883 0.344796 -0.481200
v -0.166927 0.341827 -0.489015
v -0.168237 0.533875 -0.382415
v -0.165450 0.525393 -0.380228
v -0.162883 0.513656 -0.380372
v -0.160632 0.499116 -0.382843
v -0.158785 0.482333 -0.387546
v -0.157413 0.463950 -0.394300
v -0.156568 0.444674 -0.402846
v -0.156282 0.425247 -0.412854
v -0.156568 0.406414 -0.423941
v -0.157413 0.388899 -0.435679
v -0.158785 0.373376 -0.447620
v -0.160632 0.360441 -0.459303
v -0.162883 0.350590 -0.470279
v -0.165450 0.344203 -0.480126
v -0.168237 0.341526 -0.488467
v -0.169657 0.533689 -0.382078
v -0.168237 0.525028 -0.379566
v -0.166927 0.513127 -0.379412
v -0.165780 0.498443 -0.381621
v -0.164839 0.481541 -0.386109
v -0.164139 0.463070 -0.392703
v -0.163708 0.443740 -0.401150
v -0.163563 0.424294 -0.411125
v -0.163708 0.405479 -0.422245
v -0.164139 0.388019 -0.434083
v -0.164839 0.372584 -0.446183
v -0.165780 0.359766 -0.458080
v -0.166927 0.350061 -0.469318
v -0.168237 0.343839 -0.479465
v -0.169657 0.341340 -0.488130
v -0.171134 0.533626 -0.381964
v -0.171134 0.524905 -0.379343
v -0.171134 0.512948 -0.379088
v -0.171134 0.498215 -0.381209
v -0.171134 0.481273 -0.385624
v -0.171134 0.462772 -0.392164
v -0.171134 0.443424 -0.400578
v -0.171134 0.423972 -0.410542
v -0.171134 0.405164 -0.421673
v -0.171134 0.387721 -0.433544
v -0.171134 0.372316 -0.445697
v -0.171134 0.359539 -0.457667
v -0.171134 0.349882 -0.468994
v -0.171134 0.343716 -0.479242
v -0.171134 0.341277 -0.488016
v -0.172611 0.533689 -0.382078
v -0.174031 0.525028 -0.379566
v -0.175340 0.513127 -0.379412
v -0.176488 0.498443 -0.381621
v -0.177429 0.481541 -0.386109
v -0.178129 0.463070 -0.392703
v -0.178560 0.443740 -0.401150
v -0.178705 0.424294 -0.411125
v -0.178560 0.405479 -0.422245
v -0.178129 0.388019 -0.434083
v -0.177429 0.372584 -0.446183
v -0.176488 0.359766 -0.458080
v -0.175340 0.350061 -0.469318
v -0.174031 0.343839 -0.479465
v -0.172611 0.341340 -0.488130
v -0.174031 0.533875 -0.382415
v -0.176817 0.525393 -0.380228
v -0.179385 0.513656 -0.380372
v -0.181635 0.499116 -0.382843
v -0.183483 0.482333 -0.387546
v -0.184855 0.463950 -0.394300
v -0.185700 0.444674 -0.402846
v -0.185986 0.425247 -0.412854
v -0.185700 0.406414 -0.423941
v -0.184855 0.388899 -0.435679
v -0.183483 0.373376 -0.447620
v -0.181635 0.360441 -0.459303
v -0.179385 0.350590 -0.470279
v -0.176817 0.344203 -0.480126
v -0.174031 0.341526 -0.488467
v -0.175340 0.534177 -0.382963
v -0.179385 0.525985 -0.381302
v -0.183113 0.514516 -0.381932
v -0.186380 0.500211 -0.384828
v -0.189061 0.483620 -0.389880
v -0.191054 0.465380 -0.396893
v -0.192281 0.446192 -0.405598
v -0.192695 0.426794 -0.415661
v -0.192281 0.407932 -0.426694
v -0.191054 0.390329 -0.438273
v -0.189061 0.374662 -0.449954
v -0.186380 0.361535 -0.461287
v -0.183113 0.351450 -0.471838
v -0.179385 0.344796 -0.481200
v -0.175340 0.341827 -0.489015
v -0.176488 0.534583 -0.383700
v -0.181635 0.526782 -0.382747
v -0.186380 0.515673 -0.384030
v -0.190538 0.501684 -0.387499
v -0.193951 0.485351 -0.393021
v -0.196487 0.467304 -0.400383
v -0.198049 0.448235 -0.409303
v -0.198576 0.428877 -0.419438
v -0.198049 0.409974 -0.430398
v -0.196487 0.392253 -0.441763
v -0.193951 0.376394 -0.453095
v -0.190538 0.363007 -0.463958
v -0.186380 0.352607 -0.473937
v -0.181635 0.345593 -0.482646
v -0.176488 0.342234 -0.489752
v -0.171134 0.342660 -0.494981
v -0.177429 0.535078 -0.384598
v -0.183483 0.527753 -0.384509
v -0.189061 0.517083 -0.386587
v -0.193951 0.503478 -0.390754
v -0.197964 0.487461 -0.396848
v -0.200946 0.469648 -0.404636
v -0.202783 0.450724 -0.413818
v -0.203402 0.431415 -0.424041
v -0.202783 0.412463 -0.434913
v -0.200946 0.394597 -0.446015
v -0.197964 0.378504 -0.456921
v -0.193951 0.364802 -0.467213
v -0.189061 0.354017 -0.476494
v -0.183483 0.346564 -0.484407
v -0.177429 0.342729 -0.490649
v -0.178129 0.535643 -0.385622
v -0.184855 0.528861 -0.386518
v -0.191054 0.518691 -0.389505
v -0.196487 0.505525 -0.394467
v -0.200946 0.489869 -0.401214
v -0.204260 0.472323 -0.409487
v -0.206300 0.453564 -0.418968
v -0.206989 0.434310 -0.429292
v -0.206300 0.415303 -0.440063
v -0.204260 0.397272 -0.450867
v -0.200946 0.380912 -0.461288
v -0.196487 0.366849 -0.470926
v -0.191054 0.355625 -0.479411
v -0.184855 0.347672 -0.486417
v -0.178129 0.343294 -0.491674
v -0.178560 0.536256 -0.386734
v -0.185700 0.530063 -0.388699
v -0.192281 0.520437 -0.392671
v -0.198049 0.507747 -0.398496
v -0.202783 0.492481 -0.405952
v -0.206300 0.475226 -0.414752
v -0.208466 0.456645 -0.424557
v -0.209197 0.437452 -0.434990
v -0.208466 0.418384 -0.445652
v -0.206300 0.400175 -0.456131
v -0.202783 0.383524 -0.466026
v -0.198049 0.369071 -0.474955
v -0.192281 0.357371 -0.482577
v -0.185700 0.348874 -0.488598
v -0.178560 0.343907 -0.492786
v -0.178705 0.536894 -0.387890
v -0.185985 0.531313 -0.390967
v -0.192695 0.522252 -0.395963
v -0.198576 0.510057 -0.402686
v -0.203402 0.495198 -0.410879
v -0.206989 0.478245 -0.420226
v -0.209197 0.459849 -0.430368
v -0.209943 0.440719 -0.440916
v -0.209197 0.421589 -0.451463
v -0.206989 0.403193 -0.461606
v -0.203402 0.386240 -0.470952
v -0.198576 0.371381 -0.479145
v -0.192695 0.359186 -0.485869
v -0.185985 0.350124 -0.490865
v -0.178705 0.344544 -0.493942
v -0.178560 0.537531 -0.389046
v -0.185700 0.532564 -0.393234
v -0.192281 0.524067 -0.399255
v -0.198049 0.512367 -0.406877
v -0.202783 0.497914 -0.415806
v -0.206300 0.481263 -0.425701
v -0.208466 0.463054 -0.436180
v -0.209197 0.443986 -0.446842
v -0.208466 0.424793 -0.457275
v -0.206300 0.406212 -0.467080
v -0.202783 0.388957 -0.475880
v -0.198049 0.373691 -0.483336
v -0.192281 0.361001 -0.489161
v -0.185700 0.351374 -0.493133
v -0.178560 0.345181 -0.495098
v -0.178129 0.538144 -0.390158
v -0.184855 0.533766 -0.395415
v -0.191054 0.525812 -0.402420
v -0.196487 0.514589 -0.410906
v -0.200946 0.500526 -0.420544
v -0.204260 0.484165 -0.430965
v -0.206300 0.466135 -0.441769
v -0.206989 0.447128 -0.452539
v -0.206300 0.427874 -0.462864
v -0.204260 0.409114 -0.472344
v -0.200946 0.391569 -0.480618
v -0.196487 0.375912 -0.487365
v -0.191054 0.362746 -0.492327
v -0.184855 0.352577 -0.495313
v -0.178129 0.345794 -0.496209
v -0.177429 0.538709 -0.391182
v -0.183483 0.534874 -0.397425
v -0.189061 0.527421 -0.405338
v -0.193951 0.516636 -0.414619
v -0.197964 0.502933 -0.424910
v -0.200946 0.486840 -0.435817
v -0.202783 0.468974 -0.446919
v -0.203402 0.450023 -0.457791
v -0.202783 0.430714 -0.468014
v -0.200946 0.411789 -0.477196
v -0.197964 0.393976 -0.484984
v -0.193951 0.377960 -0.491078
v -0.189061 0.364355 -0.495244
v -0.183483 0.353685 -0.497323
v -0.177429 0.346359 -0.497234
v -0.176488 0.539204 -0.392080
v -0.181635 0.535845 -0.399186
v -0.186380 0.528831 -0.407895
v -0.190538 0.518430 -0.417873
v -0.193951 0.505043 -0.428737
v -0.196487 0.489185 -0.440069
v -0.198049 0.471464 -0.451434
v -0.198576 0.452561 -0.462394
v -0.198049 0.433203 -0.472528
v -0.196487 0.414134 -0.481449
v -0.193951 0.396086 -0.488811
v -0.190538 0.379754 -0.494333
v -0.186380 0.365765 -0.497801
v -0.181635 0.354656 -0.499084
v -0.176488 0.346854 -0.498132
v -0.175340 0.539610 -0.392817
v -0.179385 0.536642 -0.400631
v -0.183113 0.529988 -0.409994
v -0.186380 0.519903 -0.420544
v -0.189061 0.506775 -0.431878
v -0.191054 0.491109 -0.443559
v -0.192281 0.473506 -0.455139
v -0.192695 0.454643 -0.466171
v -0.192281 0.435246 -0.476233
v -0.191054 0.416058 -0.484938
v -0.189061 0.397818 -0.491952
v -0.186380 0.381227 -0.497003
v -0.183113 0.366922 -0.499900
v -0.179385 0.355453 -0.500530
v -0.175340 0.347261 -0.498869
v -0.174031 0.539912 -0.393365
v -0.176817 0.537234 -0.401705
v -0.179385 0.530848 -0.411553
v -0.181635 0.520997 -0.422529
v -0.183483 0.508062 -0.434212
v -0.184855 0.492539 -0.446152
v -0.185700 0.475024 -0.457891
v -0.185985 0.456191 -0.468978
v -0.185700 0.436763 -0.478986
v -0.184855 0.417488 -0.487531
v -0.183483 0.399105 -0.494285
v -0.181635 0.382321 -0.498988
v -0.179385 0.367782 -0.501460
v -0.176817 0.356045 -0.501604
v -0.174031 0.347562 -0.499416
v -0.172611 0.540098 -0.393702
v -0.174031 0.537599 -0.402367
v -0.175340 0.531377 -0.412514
v -0.176488 0.521671 -0.423751
v -0.177429 0.508855 -0.435649
v -0.178129 0.493419 -0.447749
v -0.178560 0.475959 -0.459587
v -0.178705 0.457144 -0.470706
v -0.178560 0.437698 -0.480681
v -0.178129 0.418368 -0.489129
v -0.177429 0.399897 -0.495723
v -0.176488 0.382995 -0.500211
v -0.175340 0.368311 -0.502420
v -0.174031 0.356410 -0.502265
v -0.172611 0.347749 -0.499754
v -0.171134 0.540161 -0.393816
v -0.171134 0.537722 -0.402590
v -0.171134 0.521899 -0.424164
v -0.171134 0.493717 -0.448288
v -0.171134 0.418665 -0.489668
v -0.171134 0.383222 -0.500623
v -0.171134 0.368490 -0.502744
v -0.171134 0.356533 -0.502489
v -0.171134 0.347811 -0.499867
v 0.171134 0.531556 -0.412838
v 0.171134 0.509122 -0.436135
v 0.171134 0.476274 -0.460159
v 0.171134 0.457466 -0.471290
v 0.171134 0.438014 -0.481254
v 0.171134 0.400165 -0.496208
v 0.169657 0.540098 -0.393702
v 0.168237 0.537599 -0.402367
v 0.166927 0.531377 -0.412514
v 0.165780 0.521671 -0.423751
v 0.164839 0.508855 -0.435649
v 0.164139 0.493419 -0.447749
v 0.163708 0.475959 -0.459587
v 0.163563 0.457144 -0.470706
v 0.163708 0.437698 -0.480681
v 0.164139 0.418368 -0.489129
v 0.164839 0.399897 -0.495723
v 0.165780 0.382995 -0.500211
v 0.166927 0.368311 -0.502420
v 0.168237 0.356410 -0.502265
v 0.169657 0.347749 -0.499754
v 0.168237 0.539912 -0.393365
v 0.165450 0.537234 -0.401705
v 0.162883 0.530848 -0.411553
v 0.160632 0.520997 -0.422529
v 0.158785 0.508062 -0.434212
v 0.157413 0.492539 -0.446152
v 0.156568 0.475024 -0.457891
v 0.156282 0.456191 -0.468978
v 0.156568 0.436763 -0.478986
v 0.157413 0.417488 -0.487531
v 0.158785 0.399105 -0.494285
v 0.160632 0.382321 -0.498988
v 0.162883 0.367782 -0.501460
v 0.165450 0.356045 -0.501604
v 0.168237 0.347562 -0.499416
v 0.166927 0.539610 -0.392817
v 0.162883 0.536642 -0.400631
v 0.159155 0.529988 -0.409994
v 0.155888 0.519903 -0.420545
v 0.153207 0.506775 -0.431878
v 0.151214 0.491109 -0.443559
v 0.149987 0.473506 -0.455139
v 0.149573 0.454643 -0.466171
v 0.149987 0.435246 -0.476233
v 0.151214 0.416058 -0.484938
v 0.153207 0.397818 -0.491952
v 0.155888 0.381227 -0.497003
v 0.159155 0.366922 -0.499900
v 0.162883 0.355453 -0.500530
v 0.166927 0.347261 -0.498869
v 0.165780 0.539204 -0.392080
v 0.160632 0.535845 -0.399186
v 0.155888 0.528831 -0.407895
v 0.151730 0.518431 -0.417873
v 0.148317 0.505044 -0.428737
v 0.145781 0.489185 -0.440069
v 0.144219 0.471464 -0.451434
v 0.143692 0.452561 -0.462394
v 0.144219 0.433203 -0.472528
v 0.145781 0.414134 -0.481449
v 0.148317 0.396087 -0.488811
v 0.151730 0.379754 -0.494333
v 0.155888 0.365765 -0.497801
v 0.160632 0.354656 -0.499084
v 0.165780 0.346854 -0.498132
v 0.164839 0.538709 -0.391182
v 0.158785 0.534874 -0.397425
v 0.153207 0.527421 -0.405338
v 0.148317 0.516636 -0.414619
v 0.144304 0.502933 -0.424910
v 0.141322 0.486840 -0.435817
v 0.139485 0.468974 -0.446919
v 0.138865 0.450023 -0.457791
v 0.139485 0.430714 -0.468014
v 0.141322 0.411789 -0.477196
v 0.144304 0.393976 -0.484984
v 0.148317 0.377960 -0.491078
v 0.153207 0.364355 -0.495244
v 0.158785 0.353685 -0.497323
v 0.164839 0.346359 -0.497234
v 0.171134 0.538778 -0.386851
v 0.164139 0.538144 -0.390158
v 0.157413 0.533766 -0.395415
v 0.151214 0.525812 -0.402420
v 0.145781 0.514589 -0.410906
v 0.141322 0.500526 -0.420544
v 0.138008 0.484165 -0.430965
v 0.135968 0.466135 -0.441769
v 0.135279 0.447128 -0.452539
v 0.135968 0.427874 -0.462864
v 0.138008 0.409114 -0.472344
v 0.141322 0.391569 -0.480618
v 0.145781 0.375912 -0.487365
v 0.151214 0.362746 -0.492327
v 0.157413 0.352577 -0.495313
v 0.164139 0.345794 -0.496209
v 0.163708 0.537531 -0.389046
v 0.156568 0.532564 -0.393234
v 0.149987 0.524067 -0.399255
v 0.144219 0.512367 -0.406877
v 0.139485 0.497914 -0.415806
v 0.135968 0.481263 -0.425701
v 0.133802 0.463054 -0.436180
v 0.133070 0.443986 -0.446842
v 0.133802 0.424793 -0.457275
v 0.135968 0.406212 -0.467080
v 0.139485 0.388957 -0.475880
v 0.144219 0.373691 -0.483336
v 0.149987 0.361001 -0.489161
v 0.156568 0.351375 -0.493133
v 0.163708 0.345182 -0.495098
v 0.163563 0.536894 -0.387890
v 0.156282 0.531313 -0.390967
v 0.149573 0.522252 -0.395963
v 0.143692 0.510057 -0.402686
v 0.138865 0.495198 -0.410879
v 0.135279 0.478245 -0.420226
v 0.133070 0.459849 -0.430368
v 0.132325 0.440719 -0.440916
v 0.133070 0.421589 -0.451463
v 0.135279 0.403193 -0.461606
v 0.138865 0.386240 -0.470952
v 0.143692 0.371381 -0.479145
v 0.149573 0.359186 -0.485869
v 0.156282 0.350124 -0.490865
v 0.163563 0.344544 -0.493942
v 0.163708 0.536256 -0.386734
v 0.156568 0.530063 -0.388699
v 0.149987 0.520437 -0.392671
v 0.144219 0.507747 -0.398496
v 0.139485 0.492481 -0.405952
v 0.135968 0.475226 -0.414752
v 0.133802 0.456645 -0.424557
v 0.133070 0.437452 -0.434990
v 0.133802 0.418384 -0.445652
v 0.135968 0.400175 -0.456131
v 0.139485 0.383524 -0.466026
v 0.144219 0.369071 -0.474955
v 0.149987 0.357371 -0.482577
v 0.156568 0.348874 -0.488598
v 0.163708 0.343907 -0.492786
v 0.164139 0.535644 -0.385622
v 0.157413 0.528861 -0.386518
v 0.151214 0.518691 -0.389505
v 0.145781 0.505525 -0.394467
v 0.141322 0.489869 -0.401214
v 0.138008 0.472323 -0.409487
v 0.135968 0.453564 -0.418968
v 0.135279 0.434310 -0.429292
v 0.135968 0.415303 -0.440063
v 0.138008 0.397272 -0.450867
v 0.141322 0.380912 -0.461288
v 0.145781 0.366849 -0.470926
v 0.151214 0.355625 -0.479411
v 0.157413 0.347672 -0.486417
v 0.164139 0.343294 -0.491674
v 0.164839 0.535078 -0.384598
v 0.158785 0.527753 -0.384509
v 0.153207 0.517083 -0.386587
v 0.148317 0.503478 -0.390754
v 0.144304 0.487461 -0.396848
v 0.141322 0.469648 -0.404636
v 0.139485 0.450724 -0.413818
v 0.138865 0.431415 -0.424041
v 0.139485 0.412463 -0.434913
v 0.141322 0.394597 -0.446015
v 0.144304 0.378504 -0.456921
v 0.148317 0.364802 -0.467213
v 0.153207 0.354017 -0.476494
v 0.158785 0.346564 -0.484407
v 0.164839 0.342729 -0.490649
v 0.165780 0.534583 -0.383700
v 0.160632 0.526782 -0.382747
v 0.155888 0.515673 -0.384030
v 0.151730 0.501684 -0.387499
v 0.148317 0.485351 -0.393021
v 0.145781 0.467304 -0.400383
v 0.144219 0.448235 -0.409303
v 0.143692 0.428877 -0.419438
v 0.144219 0.409974 -0.430398
v 0.145781 0.392253 -0.441763
v 0.148317 0.376394 -0.453095
v 0.151730 0.363007 -0.463958
v 0.155888 0.352607 -0.473937
v 0.160632 0.345593 -0.482646
v 0.165780 0.342234 -0.489752
v 0.166927 0.534177 -0.382963
v 0.162883 0.525985 -0.381302
v 0.159155 0.514516 -0.381932
v 0.155888 0.500211 -0.384828
v 0.153207 0.483620 -0.389880
v 0.151214 0.465380 -0.396893
v 0.149987 0.446192 -0.405598
v 0.149573 0.426794 -0.415661
v 0.149987 0.407932 -0.426694
v 0.151214 0.390329 -0.438273
v 0.153207 0.374662 -0.449954
v 0.155888 0.361535 -0.461287
v 0.159155 0.351450 -0.471838
v 0.162883 0.344796 -0.481200
v 0.166927 0.341827 -0.489015
v 0.168237 0.533875 -0.382415
v 0.165450 0.525393 -0.380228
v 0.162883 0.513656 -0.380372
v 0.160632 0.499117 -0.382843
v 0.158785 0.482333 -0.387546
v 0.157413 0.463950 -0.394300
v 0.156568 0.444674 -0.402846
v 0.156282 0.425247 -0.412854
v 0.156568 0.406414 -0.423941
v 0.157413 0.388899 -0.435679
v 0.158785 0.373376 -0.447620
v 0.160632 0.360441 -0.459303
v 0.162883 0.350590 -0.470279
v 0.165450 0.344204 -0.480126
v 0.168237 0.341526 -0.488467
v 0.169657 0.533689 -0.382078
v 0.168237 0.525028 -0.379566
v 0.166927 0.513127 -0.379412
v 0.165780 0.498443 -0.381621
v 0.164839 0.481541 -0.386109
v 0.164139 0.463070 -0.392703
v 0.163708 0.443740 -0.401150
v 0.163563 0.424294 -0.411125
v 0.163708 0.405479 -0.422245
v 0.164139 0.388019 -0.434083
v 0.164839 0.372584 -0.446183
v 0.165780 0.359766 -0.458080
v 0.166927 0.350061 -0.469318
v 0.168237 0.343839 -0.479465
v 0.169657 0.341340 -0.488130
v 0.171134 0.533627 -0.381964
v 0.171134 0.524905 -0.379343
v 0.171134 0.512948 -0.379088
v 0.171134 0.498215 -0.381209
v 0.171134 0.481273 -0.385624
v 0.171134 0.462773 -0.392164
v 0.171134 0.443424 -0.400578
v 0.171134 0.423972 -0.410542
v 0.171134 0.405164 -0.421673
v 0.171134 0.387722 -0.433544
v 0.171134 0.372316 -0.445697
v 0.171134 0.359539 -0.457667
v 0.171134 0.349882 -0.468994
v 0.171134 0.343716 -0.479242
v 0.171134 0.341277 -0.488016
v 0.172611 0.533689 -0.382078
v 0.174031 0.525028 -0.379566
v 0.175340 0.513127 -0.379412
v 0.176488 0.498443 -0.381621
v 0.177429 0.481541 -0.386109
v 0.178129 0.463070 -0.392703
v 0.178560 0.443740 -0.401150
v 0.178705 0.424294 -0.411125
v 0.178560 0.405479 -0.422245
v 0.178129 0.388019 -0.434083
v 0.177429 0.372584 -0.446183
v 0.176488 0.359766 -0.458080
v 0.175340 0.350061 -0.469318
v 0.174031 0.343839 -0.479465
v 0.172611 0.341340 -0.488130
v 0.174031 0.533875 -0.382415
v 0.176817 0.525393 -0.380228
v 0.179385 0.513656 -0.380372
v 0.181635 0.499117 -0.382843
v 0.183483 0.482333 -0.387546
v 0.184855 0.463950 -0.394300
v 0.185700 0.444674 -0.402846
v 0.185986 0.425247 -0.412854
v 0.185700 0.406414 -0.423941
v 0.184855 0.388899 -0.435679
v 0.183483 0.373376 -0.447620
v 0.181635 0.360441 -0.459303
v 0.179385 0.350590 -0.470279
v 0.176817 0.344204 -0.480126
v 0.174031 0.341526 -0.488467
v 0.175340 0.534177 -0.382963
v 0.179385 0.525985 -0.381302
v 0.183113 0.514516 -0.381932
v 0.186380 0.500211 -0.384828
v 0.189061 0.483620 -0.389880
v 0.191054 0.465380 -0.396893
v 0.192281 0.446192 -0.405598
v 0.192695 0.426794 -0.415661
v 0.192281 0.407932 -0.426694
v 0.191054 0.390329 -0.438273
v 0.189061 0.374662 -0.449954
v 0.186380 0.361535 -0.461287
v 0.183113 0.351450 -0.471838
v 0.179385 0.344796 -0.481200
v 0.175340 0.341827 -0.489015
v 0.176488 0.534583 -0.383700
v 0.181635 0.526782 -0.382747
v 0.186380 0.515673 -0.384030
v 0.190538 0.501684 -0.387499
v 0.193951 0.485351 -0.393021
v 0.196487 0.467304 -0.400383
v 0.198049 0.448235 -0.409303
v 0.198576 0.428877 -0.419438
v 0.198049 0.409974 -0.430398
v 0.196487 0.392253 -0.441763
v 0.193951 0.376394 -0.453095
v 0.190538 0.363007 -0.463958
v 0.186380 0.352607 -0.473937
v 0.181635 0.345593 -0.482646
v 0.176488 0.342234 -0.489752
v 0.171134 0.342660 -0.494981
v 0.177429 0.535078 -0.384598
v 0.183483 0.527753 -0.384509
v 0.189061 0.517083 -0.386587
v 0.193951 0.503478 -0.390754
v 0.197964 0.487461 -0.396848
v 0.200946 0.469649 -0.404636
v 0.202783 0.450724 -0.413818
v 0.203402 0.431415 -0.424041
v 0.202783 0.412463 -0.434913
v 0.200946 0.394597 -0.446015
v 0.197964 0.378504 -0.456921
v 0.193951 0.364802 -0.467213
v 0.189061 0.354017 -0.476494
v 0.183483 0.346564 -0.484407
v 0.177429 0.342729 -0.490649
v 0.178129 0.535644 -0.385622
v 0.184855 0.528861 -0.386518
v 0.191054 0.518691 -0.389505
v 0.196487 0.505525 -0.394467
v 0.200946 0.489869 -0.401214
v 0.204260 0.472323 -0.409487
v 0.206300 0.453564 -0.418968
v 0.206989 0.434310 -0.429292
v 0.206300 0.415303 -0.440063
v 0.204260 0.397272 -0.450867
v 0.200946 0.380912 -0.461288
v 0.196487 0.366849 -0.470926
v 0.191054 0.355625 -0.479411
v 0.184855 0.347672 -0.486417
v 0.178129 0.343294 -0.491674
v 0.178560 0.536256 -0.386734
v 0.185700 0.530063 -0.388699
v 0.192281 0.520437 -0.392671
v 0.198049 0.507747 -0.398496
v 0.202783 0.492481 -0.405952
v 0.206300 0.475226 -0.414752
v 0.208466 0.456645 -0.424557
v 0.209197 0.437452 -0.434990
v 0.208466 0.418384 -0.445652
v 0.206300 0.400175 -0.456131
v 0.202783 0.383524 -0.466026
v 0.198049 0.369071 -0.474955
v 0.192281 0.357371 -0.482577
v 0.185700 0.348874 -0.488598
v 0.178560 0.343907 -0.492786
v 0.178705 0.536894 -0.387890
v 0.185985 0.531313 -0.390967
v 0.192695 0.522252 -0.395963
v 0.198576 0.510057 -0.402686
v 0.203402 0.495198 -0.410879
v 0.206989 0.478245 -0.420226
v 0.209197 0.459849 -0.430368
v 0.209943 0.440719 -0.440916
v 0.209197 0.421589 -0.451463
v 0.206989 0.403193 -0.461606
v 0.203402 0.386240 -0.470952
v 0.198576 0.371381 -0.479145
v 0.192695 0.359186 -0.485869
v 0.185985 0.350124 -0.490865
v 0.178705 0.344544 -0.493942
v 0.178560 0.537531 -0.389046
v 0.185700 0.532564 -0.393234
v 0.192281 0.524067 -0.399255
v 0.198049 0.512367 -0.406877
v 0.202783 0.497914 -0.415806
v 0.206300 0.481263 -0.425701
v 0.208466 0.463054 -0.436180
v 0.209197 0.443986 -0.446842
v 0.208466 0.424793 -0.457275
v 0.206300 0.406212 -0.467080
v 0.202783 0.388957 -0.475880
v 0.198049 0.373691 -0.483336
v 0.192281 0.361001 -0.489161
v 0.185700 0.351375 -0.493133
v 0.178560 0.345182 -0.495098
v 0.178129 0.538144 -0.390158
v 0.184855 0.533766 -0.395415
v 0.191054 0.525812 -0.402420
v 0.196487 0.514589 -0.410906
v 0.200946 0.500526 -0.420544
v 0.204260 0.484165 -0.430965
v 0.206300 0.466135 -0.441769
v 0.206989 0.447128 -0.452539
v 0.206300 0.427874 -0.462864
v 0.204260 0.409114 -0.472344
v 0.200946 0.391569 -0.480618
v 0.196487 0.375912 -0.487365
v 0.191054 0.362746 -0.492327
v 0.184855 0.352577 -0.495313
v 0.178129 0.345794 -0.496209
v 0.177429 0.538709 -0.391182
v 0.183483 0.534874 -0.397425
v 0.189061 0.527421 -0.405338
v 0.193951 0.516636 -0.414619
v 0.197964 0.502933 -0.424910
v 0.200946 0.486840 -0.435817
v 0.202783 0.468974 -0.446919
v 0.203402 0.450023 -0.457791
v 0.202783 0.430714 -0.468014
v 0.200946 0.411789 -0.477196
v 0.197964 0.393976 -0.484984
v 0.193951 0.377960 -0.491078
v 0.189061 0.364355 -0.495244
v 0.183483 0.353685 -0.497323
v 0.177429 0.346359 -0.497234
v 0.176488 0.539204 -0.392080
v 0.181635 0.535845 -0.399186
v 0.186380 0.528831 -0.407895
v 0.190538 0.518431 -0.417873
v 0.193951 0.505044 -0.428737
v 0.196487 0.489185 -0.440069
v 0.198049 0.471464 -0.451434
v 0.198576 0.452561 -0.462394
v 0.198049 0.433203 -0.472528
v 0.196487 0.414134 -0.481449
v 0.193951 0.396086 -0.488811
v 0.190538 0.379754 -0.494333
v 0.186380 0.365765 -0.497801
v 0.181635 0.354656 -0.499084
v 0.176488 0.346854 -0.498132
v 0.175340 0.539610 -0.392817
v 0.179385 0.536642 -0.400631
v 0.183113 0.529988 -0.409994
v 0.186380 0.519903 -0.420545
v 0.189061 0.506775 -0.431878
v 0.191054 0.491109 -0.443559
v 0.192281 0.473506 -0.455139
v 0.192695 0.454643 -0.466171
v 0.192281 0.435246 -0.476233
v 0.191054 0.416058 -0.484938
v 0.189061 0.397818 -0.491952
v 0.186380 0.381227 -0.497003
v 0.183113 0.366922 -0.499900
v 0.179385 0.355453 -0.500530
v 0.175340 0.347261 -0.498869
v 0.174031 0.539912 -0.393365
v 0.176817 0.537234 -0.401705
v 0.179385 0.530848 -0.411553
v 0.181635 0.520997 -0.422529
v 0.183483 0.508062 -0.434212
v 0.184855 0.492539 -0.446152
v 0.185700 0.475024 -0.457891
v 0.185985 0.456191 -0.468978
v 0.185700 0.436763 -0.478986
v 0.184855 0.417488 -0.487531
v 0.183483 0.399105 -0.494285
v 0.181635 0.382321 -0.498988
v 0.179385 0.367782 -0.501460
v 0.176817 0.356045 -0.501604
v 0.174031 0.347562 -0.499416
v 0.172611 0.540098 -0.393702
v 0.174031 0.537599 -0.402367
v 0.175340 0.531377 -0.412514
v 0.176488 0.521671 -0.423751
v 0.177429 0.508855 -0.435649
v 0.178129 0.493419 -0.447749
v 0.178560 0.475959 -0.459587
v 0.178705 0.457144 -0.470706
v 0.178560 0.437698 -0.480681
v 0.178129 0.418368 -0.489129
v 0.177429 0.399897 -0.495723
v 0.176488 0.382995 -0.500211
v 0.175340 0.368311 -0.502420
v 0.174031 0.356410 -0.502265
v 0.172611 0.347749 -0.499754
v 0.171134 0.540161 -0.393816
v 0.171134 0.537722 -0.402590
v 0.171134 0.521899 -0.424164
v 0.171134 0.493717 -0.448289
v 0.171134 0.418665 -0.489668
v 0.171134 0.383222 -0.500623
v 0.171134 0.368490 -0.502744
v 0.171134 0.356533 -0.502489
v 0.171134 0.347811 -0.499867
vn -0.8338 0.1891 0.5186
vn -0.9381 0.0300 0.3449
vn -0.8486 0.0297 0.5281
vn -0.8075 0.3095 0.5021
vn -0.9219 0.1885 0.3386
vn -0.7728 0.4137 0.4812
vn -0.8931 0.3080 0.3278
vn -0.7298 0.5087 0.4568
vn -0.8552 0.4116 0.3149
vn -0.6776 0.5975 0.4287
vn -0.8070 0.5085 0.3003
vn -0.6125 0.6841 0.3961
vn -0.7454 0.6031 0.2841
vn -0.9851 0.0304 0.1695
vn -0.9680 0.1881 0.1662
vn -0.9380 0.3069 0.1610
vn -0.8988 0.4099 0.1552
vn -0.8484 0.5080 0.1490
vn -0.6627 0.6991 0.2684
vn -0.7822 0.6064 0.1428
vn -0.9995 0.0305 -0.0000
vn -0.9822 0.1880 -0.0000
vn -0.9518 0.3066 -0.0000
vn -0.9125 0.4092 -0.0000
vn -0.8616 0.5076 -0.0000
vn -0.6934 0.7073 0.1379
vn -0.7945 0.6073 -0.0000
vn -0.9680 0.1881 -0.1662
vn -0.9851 0.0304 -0.1695
vn -0.9380 0.3069 -0.1610
vn -0.8988 0.4099 -0.1552
vn -0.8484 0.5080 -0.1490
vn -0.7822 0.6064 -0.1428
vn -0.6934 0.7073 -0.1379
vn -0.9219 0.1885 -0.3386
vn -0.9381 0.0300 -0.3450
vn -0.8931 0.3080 -0.3278
vn -0.8552 0.4116 -0.3149
vn -0.8070 0.5085 -0.3003
vn -0.7454 0.6031 -0.2841
vn -0.6627 0.6991 -0.2684
vn -0.8338 0.1891 -0.5186
vn -0.8486 0.0297 -0.5281
vn -0.8075 0.3095 -0.5021
vn -0.7728 0.4137 -0.4812
vn -0.7298 0.5087 -0.4568
vn -0.6776 0.5975 -0.4287
vn -0.6125 0.6841 -0.3961
vn -0.6920 -0.2057 0.6920
vn -0.8309 -0.2049 0.5173
vn -0.6943 0.1895 0.6943
vn -0.7068 0.0296 0.7068
vn -0.6722 0.3103 0.6722
vn -0.6434 0.4148 0.6434
vn -0.6087 0.5089 0.6087
vn -0.5687 0.5943 0.5687
vn -0.5246 0.6705 0.5246
vn -0.4754 0.7403 0.4754
vn -0.5186 0.7698 0.3720
vn -0.5530 0.7915 0.2605
vn -0.5764 0.8056 0.1369
vn -0.7043 0.7099 -0.0000
vn -0.5764 0.8056 -0.1369
vn -0.5530 0.7915 -0.2605
vn -0.5186 0.7698 -0.3720
vn -0.4754 0.7403 -0.4754
vn -0.5246 0.6705 -0.5246
vn -0.5687 0.5943 -0.5687
vn -0.6087 0.5089 -0.6087
vn -0.6434 0.4148 -0.6434
vn -0.6722 0.3103 -0.6722
vn -0.6943 0.1895 -0.6943
vn -0.7068 0.0296 -0.7068
vn -0.6920 -0.2057 -0.6920
vn -0.8309 -0.2049 -0.5173
vn -0.9189 -0.2032 -0.3381
vn -0.9652 -0.2019 -0.1662
vn -0.9795 -0.2014 -0.0000
vn -0.9652 -0.2019 0.1662
vn -0.9189 -0.2032 0.3381
vn -0.5186 0.1891 -0.8338
vn -0.3450 0.0300 -0.9381
vn -0.5281 0.0297 -0.8486
vn -0.5021 0.3095 -0.8075
vn -0.3386 0.1885 -0.9219
vn -0.4812 0.4137 -0.7728
vn -0.3278 0.3080 -0.8931
vn -0.4568 0.5087 -0.7298
vn -0.3149 0.4116 -0.8552
vn -0.4287 0.5975 -0.6776
vn -0.3003 0.5085 -0.8070
vn -0.3961 0.6841 -0.6125
vn -0.2841 0.6031 -0.7454
vn -0.1695 0.0304 -0.9851
vn -0.1662 0.1881 -0.9680
vn -0.1610 0.3069 -0.9380
vn -0.1552 0.4099 -0.8988
vn -0.1490 0.5080 -0.8484
vn -0.2684 0.6991 -0.6627
vn -0.1428 0.6064 -0.7822
vn -0.0000 0.0305 -0.9995
vn -0.0000 0.1880 -0.9822
vn -0.0000 0.3066 -0.9518
vn -0.0000 0.4092 -0.9125
vn -0.0000 0.5076 -0.8616
vn -0.1379 0.7073 -0.6934
vn -0.0000 0.6073 -0.7945
vn 0.1662 0.1881 -0.9680
vn 0.1695 0.0304 -0.9851
vn 0.1610 0.3069 -0.9380
vn 0.1552 0.4099 -0.8988
vn 0.1490 0.5080 -0.8484
vn 0.1428 0.6064 -0.7822
vn 0.1379 0.7073 -0.6934
vn 0.3386 0.1885 -0.9219
vn 0.3450 0.0300 -0.9381
vn 0.3278 0.3080 -0.8931
vn 0.3149 0.4116 -0.8552
vn 0.3003 0.5085 -0.8070
vn 0.2841 0.6031 -0.7454
vn 0.2684 0.6991 -0.6627
vn 0.5186 0.1891 -0.8338
vn 0.5281 0.0297 -0.8486
vn 0.5021 0.3095 -0.8075
vn 0.4812 0.4137 -0.7728
vn 0.4568 0.5087 -0.7298
vn 0.4287 0.5975 -0.6776
vn 0.3961 0.6841 -0.6125
vn -0.5173 -0.2049 -0.8309
vn -0.3720 0.7698 -0.5186
vn -0.2605 0.7915 -0.5530
vn -0.1369 0.8056 -0.5764
vn -0.0000 0.7099 -0.7043
vn 0.1369 0.8056 -0.5764
vn 0.2605 0.7915 -0.5530
vn 0.3720 0.7698 -0.5186
vn 0.4754 0.7403 -0.4754
vn 0.5246 0.6705 -0.5246
vn 0.5687 0.5943 -0.5687
vn 0.6087 0.5089 -0.6087
vn 0.6434 0.4148 -0.6434
vn 0.6722 0.3103 -0.6722
vn 0.6943 0.1895 -0.6943
vn 0.7068 0.0296 -0.7068
vn 0.6920 -0.2057 -0.6920
vn 0.5173 -0.2049 -0.8309
vn 0.3381 -0.2032 -0.9189
vn 0.1662 -0.2019 -0.9652
vn -0.0000 -0.2014 -0.9795
vn -0.1662 -0.2019 -0.9652
vn -0.3381 -0.2032 -0.9189
vn 0.8338 0.1891 -0.5186
vn 0.9381 0.0300 -0.3449
vn 0.8486 0.0297 -0.5281
vn 0.8075 0.3095 -0.5021
vn 0.9219 0.1885 -0.3386
vn 0.7728 0.4137 -0.4812
vn 0.8931 0.3080 -0.3278
vn 0.7298 0.5087 -0.4568
vn 0.8552 0.4116 -0.3149
vn 0.6776 0.5975 -0.4287
vn 0.8070 0.5085 -0.3003
vn 0.6125 0.6841 -0.3961
vn 0.7454 0.6031 -0.2841
vn 0.9851 0.0304 -0.1695
vn 0.9680 0.1881 -0.1662
vn 0.9380 0.3069 -0.1610
vn 0.8988 0.4099 -0.1552
vn 0.8484 0.5080 -0.1490
vn 0.6627 0.6991 -0.2684
vn 0.7822 0.6064 -0.1428
vn 0.9995 0.0305 -0.0000
vn 0.9822 0.1880 -0.0000
vn 0.9518 0.3066 -0.0000
vn 0.9125 0.4092 -0.0000
vn 0.8616 0.5076 -0.0000
vn 0.6934 0.7073 -0.1379
vn 0.7945 0.6073 -0.0000
vn 0.9680 0.1881 0.1662
vn 0.9851 0.0304 0.1695
vn 0.9380 0.3069 0.1610
vn 0.8988 0.4099 0.1552
vn 0.8484 0.5080 0.1490
vn 0.7822 0.6064 0.1428
vn 0.6934 0.7073 0.1379
vn 0.9219 0.1885 0.3386
vn 0.9381 0.0300 0.3450
vn 0.8931 0.3080 0.3278
vn 0.8552 0.4116 0.3149
vn 0.8070 0.5085 0.3003
vn 0.7454 0.6031 0.2841
vn 0.6627 0.6991 0.2684
vn 0.8338 0.1891 0.5186
vn 0.8486 0.0297 0.5281
vn 0.8075 0.3095 0.5021
vn 0.7728 0.4137 0.4812
vn 0.7298 0.5087 0.4568
vn 0.6776 0.5975 0.4287
vn 0.6125 0.6841 0.3961
vn 0.8309 -0.2049 -0.5173
vn 0.5186 0.7698 -0.3720
vn 0.5530 0.7915 -0.2605
vn 0.5764 0.8056 -0.1369
vn 0.7043 0.7099 -0.0000
vn 0.5764 0.8056 0.1369
vn 0.5530 0.7915 0.2605
vn 0.5186 0.7698 0.3720
vn 0.4754 0.7403 0.4754
vn 0.5246 0.6705 0.5246
vn 0.5687 0.5943 0.5687
vn 0.6087 0.5089 0.6087
vn 0.6434 0.4148 0.6434
vn 0.6722 0.3103 0.6722
vn 0.6943 0.1895 0.6943
vn 0.7068 0.0296 0.7068
vn 0.6920 -0.2057 0.6920
vn 0.8309 -0.2049 0.5173
vn 0.9189 -0.2032 0.3381
vn 0.9652 -0.2019 0.1662
vn 0.9795 -0.2014 -0.0000
vn 0.9652 -0.2019 -0.1662
vn 0.9189 -0.2032 -0.3381
vn 0.5186 0.1891 0.8338
vn 0.3450 0.0300 0.9381
vn 0.5281 0.0297 0.8486
vn 0.5021 0.3095 0.8075
vn 0.3386 0.1885 0.9219
vn 0.4812 0.4137 0.7728
vn 0.3278 0.3080 0.8931
vn 0.4568 0.5087 0.7298
vn 0.3149 0.4116 0.8552
vn 0.4287 0.5975 0.6776
vn 0.3003 0.5085 0.8070
vn 0.3961 0.6841 0.6125
vn 0.2841 0.6031 0.7454
vn 0.1695 0.0304 0.9851
vn 0.1662 0.1881 0.9680
vn 0.1610 0.3069 0.9380
vn 0.1552 0.4099 0.8988
vn 0.1490 0.5080 0.8484
vn 0.2684 0.6991 0.6627
vn 0.1428 0.6064 0.7822
vn -0.0000 0.0305 0.9995
vn -0.0000 0.1880 0.9822
vn -0.0000 0.3066 0.9518
vn -0.0000 0.4092 0.9125
vn -0.0000 0.5076 0.8616
vn 0.1379 0.7073 0.6934
vn -0.0000 0.6073 0.7945
vn -0.1662 0.1881 0.9680
vn -0.1695 0.0304 0.9851
vn -0.1610 0.3069 0.9380
vn -0.1552 0.4099 0.8988
vn -0.1490 0.5080 0.8484
vn -0.1428 0.6064 0.7822
vn -0.1379 0.7073 0.6934
vn -0.3386 0.1885 0.9219
vn -0.3450 0.0300 0.9381
vn -0.3278 0.3080 0.8931
vn -0.3149 0.4116 0.8552
vn -0.3003 0.5085 0.8070
vn -0.2841 0.6031 0.7454
vn -0.2684 0.6991 0.6627
vn -0.5186 0.1891 0.8338
vn -0.5281 0.0297 0.8486
vn -0.5021 0.3095 0.8075
vn -0.4812 0.4137 0.7728
vn -0.4568 0.5087 0.7298
vn -0.4287 0.5975 0.6776
vn -0.3961 0.6841 0.6125
vn 0.5173 -0.2049 0.8309
vn 0.3720 0.7698 0.5186
vn 0.2605 0.7915 0.5530
vn 0.1369 0.8056 0.5764
vn -0.0000 0.7099 0.7043
vn -0.1369 0.8056 0.5764
vn -0.2605 0.7915 0.5530
vn -0.3720 0.7698 0.5186
vn -0.5173 -0.2049 0.8309
vn -0.3381 -0.2032 0.9189
vn -0.1662 -0.2019 0.9652
vn -0.0000 -0.2014 0.9795
vn 0.1662 -0.2019 0.9652
vn 0.3381 -0.2032 0.9189
vn 0.0315 -0.9990 0.0315
vn 0.0224 -0.9995 0.0224
vn 0.0338 -0.9992 0.0212
vn 0.0212 -0.9992 0.0338
vn 0.0113 -0.9997 0.0234
vn 0.0108 -0.9993 0.0354
vn -0.0000 -0.9997 0.0238
vn -0.0108 -0.9993 0.0354
vn -0.0000 -0.9994 0.0359
vn -0.0212 -0.9992 0.0338
vn -0.0113 -0.9997 0.0234
vn -0.0315 -0.9990 0.0315
vn -0.0224 -0.9995 0.0224
vn 0.0234 -0.9997 0.0113
vn 0.0354 -0.9993 0.0108
vn 0.0117 -0.9999 0.0117
vn -0.0000 -0.9999 0.0118
vn -0.0117 -0.9999 0.0117
vn -0.0338 -0.9992 0.0212
vn -0.0234 -0.9997 0.0113
vn 0.0238 -0.9997 -0.0000
vn 0.0359 -0.9994 -0.0000
vn 0.0118 -0.9999 -0.0000
vn -0.0000 -1.0000 -0.0000
vn -0.0118 -0.9999 -0.0000
vn -0.0354 -0.9993 0.0108
vn -0.0238 -0.9997 -0.0000
vn 0.0354 -0.9993 -0.0108
vn 0.0234 -0.9997 -0.0113
vn 0.0117 -0.9999 -0.0117
vn -0.0117 -0.9999 -0.0117
vn -0.0000 -0.9999 -0.0118
vn -0.0234 -0.9997 -0.0113
vn -0.0354 -0.9993 -0.0108
vn 0.0338 -0.9992 -0.0212
vn 0.0224 -0.9995 -0.0224
vn 0.0113 -0.9997 -0.0234
vn -0.0113 -0.9997 -0.0234
vn -0.0000 -0.9997 -0.0238
vn -0.0224 -0.9995 -0.0224
vn -0.0338 -0.9992 -0.0212
vn 0.0315 -0.9990 -0.0315
vn 0.0212 -0.9992 -0.0338
vn 0.0108 -0.9993 -0.0354
vn -0.0108 -0.9993 -0.0354
vn -0.0000 -0.9994 -0.0359
vn -0.0212 -0.9992 -0.0338
vn -0.0315 -0.9990 -0.0315
vn 0.0363 -0.9987 0.0363
vn 0.0400 -0.9988 0.0296
vn 0.0296 -0.9988 0.0400
vn 0.0206 -0.9989 0.0432
vn 0.0106 -0.9989 0.0452
vn -0.0106 -0.9989 0.0452
vn -0.0000 -0.9989 0.0459
vn -0.0206 -0.9989 0.0432
vn -0.0296 -0.9988 0.0400
vn -0.0363 -0.9987 0.0363
vn -0.0400 -0.9988 0.0296
vn -0.0432 -0.9989 0.0206
vn -0.0452 -0.9989 0.0106
vn -0.0359 -0.9994 -0.0000
vn -0.0452 -0.9989 -0.0106
vn -0.0432 -0.9989 -0.0206
vn -0.0400 -0.9988 -0.0296
vn -0.0363 -0.9987 -0.0363
vn -0.0296 -0.9988 -0.0400
vn -0.0206 -0.9989 -0.0432
vn -0.0106 -0.9989 -0.0452
vn -0.0000 -0.9989 -0.0459
vn 0.0106 -0.9989 -0.0452
vn 0.0206 -0.9989 -0.0432
vn 0.0296 -0.9988 -0.0400
vn 0.0363 -0.9987 -0.0363
vn 0.0400 -0.9988 -0.0296
vn 0.0432 -0.9989 -0.0206
vn 0.0452 -0.9989 -0.0106
vn 0.0459 -0.9989 -0.0000
vn 0.0452 -0.9989 0.0106
vn 0.0432 -0.9989 0.0206
vn 0.3930 0.8313 -0.3930
vn 0.2836 0.9160 -0.2836
vn 0.4217 0.8661 -0.2684
vn 0.2684 0.8661 -0.4217
vn 0.1443 0.9448 -0.2943
vn 0.1397 0.8872 -0.4398
vn -0.0000 0.9546 -0.2980
vn -0.1397 0.8872 -0.4398
vn -0.0000 0.8952 -0.4457
vn -0.2684 0.8661 -0.4217
vn -0.1443 0.9448 -0.2943
vn -0.3930 0.8313 -0.3930
vn -0.2836 0.9160 -0.2836
vn 0.2943 0.9448 -0.1443
vn 0.4398 0.8872 -0.1397
vn 0.1481 0.9778 -0.1481
vn -0.0000 0.9888 -0.1494
vn -0.1481 0.9778 -0.1481
vn -0.4217 0.8661 -0.2684
vn -0.2943 0.9448 -0.1443
vn 0.2980 0.9546 -0.0000
vn 0.4457 0.8952 -0.0000
vn 0.1494 0.9888 -0.0000
vn -0.0000 1.0000 -0.0000
vn -0.1494 0.9888 -0.0000
vn -0.4398 0.8872 -0.1397
vn -0.2980 0.9546 -0.0000
vn 0.4398 0.8872 0.1397
vn 0.2943 0.9448 0.1443
vn 0.1481 0.9778 0.1481
vn -0.1481 0.9778 0.1481
vn -0.0000 0.9888 0.1494
vn -0.2943 0.9448 0.1443
vn -0.4398 0.8872 0.1397
vn 0.4217 0.8661 0.2684
vn 0.2836 0.9160 0.2836
vn 0.1443 0.9448 0.2943
vn -0.1443 0.9448 0.2943
vn -0.0000 0.9546 0.2980
vn -0.2836 0.9160 0.2836
vn -0.4217 0.8661 0.2684
vn 0.3930 0.8313 0.3930
vn 0.2684 0.8661 0.4217
vn 0.1397 0.8872 0.4398
vn -0.1397 0.8872 0.4398
vn -0.0000 0.8952 0.4457
vn -0.2684 0.8661 0.4217
vn -0.3930 0.8313 0.3930
vn -0.0000 0.8107 -0.5855
vn -0.5855 0.8107 -0.0000
vn -0.4457 0.8952 -0.0000
vn -0.0000 0.8107 0.5855
vn 0.5855 0.8107 -0.0000
vn 0.0308 -0.9993 0.0229
vn -0.0024 -1.0000 0.0038
vn -0.0060 -1.0000 0.0004
vn 0.0357 -0.9992 0.0172
vn 0.0011 -1.0000 0.0032
vn 0.0388 -0.9992 0.0092
vn 0.0026 -1.0000 -0.0000
vn 0.0388 -0.9992 -0.0092
vn 0.0400 -0.9992 -0.0000
vn 0.0357 -0.9992 -0.0172
vn 0.0011 -1.0000 -0.0032
vn 0.0308 -0.9993 -0.0229
vn -0.0024 -1.0000 -0.0038
vn -0.0782 -0.9966 -0.0241
vn -0.0751 -0.9963 -0.0430
vn -0.0771 -0.9970 -0.0101
vn -0.0761 -0.9971 -0.0000
vn -0.0771 -0.9970 0.0101
vn -0.0060 -1.0000 -0.0004
vn -0.0782 -0.9966 0.0241
vn -0.2018 -0.9769 -0.0703
vn -0.1863 -0.9760 -0.1129
vn -0.2071 -0.9778 -0.0329
vn -0.2079 -0.9782 -0.0000
vn -0.2071 -0.9778 0.0329
vn -0.0751 -0.9963 0.0430
vn -0.2019 -0.9769 0.0703
vn -0.3842 -0.9128 -0.1385
vn -0.3496 -0.9118 -0.2154
vn -0.4002 -0.9140 -0.0668
vn -0.4044 -0.9146 -0.0000
vn -0.4002 -0.9140 0.0668
vn -0.1863 -0.9760 0.1129
vn -0.3842 -0.9128 0.1385
vn -0.6113 -0.7593 -0.2233
vn -0.5529 -0.7594 -0.3430
vn -0.6412 -0.7596 -0.1093
vn -0.6501 -0.7598 -0.0000
vn -0.6412 -0.7596 0.1093
vn -0.3496 -0.9118 0.2154
vn -0.6113 -0.7593 0.2233
vn -0.8136 -0.4987 -0.2989
vn -0.7351 -0.5005 -0.4573
vn -0.8550 -0.4974 -0.1469
vn -0.8677 -0.4970 -0.0000
vn -0.8550 -0.4974 0.1469
vn -0.5529 -0.7594 0.3430
vn -0.8136 -0.4987 0.2989
vn 0.0261 -0.9993 0.0261
vn 0.0261 -0.9993 -0.0261
vn -0.0052 -1.0000 0.0052
vn -0.0628 -0.9960 0.0628
vn -0.1553 -0.9756 0.1553
vn -0.2911 -0.9113 0.2911
vn -0.4600 -0.7595 0.4600
vn -0.7351 -0.5005 0.4573
vn -0.6118 -0.5014 0.6118
vn -0.6118 -0.5014 -0.6118
vn -0.4600 -0.7595 -0.4600
vn -0.2911 -0.9113 -0.2911
vn -0.1553 -0.9756 -0.1553
vn -0.0628 -0.9960 -0.0628
vn -0.0052 -1.0000 -0.0052
vn -0.0229 -0.9993 0.0308
vn -0.0038 -1.0000 -0.0024
vn -0.0004 -1.0000 -0.0060
vn -0.0172 -0.9992 0.0357
vn -0.0032 -1.0000 0.0011
vn -0.0092 -0.9992 0.0388
vn -0.0000 -1.0000 0.0026
vn 0.0092 -0.9992 0.0388
vn -0.0000 -0.9992 0.0400
vn 0.0172 -0.9992 0.0357
vn 0.0032 -1.0000 0.0011
vn 0.0229 -0.9993 0.0308
vn 0.0038 -1.0000 -0.0024
vn 0.0241 -0.9966 -0.0782
vn 0.0430 -0.9963 -0.0751
vn 0.0101 -0.9970 -0.0771
vn -0.0000 -0.9971 -0.0761
vn -0.0101 -0.9970 -0.0771
vn 0.0004 -1.0000 -0.0060
vn -0.0241 -0.9966 -0.0782
vn 0.0703 -0.9769 -0.2018
vn 0.1129 -0.9760 -0.1863
vn 0.0329 -0.9778 -0.2071
vn -0.0000 -0.9782 -0.2079
vn -0.0329 -0.9778 -0.2071
vn -0.0430 -0.9963 -0.0751
vn -0.0703 -0.9769 -0.2019
vn 0.1385 -0.9128 -0.3842
vn 0.2154 -0.9118 -0.3496
vn 0.0668 -0.9140 -0.4002
vn -0.0000 -0.9146 -0.4044
vn -0.0668 -0.9140 -0.4002
vn -0.1129 -0.9760 -0.1863
vn -0.1385 -0.9128 -0.3842
vn 0.2233 -0.7593 -0.6113
vn 0.3430 -0.7594 -0.5529
vn 0.1093 -0.7596 -0.6412
vn -0.0000 -0.7598 -0.6501
vn -0.1093 -0.7596 -0.6412
vn -0.2154 -0.9118 -0.3496
vn -0.2233 -0.7593 -0.6113
vn 0.2989 -0.4987 -0.8136
vn 0.4573 -0.5005 -0.7351
vn 0.1469 -0.4974 -0.8550
vn -0.0000 -0.4970 -0.8677
vn -0.1469 -0.4974 -0.8550
vn -0.3430 -0.7594 -0.5529
vn -0.2989 -0.4987 -0.8136
vn -0.0261 -0.9993 0.0261
vn -0.4573 -0.5005 -0.7351
vn 0.6118 -0.5014 -0.6118
vn 0.4600 -0.7595 -0.4600
vn 0.2911 -0.9113 -0.2911
vn 0.1553 -0.9756 -0.1553
vn 0.0628 -0.9960 -0.0628
vn 0.0052 -1.0000 -0.0052
vn -0.0308 -0.9993 -0.0229
vn 0.0024 -1.0000 -0.0038
vn 0.0060 -1.0000 -0.0004
vn -0.0357 -0.9992 -0.0172
vn -0.0011 -1.0000 -0.0032
vn -0.0388 -0.9992 -0.0092
vn -0.0026 -1.0000 -0.0000
vn -0.0388 -0.9992 0.0092
vn -0.0400 -0.9992 -0.0000
vn -0.0357 -0.9992 0.0172
vn -0.0011 -1.0000 0.0032
vn -0.0308 -0.9993 0.0229
vn 0.0024 -1.0000 0.0038
vn 0.0782 -0.9966 0.0241
vn 0.0751 -0.9963 0.0430
vn 0.0771 -0.9970 0.0101
vn 0.0761 -0.9971 -0.0000
vn 0.0771 -0.9970 -0.0101
vn 0.0060 -1.0000 0.0004
vn 0.0782 -0.9966 -0.0241
vn 0.2018 -0.9769 0.0703
vn 0.1863 -0.9760 0.1129
vn 0.2071 -0.9778 0.0329
vn 0.2079 -0.9782 -0.0000
vn 0.2071 -0.9778 -0.0329
vn 0.0751 -0.9963 -0.0430
vn 0.2019 -0.9769 -0.0703
vn 0.3842 -0.9128 0.1385
vn 0.3496 -0.9118 0.2154
vn 0.4002 -0.9140 0.0668
vn 0.4044 -0.9146 -0.0000
vn 0.4002 -0.9140 -0.0668
vn 0.1863 -0.9760 -0.1129
vn 0.3842 -0.9128 -0.1385
vn 0.6113 -0.7593 0.2233
vn 0.5529 -0.7594 0.3430
vn 0.6412 -0.7596 0.1093
vn 0.6501 -0.7598 -0.0000
vn 0.6412 -0.7596 -0.1093
vn 0.3496 -0.9118 -0.2154
vn 0.6113 -0.7593 -0.2233
vn 0.8136 -0.4987 0.2989
vn 0.7351 -0.5005 0.4573
vn 0.8550 -0.4974 0.1469
vn 0.8677 -0.4970 -0.0000
vn 0.8550 -0.4974 -0.1469
vn 0.5529 -0.7594 -0.3430
vn 0.8136 -0.4987 -0.2989
vn -0.0261 -0.9993 -0.0261
vn -0.0459 -0.9989 -0.0000
vn 0.7351 -0.5005 -0.4573
vn 0.6118 -0.5014 0.6118
vn 0.4600 -0.7595 0.4600
vn 0.2911 -0.9113 0.2911
vn 0.1553 -0.9756 0.1553
vn 0.0628 -0.9960 0.0628
vn 0.0052 -1.0000 0.0052
vn 0.0229 -0.9993 -0.0308
vn 0.0038 -1.0000 0.0024
vn 0.0004 -1.0000 0.0060
vn 0.0172 -0.9992 -0.0357
vn 0.0032 -1.0000 -0.0011
vn 0.0092 -0.9992 -0.0388
vn -0.0000 -1.0000 -0.0026
vn -0.0092 -0.9992 -0.0388
vn -0.0000 -0.9992 -0.0400
vn -0.0172 -0.9992 -0.0357
vn -0.0032 -1.0000 -0.0011
vn -0.0229 -0.9993 -0.0308
vn -0.0038 -1.0000 0.0024
vn -0.0241 -0.9966 0.0782
vn -0.0430 -0.9963 0.0751
vn -0.0101 -0.9970 0.0771
vn -0.0000 -0.9971 0.0761
vn 0.0101 -0.9970 0.0771
vn -0.0004 -1.0000 0.0060
vn 0.0241 -0.9966 0.0782
vn -0.0703 -0.9769 0.2018
vn -0.1129 -0.9760 0.1863
vn -0.0329 -0.9778 0.2071
vn -0.0000 -0.9782 0.2079
vn 0.0329 -0.9778 0.2071
vn 0.0430 -0.9963 0.0751
vn 0.0703 -0.9769 0.2019
vn -0.1385 -0.9128 0.3842
vn -0.2154 -0.9118 0.3496
vn -0.0668 -0.9140 0.4002
vn -0.0000 -0.9146 0.4044
vn 0.0668 -0.9140 0.4002
vn 0.1129 -0.9760 0.1863
vn 0.1385 -0.9128 0.3842
vn -0.2233 -0.7593 0.6113
vn -0.3430 -0.7594 0.5529
vn -0.1093 -0.7596 0.6412
vn -0.0000 -0.7598 0.6501
vn 0.1093 -0.7596 0.6412
vn 0.2154 -0.9118 0.3496
vn 0.2233 -0.7593 0.6113
vn -0.2989 -0.4987 0.8136
vn -0.4573 -0.5005 0.7351
vn -0.1469 -0.4974 0.8550
vn -0.0000 -0.4970 0.8677
vn 0.1469 -0.4974 0.8550
vn 0.3430 -0.7594 0.5529
vn 0.2989 -0.4987 0.8136
vn 0.4573 -0.5005 0.7351
vn -0.0000 0.4828 -0.8757
vn 0.1747 0.5283 -0.8309
vn 0.1748 0.4754 -0.8622
vn -0.0000 0.9967 -0.0810
vn -0.0000 0.8757 0.4828
vn 0.0964 0.9927 -0.0722
vn -0.0000 -0.8757 -0.4828
vn -0.0000 -0.4635 -0.8861
vn 0.0965 -0.4689 -0.8780
vn 0.1747 0.4207 -0.8902
vn -0.0000 0.4284 -0.9036
vn -0.0035 0.9080 -0.4190
vn 0.1408 0.9027 -0.4067
vn 0.1736 0.3604 -0.9165
vn -0.0000 0.3681 -0.9298
vn -0.0026 0.8040 -0.5946
vn 0.1590 0.7980 -0.5813
vn 0.1714 0.2887 -0.9420
vn -0.0000 0.2967 -0.9550
vn -0.0016 0.7188 -0.6952
vn 0.1673 0.7123 -0.6817
vn 0.1673 0.1963 -0.9662
vn -0.0000 0.2045 -0.9789
vn -0.0010 0.6493 -0.7605
vn 0.1714 0.6425 -0.7469
vn 0.1590 0.0658 -0.9851
vn -0.0000 0.0739 -0.9973
vn -0.0005 0.5897 -0.8076
vn 0.1736 0.5827 -0.7939
vn 0.1408 -0.1379 -0.9804
vn -0.0000 -0.1301 -0.9915
vn 0.0008 0.5359 -0.8443
vn 0.3443 0.5614 -0.7525
vn 0.3466 0.5063 -0.7896
vn 0.1898 -0.4857 -0.8533
vn 0.3471 0.4528 -0.8213
vn 0.1898 0.9808 -0.0447
vn 0.3465 0.3976 -0.8496
vn 0.2781 0.8868 -0.3691
vn 0.3443 0.3367 -0.8764
vn 0.3147 0.7800 -0.5409
vn 0.3399 0.2645 -0.9025
vn 0.3314 0.6929 -0.6403
vn 0.3314 0.1717 -0.9277
vn 0.3399 0.6220 -0.7054
vn 0.3147 0.0410 -0.9483
vn 0.2945 -0.1827 -0.9380
vn 0.5015 0.2238 -0.8357
vn 0.4634 0.7494 -0.4730
vn 0.4887 0.6599 -0.5707
vn 0.4887 0.1304 -0.8626
vn 0.5015 0.5873 -0.6353
vn 0.4634 -0.0001 -0.8862
vn 0.5083 0.5253 -0.6824
vn 0.4083 -0.1997 -0.8907
vn 0.5117 0.4690 -0.7199
vn 0.2769 -0.5131 -0.8124
vn 0.5127 0.4145 -0.7519
vn 0.2769 0.9609 0.0002
vn 0.5119 0.3582 -0.7808
vn 0.4083 0.8598 -0.3066
vn 0.5108 0.2953 -0.8074
vn 0.3546 -0.5499 -0.7562
vn 0.6650 0.4157 -0.6205
vn 0.6664 0.3600 -0.6529
vn 0.3546 0.9330 0.0614
vn 0.6651 0.3026 -0.6827
vn 0.5265 0.8212 -0.2200
vn 0.6604 0.2401 -0.7115
vn 0.5999 0.7053 -0.3777
vn 0.6513 0.1664 -0.7404
vn 0.6340 0.6123 -0.4724
vn 0.6340 0.0727 -0.7699
vn 0.6513 0.5373 -0.5358
vn 0.5999 -0.0570 -0.7980
vn 0.6604 0.4734 -0.5828
vn 0.5350 -0.2742 -0.7991
vn 0.7180 0.6472 -0.2562
vn 0.7603 0.5497 -0.3461
vn 0.7603 -0.0007 -0.6495
vn 0.7820 0.4716 -0.4075
vn 0.7180 -0.1288 -0.6840
vn 0.7935 0.4056 -0.4538
vn 0.6275 -0.3176 -0.7109
vn 0.7993 0.3461 -0.4913
vn 0.4195 -0.5946 -0.6859
vn 0.8008 0.2891 -0.5245
vn 0.4195 0.8974 0.1366
vn 0.7992 0.2308 -0.5550
vn 0.6276 0.7706 -0.1108
vn 0.7935 0.1671 -0.5852
vn 0.7843 0.0893 -0.6139
vn 0.9052 0.2614 -0.3350
vn 0.9073 0.2030 -0.3682
vn 0.4686 0.8547 0.2233
vn 0.4686 -0.6450 -0.6036
vn 0.9052 0.1438 -0.3998
vn 0.7055 0.7085 0.0172
vn 0.8985 0.0796 -0.4316
vn 0.8103 0.5753 -0.1116
vn 0.8850 0.0052 -0.4655
vn 0.8597 0.4724 -0.1945
vn 0.8597 -0.0876 -0.5033
vn 0.8850 0.3909 -0.2529
vn 0.8103 -0.2127 -0.5461
vn 0.8985 0.3225 -0.2978
vn 0.7055 -0.3927 -0.5899
vn 0.9236 -0.1841 -0.3362
vn 0.9236 0.3826 -0.0238
vn 0.9515 0.2976 -0.0778
vn 0.8694 -0.3048 -0.3890
vn 0.9664 0.2269 -0.1205
vn 0.7550 -0.4739 -0.4532
vn 0.9739 0.1642 -0.1570
vn 0.4992 -0.6989 -0.5122
vn 0.9762 0.1046 -0.1898
vn 0.4992 0.8062 0.3176
vn 0.9739 0.0449 -0.2227
vn 0.7550 0.6362 0.1588
vn 0.9664 -0.0192 -0.2562
vn 0.8693 0.4917 0.0501
vn 0.9518 -0.0974 -0.2909
vn 0.5097 -0.7534 -0.4154
vn 0.9977 -0.0600 -0.0330
vn 0.5097 0.7534 0.4155
vn 0.7720 0.5566 0.3069
vn 0.9900 -0.1236 -0.0682
vn 0.8898 0.3997 0.2204
vn 0.9746 -0.1962 -0.1082
vn 0.9457 0.2846 0.1569
vn 0.9457 -0.2846 -0.1569
vn 0.9746 0.1962 0.1082
vn 0.8898 -0.3997 -0.2204
vn 0.9900 0.1236 0.0682
vn 0.7720 -0.5566 -0.3069
vn 0.9977 0.0598 0.0329
vn 1.0000 -0.0000 -0.0000
vn 0.9236 -0.3826 0.0238
vn 0.8693 -0.4917 -0.0501
vn 0.9664 0.0192 0.2562
vn 0.7550 -0.6362 -0.1588
vn 0.9739 -0.0449 0.2227
vn 0.4992 -0.8062 -0.3176
vn 0.9762 -0.1046 0.1897
vn 0.4992 0.6989 0.5122
vn 0.9739 -0.1642 0.1569
vn 0.7550 0.4739 0.4532
vn 0.9664 -0.2269 0.1205
vn 0.8693 0.3048 0.3890
vn 0.9515 -0.2976 0.0778
vn 0.9236 0.1841 0.3362
vn 0.9517 0.0975 0.2910
vn 0.7055 0.3927 0.5899
vn 0.9052 -0.2614 0.3350
vn 0.8985 -0.3225 0.2977
vn 0.8103 0.2127 0.5461
vn 0.8850 -0.3909 0.2529
vn 0.8597 0.0876 0.5033
vn 0.8597 -0.4724 0.1945
vn 0.8850 -0.0051 0.4655
vn 0.8103 -0.5753 0.1116
vn 0.8985 -0.0795 0.4316
vn 0.7055 -0.7085 -0.0172
vn 0.9053 -0.1437 0.3998
vn 0.4686 -0.8547 -0.2233
vn 0.9073 -0.2030 0.3682
vn 0.4581 0.6718 0.5821
vn 0.7935 -0.1671 0.5852
vn 0.7180 -0.6472 0.2562
vn 0.6276 -0.7706 0.1108
vn 0.7992 -0.2307 0.5550
vn 0.4195 -0.8974 -0.1367
vn 0.8010 -0.2891 0.5243
vn 0.4195 0.5946 0.6860
vn 0.7993 -0.3461 0.4913
vn 0.6275 0.3176 0.7109
vn 0.7935 -0.4056 0.4538
vn 0.7180 0.1288 0.6840
vn 0.7820 -0.4716 0.4075
vn 0.7603 0.0007 0.6495
vn 0.7603 -0.5496 0.3461
vn 0.7844 -0.0891 0.6138
vn 0.6650 -0.4157 0.6205
vn 0.6604 -0.4734 0.5828
vn 0.5999 0.0570 0.7980
vn 0.6513 -0.5373 0.5359
vn 0.6340 -0.0727 0.7699
vn 0.6340 -0.6123 0.4724
vn 0.6513 -0.1664 0.7404
vn 0.5999 -0.7053 0.3777
vn 0.6604 -0.2400 0.7115
vn 0.5265 -0.8212 0.2200
vn 0.6650 -0.3028 0.6827
vn 0.3546 -0.9330 -0.0614
vn 0.6665 -0.3600 0.6529
vn 0.3546 0.5499 0.7563
vn 0.5340 0.2770 0.7988
vn 0.4634 -0.7494 0.4729
vn 0.4083 -0.8598 0.3066
vn 0.5118 -0.3583 0.7808
vn 0.2769 -0.9609 -0.0002
vn 0.5128 -0.4145 0.7518
vn 0.2770 0.5131 0.8124
vn 0.5118 -0.4690 0.7198
vn 0.4083 0.1997 0.8907
vn 0.5083 -0.5253 0.6824
vn 0.4634 0.0001 0.8862
vn 0.5015 -0.5873 0.6353
vn 0.4887 -0.1304 0.8626
vn 0.4887 -0.6599 0.5707
vn 0.5015 -0.2237 0.8357
vn 0.5109 -0.2952 0.8074
vn 0.3147 -0.0410 0.9483
vn 0.3443 -0.5614 0.7525
vn 0.3399 -0.6220 0.7054
vn 0.3314 -0.1717 0.9277
vn 0.3314 -0.6930 0.6403
vn 0.3399 -0.2645 0.9025
vn 0.3147 -0.7800 0.5409
vn 0.3443 -0.3367 0.8764
vn 0.2782 -0.8868 0.3691
vn 0.3465 -0.3976 0.8496
vn 0.1898 -0.9808 0.0447
vn 0.3473 -0.4528 0.8212
vn 0.1898 0.4857 0.8533
vn 0.3466 -0.5063 0.7896
vn 0.2940 0.1854 0.9377
vn 0.1747 -0.4207 0.8902
vn 0.1408 -0.9027 0.4067
vn 0.0965 -0.9927 0.0721
vn 0.1748 -0.4754 0.8622
vn 0.0965 0.4689 0.8780
vn 0.1747 -0.5283 0.8309
vn 0.1408 0.1379 0.9804
vn 0.1736 -0.5827 0.7939
vn 0.1590 -0.0658 0.9851
vn 0.1714 -0.6425 0.7469
vn 0.1673 -0.1963 0.9662
vn 0.1673 -0.7123 0.6817
vn 0.1714 -0.2887 0.9420
vn 0.1590 -0.7980 0.5813
vn 0.1757 -0.3588 0.9167
vn -0.0000 -0.5898 0.8075
vn -0.0000 -0.6492 0.7606
vn -0.0000 -0.2045 0.9789
vn -0.0000 -0.7186 0.6954
vn -0.0000 -0.2967 0.9550
vn -0.0000 -0.8039 0.5948
vn -0.0000 -0.3682 0.9298
vn -0.0000 -0.9079 0.4192
vn -0.0000 -0.4284 0.9036
vn -0.0000 -0.9967 0.0810
vn -0.0000 -0.4828 0.8757
vn -0.0000 0.4635 0.8861
vn -0.0000 -0.5356 0.8445
vn -0.0000 0.1301 0.9915
vn 0.0112 -0.0623 0.9980
vn -0.0964 -0.9927 0.0721
vn -0.1749 -0.4204 0.8903
vn -0.1748 -0.4754 0.8622
vn -0.0964 0.4689 0.8780
vn -0.1747 -0.5283 0.8309
vn -0.1408 0.1379 0.9804
vn -0.1736 -0.5828 0.7938
vn -0.1590 -0.0658 0.9851
vn -0.1714 -0.6425 0.7469
vn -0.1673 -0.1963 0.9662
vn -0.1673 -0.7122 0.6817
vn -0.1714 -0.2887 0.9420
vn -0.1590 -0.7980 0.5813
vn -0.1736 -0.3604 0.9165
vn -0.1600 -0.9087 0.3856
vn -0.3314 -0.6929 0.6403
vn -0.3314 -0.1717 0.9277
vn -0.3399 -0.2645 0.9025
vn -0.3147 -0.7800 0.5409
vn -0.3443 -0.3367 0.8764
vn -0.2782 -0.8868 0.3691
vn -0.3465 -0.3976 0.8496
vn -0.1898 -0.9808 0.0447
vn -0.3471 -0.4528 0.8212
vn -0.1898 0.4857 0.8533
vn -0.3466 -0.5063 0.7897
vn -0.2781 0.1612 0.9469
vn -0.3443 -0.5614 0.7525
vn -0.3147 -0.0410 0.9483
vn -0.3436 -0.6233 0.7025
vn -0.2770 0.5130 0.8124
vn -0.2769 -0.9609 -0.0002
vn -0.5117 -0.4690 0.7198
vn -0.4083 0.1997 0.8907
vn -0.5083 -0.5253 0.6824
vn -0.4634 -0.0000 0.8861
vn -0.5015 -0.5873 0.6353
vn -0.4887 -0.1304 0.8626
vn -0.4887 -0.6599 0.5707
vn -0.5015 -0.2237 0.8357
vn -0.4634 -0.7494 0.4729
vn -0.5083 -0.2967 0.8084
vn -0.4083 -0.8598 0.3066
vn -0.5118 -0.3583 0.7808
vn -0.5137 -0.4134 0.7518
vn -0.6340 -0.0727 0.7699
vn -0.6513 -0.1664 0.7404
vn -0.5999 -0.7053 0.3778
vn -0.6605 -0.2401 0.7114
vn -0.5265 -0.8212 0.2200
vn -0.6650 -0.3028 0.6827
vn -0.3546 -0.9330 -0.0614
vn -0.6665 -0.3600 0.6528
vn -0.3546 0.5499 0.7563
vn -0.6650 -0.4157 0.6205
vn -0.5265 0.2523 0.8119
vn -0.6605 -0.4735 0.5828
vn -0.5999 0.0570 0.7980
vn -0.6513 -0.5373 0.5359
vn -0.6384 -0.6132 0.4653
vn -0.7992 -0.3461 0.4914
vn -0.4195 0.5945 0.6860
vn -0.6275 0.3176 0.7109
vn -0.7935 -0.4056 0.4538
vn -0.7180 0.1288 0.6840
vn -0.7820 -0.4716 0.4075
vn -0.7603 0.0007 0.6495
vn -0.7603 -0.5496 0.3461
vn -0.7820 -0.0929 0.6164
vn -0.7180 -0.6472 0.2562
vn -0.7935 -0.1671 0.5852
vn -0.6275 -0.7707 0.1108
vn -0.7992 -0.2308 0.5550
vn -0.4195 -0.8974 -0.1366
vn -0.8017 -0.2875 0.5241
vn -0.8103 -0.5753 0.1116
vn -0.8850 -0.0052 0.4655
vn -0.8985 -0.0796 0.4316
vn -0.7055 -0.7085 -0.0172
vn -0.9052 -0.1439 0.3998
vn -0.4686 -0.8547 -0.2233
vn -0.9073 -0.2030 0.3682
vn -0.4686 0.6450 0.6036
vn -0.9052 -0.2614 0.3350
vn -0.7055 0.3927 0.5899
vn -0.8985 -0.3225 0.2977
vn -0.8103 0.2127 0.5461
vn -0.8850 -0.3909 0.2529
vn -0.8597 0.0876 0.5033
vn -0.8612 -0.4729 0.1864
vn -0.4992 0.6989 0.5122
vn -0.7550 0.4739 0.4532
vn -0.9664 -0.2269 0.1205
vn -0.8693 0.3048 0.3890
vn -0.9515 -0.2976 0.0778
vn -0.9236 0.1841 0.3362
vn -0.9236 -0.3826 0.0238
vn -0.9515 0.0932 0.2931
vn -0.8693 -0.4917 -0.0501
vn -0.9664 0.0194 0.2562
vn -0.7550 -0.6362 -0.1588
vn -0.9738 -0.0450 0.2227
vn -0.4992 -0.8062 -0.3176
vn -0.9763 -0.1046 0.1897
vn -0.9742 -0.1637 0.1556
vn -0.9746 0.1963 0.1082
vn -0.9900 0.1236 0.0682
vn -0.7720 -0.5566 -0.3069
vn -0.9977 0.0599 0.0331
vn -0.5097 -0.7534 -0.4154
vn -1.0000 -0.0000 -0.0000
vn -0.5097 0.7534 0.4154
vn -0.9976 -0.0601 -0.0331
vn -0.7720 0.5566 0.3069
vn -0.9900 -0.1236 -0.0682
vn -0.8898 0.3997 0.2204
vn -0.9746 -0.1962 -0.1082
vn -0.9457 0.2846 0.1569
vn -0.9457 -0.2846 -0.1569
vn -0.8851 -0.4024 -0.2340
vn -0.9739 0.0449 -0.2227
vn -0.9664 -0.0192 -0.2562
vn -0.8693 0.4917 0.0501
vn -0.9515 -0.0933 -0.2931
vn -0.9236 0.3826 -0.0238
vn -0.9236 -0.1841 -0.3362
vn -0.9515 0.2976 -0.0778
vn -0.8694 -0.3048 -0.3890
vn -0.9664 0.2270 -0.1205
vn -0.7550 -0.4739 -0.4532
vn -0.9739 0.1642 -0.1569
vn -0.4992 -0.6989 -0.5122
vn -0.9762 0.1048 -0.1900
vn -0.4992 0.8062 0.3176
vn -0.7470 0.6387 0.1845
vn -0.8103 -0.2127 -0.5461
vn -0.7055 -0.3927 -0.5899
vn -0.9052 0.2614 -0.3350
vn -0.4686 -0.6450 -0.6036
vn -0.9073 0.2030 -0.3682
vn -0.4686 0.8547 0.2233
vn -0.9052 0.1438 -0.3998
vn -0.7055 0.7085 0.0172
vn -0.8985 0.0796 -0.4316
vn -0.8103 0.5753 -0.1116
vn -0.8850 0.0052 -0.4655
vn -0.8597 0.4724 -0.1945
vn -0.8597 -0.0876 -0.5033
vn -0.8850 0.3909 -0.2529
vn -0.8997 0.3219 -0.2948
vn -0.7935 0.1671 -0.5852
vn -0.7820 0.0929 -0.6164
vn -0.7603 0.5496 -0.3461
vn -0.7603 -0.0007 -0.6495
vn -0.7820 0.4716 -0.4076
vn -0.7180 -0.1288 -0.6840
vn -0.7935 0.4056 -0.4538
vn -0.6275 -0.3176 -0.7109
vn -0.7992 0.3461 -0.4914
vn -0.4195 -0.5946 -0.6859
vn -0.8009 0.2891 -0.5244
vn -0.4195 0.8974 0.1366
vn -0.7992 0.2307 -0.5550
vn -0.6276 0.7706 -0.1108
vn -0.7216 0.6489 -0.2412
vn -0.5265 -0.2523 -0.8119
vn -0.3546 -0.5499 -0.7562
vn -0.6664 0.3600 -0.6529
vn -0.3546 0.9330 0.0614
vn -0.6650 0.3028 -0.6827
vn -0.5265 0.8212 -0.2200
vn -0.6604 0.2400 -0.7115
vn -0.5999 0.7053 -0.3777
vn -0.6513 0.1663 -0.7404
vn -0.6340 0.6123 -0.4724
vn -0.6340 0.0727 -0.7699
vn -0.6513 0.5372 -0.5359
vn -0.5999 -0.0570 -0.7980
vn -0.6605 0.4735 -0.5828
vn -0.6665 0.4147 -0.6195
vn -0.4887 0.6599 -0.5707
vn -0.5015 0.2238 -0.8357
vn -0.4887 0.1304 -0.8626
vn -0.5015 0.5873 -0.6353
vn -0.4634 -0.0001 -0.8862
vn -0.5083 0.5253 -0.6824
vn -0.4083 -0.1997 -0.8907
vn -0.5118 0.4690 -0.7198
vn -0.2769 -0.5131 -0.8124
vn -0.5128 0.4145 -0.7518
vn -0.2769 0.9609 0.0002
vn -0.5118 0.3583 -0.7808
vn -0.4083 0.8598 -0.3066
vn -0.5083 0.2968 -0.8084
vn -0.4715 0.7525 -0.4597
vn -0.3471 0.4528 -0.8213
vn -0.1898 0.9808 -0.0447
vn -0.1898 -0.4857 -0.8533
vn -0.3465 0.3976 -0.8496
vn -0.2781 0.8868 -0.3691
vn -0.3443 0.3367 -0.8764
vn -0.3147 0.7800 -0.5409
vn -0.3399 0.2646 -0.9025
vn -0.3314 0.6929 -0.6403
vn -0.3314 0.1717 -0.9277
vn -0.3399 0.6220 -0.7054
vn -0.3147 0.0410 -0.9483
vn -0.3443 0.5614 -0.7525
vn -0.2781 -0.1612 -0.9469
vn -0.3481 0.5060 -0.7892
vn -0.1714 0.2886 -0.9420
vn -0.1673 0.1963 -0.9662
vn -0.1714 0.6425 -0.7469
vn -0.1590 0.0658 -0.9851
vn -0.1736 0.5828 -0.7939
vn -0.1408 -0.1379 -0.9804
vn -0.1747 0.5283 -0.8309
vn -0.0965 -0.4689 -0.8780
vn -0.1750 0.4754 -0.8622
vn -0.0964 0.9927 -0.0721
vn -0.1747 0.4207 -0.8902
vn -0.1408 0.9026 -0.4067
vn -0.1736 0.3604 -0.9165
vn -0.1590 0.7980 -0.5813
vn -0.1733 0.7157 -0.6766
vn -0.0000 0.5356 -0.8445
vn -0.0965 0.9927 -0.0721
vn -0.1746 0.4204 -0.8904
vn -0.0211 0.9147 -0.4036
vn -0.1731 0.3602 -0.9167
vn -0.0108 0.8087 -0.5882
vn -0.1601 0.9087 -0.3856
vn -0.1703 0.2884 -0.9422
vn -0.0058 0.7216 -0.6923
vn -0.1696 0.8030 -0.5714
vn -0.1652 0.1960 -0.9666
vn -0.0032 0.6510 -0.7591
vn -0.1732 0.7155 -0.6768
vn -0.1551 0.0653 -0.9857
vn -0.0017 0.5907 -0.8069
vn -0.1749 0.6443 -0.7445
vn -0.1334 -0.1386 -0.9813
vn -0.1758 0.5836 -0.7928
vn -0.1800 -0.4853 -0.8556
vn -0.1754 0.4753 -0.8621
vn -0.3480 0.5061 -0.7892
vn -0.3463 0.3974 -0.8498
vn -0.3438 0.3364 -0.8767
vn -0.2945 0.8907 -0.3462
vn -0.3388 0.2642 -0.9030
vn -0.3244 0.7837 -0.5297
vn -0.3294 0.1714 -0.9285
vn -0.3372 0.6952 -0.6348
vn -0.3110 0.0408 -0.9495
vn -0.3435 0.6233 -0.7025
vn -0.2945 -0.1798 -0.9386
vn -0.5005 0.2235 -0.8364
vn -0.4634 0.7494 -0.4729
vn -0.4869 0.1302 -0.8637
vn -0.4940 0.6613 -0.5644
vn -0.4600 -0.0001 -0.8879
vn -0.5051 0.5878 -0.6319
vn -0.4019 -0.1994 -0.8937
vn -0.5107 0.5252 -0.6807
vn -0.2683 -0.5118 -0.8161
vn -0.3472 0.4530 -0.8211
vn -0.5133 0.4684 -0.7192
vn -0.5117 0.3580 -0.7810
vn -0.5105 0.2958 -0.8074
vn -0.4210 0.8621 -0.2822
vn -0.3475 -0.5480 -0.7609
vn -0.5127 0.4148 -0.7517
vn -0.6650 0.4157 -0.6205
vn -0.6648 0.3025 -0.6830
vn -0.6600 0.2398 -0.7120
vn -0.5350 0.8221 -0.1947
vn -0.6504 0.1661 -0.7412
vn -0.6063 0.7069 -0.3643
vn -0.6324 0.0726 -0.7712
vn -0.6384 0.6132 -0.4653
vn -0.5969 -0.0568 -0.8003
vn -0.6544 0.5374 -0.5320
vn -0.5354 -0.2728 -0.7993
vn -0.6627 0.4729 -0.5806
vn -0.7180 0.6472 -0.2562
vn -0.7590 -0.0006 -0.6511
vn -0.7635 0.5501 -0.3383
vn -0.7156 -0.1283 -0.6866
vn -0.7844 0.4714 -0.4031
vn -0.6231 -0.3163 -0.7153
vn -0.7952 0.4050 -0.4512
vn -0.4142 -0.5922 -0.6912
vn -0.6665 0.3602 -0.6527
vn -0.8004 0.3453 -0.4901
vn -0.7990 0.2305 -0.5554
vn -0.7931 0.1670 -0.5858
vn -0.6312 0.7709 -0.0852
vn -0.7842 0.0901 -0.6139
vn -0.8009 0.2894 -0.5242
vn -0.9051 0.1435 -0.4002
vn -0.8983 0.0794 -0.4322
vn -0.7043 0.7087 0.0424
vn -0.8845 0.0052 -0.4665
vn -0.8114 0.5764 -0.0971
vn -0.8587 -0.0873 -0.5050
vn -0.8612 0.4729 -0.1863
vn -0.8085 -0.2119 -0.5490
vn -0.8864 0.3908 -0.2481
vn -0.7024 -0.3910 -0.5948
vn -0.8997 0.3219 -0.2949
vn -0.9231 -0.1836 -0.3380
vn -0.8683 -0.3038 -0.3921
vn -0.9518 0.2980 -0.0730
vn -0.7532 -0.4719 -0.4583
vn -0.9668 0.2269 -0.1178
vn -0.4971 -0.6962 -0.5179
vn -0.9073 0.2033 -0.3680
vn -0.9742 0.1637 -0.1556
vn -0.9738 0.0447 -0.2228
vn -0.9663 -0.0192 -0.2568
vn -0.7488 0.6371 0.1830
vn -0.9519 -0.0965 -0.2908
vn -0.8675 0.4932 0.0643
vn -0.9977 -0.0599 -0.0332
vn -0.9762 0.1046 -0.1898
vn -0.9900 -0.1233 -0.0688
vn -0.7609 0.5591 0.3294
vn -0.9745 -0.1959 -0.1092
vn -0.8851 0.4024 0.2340
vn -0.9456 -0.2839 -0.1586
vn -0.9438 0.2865 0.1647
vn -0.8895 -0.3985 -0.2234
vn -0.9738 0.1974 0.1128
vn -0.7714 -0.5545 -0.3121
vn -0.9897 0.1244 0.0707
vn -0.9976 0.0603 0.0339
vn -0.9663 0.0192 0.2567
vn -0.8670 -0.4940 -0.0650
vn -0.9738 -0.0449 0.2230
vn -0.7470 -0.6387 -0.1845
vn -0.9761 -0.1047 0.1902
vn -0.4825 -0.8038 -0.3481
vn -0.7543 0.4729 0.4554
vn -0.9742 -0.1638 0.1555
vn -0.8687 0.3040 0.3910
vn -0.9668 -0.2269 0.1177
vn -0.9232 0.1837 0.3375
vn -0.9517 -0.2981 0.0729
vn -0.9519 0.0966 0.2908
vn -0.7043 0.3917 0.5921
vn -0.8092 0.2120 0.5480
vn -0.8997 -0.3219 0.2949
vn -0.8589 0.0873 0.5046
vn -0.8864 -0.3909 0.2480
vn -0.8846 -0.0052 0.4664
vn -0.8611 -0.4732 0.1860
vn -0.8983 -0.0794 0.4322
vn -0.8110 -0.5771 0.0963
vn -0.9052 -0.1436 0.4001
vn -0.7026 -0.7102 -0.0443
vn -0.9073 -0.2027 0.3684
vn -0.4590 0.6711 0.5822
vn -0.4582 -0.8508 -0.2574
vn -0.7931 -0.1670 0.5857
vn -0.7991 -0.2305 0.5553
vn -0.6299 -0.7723 0.0829
vn -0.8009 -0.2887 0.5246
vn -0.4160 -0.8926 -0.1738
vn -0.6257 0.3168 0.7128
vn -0.8004 -0.3452 0.4901
vn -0.7165 0.1283 0.6857
vn -0.7953 -0.4049 0.4511
vn -0.7593 0.0006 0.6507
vn -0.7844 -0.4715 0.4030
vn -0.7842 -0.0901 0.6139
vn -0.7635 -0.5504 0.3379
vn -0.5980 0.0568 0.7995
vn -0.6628 -0.4729 0.5806
vn -0.6328 -0.0727 0.7709
vn -0.6545 -0.5375 0.5318
vn -0.6505 -0.1662 0.7411
vn -0.6384 -0.6134 0.4649
vn -0.6600 -0.2399 0.7119
vn -0.6061 -0.7075 0.3634
vn -0.6649 -0.3025 0.6830
vn -0.5340 -0.8234 0.1921
vn -0.6664 -0.3597 0.6531
vn -0.3546 0.5499 0.7562
vn -0.3587 -0.9280 -0.1009
vn -0.5349 0.2745 0.7991
vn -0.5116 -0.3581 0.7811
vn -0.4202 -0.8633 0.2797
vn -0.5130 -0.4142 0.7519
vn -0.2770 0.5131 0.8124
vn -0.2889 -0.9565 -0.0410
vn -0.4054 0.1993 0.8921
vn -0.5134 -0.4683 0.7192
vn -0.4611 -0.0000 0.8873
vn -0.5108 -0.5252 0.6807
vn -0.4873 -0.1303 0.8634
vn -0.5051 -0.5879 0.6318
vn -0.5007 -0.2236 0.8363
vn -0.4940 -0.6616 0.5641
vn -0.5106 -0.2958 0.8073
vn -0.3122 -0.0410 0.9491
vn -0.3299 -0.1715 0.9283
vn -0.3437 -0.6234 0.7023
vn -0.3390 -0.2643 0.9029
vn -0.3373 -0.6954 0.6345
vn -0.3438 -0.3365 0.8767
vn -0.3243 -0.7843 0.5288
vn -0.3463 -0.3974 0.8498
vn -0.2940 -0.8919 0.3437
vn -0.3473 -0.4526 0.8213
vn -0.2093 -0.9778 0.0041
vn -0.2945 0.1818 0.9382
vn -0.3480 -0.5061 0.7892
vn -0.1745 -0.4206 0.8903
vn -0.1408 -0.9027 0.4067
vn -0.1747 -0.4752 0.8624
vn -0.0965 0.4689 0.8780
vn -0.1231 -0.9918 0.0333
vn -0.1374 0.1379 0.9809
vn -0.1758 -0.5285 0.8305
vn -0.1564 -0.0656 0.9855
vn -0.1757 -0.5837 0.7927
vn -0.1657 -0.1961 0.9665
vn -0.1750 -0.6444 0.7444
vn -0.1704 -0.2885 0.9422
vn -0.1733 -0.7157 0.6766
vn -0.1756 -0.3594 0.9165
vn -0.1695 -0.8035 0.5706
vn -0.0000 -0.5898 0.8076
vn 0.0016 -0.2043 0.9789
vn -0.0033 -0.6518 0.7584
vn 0.0010 -0.2965 0.9550
vn -0.0061 -0.7229 0.6909
vn 0.0005 -0.3680 0.9298
vn -0.0112 -0.8107 0.5854
vn 0.0003 -0.4284 0.9036
vn -0.0216 -0.9170 0.3983
vn -0.0325 -0.9984 0.0461
vn 0.0035 0.1304 0.9915
vn -0.0008 -0.5362 0.8441
vn -0.0108 -0.0658 0.9978
vn 0.0859 -0.9937 0.0721
vn 0.1745 -0.5284 0.8309
vn 0.1730 -0.5830 0.7939
vn 0.1600 0.1589 0.9742
vn 0.1703 -0.6428 0.7468
vn 0.1696 -0.0546 0.9840
vn 0.1653 -0.7128 0.6816
vn 0.1733 -0.1904 0.9663
vn 0.1552 -0.7988 0.5813
vn 0.1751 -0.2856 0.9422
vn 0.1598 -0.9071 0.3893
vn 0.1758 -0.3589 0.9167
vn 0.3295 -0.6937 0.6405
vn 0.3110 -0.7812 0.5413
vn 0.3436 -0.2613 0.9020
vn 0.2711 -0.8886 0.3700
vn 0.3467 -0.3353 0.8760
vn 0.1799 -0.9826 0.0463
vn 0.1754 -0.4753 0.8621
vn 0.3481 -0.3973 0.8491
vn 0.3464 -0.5065 0.7896
vn 0.3438 -0.5618 0.7524
vn 0.2944 0.1827 0.9381
vn 0.3433 -0.6227 0.7031
vn 0.3244 -0.0296 0.9454
vn 0.2770 -0.9609 -0.0002
vn 0.5116 -0.4694 0.7197
vn 0.3484 -0.4526 0.8209
vn 0.5078 -0.5258 0.6824
vn 0.4209 0.2215 0.8796
vn 0.5005 -0.5880 0.6354
vn 0.4716 0.0118 0.8817
vn 0.4869 -0.6609 0.5711
vn 0.4940 -0.1243 0.8605
vn 0.4600 -0.7509 0.4738
vn 0.5052 -0.2206 0.8343
vn 0.4018 -0.8622 0.3085
vn 0.5107 -0.2953 0.8074
vn 0.5132 -0.3581 0.7800
vn 0.5969 -0.7071 0.3791
vn 0.6544 -0.1630 0.7383
vn 0.5210 -0.8240 0.2228
vn 0.6627 -0.2386 0.7098
vn 0.3476 -0.9359 -0.0573
vn 0.5140 -0.4132 0.7517
vn 0.6666 -0.3025 0.6813
vn 0.6648 -0.4161 0.6204
vn 0.6601 -0.4740 0.5828
vn 0.5350 0.2742 0.7991
vn 0.6504 -0.5381 0.5361
vn 0.6063 0.0692 0.7922
vn 0.6383 -0.6125 0.4663
vn 0.7991 -0.3465 0.4913
vn 0.6682 -0.3592 0.6515
vn 0.4195 0.5945 0.6860
vn 0.7931 -0.4062 0.4538
vn 0.6312 0.3394 0.6974
vn 0.7812 -0.4725 0.4080
vn 0.7219 0.1413 0.6774
vn 0.7590 -0.5509 0.3470
vn 0.7635 0.0075 0.6457
vn 0.7156 -0.6491 0.2580
vn 0.7844 -0.0893 0.6138
vn 0.6232 -0.7737 0.1144
vn 0.7953 -0.1655 0.5832
vn 0.4142 -0.9006 -0.1319
vn 0.8005 -0.2304 0.5533
vn 0.8085 -0.5773 0.1138
vn 0.8850 -0.0052 0.4655
vn 0.7023 -0.7117 -0.0132
vn 0.8996 -0.0776 0.4298
vn 0.4650 -0.8580 -0.2181
vn 0.8019 -0.2873 0.5238
vn 0.9060 -0.1431 0.3983
vn 0.4686 0.6451 0.6036
vn 0.9051 -0.2618 0.3350
vn 0.8982 -0.3231 0.2980
vn 0.7042 0.4142 0.5766
vn 0.8845 -0.3918 0.2534
vn 0.8114 0.2255 0.5392
vn 0.8614 -0.4722 0.1873
vn 0.8612 0.0948 0.4993
vn 0.9663 -0.2274 0.1208
vn 0.7487 0.4949 0.4411
vn 0.9512 -0.2984 0.0785
vn 0.8675 0.3177 0.3827
vn 0.9230 -0.3839 0.0252
vn 0.9234 0.1916 0.3327
vn 0.8683 -0.4937 -0.0477
vn 0.9518 0.0974 0.2909
vn 0.7531 -0.6395 -0.1545
vn 0.9668 0.0215 0.2546
vn 0.4970 -0.8096 -0.3123
vn 0.9073 -0.2027 0.3683
vn 0.9741 -0.0442 0.2217
vn 0.9741 -0.1636 0.1558
vn 0.7715 -0.5598 -0.3023
vn 0.9897 0.1262 0.0674
vn 0.5089 -0.7569 -0.4101
vn 0.9761 -0.1047 0.1902
vn 0.9976 0.0610 0.0327
vn 0.5097 0.7534 0.4154
vn 0.9976 -0.0601 -0.0329
vn 0.9900 -0.1240 -0.0677
vn 0.7608 0.5770 0.2970
vn 0.9745 -0.1969 -0.1074
vn 0.8851 0.4126 0.2155
vn 0.9456 -0.2857 -0.1554
vn 0.9438 0.2922 0.1543
vn 0.8861 -0.4009 -0.2327
vn 0.8687 0.4930 0.0484
vn 0.9668 -0.0216 -0.2546
vn 0.9232 0.3836 -0.0248
vn 0.9518 -0.0976 -0.2909
vn 0.9513 0.2983 -0.0784
vn 0.9232 -0.1921 -0.3328
vn 0.9663 0.2274 -0.1207
vn 0.8670 -0.3187 -0.3830
vn 0.9738 0.1645 -0.1569
vn 0.7470 -0.4970 -0.4416
vn 0.9762 0.1049 -0.1899
vn 0.4825 -0.7233 -0.4939
vn 0.7496 0.6364 0.1822
vn 0.9051 0.2618 -0.3350
vn 0.7026 -0.4166 -0.5768
vn 0.9073 0.2033 -0.3681
vn 0.4582 -0.6718 -0.5821
vn 0.7042 0.7098 0.0153
vn 0.9061 0.1431 -0.3981
vn 0.8092 0.5765 -0.1132
vn 0.8997 0.0775 -0.4296
vn 0.8589 0.4733 -0.1954
vn 0.8864 0.0010 -0.4629
vn 0.8846 0.3916 -0.2534
vn 0.8611 -0.0953 -0.4994
vn 0.8996 0.3217 -0.2954
vn 0.7593 0.5506 -0.3468
vn 0.7843 0.0891 -0.6139
vn 0.7814 0.4723 -0.4079
vn 0.7635 -0.0080 -0.6458
vn 0.7931 0.4061 -0.4539
vn 0.7216 -0.1424 -0.6775
vn 0.7991 0.3465 -0.4913
vn 0.6299 -0.3421 -0.6973
vn 0.8009 0.2895 -0.5242
vn 0.4162 -0.6235 -0.6618
vn 0.6257 0.7719 -0.1126
vn 0.8005 0.2303 -0.5534
vn 0.7222 0.6476 -0.2430
vn 0.5265 -0.2523 -0.8119
vn 0.6665 0.3603 -0.6527
vn 0.3588 -0.5806 -0.7308
vn 0.5241 0.8224 -0.2215
vn 0.6666 0.3025 -0.6813
vn 0.5980 0.7064 -0.3787
vn 0.6626 0.2385 -0.7100
vn 0.6328 0.6131 -0.4730
vn 0.6544 0.1628 -0.7384
vn 0.6505 0.5379 -0.5361
vn 0.6384 0.0657 -0.7669
vn 0.6600 0.4740 -0.5828
vn 0.6061 -0.0704 -0.7923
vn 0.6663 0.4145 -0.6198
vn 0.4873 0.6606 -0.5711
vn 0.5007 0.5879 -0.6354
vn 0.4940 0.1238 -0.8606
vn 0.5079 0.5258 -0.6824
vn 0.4715 -0.0129 -0.8818
vn 0.5115 0.4694 -0.7197
vn 0.4202 -0.2242 -0.8793
vn 0.5129 0.4147 -0.7516
vn 0.2888 -0.5452 -0.7870
vn 0.4054 0.8608 -0.3077
vn 0.5134 0.3582 -0.7798
vn 0.4717 0.7512 -0.4617
vn 0.5108 0.2952 -0.8074
vn 0.3473 0.4530 -0.8211
vn 0.2749 0.8875 -0.3698
vn 0.3480 0.3972 -0.8492
vn 0.3122 0.7807 -0.5413
vn 0.3468 0.3352 -0.8760
vn 0.3299 0.6935 -0.6405
vn 0.3436 0.2612 -0.9021
vn 0.3390 0.6225 -0.7054
vn 0.3374 0.1654 -0.9267
vn 0.3438 0.5618 -0.7525
vn 0.3244 0.0286 -0.9455
vn 0.3478 0.5059 -0.7894
vn 0.2941 -0.1854 -0.9376
vn 0.1714 0.2886 -0.9420
vn 0.1704 0.6428 -0.7469
vn 0.1733 0.1901 -0.9663
vn 0.1731 0.5829 -0.7939
vn 0.1696 0.0537 -0.9840
vn 0.1744 0.5283 -0.8310
vn 0.1599 -0.1614 -0.9738
vn 0.1751 0.4755 -0.8621
vn 0.0965 0.9927 -0.0721
vn 0.1231 -0.5012 -0.8565
vn 0.1374 0.9031 -0.4069
vn 0.1756 0.4202 -0.8903
vn 0.1564 0.7984 -0.5814
vn 0.1757 0.3588 -0.9167
vn 0.1730 0.7145 -0.6779
vt 0.437500 0.031250
vt 0.406250 0.062500
vt 0.406250 0.031250
vt 0.468750 0.031250
vt 0.437500 0.062500
vt 0.500000 0.031250
vt 0.468750 0.062500
vt 0.531250 0.031250
vt 0.500000 0.062500
vt 0.562500 0.031250
vt 0.531250 0.062500
vt 0.593750 0.031250
vt 0.562500 0.062500
vt 0.406250 0.093750
vt 0.437500 0.093750
vt 0.468750 0.093750
vt 0.500000 0.093750
vt 0.531250 0.093750
vt 0.593750 0.062500
vt 0.562500 0.093750
vt 0.406250 0.125000
vt 0.437500 0.125000
vt 0.468750 0.125000
vt 0.500000 0.125000
vt 0.531250 0.125000
vt 0.593750 0.093750
vt 0.562500 0.125000
vt 0.437500 0.156250
vt 0.406250 0.156250
vt 0.468750 0.156250
vt 0.500000 0.156250
vt 0.531250 0.156250
vt 0.562500 0.156250
vt 0.593750 0.156250
vt 0.437500 0.187500
vt 0.406250 0.187500
vt 0.468750 0.187500
vt 0.500000 0.187500
vt 0.531250 0.187500
vt 0.562500 0.187500
vt 0.593750 0.187500
vt 0.437500 0.218750
vt 0.406250 0.218750
vt 0.468750 0.218750
vt 0.500000 0.218750
vt 0.531250 0.218750
vt 0.562500 0.218750
vt 0.593750 0.218750
vt 0.375000 0.000000
vt 0.375000 0.031250
vt 0.437500 0.000000
vt 0.406250 0.000000
vt 0.468750 0.000000
vt 0.500000 0.000000
vt 0.531250 0.000000
vt 0.562500 0.000000
vt 0.593750 0.000000
vt 0.625000 0.000000
vt 0.625000 0.031250
vt 0.625000 0.062500
vt 0.625000 0.093750
vt 0.593750 0.125000
vt 0.625000 0.156250
vt 0.625000 0.187500
vt 0.625000 0.218750
vt 0.625000 0.250000
vt 0.593750 0.250000
vt 0.562500 0.250000
vt 0.531250 0.250000
vt 0.500000 0.250000
vt 0.468750 0.250000
vt 0.437500 0.250000
vt 0.406250 0.250000
vt 0.375000 0.250000
vt 0.375000 0.218750
vt 0.375000 0.187500
vt 0.375000 0.156250
vt 0.375000 0.125000
vt 0.375000 0.093750
vt 0.375000 0.062500
vt 0.437500 0.281250
vt 0.406250 0.312500
vt 0.406250 0.281250
vt 0.468750 0.281250
vt 0.437500 0.312500
vt 0.500000 0.281250
vt 0.468750 0.312500
vt 0.531250 0.281250
vt 0.500000 0.312500
vt 0.562500 0.281250
vt 0.531250 0.312500
vt 0.593750 0.281250
vt 0.562500 0.312500
vt 0.406250 0.343750
vt 0.437500 0.343750
vt 0.468750 0.343750
vt 0.500000 0.343750
vt 0.531250 0.343750
vt 0.593750 0.312500
vt 0.562500 0.343750
vt 0.406250 0.375000
vt 0.437500 0.375000
vt 0.468750 0.375000
vt 0.500000 0.375000
vt 0.531250 0.375000
vt 0.593750 0.343750
vt 0.562500 0.375000
vt 0.437519 0.406250
vt 0.406262 0.406250
vt 0.468766 0.406250
vt 0.500009 0.406250
vt 0.531254 0.406250
vt 0.562501 0.406250
vt 0.593750 0.406250
vt 0.437651 0.437500
vt 0.406349 0.437500
vt 0.468878 0.437500
vt 0.500071 0.437500
vt 0.531280 0.437500
vt 0.562509 0.437500
vt 0.593751 0.437500
vt 0.438069 0.468764
vt 0.406707 0.468779
vt 0.469189 0.468752
vt 0.500241 0.468750
vt 0.531352 0.468750
vt 0.562530 0.468750
vt 0.593754 0.468750
vt 0.375000 0.281250
vt 0.625000 0.281250
vt 0.625000 0.312500
vt 0.625000 0.343750
vt 0.593750 0.375000
vt 0.625000 0.406250
vt 0.625000 0.437500
vt 0.625000 0.468750
vt 0.625000 0.500000
vt 0.593759 0.500000
vt 0.562571 0.500000
vt 0.531491 0.500000
vt 0.500570 0.500000
vt 0.469832 0.500014
vt 0.439174 0.500110
vt 0.408320 0.500376
vt 0.375000 0.500000
vt 0.375000 0.468750
vt 0.375000 0.437500
vt 0.375000 0.406250
vt 0.375000 0.375000
vt 0.375000 0.343750
vt 0.375000 0.312500
vt 0.441195 0.531567
vt 0.416453 0.564133
vt 0.412378 0.532612
vt 0.470862 0.531290
vt 0.443423 0.562941
vt 0.501078 0.531250
vt 0.472000 0.562555
vt 0.531705 0.531250
vt 0.501639 0.562500
vt 0.562635 0.531250
vt 0.531941 0.562500
vt 0.593767 0.531250
vt 0.562705 0.562500
vt 0.419042 0.594791
vt 0.445027 0.594053
vt 0.472896 0.593788
vt 0.502093 0.593750
vt 0.532133 0.593750
vt 0.593776 0.562500
vt 0.562762 0.593750
vt 0.419912 0.625000
vt 0.445622 0.625000
vt 0.473257 0.625000
vt 0.502280 0.625000
vt 0.532212 0.625000
vt 0.593783 0.593750
vt 0.562785 0.625000
vt 0.445027 0.655947
vt 0.419042 0.655210
vt 0.472896 0.656212
vt 0.502093 0.656250
vt 0.532133 0.656250
vt 0.562762 0.656250
vt 0.593783 0.656250
vt 0.443423 0.687059
vt 0.416453 0.685867
vt 0.472000 0.687445
vt 0.501639 0.687500
vt 0.531941 0.687500
vt 0.562705 0.687500
vt 0.593776 0.687500
vt 0.441195 0.718433
vt 0.412378 0.717388
vt 0.470862 0.718710
vt 0.501078 0.718750
vt 0.531705 0.718750
vt 0.562635 0.718750
vt 0.593767 0.718750
vt 0.385699 0.536901
vt 0.625000 0.531250
vt 0.625000 0.562500
vt 0.625000 0.593750
vt 0.593786 0.625000
vt 0.625000 0.656250
vt 0.625000 0.687500
vt 0.625000 0.718750
vt 0.625000 0.750000
vt 0.593759 0.750000
vt 0.562571 0.750000
vt 0.531491 0.750000
vt 0.500570 0.750000
vt 0.469832 0.749986
vt 0.439174 0.749890
vt 0.408320 0.749624
vt 0.375000 0.750000
vt 0.385699 0.713099
vt 0.392025 0.682806
vt 0.395546 0.653681
vt 0.396660 0.625000
vt 0.395546 0.596319
vt 0.392025 0.567194
vt 0.438069 0.781236
vt 0.406349 0.812500
vt 0.406707 0.781221
vt 0.469189 0.781248
vt 0.437651 0.812500
vt 0.500241 0.781250
vt 0.468878 0.812500
vt 0.531352 0.781250
vt 0.500071 0.812500
vt 0.562530 0.781250
vt 0.531280 0.812500
vt 0.593754 0.781250
vt 0.562509 0.812500
vt 0.406262 0.843750
vt 0.437519 0.843750
vt 0.468766 0.843750
vt 0.500009 0.843750
vt 0.531254 0.843750
vt 0.593751 0.812500
vt 0.562501 0.843750
vt 0.406250 0.875000
vt 0.437500 0.875000
vt 0.468750 0.875000
vt 0.500000 0.875000
vt 0.531250 0.875000
vt 0.593750 0.843750
vt 0.562500 0.875000
vt 0.437500 0.906250
vt 0.406250 0.906250
vt 0.468750 0.906250
vt 0.500000 0.906250
vt 0.531250 0.906250
vt 0.562500 0.906250
vt 0.593750 0.906250
vt 0.437500 0.937500
vt 0.406250 0.937500
vt 0.468750 0.937500
vt 0.500000 0.937500
vt 0.531250 0.937500
vt 0.562500 0.937500
vt 0.593750 0.937500
vt 0.437500 0.968750
vt 0.406250 0.968750
vt 0.468750 0.968750
vt 0.500000 0.968750
vt 0.531250 0.968750
vt 0.562500 0.968750
vt 0.593750 0.968750
vt 0.375000 0.781250
vt 0.625000 0.781250
vt 0.625000 0.812500
vt 0.625000 0.843750
vt 0.593750 0.875000
vt 0.625000 0.906250
vt 0.625000 0.937500
vt 0.625000 0.968750
vt 0.625000 1.000000
vt 0.593750 1.000000
vt 0.562500 1.000000
vt 0.531250 1.000000
vt 0.500000 1.000000
vt 0.468750 1.000000
vt 0.437500 1.000000
vt 0.406250 1.000000
vt 0.375000 1.000000
vt 0.375000 0.968750
vt 0.375000 0.937500
vt 0.375000 0.906250
vt 0.375000 0.875000
vt 0.375000 0.843750
vt 0.375000 0.812500
vt 0.222313 0.597313
vt 0.230954 0.605954
vt 0.221816 0.605936
vt 0.230936 0.596816
vt 0.240396 0.605778
vt 0.240281 0.596307
vt 0.250000 0.605671
vt 0.259719 0.596307
vt 0.250000 0.596095
vt 0.269064 0.596816
vt 0.259604 0.605778
vt 0.277687 0.597313
vt 0.269046 0.605954
vt 0.230778 0.615396
vt 0.221307 0.615281
vt 0.240360 0.615360
vt 0.250000 0.615318
vt 0.259640 0.615360
vt 0.278184 0.605936
vt 0.269222 0.615396
vt 0.230671 0.625000
vt 0.221095 0.625000
vt 0.240318 0.625000
vt 0.250000 0.625000
vt 0.259682 0.625000
vt 0.278693 0.615281
vt 0.269329 0.625000
vt 0.221307 0.634719
vt 0.230778 0.634605
vt 0.240360 0.634640
vt 0.259640 0.634640
vt 0.250000 0.634682
vt 0.269222 0.634605
vt 0.278693 0.634719
vt 0.221816 0.644064
vt 0.230954 0.644046
vt 0.240396 0.644222
vt 0.259604 0.644222
vt 0.250000 0.644329
vt 0.269046 0.644046
vt 0.278184 0.644064
vt 0.222313 0.652687
vt 0.230936 0.653184
vt 0.240281 0.653693
vt 0.259719 0.653693
vt 0.250000 0.653905
vt 0.269064 0.653184
vt 0.277687 0.652687
vt 0.216114 0.591114
vt 0.214589 0.596880
vt 0.221880 0.589589
vt 0.230262 0.588029
vt 0.239848 0.586992
vt 0.260152 0.586992
vt 0.250000 0.586625
vt 0.269738 0.588029
vt 0.278120 0.589589
vt 0.283886 0.591114
vt 0.285411 0.596880
vt 0.286971 0.605262
vt 0.288008 0.614848
vt 0.278905 0.625000
vt 0.288008 0.635152
vt 0.286971 0.644738
vt 0.285411 0.653120
vt 0.283886 0.658886
vt 0.278120 0.660411
vt 0.269738 0.661971
vt 0.260152 0.663008
vt 0.250000 0.663375
vt 0.239848 0.663008
vt 0.230262 0.661971
vt 0.221880 0.660411
vt 0.216114 0.658886
vt 0.214589 0.653120
vt 0.213029 0.644738
vt 0.211992 0.635152
vt 0.211625 0.625000
vt 0.211992 0.614848
vt 0.213029 0.605262
vt 0.656250 0.531250
vt 0.687500 0.562500
vt 0.656250 0.562500
vt 0.687500 0.531250
vt 0.718750 0.562500
vt 0.718750 0.531250
vt 0.750000 0.562500
vt 0.781250 0.531250
vt 0.750000 0.531250
vt 0.812500 0.531250
vt 0.781250 0.562500
vt 0.843750 0.531250
vt 0.812500 0.562500
vt 0.687500 0.593750
vt 0.656250 0.593750
vt 0.718750 0.593750
vt 0.750000 0.593750
vt 0.781250 0.593750
vt 0.843750 0.562500
vt 0.812500 0.593750
vt 0.687500 0.625000
vt 0.656250 0.625000
vt 0.718750 0.625000
vt 0.750000 0.625000
vt 0.781250 0.625000
vt 0.843750 0.593750
vt 0.812500 0.625000
vt 0.656250 0.656250
vt 0.687500 0.656250
vt 0.718750 0.656250
vt 0.781250 0.656250
vt 0.750000 0.656250
vt 0.812500 0.656250
vt 0.843750 0.656250
vt 0.656250 0.687500
vt 0.687500 0.687500
vt 0.718750 0.687500
vt 0.781250 0.687500
vt 0.750000 0.687500
vt 0.812500 0.687500
vt 0.843750 0.687500
vt 0.656250 0.718750
vt 0.687500 0.718750
vt 0.718750 0.718750
vt 0.781250 0.718750
vt 0.750000 0.718750
vt 0.812500 0.718750
vt 0.843750 0.718750
vt 0.656250 0.500000
vt 0.718750 0.500000
vt 0.687500 0.500000
vt 0.750000 0.500000
vt 0.781250 0.500000
vt 0.843750 0.500000
vt 0.812500 0.500000
vt 0.875000 0.500000
vt 0.875000 0.531250
vt 0.875000 0.593750
vt 0.875000 0.625000
vt 0.843750 0.625000
vt 0.875000 0.656250
vt 0.875000 0.718750
vt 0.875000 0.750000
vt 0.843750 0.750000
vt 0.812500 0.750000
vt 0.781250 0.750000
vt 0.750000 0.750000
vt 0.718750 0.750000
vt 0.687500 0.750000
vt 0.656250 0.750000
vt 0.625000 0.625000
vt 0.207499 0.594359
vt 0.195923 0.600727
vt 0.200124 0.590158
vt 0.204532 0.603523
vt 0.193536 0.612550
vt 0.202815 0.613951
vt 0.192775 0.625000
vt 0.202815 0.636049
vt 0.202251 0.625000
vt 0.204532 0.646478
vt 0.193536 0.637450
vt 0.207499 0.655642
vt 0.195923 0.649273
vt 0.186742 0.596959
vt 0.191851 0.584668
vt 0.183861 0.610633
vt 0.182956 0.625000
vt 0.183861 0.639367
vt 0.200124 0.659842
vt 0.186742 0.653042
vt 0.176654 0.592174
vt 0.182368 0.577852
vt 0.173511 0.608169
vt 0.172549 0.625000
vt 0.173511 0.641831
vt 0.191851 0.665332
vt 0.176654 0.657826
vt 0.165400 0.586304
vt 0.171359 0.569511
vt 0.162289 0.605147
vt 0.161388 0.625000
vt 0.162289 0.644853
vt 0.182368 0.672148
vt 0.165400 0.663696
vt 0.152909 0.579293
vt 0.158307 0.559147
vt 0.150314 0.601649
vt 0.149604 0.625000
vt 0.150314 0.648352
vt 0.171359 0.680489
vt 0.152909 0.670707
vt 0.139269 0.571195
vt 0.142740 0.546282
vt 0.137796 0.597792
vt 0.137406 0.625000
vt 0.137796 0.652208
vt 0.158307 0.690853
vt 0.139269 0.678805
vt 0.212197 0.587197
vt 0.212197 0.662803
vt 0.206469 0.668531
vt 0.199455 0.675545
vt 0.191039 0.683961
vt 0.180913 0.694088
vt 0.168291 0.706709
vt 0.142740 0.703718
vt 0.151836 0.723164
vt 0.125000 0.718750
vt 0.125000 0.687500
vt 0.125000 0.656250
vt 0.125000 0.625000
vt 0.125000 0.593750
vt 0.125000 0.562500
vt 0.125000 0.531250
vt 0.151836 0.526836
vt 0.125000 0.500000
vt 0.168291 0.543291
vt 0.180913 0.555912
vt 0.191039 0.566039
vt 0.199455 0.574455
vt 0.206469 0.581469
vt 0.280645 0.582499
vt 0.274281 0.570923
vt 0.284872 0.575124
vt 0.271479 0.579532
vt 0.262451 0.568536
vt 0.261049 0.577815
vt 0.250000 0.567775
vt 0.238951 0.577815
vt 0.250000 0.577251
vt 0.228523 0.579532
vt 0.237551 0.568536
vt 0.219358 0.582500
vt 0.225728 0.570923
vt 0.278072 0.561742
vt 0.290433 0.566851
vt 0.264371 0.558861
vt 0.250000 0.557956
vt 0.235633 0.558861
vt 0.215158 0.575124
vt 0.221959 0.561742
vt 0.282897 0.551654
vt 0.297389 0.557368
vt 0.266840 0.548511
vt 0.250000 0.547549
vt 0.233169 0.548511
vt 0.209668 0.566851
vt 0.217174 0.551654
vt 0.288824 0.540400
vt 0.305929 0.546360
vt 0.269869 0.537289
vt 0.250000 0.536388
vt 0.230147 0.537289
vt 0.202852 0.557368
vt 0.211304 0.540400
vt 0.295858 0.527909
vt 0.316422 0.533320
vt 0.273370 0.525314
vt 0.250000 0.524604
vt 0.226649 0.525314
vt 0.194511 0.546359
vt 0.204293 0.527909
vt 0.303904 0.514269
vt 0.329176 0.517769
vt 0.277220 0.512796
vt 0.250000 0.512406
vt 0.222792 0.512796
vt 0.184147 0.533307
vt 0.196195 0.514269
vt 0.287812 0.587197
vt 0.171282 0.517740
vt 0.156250 0.500000
vt 0.187500 0.500000
vt 0.218750 0.500000
vt 0.250000 0.500000
vt 0.281250 0.500000
vt 0.312500 0.500000
vt 0.343750 0.500000
vt 0.350235 0.527212
vt 0.333384 0.543401
vt 0.320170 0.555926
vt 0.309531 0.566039
vt 0.300785 0.574455
vt 0.293602 0.581469
vt 0.292517 0.655642
vt 0.304282 0.649273
vt 0.300011 0.659842
vt 0.295494 0.646477
vt 0.306725 0.637450
vt 0.297217 0.636049
vt 0.307510 0.625000
vt 0.297217 0.613951
vt 0.297785 0.625000
vt 0.295493 0.603523
vt 0.306725 0.612551
vt 0.292517 0.594359
vt 0.304282 0.600728
vt 0.313949 0.653042
vt 0.308604 0.665332
vt 0.317022 0.639367
vt 0.318006 0.625000
vt 0.317022 0.610633
vt 0.300011 0.590158
vt 0.313949 0.596959
vt 0.324984 0.657826
vt 0.318710 0.672148
vt 0.328582 0.641831
vt 0.329731 0.625000
vt 0.328582 0.608169
vt 0.308604 0.584668
vt 0.324984 0.592174
vt 0.337850 0.663641
vt 0.330753 0.680450
vt 0.341857 0.644815
vt 0.343119 0.625000
vt 0.341857 0.605185
vt 0.318710 0.577852
vt 0.337850 0.586359
vt 0.353013 0.670266
vt 0.345388 0.690536
vt 0.357213 0.648049
vt 0.358518 0.625000
vt 0.357213 0.601951
vt 0.330753 0.569550
vt 0.353013 0.579734
vt 0.370934 0.677172
vt 0.363388 0.702356
vt 0.374996 0.651167
vt 0.376256 0.625000
vt 0.374996 0.598833
vt 0.345388 0.559464
vt 0.370934 0.572828
vt 0.287812 0.662803
vt 0.288375 0.625000
vt 0.363388 0.547644
vt 0.350235 0.722788
vt 0.333384 0.706599
vt 0.320170 0.694074
vt 0.309531 0.683961
vt 0.300785 0.675545
vt 0.293602 0.668531
vt 0.219358 0.667501
vt 0.225727 0.679077
vt 0.215158 0.674876
vt 0.228523 0.670468
vt 0.237550 0.681464
vt 0.238951 0.672185
vt 0.250000 0.682225
vt 0.261049 0.672185
vt 0.250000 0.672749
vt 0.271479 0.670468
vt 0.262451 0.681464
vt 0.280645 0.667501
vt 0.274281 0.679077
vt 0.221958 0.688258
vt 0.209668 0.683149
vt 0.235633 0.691139
vt 0.250000 0.692045
vt 0.264371 0.691139
vt 0.284872 0.674876
vt 0.278072 0.688258
vt 0.217174 0.698346
vt 0.202852 0.692632
vt 0.233169 0.701489
vt 0.250000 0.702451
vt 0.266840 0.701489
vt 0.290433 0.683149
vt 0.282897 0.698346
vt 0.211304 0.709600
vt 0.194511 0.703641
vt 0.230147 0.712711
vt 0.250000 0.713612
vt 0.269869 0.712711
vt 0.297389 0.692632
vt 0.288824 0.709600
vt 0.204293 0.722091
vt 0.184147 0.716693
vt 0.226649 0.724686
vt 0.250000 0.725396
vt 0.273370 0.724686
vt 0.305929 0.703640
vt 0.295858 0.722091
vt 0.196195 0.735731
vt 0.171282 0.732260
vt 0.222792 0.737204
vt 0.250000 0.737594
vt 0.277220 0.737204
vt 0.316422 0.716680
vt 0.303904 0.735731
vt 0.329176 0.732231
vt 0.343750 0.750000
vt 0.312500 0.750000
vt 0.281250 0.750000
vt 0.250000 0.750000
vt 0.218750 0.750000
vt 0.187500 0.750000
vt 0.156250 0.750000
vt 0.125000 0.750000
vt 0.750000 0.937500
vt 0.734375 1.000000
vt 0.718750 0.937500
vt 0.734375 0.000000
vt 0.750000 0.062500
vt 0.718750 0.062500
vt 0.718750 0.437500
vt 0.750000 0.437500
vt 0.750000 0.875000
vt 0.718750 0.875000
vt 0.718750 0.375000
vt 0.750000 0.375000
vt 0.750000 0.812500
vt 0.718750 0.812500
vt 0.718750 0.312500
vt 0.750000 0.312500
vt 0.718750 0.250000
vt 0.750000 0.250000
vt 0.718750 0.187500
vt 0.750000 0.187500
vt 0.718750 0.125000
vt 0.750000 0.125000
vt 0.687500 0.062500
vt 0.703125 1.000000
vt 0.687500 0.937500
vt 0.703125 0.000000
vt 0.687500 0.437500
vt 0.687500 0.875000
vt 0.687500 0.375000
vt 0.687500 0.812500
vt 0.687500 0.312500
vt 0.687500 0.250000
vt 0.687500 0.187500
vt 0.687500 0.125000
vt 0.656250 0.312500
vt 0.656250 0.812500
vt 0.656250 0.250000
vt 0.656250 0.187500
vt 0.656250 0.125000
vt 0.656250 0.062500
vt 0.671875 1.000000
vt 0.656250 0.937500
vt 0.671875 0.000000
vt 0.656250 0.437500
vt 0.656250 0.875000
vt 0.656250 0.375000
vt 0.640625 1.000000
vt 0.640625 0.000000
vt 0.625000 0.875000
vt 0.625000 0.375000
vt 0.625000 0.125000
vt 0.593750 0.812500
vt 0.593750 0.750000
vt 0.593750 0.687500
vt 0.593750 0.625000
vt 0.593750 0.562500
vt 0.593750 0.500000
vt 0.609375 1.000000
vt 0.609375 0.000000
vt 0.593750 0.437500
vt 0.562500 0.562500
vt 0.562500 0.500000
vt 0.578125 1.000000
vt 0.578125 0.000000
vt 0.562500 0.437500
vt 0.562500 0.812500
vt 0.562500 0.750000
vt 0.562500 0.687500
vt 0.562500 0.625000
vt 0.531250 0.750000
vt 0.531250 0.687500
vt 0.531250 0.625000
vt 0.531250 0.562500
vt 0.531250 0.500000
vt 0.546875 1.000000
vt 0.546875 0.000000
vt 0.531250 0.437500
vt 0.531250 0.812500
vt 0.515625 0.000000
vt 0.500000 0.437500
vt 0.500000 0.812500
vt 0.500000 0.750000
vt 0.500000 0.687500
vt 0.500000 0.625000
vt 0.500000 0.562500
vt 0.500000 0.500000
vt 0.515625 1.000000
vt 0.468750 0.625000
vt 0.468750 0.562500
vt 0.468750 0.500000
vt 0.484375 1.000000
vt 0.484375 0.000000
vt 0.468750 0.437500
vt 0.468750 0.812500
vt 0.468750 0.750000
vt 0.468750 0.687500
vt 0.437500 0.437500
vt 0.437500 0.812500
vt 0.437500 0.750000
vt 0.437500 0.687500
vt 0.437500 0.625000
vt 0.437500 0.562500
vt 0.437500 0.500000
vt 0.453125 1.000000
vt 0.453125 0.000000
vt 0.406250 0.625000
vt 0.406250 0.562500
vt 0.406250 0.500000
vt 0.421875 1.000000
vt 0.421875 0.000000
vt 0.406250 0.437500
vt 0.406250 0.812500
vt 0.406250 0.750000
vt 0.406250 0.687500
vt 0.375000 0.687500
vt 0.375000 0.625000
vt 0.375000 0.562500
vt 0.390625 1.000000
vt 0.390625 0.000000
vt 0.343750 0.187500
vt 0.343750 0.125000
vt 0.343750 0.562500
vt 0.343750 0.062500
vt 0.359375 1.000000
vt 0.343750 0.937500
vt 0.359375 0.000000
vt 0.343750 0.437500
vt 0.343750 0.875000
vt 0.343750 0.375000
vt 0.343750 0.812500
vt 0.343750 0.312500
vt 0.343750 0.250000
vt 0.343750 0.687500
vt 0.343750 0.625000
vt 0.312500 0.812500
vt 0.312500 0.375000
vt 0.312500 0.312500
vt 0.312500 0.250000
vt 0.312500 0.687500
vt 0.312500 0.187500
vt 0.312500 0.625000
vt 0.312500 0.125000
vt 0.312500 0.562500
vt 0.312500 0.062500
vt 0.328125 1.000000
vt 0.312500 0.937500
vt 0.328125 0.000000
vt 0.312500 0.437500
vt 0.312500 0.875000
vt 0.281250 0.562500
vt 0.281250 0.125000
vt 0.281250 0.062500
vt 0.296875 1.000000
vt 0.281250 0.937500
vt 0.296875 0.000000
vt 0.281250 0.437500
vt 0.281250 0.875000
vt 0.281250 0.375000
vt 0.281250 0.812500
vt 0.281250 0.312500
vt 0.281250 0.250000
vt 0.281250 0.687500
vt 0.281250 0.187500
vt 0.281250 0.625000
vt 0.250000 0.375000
vt 0.250000 0.312500
vt 0.250000 0.250000
vt 0.250000 0.687500
vt 0.250000 0.187500
vt 0.250000 0.125000
vt 0.250000 0.562500
vt 0.250000 0.062500
vt 0.265625 1.000000
vt 0.250000 0.937500
vt 0.265625 0.000000
vt 0.250000 0.437500
vt 0.250000 0.875000
vt 0.250000 0.812500
vt 0.218750 0.062500
vt 0.218750 0.562500
vt 0.234375 1.000000
vt 0.218750 0.937500
vt 0.234375 0.000000
vt 0.218750 0.437500
vt 0.218750 0.875000
vt 0.218750 0.375000
vt 0.218750 0.812500
vt 0.218750 0.312500
vt 0.218750 0.250000
vt 0.218750 0.687500
vt 0.218750 0.187500
vt 0.218750 0.625000
vt 0.218750 0.125000
vt 0.187500 0.250000
vt 0.187500 0.687500
vt 0.187500 0.187500
vt 0.187500 0.625000
vt 0.187500 0.125000
vt 0.187500 0.562500
vt 0.187500 0.062500
vt 0.203125 1.000000
vt 0.187500 0.937500
vt 0.203125 0.000000
vt 0.187500 0.437500
vt 0.187500 0.875000
vt 0.187500 0.375000
vt 0.187500 0.812500
vt 0.187500 0.312500
vt 0.171875 1.000000
vt 0.156250 0.937500
vt 0.171875 0.000000
vt 0.156250 0.062500
vt 0.156250 0.437500
vt 0.156250 0.875000
vt 0.156250 0.375000
vt 0.156250 0.812500
vt 0.156250 0.312500
vt 0.156250 0.250000
vt 0.156250 0.687500
vt 0.156250 0.187500
vt 0.156250 0.625000
vt 0.156250 0.125000
vt 0.156250 0.562500
vt 0.125000 0.187500
vt 0.125000 0.125000
vt 0.125000 0.062500
vt 0.140625 1.000000
vt 0.125000 0.937500
vt 0.140625 0.000000
vt 0.125000 0.437500
vt 0.125000 0.875000
vt 0.125000 0.375000
vt 0.125000 0.812500
vt 0.125000 0.312500
vt 0.125000 0.250000
vt 0.093750 0.437500
vt 0.093750 0.937500
vt 0.093750 0.875000
vt 0.093750 0.375000
vt 0.093750 0.812500
vt 0.093750 0.312500
vt 0.093750 0.750000
vt 0.093750 0.250000
vt 0.093750 0.687500
vt 0.093750 0.187500
vt 0.093750 0.625000
vt 0.093750 0.125000
vt 0.093750 0.562500
vt 0.093750 0.062500
vt 0.093750 0.500000
vt 0.109375 1.000000
vt 0.109375 0.000000
vt 0.062500 0.187500
vt 0.062500 0.687500
vt 0.062500 0.625000
vt 0.062500 0.125000
vt 0.062500 0.562500
vt 0.062500 0.062500
vt 0.062500 0.500000
vt 0.078125 1.000000
vt 0.062500 0.937500
vt 0.078125 0.000000
vt 0.062500 0.437500
vt 0.062500 0.875000
vt 0.062500 0.375000
vt 0.062500 0.812500
vt 0.062500 0.312500
vt 0.062500 0.750000
vt 0.062500 0.250000
vt 0.031250 0.937500
vt 0.031250 0.875000
vt 0.031250 0.375000
vt 0.031250 0.812500
vt 0.031250 0.312500
vt 0.031250 0.750000
vt 0.031250 0.250000
vt 0.031250 0.687500
vt 0.031250 0.187500
vt 0.031250 0.625000
vt 0.031250 0.125000
vt 0.031250 0.562500
vt 0.031250 0.062500
vt 0.031250 0.500000
vt 0.046875 1.000000
vt 0.046875 0.000000
vt 0.031250 0.437500
vt 0.000000 0.687500
vt 0.000000 0.625000
vt 0.000000 0.125000
vt 0.000000 0.562500
vt 0.000000 0.062500
vt 0.000000 0.500000
vt 0.015625 1.000000
vt 0.000000 0.937500
vt 0.015625 0.000000
vt 0.000000 0.437500
vt 0.000000 0.875000
vt 0.000000 0.375000
vt 0.000000 0.812500
vt 0.000000 0.312500
vt 0.000000 0.750000
vt 0.000000 0.250000
vt 0.000000 0.187500
vt 1.000000 0.375000
vt 0.968750 0.437500
vt 0.968750 0.375000
vt 1.000000 0.875000
vt 0.968750 0.812500
vt 1.000000 0.812500
vt 1.000000 0.312500
vt 0.968750 0.312500
vt 0.968750 0.750000
vt 1.000000 0.750000
vt 1.000000 0.250000
vt 0.968750 0.250000
vt 0.968750 0.687500
vt 1.000000 0.687500
vt 1.000000 0.187500
vt 0.968750 0.187500
vt 0.968750 0.625000
vt 1.000000 0.625000
vt 1.000000 0.125000
vt 0.968750 0.125000
vt 0.968750 0.562500
vt 1.000000 0.562500
vt 1.000000 0.062500
vt 0.968750 0.062500
vt 0.968750 0.500000
vt 1.000000 0.500000
vt 1.000000 0.937500
vt 0.984375 1.000000
vt 0.968750 0.937500
vt 0.984375 0.000000
vt 1.000000 0.437500
vt 0.968750 0.875000
vt 0.937500 0.187500
vt 0.937500 0.125000
vt 0.937500 0.562500
vt 0.937500 0.062500
vt 0.937500 0.500000
vt 0.953125 1.000000
vt 0.937500 0.937500
vt 0.953125 0.000000
vt 0.937500 0.437500
vt 0.937500 0.875000
vt 0.937500 0.375000
vt 0.937500 0.812500
vt 0.937500 0.312500
vt 0.937500 0.750000
vt 0.937500 0.250000
vt 0.937500 0.687500
vt 0.937500 0.625000
vt 0.906250 0.375000
vt 0.906250 0.312500
vt 0.906250 0.750000
vt 0.906250 0.250000
vt 0.906250 0.687500
vt 0.906250 0.187500
vt 0.906250 0.625000
vt 0.906250 0.125000
vt 0.906250 0.562500
vt 0.906250 0.062500
vt 0.906250 0.500000
vt 0.921875 1.000000
vt 0.906250 0.937500
vt 0.921875 0.000000
vt 0.906250 0.437500
vt 0.906250 0.875000
vt 0.906250 0.812500
vt 0.875000 0.125000
vt 0.875000 0.062500
vt 0.890625 1.000000
vt 0.875000 0.937500
vt 0.890625 0.000000
vt 0.875000 0.437500
vt 0.875000 0.875000
vt 0.875000 0.375000
vt 0.875000 0.812500
vt 0.875000 0.312500
vt 0.875000 0.250000
vt 0.875000 0.687500
vt 0.875000 0.187500
vt 0.875000 0.562500
vt 0.843750 0.312500
vt 0.843750 0.250000
vt 0.843750 0.187500
vt 0.843750 0.125000
vt 0.843750 0.062500
vt 0.859375 1.000000
vt 0.843750 0.937500
vt 0.859375 0.000000
vt 0.843750 0.437500
vt 0.843750 0.875000
vt 0.843750 0.375000
vt 0.843750 0.812500
vt 0.828125 1.000000
vt 0.812500 0.937500
vt 0.828125 0.000000
vt 0.812500 0.062500
vt 0.812500 0.437500
vt 0.812500 0.875000
vt 0.812500 0.375000
vt 0.812500 0.812500
vt 0.812500 0.312500
vt 0.812500 0.250000
vt 0.812500 0.187500
vt 0.812500 0.125000
vt 0.781250 0.312500
vt 0.781250 0.250000
vt 0.781250 0.187500
vt 0.781250 0.125000
vt 0.781250 0.062500
vt 0.796875 1.000000
vt 0.781250 0.937500
vt 0.796875 0.000000
vt 0.781250 0.437500
vt 0.781250 0.875000
vt 0.781250 0.375000
vt 0.781250 0.812500
vt 0.765625 1.000000
vt 0.765625 0.000000
s 1
usemtl マテリアル.002
f 154/1/1 160/2/2 153/3/3
f 155/4/4 161/5/5 154/1/1
f 156/6/6 162/7/7 155/4/4
f 157/8/8 163/9/9 156/6/6
f 158/10/10 164/11/11 157/8/8
f 159/12/12 165/13/13 158/10/10
f 161/5/5 167/14/14 160/2/2
f 162/7/7 168/15/15 161/5/5
f 163/9/9 169/16/16 162/7/7
f 164/11/11 170/17/17 163/9/9
f 165/13/13 171/18/18 164/11/11
f 166/19/19 172/20/20 165/13/13
f 168/15/15 174/21/21 167/14/14
f 169/16/16 175/22/22 168/15/15
f 170/17/17 176/23/23 169/16/16
f 171/18/18 177/24/24 170/17/17
f 172/20/20 178/25/25 171/18/18
f 173/26/26 179/27/27 172/20/20
f 174/21/21 182/28/28 181/29/29
f 175/22/22 183/30/30 182/28/28
f 176/23/23 184/31/31 183/30/30
f 177/24/24 185/32/32 184/31/31
f 178/25/25 186/33/33 185/32/32
f 179/27/27 187/34/34 186/33/33
f 181/29/29 189/35/35 188/36/36
f 182/28/28 190/37/37 189/35/35
f 183/30/30 191/38/38 190/37/37
f 184/31/31 192/39/39 191/38/38
f 185/32/32 193/40/40 192/39/39
f 186/33/33 194/41/41 193/40/40
f 188/36/36 196/42/42 195/43/43
f 189/35/35 197/44/44 196/42/42
f 190/37/37 198/45/45 197/44/44
f 191/38/38 199/46/46 198/45/45
f 192/39/39 200/47/47 199/46/46
f 193/40/40 201/48/48 200/47/47
f 10/49/49 153/3/3 19/50/50
f 21/51/51 153/3/3 20/52/52
f 22/53/53 154/1/1 21/51/51
f 23/54/54 155/4/4 22/53/53
f 24/55/55 156/6/6 23/54/54
f 25/56/56 157/8/8 24/55/55
f 26/57/57 158/10/10 25/56/56
f 2/58/58 159/12/12 26/57/57
f 27/59/59 166/19/19 159/12/12
f 28/60/60 173/26/26 166/19/19
f 29/61/61 180/62/62 173/26/26
f 180/62/62 31/63/63 187/34/34
f 187/34/34 32/64/64 194/41/41
f 194/41/41 33/65/65 201/48/48
f 201/48/48 4/66/66 34/67/67
f 200/47/47 34/67/67 35/68/68
f 199/46/46 35/68/68 36/69/69
f 198/45/45 36/69/69 37/70/70
f 197/44/44 37/70/70 38/71/71
f 196/42/42 38/71/71 39/72/72
f 195/43/43 39/72/72 40/73/73
f 195/43/43 9/74/74 13/75/75
f 188/36/36 13/75/75 14/76/76
f 181/29/29 14/76/76 15/77/77
f 174/21/21 15/77/77 16/78/78
f 17/79/79 174/21/21 16/78/78
f 18/80/80 167/14/14 17/79/79
f 19/50/50 160/2/2 18/80/80
f 203/81/81 209/82/82 202/83/83
f 204/84/84 210/85/85 203/81/81
f 205/86/86 211/87/87 204/84/84
f 206/88/88 212/89/89 205/86/86
f 207/90/90 213/91/91 206/88/88
f 208/92/92 214/93/93 207/90/90
f 210/85/85 216/94/94 209/82/82
f 211/87/87 217/95/95 210/85/85
f 212/89/89 218/96/96 211/87/87
f 213/91/91 219/97/97 212/89/89
f 214/93/93 220/98/98 213/91/91
f 215/99/99 221/100/100 214/93/93
f 217/95/95 223/101/101 216/94/94
f 218/96/96 224/102/102 217/95/95
f 219/97/97 225/103/103 218/96/96
f 220/98/98 226/104/104 219/97/97
f 221/100/100 227/105/105 220/98/98
f 222/106/106 228/107/107 221/100/100
f 223/101/101 231/108/108 230/109/109
f 224/102/102 232/110/110 231/108/108
f 225/103/103 233/111/111 232/110/110
f 226/104/104 234/112/112 233/111/111
f 227/105/105 235/113/113 234/112/112
f 228/107/107 236/114/114 235/113/113
f 230/109/109 238/115/115 237/116/116
f 231/108/108 239/117/117 238/115/115
f 232/110/110 240/118/118 239/117/117
f 233/111/111 241/119/119 240/118/118
f 234/112/112 242/120/120 241/119/119
f 235/113/113 243/121/121 242/120/120
f 237/116/116 245/122/122 244/123/123
f 238/115/115 246/124/124 245/122/122
f 239/117/117 247/125/125 246/124/124
f 240/118/118 248/126/126 247/125/125
f 241/119/119 249/127/127 248/126/126
f 242/120/120 250/128/128 249/127/127
f 9/74/74 202/83/83 47/129/129
f 39/72/72 202/83/83 40/73/73
f 38/71/71 203/81/81 39/72/72
f 37/70/70 204/84/84 38/71/71
f 36/69/69 205/86/86 37/70/70
f 35/68/68 206/88/88 36/69/69
f 34/67/67 207/90/90 35/68/68
f 4/66/66 208/92/92 34/67/67
f 48/130/130 215/99/99 208/92/92
f 49/131/131 222/106/106 215/99/99
f 50/132/132 229/133/133 222/106/106
f 229/133/133 52/134/134 236/114/114
f 236/114/114 53/135/135 243/121/121
f 243/121/121 54/136/136 250/128/128
f 250/128/128 8/137/137 55/138/138
f 249/127/127 55/138/138 56/139/139
f 248/126/126 56/139/139 57/140/140
f 247/125/125 57/140/140 58/141/141
f 246/124/124 58/141/141 59/142/142
f 245/122/122 59/142/142 60/143/143
f 244/123/123 60/143/143 61/144/144
f 244/123/123 11/145/145 41/146/146
f 237/116/116 41/146/146 42/147/147
f 230/109/109 42/147/147 43/148/148
f 223/101/101 43/148/148 44/149/149
f 45/150/150 223/101/101 44/149/149
f 46/151/151 216/94/94 45/150/150
f 47/129/129 209/82/82 46/151/151
f 252/152/152 258/153/153 251/154/154
f 253/155/155 259/156/156 252/152/152
f 254/157/157 260/158/158 253/155/155
f 255/159/159 261/160/160 254/157/157
f 256/161/161 262/162/162 255/159/159
f 257/163/163 263/164/164 256/161/161
f 259/156/156 265/165/165 258/153/153
f 260/158/158 266/166/166 259/156/156
f 261/160/160 267/167/167 260/158/158
f 262/162/162 268/168/168 261/160/160
f 263/164/164 269/169/169 262/162/162
f 264/170/170 270/171/171 263/164/164
f 266/166/166 272/172/172 265/165/165
f 267/167/167 273/173/173 266/166/166
f 268/168/168 274/174/174 267/167/167
f 269/169/169 275/175/175 268/168/168
f 270/171/171 276/176/176 269/169/169
f 271/177/177 277/178/178 270/171/171
f 272/172/172 280/179/179 279/180/180
f 273/173/173 281/181/181 280/179/179
f 274/174/174 282/182/182 281/181/181
f 275/175/175 283/183/183 282/182/182
f 276/176/176 284/184/184 283/183/183
f 277/178/178 285/185/185 284/184/184
f 279/180/180 287/186/186 286/187/187
f 280/179/179 288/188/188 287/186/186
f 281/181/181 289/189/189 288/188/188
f 282/182/182 290/190/190 289/189/189
f 283/183/183 291/191/191 290/190/190
f 284/184/184 292/192/192 291/191/191
f 286/187/187 294/193/193 293/194/194
f 287/186/186 295/195/195 294/193/193
f 288/188/188 296/196/196 295/195/195
f 289/189/189 297/197/197 296/196/196
f 290/190/190 298/198/198 297/197/197
f 291/191/191 299/199/199 298/198/198
f 11/145/145 251/154/154 68/200/200
f 60/143/143 251/154/154 61/144/144
f 59/142/142 252/152/152 60/143/143
f 58/141/141 253/155/155 59/142/142
f 57/140/140 254/157/157 58/141/141
f 56/139/139 255/159/159 57/140/140
f 55/138/138 256/161/161 56/139/139
f 8/137/137 257/163/163 55/138/138
f 69/201/201 264/170/170 257/163/163
f 70/202/202 271/177/177 264/170/170
f 71/203/203 278/204/204 271/177/177
f 278/204/204 73/205/205 285/185/185
f 285/185/185 74/206/206 292/192/192
f 292/192/192 75/207/207 299/199/199
f 299/199/199 6/208/208 76/209/209
f 298/198/198 76/209/209 77/210/210
f 297/197/197 77/210/210 78/211/211
f 296/196/196 78/211/211 79/212/212
f 295/195/195 79/212/212 80/213/213
f 294/193/193 80/213/213 81/214/214
f 293/194/194 81/214/214 82/215/215
f 293/194/194 12/216/216 62/217/217
f 286/187/187 62/217/217 63/218/218
f 279/180/180 63/218/218 64/219/219
f 272/172/172 64/219/219 65/220/220
f 66/221/221 272/172/172 65/220/220
f 67/222/222 265/165/165 66/221/221
f 68/200/200 258/153/153 67/222/222
f 301/223/223 307/224/224 300/225/225
f 302/226/226 308/227/227 301/223/223
f 303/228/228 309/229/229 302/226/226
f 304/230/230 310/231/231 303/228/228
f 305/232/232 311/233/233 304/230/230
f 306/234/234 312/235/235 305/232/232
f 308/227/227 314/236/236 307/224/224
f 309/229/229 315/237/237 308/227/227
f 310/231/231 316/238/238 309/229/229
f 311/233/233 317/239/239 310/231/231
f 312/235/235 318/240/240 311/233/233
f 313/241/241 319/242/242 312/235/235
f 315/237/237 321/243/243 314/236/236
f 316/238/238 322/244/244 315/237/237
f 317/239/239 323/245/245 316/238/238
f 318/240/240 324/246/246 317/239/239
f 319/242/242 325/247/247 318/240/240
f 320/248/248 326/249/249 319/242/242
f 321/243/243 329/250/250 328/251/251
f 322/244/244 330/252/252 329/250/250
f 323/245/245 331/253/253 330/252/252
f 324/246/246 332/254/254 331/253/253
f 325/247/247 333/255/255 332/254/254
f 326/249/249 334/256/256 333/255/255
f 328/251/251 336/257/257 335/258/258
f 329/250/250 337/259/259 336/257/257
f 330/252/252 338/260/260 337/259/259
f 331/253/253 339/261/261 338/260/260
f 332/254/254 340/262/262 339/261/261
f 333/255/255 341/263/263 340/262/262
f 335/258/258 343/264/264 342/265/265
f 336/257/257 344/266/266 343/264/264
f 337/259/259 345/267/267 344/266/266
f 338/260/260 346/268/268 345/267/267
f 339/261/261 347/269/269 346/268/268
f 340/262/262 348/270/270 347/269/269
f 12/216/216 300/225/225 89/271/271
f 81/214/214 300/225/225 82/215/215
f 80/213/213 301/223/223 81/214/214
f 79/212/212 302/226/226 80/213/213
f 78/211/211 303/228/228 79/212/212
f 77/210/210 304/230/230 78/211/211
f 76/209/209 305/232/232 77/210/210
f 6/208/208 306/234/234 76/209/209
f 90/272/272 313/241/241 306/234/234
f 91/273/273 320/248/248 313/241/241
f 92/274/274 327/275/275 320/248/248
f 327/275/275 94/276/276 334/256/256
f 334/256/256 95/277/277 341/263/263
f 341/263/263 96/278/278 348/270/270
f 348/270/270 2/279/58 26/280/57
f 347/269/269 26/280/57 25/281/56
f 346/268/268 25/281/56 24/282/55
f 345/267/267 24/282/55 23/283/54
f 344/266/266 23/283/54 22/284/53
f 343/264/264 22/284/53 21/285/51
f 342/265/265 21/285/51 20/286/52
f 342/265/265 10/287/49 83/288/279
f 335/258/258 83/288/279 84/289/280
f 328/251/251 84/289/280 85/290/281
f 321/243/243 85/290/281 86/291/282
f 87/292/283 321/243/243 86/291/282
f 88/293/284 314/236/236 87/292/283
f 89/271/271 307/224/224 88/293/284
f 349/294/285 357/295/286 356/296/287
f 350/297/288 358/298/289 357/295/286
f 351/299/290 359/300/291 358/298/289
f 353/301/292 359/300/291 352/302/293
f 354/303/294 360/304/295 353/301/292
f 355/305/296 361/306/297 354/303/294
f 356/296/287 364/307/298 363/308/299
f 357/295/286 365/309/300 364/307/298
f 358/298/289 366/310/301 365/309/300
f 360/304/295 366/310/301 359/300/291
f 361/306/297 367/311/302 360/304/295
f 362/312/303 368/313/304 361/306/297
f 363/308/299 371/314/305 370/315/306
f 364/307/298 372/316/307 371/314/305
f 365/309/300 373/317/308 372/316/307
f 367/311/302 373/317/308 366/310/301
f 368/313/304 374/318/309 367/311/302
f 369/319/310 375/320/311 368/313/304
f 371/314/305 377/321/312 370/315/306
f 372/316/307 378/322/313 371/314/305
f 373/317/308 379/323/314 372/316/307
f 373/317/308 381/324/315 380/325/316
f 374/318/309 382/326/317 381/324/315
f 375/320/311 383/327/318 382/326/317
f 378/322/313 384/328/319 377/321/312
f 379/323/314 385/329/320 378/322/313
f 380/325/316 386/330/321 379/323/314
f 380/325/316 388/331/322 387/332/323
f 381/324/315 389/333/324 388/331/322
f 382/326/317 390/334/325 389/333/324
f 385/329/320 391/335/326 384/328/319
f 386/330/321 392/336/327 385/329/320
f 387/332/323 393/337/328 386/330/321
f 387/332/323 395/338/329 394/339/330
f 388/331/322 396/340/331 395/338/329
f 389/333/324 397/341/332 396/340/331
f 3/342/333 349/294/285 97/343/334
f 110/344/335 350/297/288 349/294/285
f 109/345/336 351/299/290 350/297/288
f 108/346/337 352/302/293 351/299/290
f 106/347/338 352/302/293 107/348/339
f 105/349/340 353/301/292 106/347/338
f 104/350/341 354/303/294 105/349/340
f 7/351/342 355/305/296 104/350/341
f 117/352/343 362/312/303 355/305/296
f 116/353/344 369/319/310 362/312/303
f 115/354/345 376/355/346 369/319/310
f 376/355/346 113/356/347 383/327/318
f 383/327/318 112/357/348 390/334/325
f 390/334/325 111/358/349 397/341/332
f 397/341/332 5/359/350 124/360/351
f 396/340/331 124/360/351 123/361/352
f 395/338/329 123/361/352 122/362/353
f 394/339/330 122/362/353 121/363/354
f 394/339/330 120/364/355 393/337/328
f 393/337/328 119/365/356 392/336/327
f 392/336/327 118/366/357 391/335/326
f 391/335/326 1/367/358 103/368/359
f 384/328/319 103/368/359 102/369/360
f 377/321/312 102/369/360 101/370/361
f 370/315/306 101/370/361 100/371/362
f 99/372/363 370/315/306 100/371/362
f 98/373/364 363/308/299 99/372/363
f 97/343/334 356/296/287 98/373/364
f 398/374/365 406/375/366 405/376/367
f 399/377/368 407/378/369 406/375/366
f 400/379/370 408/380/371 407/378/369
f 402/381/372 408/380/371 401/382/373
f 403/383/374 409/384/375 402/381/372
f 404/385/376 410/386/377 403/383/374
f 405/376/367 413/387/378 412/388/379
f 406/375/366 414/389/380 413/387/378
f 407/378/369 415/390/381 414/389/380
f 409/384/375 415/390/381 408/380/371
f 410/386/377 416/391/382 409/384/375
f 411/392/383 417/393/384 410/386/377
f 412/388/379 420/394/385 419/395/386
f 413/387/378 421/396/387 420/394/385
f 414/389/380 422/397/388 421/396/387
f 416/391/382 422/397/388 415/390/381
f 417/393/384 423/398/389 416/391/382
f 418/399/390 424/400/391 417/393/384
f 420/394/385 426/401/392 419/395/386
f 421/396/387 427/402/393 420/394/385
f 422/397/388 428/403/394 421/396/387
f 422/397/388 430/404/395 429/405/396
f 423/398/389 431/406/397 430/404/395
f 424/400/391 432/407/398 431/406/397
f 427/402/393 433/408/399 426/401/392
f 428/403/394 434/409/400 427/402/393
f 429/405/396 435/410/401 428/403/394
f 429/405/396 437/411/402 436/412/403
f 430/404/395 438/413/404 437/411/402
f 431/406/397 439/414/405 438/413/404
f 434/409/400 440/415/406 433/408/399
f 435/410/401 441/416/407 434/409/400
f 436/412/403 442/417/408 435/410/401
f 436/412/403 444/418/409 443/419/410
f 437/411/402 445/420/411 444/418/409
f 438/413/404 446/421/412 445/420/411
f 8/137/137 398/374/365 69/201/201
f 54/422/136 399/377/368 398/374/365
f 52/423/134 399/377/368 53/424/135
f 51/425/413 400/379/370 52/423/134
f 51/425/413 402/381/372 401/382/373
f 50/426/132 403/383/374 402/381/372
f 48/427/130 403/383/374 49/428/131
f 4/429/66 404/385/376 48/427/130
f 33/430/65 411/392/383 404/385/376
f 411/392/383 31/431/63 418/399/390
f 418/399/390 30/432/414 425/433/415
f 30/432/414 432/407/398 425/433/415
f 29/434/61 439/414/405 432/407/398
f 439/414/405 27/435/59 446/421/412
f 446/421/412 2/436/58 96/437/278
f 445/420/411 96/437/278 95/438/277
f 445/420/411 94/439/276 444/418/409
f 444/418/409 93/440/416 443/419/410
f 442/417/408 93/440/416 92/441/274
f 441/416/407 92/441/274 91/442/273
f 441/416/407 90/443/272 440/415/406
f 440/415/406 6/208/208 75/207/207
f 433/408/399 75/207/207 74/206/206
f 73/205/205 433/408/399 74/206/206
f 72/444/417 426/401/392 73/205/205
f 412/388/379 72/444/417 71/203/203
f 405/376/367 71/203/203 70/202/202
f 69/201/201 405/376/367 70/202/202
f 447/445/418 455/446/419 454/447/420
f 448/448/421 456/449/422 455/446/419
f 449/450/423 457/451/424 456/449/422
f 451/452/425 457/451/424 450/453/426
f 452/454/427 458/455/428 451/452/425
f 453/456/429 459/457/430 452/454/427
f 454/447/420 462/458/431 461/459/432
f 455/446/419 463/460/433 462/458/431
f 456/449/422 464/461/434 463/460/433
f 458/455/428 464/461/434 457/451/424
f 459/457/430 465/462/435 458/455/428
f 460/463/436 466/464/437 459/457/430
f 461/459/432 469/465/438 468/466/439
f 462/458/431 470/467/440 469/465/438
f 463/460/433 471/468/441 470/467/440
f 465/462/435 471/468/441 464/461/434
f 466/464/437 472/469/442 465/462/435
f 467/470/443 473/471/444 466/464/437
f 468/466/439 476/472/445 475/473/446
f 469/465/438 477/474/447 476/472/445
f 470/467/440 478/475/448 477/474/447
f 472/469/442 478/475/448 471/468/441
f 473/471/444 479/476/449 472/469/442
f 474/477/450 480/478/451 473/471/444
f 475/473/446 483/479/452 482/480/453
f 476/472/445 484/481/454 483/479/452
f 477/474/447 485/482/455 484/481/454
f 479/476/449 485/482/455 478/475/448
f 480/478/451 486/483/456 479/476/449
f 481/484/457 487/485/458 480/478/451
f 482/480/453 490/486/459 489/487/460
f 483/479/452 491/488/461 490/486/459
f 484/481/454 492/489/462 491/488/461
f 486/483/456 492/489/462 485/482/455
f 487/485/458 493/490/463 486/483/456
f 488/491/464 494/492/465 487/485/458
f 3/342/333 447/445/418 131/493/466
f 97/343/334 448/448/421 447/445/418
f 98/373/364 449/450/423 448/448/421
f 99/372/363 450/453/426 449/450/423
f 101/370/361 450/453/426 100/371/362
f 102/369/360 451/452/425 101/370/361
f 103/368/359 452/454/427 102/369/360
f 1/367/358 453/456/429 103/368/359
f 132/494/467 460/463/436 453/456/429
f 133/495/468 467/470/443 460/463/436
f 134/496/469 474/477/450 467/470/443
f 135/497/470 481/484/457 474/477/450
f 136/498/471 488/491/464 481/484/457
f 137/499/472 495/500/473 488/491/464
f 138/501/474 19/502/50 495/500/473
f 495/500/473 18/503/80 494/492/465
f 494/492/465 17/504/79 493/490/463
f 493/490/463 16/505/78 492/489/462
f 491/488/461 16/505/78 15/506/77
f 490/486/459 15/506/77 14/507/76
f 489/487/460 14/507/76 13/508/75
f 125/509/475 13/508/75 9/510/74
f 126/511/476 489/487/460 125/509/475
f 127/512/477 482/480/453 126/511/476
f 128/513/478 475/473/446 127/512/477
f 129/514/479 468/466/439 128/513/478
f 130/515/480 461/459/432 129/514/479
f 131/493/466 454/447/420 130/515/480
f 496/516/481 504/517/482 503/518/483
f 497/519/484 505/520/485 504/517/482
f 498/521/486 506/522/487 505/520/485
f 500/523/488 506/522/487 499/524/489
f 501/525/490 507/526/491 500/523/488
f 502/527/492 508/528/493 501/525/490
f 503/518/483 511/529/494 510/530/495
f 504/517/482 512/531/496 511/529/494
f 505/520/485 513/532/497 512/531/496
f 507/526/491 513/532/497 506/522/487
f 508/528/493 514/533/498 507/526/491
f 509/534/499 515/535/500 508/528/493
f 510/530/495 518/536/501 517/537/502
f 511/529/494 519/538/503 518/536/501
f 512/531/496 520/539/504 519/538/503
f 514/533/498 520/539/504 513/532/497
f 515/535/500 521/540/505 514/533/498
f 516/541/506 522/542/507 515/535/500
f 517/537/502 525/543/508 524/544/509
f 518/536/501 526/545/510 525/543/508
f 519/538/503 527/546/511 526/545/510
f 521/540/505 527/546/511 520/539/504
f 522/542/507 528/547/512 521/540/505
f 523/548/513 529/549/514 522/542/507
f 524/544/509 532/550/515 531/551/516
f 525/543/508 533/552/517 532/550/515
f 526/545/510 534/553/518 533/552/517
f 528/547/512 534/553/518 527/546/511
f 529/549/514 535/554/519 528/547/512
f 530/555/520 536/556/521 529/549/514
f 531/551/516 539/557/522 538/558/523
f 532/550/515 540/559/524 539/557/522
f 533/552/517 541/560/525 540/559/524
f 535/554/519 541/560/525 534/553/518
f 536/556/521 542/561/526 535/554/519
f 537/562/527 543/563/528 536/556/521
f 7/351/342 496/516/481 145/564/529
f 104/350/341 497/519/484 496/516/481
f 105/349/340 498/521/486 497/519/484
f 106/347/338 499/524/489 498/521/486
f 108/346/337 499/524/489 107/348/339
f 109/345/336 500/523/488 108/346/337
f 110/344/335 501/525/490 109/345/336
f 3/342/333 502/527/492 110/344/335
f 131/493/466 509/534/499 502/527/492
f 130/515/480 516/541/506 509/534/499
f 129/514/479 523/548/513 516/541/506
f 128/513/478 530/555/520 523/548/513
f 127/512/477 537/562/527 530/555/520
f 126/511/476 544/565/530 537/562/527
f 125/509/475 47/566/129 544/565/530
f 544/565/530 46/567/151 543/563/528
f 543/563/528 45/568/150 542/561/526
f 542/561/526 44/569/149 541/560/525
f 540/559/524 44/569/149 43/570/148
f 539/557/522 43/570/148 42/571/147
f 538/558/523 42/571/147 41/572/146
f 139/573/531 41/572/146 11/145/145
f 140/574/532 538/558/523 139/573/531
f 141/575/533 531/551/516 140/574/532
f 142/576/534 524/544/509 141/575/533
f 143/577/535 517/537/502 142/576/534
f 144/578/536 510/530/495 143/577/535
f 145/564/529 503/518/483 144/578/536
f 545/579/537 553/580/538 552/581/539
f 546/582/540 554/583/541 553/580/538
f 547/584/542 555/585/543 554/583/541
f 549/586/544 555/585/543 548/587/545
f 550/588/546 556/589/547 549/586/544
f 551/590/548 557/591/549 550/588/546
f 552/581/539 560/592/550 559/593/551
f 553/580/538 561/594/552 560/592/550
f 554/583/541 562/595/553 561/594/552
f 556/589/547 562/595/553 555/585/543
f 557/591/549 563/596/554 556/589/547
f 558/597/555 564/598/556 557/591/549
f 559/593/551 567/599/557 566/600/558
f 560/592/550 568/601/559 567/599/557
f 561/594/552 569/602/560 568/601/559
f 563/596/554 569/602/560 562/595/553
f 564/598/556 570/603/561 563/596/554
f 565/604/562 571/605/563 564/598/556
f 566/600/558 574/606/564 573/607/565
f 567/599/557 575/608/566 574/606/564
f 568/601/559 576/609/567 575/608/566
f 570/603/561 576/609/567 569/602/560
f 571/605/563 577/610/568 570/603/561
f 572/611/569 578/612/570 571/605/563
f 573/607/565 581/613/571 580/614/572
f 574/606/564 582/615/573 581/613/571
f 575/608/566 583/616/574 582/615/573
f 577/610/568 583/616/574 576/609/567
f 578/612/570 584/617/575 577/610/568
f 579/618/576 585/619/577 578/612/570
f 580/614/572 588/620/578 587/621/579
f 581/613/571 589/622/580 588/620/578
f 582/615/573 590/623/581 589/622/580
f 584/617/575 590/623/581 583/616/574
f 585/619/577 591/624/582 584/617/575
f 586/625/583 592/626/584 585/619/577
f 5/359/350 545/579/537 152/627/585
f 111/358/349 546/582/540 545/579/537
f 112/357/348 547/584/542 546/582/540
f 113/356/347 548/587/545 547/584/542
f 115/354/345 548/587/545 114/628/586
f 116/353/344 549/586/544 115/354/345
f 117/352/343 550/588/546 116/353/344
f 7/351/342 551/590/548 117/352/343
f 145/564/529 558/597/555 551/590/548
f 144/578/536 565/604/562 558/597/555
f 143/577/535 572/611/569 565/604/562
f 142/576/534 579/618/576 572/611/569
f 141/575/533 586/625/583 579/618/576
f 140/574/532 593/629/587 586/625/583
f 139/573/531 68/200/200 593/629/587
f 593/629/587 67/222/222 592/626/584
f 592/626/584 66/221/221 591/624/582
f 591/624/582 65/220/220 590/623/581
f 589/622/580 65/220/220 64/219/219
f 588/620/578 64/219/219 63/218/218
f 587/621/579 63/218/218 62/217/217
f 146/630/588 62/217/217 12/216/216
f 147/631/589 587/621/579 146/630/588
f 148/632/590 580/614/572 147/631/589
f 149/633/591 573/607/565 148/632/590
f 150/634/592 566/600/558 149/633/591
f 151/635/593 559/593/551 150/634/592
f 152/627/585 552/581/539 151/635/593
f 594/636/594 602/637/595 601/638/596
f 595/639/597 603/640/598 602/637/595
f 596/641/599 604/642/600 603/640/598
f 598/643/601 604/642/600 597/644/602
f 599/645/603 605/646/604 598/643/601
f 600/647/605 606/648/606 599/645/603
f 601/638/596 609/649/607 608/650/608
f 602/637/595 610/651/609 609/649/607
f 603/640/598 611/652/610 610/651/609
f 605/646/604 611/652/610 604/642/600
f 606/648/606 612/653/611 605/646/604
f 607/654/612 613/655/613 606/648/606
f 608/650/608 616/656/614 615/657/615
f 609/649/607 617/658/616 616/656/614
f 610/651/609 618/659/617 617/658/616
f 612/653/611 618/659/617 611/652/610
f 613/655/613 619/660/618 612/653/611
f 614/661/619 620/662/620 613/655/613
f 615/657/615 623/663/621 622/664/622
f 616/656/614 624/665/623 623/663/621
f 617/658/616 625/666/624 624/665/623
f 619/660/618 625/666/624 618/659/617
f 620/662/620 626/667/625 619/660/618
f 621/668/626 627/669/627 620/662/620
f 622/664/622 630/670/628 629/671/629
f 623/663/621 631/672/630 630/670/628
f 624/665/623 632/673/631 631/672/630
f 626/667/625 632/673/631 625/666/624
f 627/669/627 633/674/632 626/667/625
f 628/675/633 634/676/634 627/669/627
f 629/671/629 637/677/635 636/678/636
f 630/670/628 638/679/637 637/677/635
f 631/672/630 639/680/638 638/679/637
f 633/674/632 639/680/638 632/673/631
f 634/676/634 640/681/639 633/674/632
f 635/682/640 641/683/641 634/676/634
f 1/367/358 594/636/594 132/494/467
f 118/366/357 595/639/597 594/636/594
f 119/365/356 596/641/599 595/639/597
f 120/364/355 597/644/602 596/641/599
f 122/362/353 597/644/602 121/363/354
f 123/361/352 598/643/601 122/362/353
f 124/360/351 599/645/603 123/361/352
f 5/359/350 600/647/605 124/360/351
f 152/627/585 607/654/612 600/647/605
f 151/635/593 614/661/619 607/654/612
f 150/634/592 621/668/626 614/661/619
f 149/633/591 628/675/633 621/668/626
f 148/632/590 635/682/640 628/675/633
f 147/631/589 642/684/642 635/682/640
f 146/630/588 89/685/271 642/684/642
f 642/684/642 88/686/284 641/683/641
f 641/683/641 87/687/283 640/681/639
f 640/681/639 86/688/282 639/680/638
f 638/679/637 86/688/282 85/689/281
f 637/677/635 85/689/281 84/690/280
f 636/678/636 84/690/280 83/691/279
f 138/501/474 83/691/279 10/692/49
f 137/499/472 636/678/636 138/501/474
f 136/498/471 629/671/629 137/499/472
f 135/497/470 622/664/622 136/498/471
f 134/496/469 615/657/615 135/497/470
f 133/495/468 608/650/608 134/496/469
f 132/494/467 601/638/596 133/495/468
f 646/425/643 655/378/644 656/423/645
f 1116/693/646 724/694/647 649/695/648
f 950/696/649 1124/697/650 663/698/651
f 646/425/643 657/699/652 647/700/653
f 1117/701/654 649/695/648 650/702/655
f 647/700/653 658/703/656 1120/704/657
f 643/705/658 650/702/655 651/706/659
f 1120/704/657 659/707/660 648/708/661
f 1118/440/662 651/706/659 652/441/663
f 648/708/661 660/709/664 1121/710/665
f 644/412/666 652/441/663 653/410/667
f 1121/710/665 661/711/668 1122/712/669
f 1119/397/670 653/410/667 654/396/671
f 1122/712/669 662/713/672 1123/714/673
f 645/380/674 654/396/671 655/378/644
f 1123/714/673 663/698/651 1124/697/650
f 655/378/644 669/394/675 670/375/676
f 662/713/672 678/715/677 663/698/651
f 656/423/645 670/375/676 671/424/678
f 649/695/648 724/716/647 664/717/679
f 950/718/649 663/698/651 678/715/677
f 656/423/645 672/719/680 657/699/652
f 650/702/655 664/717/679 665/720/681
f 657/699/652 673/721/682 658/703/656
f 651/706/659 665/720/681 666/722/683
f 658/703/656 674/723/684 659/707/660
f 652/441/663 666/722/683 667/442/685
f 659/707/660 675/724/686 660/709/664
f 653/410/667 667/442/685 668/409/687
f 660/709/664 676/725/688 661/711/668
f 654/396/671 668/409/687 669/394/675
f 661/711/668 677/726/689 662/713/672
f 673/721/682 689/727/690 674/723/684
f 667/442/685 681/728/691 682/443/692
f 674/723/684 690/729/693 675/724/686
f 668/409/687 682/443/692 683/408/694
f 675/724/686 691/730/695 676/725/688
f 669/394/675 683/408/694 684/395/696
f 676/725/688 692/731/697 677/726/689
f 670/375/676 684/395/696 685/376/698
f 677/726/689 693/732/699 678/715/677
f 671/424/678 685/376/698 686/422/700
f 664/717/679 724/733/647 679/734/701
f 950/735/649 678/715/677 693/732/699
f 671/424/678 687/736/702 672/719/680
f 665/720/681 679/734/701 680/737/703
f 672/719/680 688/738/704 673/721/682
f 666/722/683 680/737/703 681/728/691
f 692/731/697 708/60/705 693/732/699
f 686/422/700 700/202/706 701/137/707
f 679/734/701 724/739/647 694/277/708
f 950/740/649 693/732/699 708/60/705
f 686/422/700 702/135/709 687/736/702
f 680/737/703 694/277/708 695/741/710
f 687/736/702 703/742/711 688/738/704
f 681/728/691 695/741/710 696/273/712
f 688/738/704 704/131/713 689/727/690
f 682/443/692 696/273/712 697/208/714
f 689/727/690 705/66/715 690/729/693
f 683/408/694 697/208/714 698/206/716
f 690/729/693 706/64/717 691/730/695
f 684/395/696 698/206/716 699/444/718
f 691/730/695 707/743/719 692/731/697
f 685/376/698 699/444/718 700/202/706
f 697/208/714 711/744/720 712/745/721
f 704/131/713 720/67/722 705/66/715
f 698/206/716 712/745/721 713/746/723
f 705/66/715 721/41/724 706/64/717
f 699/444/718 713/746/723 714/747/725
f 706/64/717 722/62/726 707/743/719
f 700/202/706 714/747/725 715/748/727
f 707/743/719 723/19/728 708/60/705
f 701/137/707 715/748/727 716/749/729
f 694/277/708 724/750/647 709/263/730
f 950/751/649 708/60/705 723/19/728
f 701/137/707 717/752/731 702/135/709
f 695/741/710 709/263/730 710/275/732
f 702/135/709 718/133/733 703/742/711
f 696/273/712 710/275/732 711/744/720
f 703/742/711 719/99/734 704/131/713
f 716/749/729 731/753/735 732/754/736
f 709/263/730 724/755/647 725/262/737
f 950/756/649 723/19/728 739/13/738
f 716/749/729 733/757/739 717/752/731
f 710/275/732 725/262/737 726/249/740
f 717/752/731 734/107/741 718/133/733
f 711/744/720 726/249/740 727/758/742
f 718/133/733 735/93/743 719/99/734
f 712/745/721 727/758/742 728/759/744
f 719/99/734 736/68/745 720/67/722
f 713/746/723 728/759/744 729/760/746
f 720/67/722 737/40/747 721/41/724
f 714/747/725 729/760/746 730/761/748
f 721/41/724 738/27/749 722/62/726
f 715/748/727 730/761/748 731/753/735
f 722/62/726 739/13/738 723/19/728
f 735/93/743 751/69/750 736/68/745
f 729/760/746 743/762/751 744/763/752
f 736/68/745 752/39/753 737/40/747
f 730/761/748 744/763/752 745/764/754
f 737/40/747 753/25/755 738/27/749
f 731/753/735 745/764/754 746/765/756
f 738/27/749 754/11/757 739/13/738
f 732/754/736 746/765/756 747/766/758
f 725/262/737 724/767/647 740/261/759
f 950/768/649 739/13/738 754/11/757
f 732/754/736 748/769/760 733/757/739
f 726/249/740 740/261/759 741/247/761
f 733/757/739 749/105/762 734/107/741
f 727/758/742 741/247/761 742/770/763
f 734/107/741 750/91/764 735/93/743
f 728/759/744 742/770/763 743/762/751
f 950/771/649 754/11/757 769/9/765
f 747/766/758 763/772/766 748/769/760
f 741/247/761 755/260/767 756/246/768
f 748/769/760 764/104/769 749/105/762
f 742/770/763 756/246/768 757/773/770
f 749/105/762 765/89/771 750/91/764
f 743/762/751 757/773/770 758/774/772
f 750/91/764 766/70/773 751/69/750
f 744/763/752 758/774/772 759/775/774
f 751/69/750 767/38/775 752/39/753
f 745/764/754 759/775/774 760/776/776
f 752/39/753 768/24/777 753/25/755
f 746/765/756 760/776/776 761/777/778
f 753/25/755 769/9/765 754/11/757
f 747/766/758 761/777/778 762/778/779
f 740/261/759 724/779/647 755/260/767
f 767/38/775 781/71/780 782/37/781
f 759/775/774 775/780/782 760/776/776
f 768/24/777 782/37/781 783/23/783
f 760/776/776 776/781/784 761/777/778
f 769/9/765 783/23/783 784/7/785
f 761/777/778 777/782/786 762/778/779
f 755/260/767 724/783/647 770/259/787
f 950/784/649 769/9/765 784/7/785
f 763/772/766 777/782/786 778/785/788
f 755/260/767 771/245/789 756/246/768
f 764/104/769 778/785/788 779/103/790
f 756/246/768 772/786/791 757/773/770
f 765/89/771 779/103/790 780/87/792
f 757/773/770 773/787/793 758/774/772
f 766/70/773 780/87/792 781/71/780
f 758/774/772 774/788/794 759/775/774
f 770/259/787 786/244/795 771/245/789
f 779/103/790 793/789/796 794/102/797
f 771/245/789 787/790/798 772/786/791
f 780/87/792 794/102/797 795/85/799
f 772/786/791 788/791/800 773/787/793
f 781/71/780 795/85/799 796/72/801
f 773/787/793 789/792/802 774/788/794
f 782/37/781 796/72/801 797/35/803
f 774/788/794 790/793/804 775/780/782
f 783/23/783 797/35/803 798/22/805
f 775/780/782 791/794/806 776/781/784
f 784/7/785 798/22/805 799/5/807
f 776/781/784 792/795/808 777/782/786
f 770/259/787 724/796/647 785/257/809
f 950/797/649 784/7/785 799/5/807
f 778/785/788 792/795/808 793/789/796
f 789/792/802 805/798/810 790/793/804
f 798/22/805 812/36/811 813/21/812
f 790/793/804 806/799/813 791/794/806
f 799/5/807 813/21/812 814/2/814
f 791/794/806 807/800/815 792/795/808
f 785/257/809 724/801/647 800/258/816
f 950/802/649 799/5/807 814/2/814
f 793/789/796 807/800/815 808/803/817
f 785/257/809 801/243/818 786/244/795
f 794/102/797 808/803/817 809/101/819
f 786/244/795 802/804/820 787/790/798
f 795/85/799 809/101/819 810/82/821
f 787/790/798 803/805/822 788/791/800
f 796/72/801 810/82/821 811/73/823
f 788/791/800 804/806/824 789/792/802
f 797/35/803 811/73/823 812/36/811
f 809/101/819 823/147/825 824/149/826
f 801/243/818 817/293/827 802/804/820
f 810/82/821 824/149/826 825/151/828
f 802/804/820 818/216/829 803/805/822
f 811/73/823 825/151/828 826/74/830
f 803/805/822 819/807/831 804/806/824
f 812/36/811 826/74/830 827/76/832
f 804/806/824 820/808/833 805/798/810
f 813/21/812 827/76/832 828/78/834
f 805/798/810 821/809/835 806/799/813
f 814/2/814 828/78/834 829/80/836
f 806/799/813 822/145/837 807/800/815
f 800/258/816 724/810/647 815/289/838
f 950/811/649 814/2/814 829/80/836
f 808/803/817 822/145/837 823/147/825
f 800/258/816 816/291/839 801/243/818
f 828/78/834 842/812/840 843/813/841
f 820/808/833 836/814/842 821/809/835
f 829/80/836 843/813/841 844/815/843
f 821/809/835 837/572/844 822/145/837
f 815/289/838 724/816/647 830/817/845
f 950/818/649 829/80/836 844/815/843
f 823/147/825 837/572/844 838/819/846
f 815/289/838 831/820/847 816/291/839
f 824/149/826 838/819/846 839/821/848
f 816/291/839 832/822/849 817/293/827
f 825/151/828 839/821/848 840/823/850
f 817/293/827 833/685/851 818/216/829
f 826/74/830 840/823/850 841/824/852
f 818/216/829 834/825/853 819/807/831
f 827/76/832 841/824/852 842/812/840
f 819/807/831 835/826/854 820/808/833
f 831/820/847 847/827/855 832/822/849
f 840/823/850 854/828/856 855/829/857
f 832/822/849 848/686/858 833/685/851
f 841/824/852 855/829/857 856/830/859
f 833/685/851 849/831/860 834/825/853
f 842/812/840 856/830/859 857/832/861
f 834/825/853 850/833/862 835/826/854
f 843/813/841 857/832/861 858/834/863
f 835/826/854 851/835/864 836/814/842
f 844/815/843 858/834/863 859/836/865
f 836/814/842 852/571/866 837/572/844
f 830/817/845 724/837/647 845/838/867
f 950/839/649 844/815/843 859/836/865
f 838/819/846 852/571/866 853/840/868
f 830/817/845 846/841/869 831/820/847
f 839/821/848 853/840/868 854/828/856
f 850/833/862 866/842/870 851/835/864
f 859/836/865 873/843/871 874/844/872
f 851/835/864 867/570/873 852/571/866
f 845/838/867 724/845/647 860/846/874
f 950/847/649 859/836/865 874/844/872
f 853/840/868 867/570/873 868/848/875
f 845/838/867 861/849/876 846/841/869
f 854/828/856 868/848/875 869/850/877
f 846/841/869 862/851/878 847/827/855
f 855/829/857 869/850/877 870/852/879
f 847/827/855 863/687/880 848/686/858
f 856/830/859 870/852/879 871/853/881
f 848/686/858 864/854/882 849/831/860
f 857/832/861 871/853/881 872/855/883
f 849/831/860 865/856/884 850/833/862
f 858/834/863 872/855/883 873/843/871
f 870/852/879 884/857/885 885/858/886
f 862/851/878 878/688/887 863/687/880
f 871/853/881 885/858/886 886/859/888
f 863/687/880 879/860/889 864/854/882
f 872/855/883 886/859/888 887/861/890
f 864/854/882 880/317/891 865/856/884
f 873/843/871 887/861/890 888/862/892
f 865/856/884 881/863/893 866/842/870
f 874/844/872 888/862/892 889/864/894
f 866/842/870 882/569/895 867/570/873
f 860/846/874 724/865/647 875/866/896
f 950/867/649 874/844/872 889/864/894
f 868/848/875 882/569/895 883/868/897
f 860/846/874 876/869/898 861/849/876
f 869/850/877 883/868/897 884/857/885
f 861/849/876 877/870/899 862/851/878
f 888/862/892 904/871/900 889/864/894
f 882/569/895 896/872/901 897/568/902
f 875/866/896 724/873/647 890/874/903
f 950/875/649 889/864/894 904/871/900
f 882/569/895 898/876/904 883/868/897
f 876/869/898 890/874/903 891/877/905
f 883/868/897 899/878/906 884/857/885
f 877/870/899 891/877/905 892/879/907
f 884/857/885 900/880/908 885/858/886
f 878/688/887 892/879/907 893/689/909
f 885/858/886 901/881/910 886/859/888
f 879/860/889 893/689/909 894/882/911
f 886/859/888 902/883/912 887/861/890
f 880/317/891 894/882/911 895/884/913
f 887/861/890 903/885/914 888/862/892
f 881/863/893 895/884/913 896/872/901
f 900/880/908 916/886/915 901/881/910
f 894/882/911 908/690/916 909/887/917
f 901/881/910 917/888/918 902/883/912
f 895/884/913 909/887/917 910/889/919
f 902/883/912 918/890/920 903/885/914
f 896/872/901 910/889/919 911/891/921
f 903/885/914 919/892/922 904/871/900
f 897/568/902 911/891/921 912/567/923
f 890/874/903 724/893/647 905/894/924
f 950/895/649 904/871/900 919/892/922
f 897/568/902 913/896/925 898/876/904
f 891/877/905 905/894/924 906/897/926
f 898/876/904 914/898/927 899/878/906
f 892/879/907 906/897/926 907/899/928
f 899/878/906 915/900/929 900/880/908
f 893/689/909 907/899/928 908/690/916
f 905/894/924 724/901/647 920/902/930
f 950/903/649 919/892/922 934/904/931
f 912/567/923 928/905/932 913/896/925
f 906/897/926 920/902/930 921/906/933
f 913/896/925 929/907/934 914/898/927
f 907/899/928 921/906/933 922/908/935
f 914/898/927 930/909/936 915/900/929
f 908/690/916 922/908/935 923/691/937
f 915/900/929 931/910/938 916/886/915
f 909/887/917 923/691/937 924/911/939
f 916/886/915 932/912/940 917/888/918
f 910/889/919 924/911/939 925/913/941
f 917/888/918 933/914/942 918/890/920
f 911/891/921 925/913/941 926/915/943
f 918/890/920 934/904/931 919/892/922
f 912/567/923 926/915/943 927/566/944
f 924/911/939 938/692/945 939/503/946
f 931/910/938 947/916/947 932/912/940
f 925/913/941 939/503/946 940/505/948
f 932/912/940 948/917/949 933/914/942
f 926/915/943 940/505/948 941/507/950
f 933/914/942 949/918/951 934/904/931
f 927/566/944 941/507/950 942/510/952
f 920/902/930 724/919/647 935/920/953
f 950/921/649 934/904/931 949/918/951
f 927/566/944 943/922/954 928/905/932
f 921/906/933 935/920/953 936/923/955
f 928/905/932 944/924/956 929/907/934
f 922/908/935 936/923/955 937/925/957
f 929/907/934 945/926/958 930/909/936
f 923/691/937 937/925/957 938/692/945
f 930/909/936 946/927/959 931/910/938
f 942/510/952 959/928/960 943/922/954
f 936/923/955 951/929/961 952/930/962
f 943/922/954 960/931/963 944/924/956
f 937/925/957 952/930/962 953/932/964
f 944/924/956 961/933/965 945/926/958
f 938/692/945 953/932/964 954/934/966
f 945/926/958 962/935/967 946/927/959
f 939/503/946 954/934/966 955/936/968
f 946/927/959 963/937/969 947/916/947
f 940/505/948 955/936/968 956/938/970
f 947/916/947 964/939/971 948/917/949
f 941/507/950 956/938/970 957/940/972
f 948/917/949 965/941/973 949/918/951
f 942/510/952 957/940/972 958/942/974
f 935/920/953 724/943/647 951/929/961
f 950/944/649 949/918/951 965/941/973
f 962/935/967 978/945/975 963/937/969
f 956/938/970 970/946/976 971/947/977
f 963/937/969 979/948/978 964/939/971
f 957/940/972 971/947/977 972/949/979
f 964/939/971 980/950/980 965/941/973
f 958/942/974 972/949/979 973/951/981
f 951/929/961 724/952/647 966/953/982
f 950/954/649 965/941/973 980/950/980
f 958/942/974 974/955/983 959/928/960
f 952/930/962 966/953/982 967/956/984
f 959/928/960 975/957/985 960/931/963
f 953/932/964 967/956/984 968/958/986
f 960/931/963 976/959/987 961/933/965
f 954/934/966 968/958/986 969/960/988
f 961/933/965 977/961/989 962/935/967
f 955/936/968 969/960/988 970/946/976
f 967/956/984 981/962/990 982/963/991
f 974/955/983 990/964/992 975/957/985
f 968/958/986 982/963/991 983/965/993
f 975/957/985 991/966/994 976/959/987
f 969/960/988 983/965/993 984/967/995
f 976/959/987 992/968/996 977/961/989
f 970/946/976 984/967/995 985/969/997
f 977/961/989 993/970/998 978/945/975
f 971/947/977 985/969/997 986/971/999
f 978/945/975 994/972/1000 979/948/978
f 972/949/979 986/971/999 987/973/1001
f 979/948/978 995/974/1002 980/950/980
f 973/951/981 987/973/1001 988/975/1003
f 966/953/982 724/976/647 981/962/990
f 950/977/649 980/950/980 995/974/1002
f 973/951/981 989/978/1004 974/955/983
f 986/971/999 1000/979/1005 1001/980/1006
f 993/970/998 1009/981/1007 994/972/1000
f 987/973/1001 1001/980/1006 1002/982/1008
f 994/972/1000 1010/983/1009 995/974/1002
f 988/975/1003 1002/982/1008 1003/984/1010
f 981/962/990 724/985/647 996/986/1011
f 950/987/649 995/974/1002 1010/983/1009
f 988/975/1003 1004/988/1012 989/978/1004
f 982/963/991 996/986/1011 997/989/1013
f 989/978/1004 1005/990/1014 990/964/992
f 983/965/993 997/989/1013 998/991/1015
f 990/964/992 1006/992/1016 991/966/994
f 984/967/995 998/991/1015 999/993/1017
f 991/966/994 1007/994/1018 992/968/996
f 985/969/997 999/993/1017 1000/979/1005
f 992/968/996 1008/995/1019 993/970/998
f 1005/996/1014 1019/997/1020 1020/998/1021
f 997/999/1013 1013/1000/1022 998/1001/1015
f 1006/1002/1016 1020/998/1021 1021/1003/1023
f 998/1001/1015 1014/1004/1024 999/1005/1017
f 1007/1006/1018 1021/1003/1023 1022/1007/1025
f 999/1005/1017 1015/1008/1026 1000/1009/1005
f 1008/1010/1019 1022/1007/1025 1023/1011/1027
f 1000/1009/1005 1016/1012/1028 1001/1013/1006
f 1009/1014/1007 1023/1011/1027 1024/1015/1029
f 1001/1013/1006 1017/1016/1030 1002/1017/1008
f 1010/1018/1009 1024/1015/1029 1025/1019/1031
f 1002/1017/1008 1018/1020/1032 1003/1021/1010
f 996/1022/1011 724/1023/647 1011/1024/1033
f 950/1025/649 1010/1018/1009 1025/1019/1031
f 1004/1026/1012 1018/1020/1032 1019/997/1020
f 996/1022/1011 1012/1027/1034 997/999/1013
f 1024/1015/1029 1038/1028/1035 1039/1029/1036
f 1016/1012/1028 1032/1030/1037 1017/1016/1030
f 1025/1019/1031 1039/1029/1036 1040/1031/1038
f 1017/1016/1030 1033/1032/1039 1018/1020/1032
f 1011/1024/1033 724/1033/647 1026/1034/1040
f 950/1035/649 1025/1019/1031 1040/1031/1038
f 1019/997/1020 1033/1032/1039 1034/1036/1041
f 1011/1024/1033 1027/1037/1042 1012/1027/1034
f 1020/998/1021 1034/1036/1041 1035/1038/1043
f 1012/1027/1034 1028/1039/1044 1013/1000/1022
f 1021/1003/1023 1035/1038/1043 1036/1040/1045
f 1013/1000/1022 1029/1041/1046 1014/1004/1024
f 1022/1007/1025 1036/1040/1045 1037/1042/1047
f 1014/1004/1024 1030/1043/1048 1015/1008/1026
f 1023/1011/1027 1037/1042/1047 1038/1028/1035
f 1015/1008/1026 1031/1044/1049 1016/1012/1028
f 1036/1040/1045 1050/1045/1050 1051/1046/1051
f 1028/1039/1044 1044/1047/1052 1029/1041/1046
f 1037/1042/1047 1051/1046/1051 1052/1048/1053
f 1029/1041/1046 1045/1049/1054 1030/1043/1048
f 1038/1028/1035 1052/1048/1053 1053/1050/1055
f 1030/1043/1048 1046/1051/1056 1031/1044/1049
f 1039/1029/1036 1053/1050/1055 1054/1052/1057
f 1031/1044/1049 1047/1053/1058 1032/1030/1037
f 1040/1031/1038 1054/1052/1057 1055/1054/1059
f 1032/1030/1037 1048/1055/1060 1033/1032/1039
f 1026/1034/1040 724/1056/647 1041/1057/1061
f 950/1058/649 1040/1031/1038 1055/1054/1059
f 1034/1036/1041 1048/1055/1060 1049/1059/1062
f 1026/1034/1040 1042/1060/1063 1027/1037/1042
f 1035/1038/1043 1049/1059/1062 1050/1045/1050
f 1027/1037/1042 1043/1061/1064 1028/1039/1044
f 1055/1054/1059 1069/1062/1065 1070/1063/1066
f 1047/1053/1058 1063/429/1067 1048/1055/1060
f 1041/1057/1061 724/1064/647 1056/1065/1068
f 950/1066/649 1055/1054/1059 1070/1063/1066
f 1049/1059/1062 1063/429/1067 1064/1067/1069
f 1041/1057/1061 1057/1068/1070 1042/1060/1063
f 1050/1045/1050 1064/1067/1069 1065/1069/1071
f 1042/1060/1063 1058/1070/1072 1043/1061/1064
f 1051/1046/1051 1065/1069/1071 1066/1071/1073
f 1043/1061/1064 1059/436/1074 1044/1047/1052
f 1052/1048/1053 1066/1071/1073 1067/1072/1075
f 1044/1047/1052 1060/1073/1076 1045/1049/1054
f 1053/1050/1055 1067/1072/1075 1068/1074/1077
f 1045/1049/1054 1061/432/1078 1046/1051/1056
f 1054/1052/1057 1068/1074/1077 1069/1062/1065
f 1046/1051/1056 1062/1075/1079 1047/1053/1058
f 1058/1070/1072 1074/437/1080 1059/436/1074
f 1067/1072/1075 1081/1076/1081 1082/1077/1082
f 1059/436/1074 1075/414/1083 1060/1073/1076
f 1068/1074/1077 1082/1077/1082 1083/1078/1084
f 1060/1073/1076 1076/433/1085 1061/432/1078
f 1069/1062/1065 1083/1078/1084 1084/1079/1086
f 1061/432/1078 1077/392/1087 1062/1075/1079
f 1070/1063/1066 1084/1079/1086 1085/1080/1088
f 1062/1075/1079 1078/427/1089 1063/429/1067
f 1056/1065/1068 724/1081/647 1071/1082/1090
f 950/1083/649 1070/1063/1066 1085/1080/1088
f 1064/1067/1069 1078/427/1089 1079/1084/1091
f 1056/1065/1068 1072/1085/1092 1057/1068/1070
f 1065/1069/1071 1079/1084/1091 1080/1086/1093
f 1057/1068/1070 1073/1087/1094 1058/1070/1072
f 1066/1071/1073 1080/1086/1093 1081/1076/1081
f 1077/392/1087 1093/428/1095 1078/427/1089
f 1071/1082/1090 724/1088/647 1086/1089/1096
f 950/1090/649 1085/1080/1088 1100/1091/1097
f 1079/1084/1091 1093/428/1095 1094/1092/1098
f 1071/1082/1090 1087/1093/1099 1072/1085/1092
f 1080/1086/1093 1094/1092/1098 1095/1094/1100
f 1072/1085/1092 1088/1095/1101 1073/1087/1094
f 1081/1076/1081 1095/1094/1100 1096/1096/1102
f 1073/1087/1094 1089/438/1103 1074/437/1080
f 1082/1077/1082 1096/1096/1102 1097/1097/1104
f 1074/437/1080 1090/413/1105 1075/414/1083
f 1083/1078/1084 1097/1097/1104 1098/1098/1106
f 1075/414/1083 1091/400/1107 1076/433/1085
f 1084/1079/1086 1098/1098/1106 1099/1099/1108
f 1076/433/1085 1092/386/1109 1077/392/1087
f 1085/1080/1088 1099/1099/1108 1100/1091/1097
f 1097/1097/1104 1111/1100/1110 1112/1101/1111
f 1089/438/1103 1105/411/1112 1090/413/1105
f 1098/1098/1106 1112/1101/1111 1113/1102/1113
f 1090/413/1105 1106/398/1114 1091/400/1107
f 1099/1099/1108 1113/1102/1113 1114/1103/1115
f 1091/400/1107 1107/384/1116 1092/386/1109
f 1100/1091/1097 1114/1103/1115 1115/1104/1117
f 1092/386/1109 1108/426/1118 1093/428/1095
f 1086/1089/1096 724/1105/647 1101/1106/1119
f 950/1107/649 1100/1091/1097 1115/1104/1117
f 1094/1092/1098 1108/426/1118 1109/1108/1120
f 1086/1089/1096 1102/1109/1121 1087/1093/1099
f 1095/1094/1100 1109/1108/1120 1110/1110/1122
f 1087/1093/1099 1103/1111/1123 1088/1095/1101
f 1096/1096/1102 1110/1110/1122 1111/1100/1110
f 1088/1095/1101 1104/439/1124 1089/438/1103
f 1101/1106/1119 724/1112/647 1116/693/646
f 950/1113/649 1115/1104/1117 1124/697/650
f 1109/1108/1120 646/425/643 647/700/653
f 1101/1106/1119 1117/701/654 1102/1109/1121
f 1110/1110/1122 647/700/653 1120/704/657
f 1102/1109/1121 643/705/658 1103/1111/1123
f 1111/1100/1110 1120/704/657 648/708/661
f 1103/1111/1123 1118/440/662 1104/439/1124
f 1112/1101/1111 648/708/661 1121/710/665
f 1104/439/1124 644/412/666 1105/411/1112
f 1113/1102/1113 1121/710/665 1122/712/669
f 1105/411/1112 1119/397/670 1106/398/1114
f 1114/1103/1115 1122/712/669 1123/714/673
f 1106/398/1114 645/380/674 1107/384/1116
f 1115/1104/1117 1123/714/673 1124/697/650
f 1107/384/1116 646/425/643 1108/426/1118
f 1128/425/643 1137/378/1116 1127/380/1125
f 1598/693/646 1131/695/1126 1206/694/647
f 1432/696/649 1145/698/1117 1606/697/650
f 1139/699/1127 1128/425/643 1129/700/653
f 1599/701/1128 1131/695/1126 1598/693/646
f 1140/703/1129 1129/700/653 1602/704/657
f 1125/705/1130 1132/702/1131 1599/701/1128
f 1141/707/1132 1602/704/657 1130/708/661
f 1600/440/1133 1133/706/1134 1125/705/1130
f 1142/709/1135 1130/708/661 1603/710/665
f 1126/412/1136 1134/441/1137 1600/440/1133
f 1143/711/1138 1603/710/665 1604/712/669
f 1601/397/1139 1135/410/1140 1126/412/1136
f 1144/713/1141 1604/712/669 1605/714/673
f 1127/380/1125 1136/396/1142 1601/397/1139
f 1145/698/1117 1605/714/673 1606/697/650
f 1137/378/1116 1151/394/1107 1136/396/1142
f 1160/715/1143 1144/713/1141 1145/698/1117
f 1138/423/1144 1152/375/1145 1137/378/1116
f 1131/695/1126 1146/717/1096 1206/716/647
f 1432/718/649 1160/715/1143 1145/698/1117
f 1154/719/1146 1138/423/1144 1139/699/1127
f 1132/702/1131 1146/717/1096 1131/695/1126
f 1155/721/1147 1139/699/1127 1140/703/1129
f 1133/706/1134 1147/720/1148 1132/702/1131
f 1156/723/1149 1140/703/1129 1141/707/1132
f 1134/441/1137 1148/722/1150 1133/706/1134
f 1157/724/1151 1141/707/1132 1142/709/1135
f 1135/410/1140 1149/442/1152 1134/441/1137
f 1158/725/1153 1142/709/1135 1143/711/1138
f 1136/396/1142 1150/409/1154 1135/410/1140
f 1159/726/1155 1143/711/1138 1144/713/1141
f 1171/727/1156 1155/721/1147 1156/723/1149
f 1149/442/1152 1163/728/1157 1148/722/1150
f 1172/729/1158 1156/723/1149 1157/724/1151
f 1150/409/1154 1164/443/1159 1149/442/1152
f 1173/730/1160 1157/724/1151 1158/725/1153
f 1151/394/1107 1165/408/1161 1150/409/1154
f 1174/731/1162 1158/725/1153 1159/726/1155
f 1152/375/1145 1166/395/1163 1151/394/1107
f 1175/732/1164 1159/726/1155 1160/715/1143
f 1153/424/1165 1167/376/1166 1152/375/1145
f 1146/717/1096 1161/734/1090 1206/733/647
f 1432/735/649 1175/732/1164 1160/715/1143
f 1169/736/1167 1153/424/1165 1154/719/1146
f 1147/720/1148 1161/734/1090 1146/717/1096
f 1170/738/1168 1154/719/1146 1155/721/1147
f 1148/722/1150 1162/737/1169 1147/720/1148
f 1190/60/1170 1174/731/1162 1175/732/1164
f 1168/422/1171 1182/202/1172 1167/376/1166
f 1161/734/1090 1176/277/1068 1206/739/647
f 1432/740/649 1190/60/1170 1175/732/1164
f 1184/135/1173 1168/422/1171 1169/736/1167
f 1162/737/1169 1176/277/1068 1161/734/1090
f 1185/742/1174 1169/736/1167 1170/738/1168
f 1163/728/1157 1177/741/1175 1162/737/1169
f 1186/131/1176 1170/738/1168 1171/727/1156
f 1164/443/1159 1178/273/1177 1163/728/1157
f 1187/66/1178 1171/727/1156 1172/729/1158
f 1165/408/1161 1179/208/1179 1164/443/1159
f 1188/64/1180 1172/729/1158 1173/730/1160
f 1166/395/1163 1180/206/1181 1165/408/1161
f 1189/743/1182 1173/730/1160 1174/731/1162
f 1167/376/1166 1181/444/1183 1166/395/1163
f 1179/208/1179 1193/744/1184 1178/273/1177
f 1202/67/1185 1186/131/1176 1187/66/1178
f 1180/206/1181 1194/745/1186 1179/208/1179
f 1203/41/1187 1187/66/1178 1188/64/1180
f 1181/444/1183 1195/746/1188 1180/206/1181
f 1204/62/1189 1188/64/1180 1189/743/1182
f 1182/202/1172 1196/747/1190 1181/444/1183
f 1205/19/1191 1189/743/1182 1190/60/1170
f 1183/137/1192 1197/748/1193 1182/202/1172
f 1176/277/1068 1191/263/1061 1206/750/647
f 1432/751/649 1205/19/1191 1190/60/1170
f 1199/752/1194 1183/137/1192 1184/135/1173
f 1177/741/1175 1191/263/1061 1176/277/1068
f 1200/133/1195 1184/135/1173 1185/742/1174
f 1178/273/1177 1192/275/1196 1177/741/1175
f 1201/99/1197 1185/742/1174 1186/131/1176
f 1198/749/1198 1213/753/1037 1197/748/1193
f 1191/263/1061 1207/262/1040 1206/755/647
f 1432/756/649 1221/13/1038 1205/19/1191
f 1215/757/1199 1198/749/1198 1199/752/1194
f 1192/275/1196 1207/262/1040 1191/263/1061
f 1216/107/1200 1199/752/1194 1200/133/1195
f 1193/744/1184 1208/249/1201 1192/275/1196
f 1217/93/1202 1200/133/1195 1201/99/1197
f 1194/745/1186 1209/758/1203 1193/744/1184
f 1218/68/1204 1201/99/1197 1202/67/1185
f 1195/746/1188 1210/759/1205 1194/745/1186
f 1219/40/1206 1202/67/1185 1203/41/1187
f 1196/747/1190 1211/760/1207 1195/746/1188
f 1220/27/1208 1203/41/1187 1204/62/1189
f 1197/748/1193 1212/761/1209 1196/747/1190
f 1221/13/1038 1204/62/1189 1205/19/1191
f 1233/69/1210 1217/93/1202 1218/68/1204
f 1211/760/1207 1225/762/1024 1210/759/1205
f 1234/39/1211 1218/68/1204 1219/40/1206
f 1212/761/1209 1226/763/1212 1211/760/1207
f 1235/25/1213 1219/40/1206 1220/27/1208
f 1213/753/1037 1227/764/1214 1212/761/1209
f 1236/11/1215 1220/27/1208 1221/13/1038
f 1214/754/1216 1228/765/1217 1213/753/1037
f 1207/262/1040 1222/261/1033 1206/767/647
f 1432/768/649 1236/11/1215 1221/13/1038
f 1230/769/1218 1214/754/1216 1215/757/1199
f 1208/249/1201 1222/261/1033 1207/262/1040
f 1231/105/1219 1215/757/1199 1216/107/1200
f 1209/758/1203 1223/247/1220 1208/249/1201
f 1232/91/1221 1216/107/1200 1217/93/1202
f 1210/759/1205 1224/770/1222 1209/758/1203
f 1432/771/649 1251/9/1009 1236/11/1215
f 1245/772/1223 1229/766/1224 1230/769/1218
f 1223/247/1220 1237/260/1011 1222/261/1033
f 1246/104/1225 1230/769/1218 1231/105/1219
f 1224/770/1222 1238/246/1226 1223/247/1220
f 1247/89/1227 1231/105/1219 1232/91/1221
f 1225/762/1024 1239/773/1228 1224/770/1222
f 1248/70/1229 1232/91/1221 1233/69/1210
f 1226/763/1212 1240/774/1230 1225/762/1024
f 1249/38/1231 1233/69/1210 1234/39/1211
f 1227/764/1214 1241/775/1232 1226/763/1212
f 1250/24/1233 1234/39/1211 1235/25/1213
f 1228/765/1217 1242/776/1234 1227/764/1214
f 1251/9/1009 1235/25/1213 1236/11/1215
f 1229/766/1224 1243/777/1235 1228/765/1217
f 1222/261/1033 1237/260/1011 1206/779/647
f 1249/38/1231 1263/71/996 1248/70/1229
f 1257/780/1236 1241/775/1232 1242/776/1234
f 1250/24/1233 1264/37/1237 1249/38/1231
f 1258/781/1238 1242/776/1234 1243/777/1235
f 1251/9/1009 1265/23/1239 1250/24/1233
f 1259/782/1240 1243/777/1235 1244/778/1010
f 1237/260/1011 1252/259/990 1206/783/647
f 1432/784/649 1266/7/1241 1251/9/1009
f 1245/772/1223 1259/782/1240 1244/778/1010
f 1253/245/1242 1237/260/1011 1238/246/1226
f 1246/104/1225 1260/785/1243 1245/772/1223
f 1254/786/1244 1238/246/1226 1239/773/1228
f 1247/89/1227 1261/103/1245 1246/104/1225
f 1255/787/1246 1239/773/1228 1240/774/1230
f 1248/70/1229 1262/87/1247 1247/89/1227
f 1256/788/1248 1240/774/1230 1241/775/1232
f 1268/244/1249 1252/259/990 1253/245/1242
f 1261/103/1245 1275/789/983 1260/785/1243
f 1269/790/1250 1253/245/1242 1254/786/1244
f 1262/87/1247 1276/102/1251 1261/103/1245
f 1270/791/1252 1254/786/1244 1255/787/1246
f 1263/71/996 1277/85/1253 1262/87/1247
f 1271/792/1254 1255/787/1246 1256/788/1248
f 1264/37/1237 1278/72/1255 1263/71/996
f 1272/793/1256 1256/788/1248 1257/780/1236
f 1265/23/1239 1279/35/1257 1264/37/1237
f 1273/794/1258 1257/780/1236 1258/781/1238
f 1266/7/1241 1280/22/1259 1265/23/1239
f 1274/795/1260 1258/781/1238 1259/782/1240
f 1252/259/990 1267/257/1261 1206/796/647
f 1432/797/649 1281/5/1262 1266/7/1241
f 1260/785/1243 1274/795/1260 1259/782/1240
f 1287/798/1263 1271/792/1254 1272/793/1256
f 1280/22/1259 1294/36/969 1279/35/1257
f 1288/799/1264 1272/793/1256 1273/794/1258
f 1281/5/1262 1295/21/1265 1280/22/1259
f 1289/800/1266 1273/794/1258 1274/795/1260
f 1267/257/1261 1282/258/961 1206/801/647
f 1432/802/649 1296/2/1267 1281/5/1262
f 1275/789/983 1289/800/1266 1274/795/1260
f 1283/243/1268 1267/257/1261 1268/244/1249
f 1276/102/1251 1290/803/1269 1275/789/983
f 1284/804/1270 1268/244/1249 1269/790/1250
f 1277/85/1253 1291/101/1271 1276/102/1251
f 1285/805/1272 1269/790/1250 1270/791/1252
f 1278/72/1255 1292/82/1273 1277/85/1253
f 1286/806/1274 1270/791/1252 1271/792/1254
f 1279/35/1257 1293/73/1275 1278/72/1255
f 1291/101/1271 1305/147/954 1290/803/1269
f 1299/293/1276 1283/243/1268 1284/804/1270
f 1292/82/1273 1306/149/1277 1291/101/1271
f 1300/216/1278 1284/804/1270 1285/805/1272
f 1293/73/1275 1307/151/1279 1292/82/1273
f 1301/807/1280 1285/805/1272 1286/806/1274
f 1294/36/969 1308/74/1281 1293/73/1275
f 1302/808/1282 1286/806/1274 1287/798/1263
f 1295/21/1265 1309/76/1283 1294/36/969
f 1303/809/1284 1287/798/1263 1288/799/1264
f 1296/2/1267 1310/78/1285 1295/21/1265
f 1304/145/1286 1288/799/1264 1289/800/1266
f 1282/258/961 1297/289/1287 1206/810/647
f 1432/811/649 1311/80/1288 1296/2/1267
f 1290/803/1269 1304/145/1286 1289/800/1266
f 1298/291/1289 1282/258/961 1283/243/1268
f 1310/78/1285 1324/812/940 1309/76/1283
f 1318/814/1290 1302/808/1282 1303/809/1284
f 1311/80/1288 1325/813/1291 1310/78/1285
f 1319/572/1292 1303/809/1284 1304/145/1286
f 1297/289/1287 1312/817/1293 1206/816/647
f 1432/818/649 1326/815/1294 1311/80/1288
f 1305/147/954 1319/572/1292 1304/145/1286
f 1313/820/1295 1297/289/1287 1298/291/1289
f 1306/149/1277 1320/819/1296 1305/147/954
f 1314/822/1297 1298/291/1289 1299/293/1276
f 1307/151/1279 1321/821/1298 1306/149/1277
f 1315/685/1299 1299/293/1276 1300/216/1278
f 1308/74/1281 1322/823/1300 1307/151/1279
f 1316/825/1301 1300/216/1278 1301/807/1280
f 1309/76/1283 1323/824/1302 1308/74/1281
f 1317/826/1303 1301/807/1280 1302/808/1282
f 1329/827/1304 1313/820/1295 1314/822/1297
f 1322/823/1300 1336/828/927 1321/821/1298
f 1330/686/1305 1314/822/1297 1315/685/1299
f 1323/824/1302 1337/829/1306 1322/823/1300
f 1331/831/1307 1315/685/1299 1316/825/1301
f 1324/812/940 1338/830/1308 1323/824/1302
f 1332/833/1309 1316/825/1301 1317/826/1303
f 1325/813/1291 1339/832/1310 1324/812/940
f 1333/835/1311 1317/826/1303 1318/814/1290
f 1326/815/1294 1340/834/1312 1325/813/1291
f 1334/571/1313 1318/814/1290 1319/572/1292
f 1312/817/1293 1327/838/924 1206/837/647
f 1432/839/649 1341/836/1314 1326/815/1294
f 1320/819/1296 1334/571/1313 1319/572/1292
f 1328/841/1315 1312/817/1293 1313/820/1295
f 1321/821/1298 1335/840/1316 1320/819/1296
f 1348/842/1317 1332/833/1309 1333/835/1311
f 1341/836/1314 1355/843/1318 1340/834/1312
f 1349/570/1319 1333/835/1311 1334/571/1313
f 1327/838/924 1342/846/1320 1206/845/647
f 1432/847/649 1356/844/1321 1341/836/1314
f 1335/840/1316 1349/570/1319 1334/571/1313
f 1343/849/1322 1327/838/924 1328/841/1315
f 1336/828/927 1350/848/1323 1335/840/1316
f 1344/851/1324 1328/841/1315 1329/827/1304
f 1337/829/1306 1351/850/1325 1336/828/927
f 1345/687/1326 1329/827/1304 1330/686/1305
f 1338/830/1308 1352/852/1327 1337/829/1306
f 1346/854/1328 1330/686/1305 1331/831/1307
f 1339/832/1310 1353/853/1329 1338/830/1308
f 1347/856/1330 1331/831/1307 1332/833/1309
f 1340/834/1312 1354/855/1331 1339/832/1310
f 1352/852/1327 1366/857/1332 1351/850/1325
f 1360/688/1333 1344/851/1324 1345/687/1326
f 1353/853/1329 1367/858/1334 1352/852/1327
f 1361/860/1335 1345/687/1326 1346/854/1328
f 1354/855/1331 1368/859/1336 1353/853/1329
f 1362/317/1337 1346/854/1328 1347/856/1330
f 1355/843/1318 1369/861/1338 1354/855/1331
f 1363/863/1339 1347/856/1330 1348/842/1317
f 1356/844/1321 1370/862/1340 1355/843/1318
f 1364/569/895 1348/842/1317 1349/570/1319
f 1342/846/1320 1357/866/896 1206/865/647
f 1432/867/649 1371/864/1341 1356/844/1321
f 1350/848/1323 1364/569/895 1349/570/1319
f 1358/869/1342 1342/846/1320 1343/849/1322
f 1351/850/1325 1365/868/1343 1350/848/1323
f 1359/870/1344 1343/849/1322 1344/851/1324
f 1386/871/1345 1370/862/1340 1371/864/1341
f 1364/569/895 1378/872/870 1363/863/1339
f 1357/866/896 1372/874/874 1206/873/647
f 1432/875/649 1386/871/1345 1371/864/1341
f 1380/876/1346 1364/569/895 1365/868/1343
f 1358/869/1342 1372/874/874 1357/866/896
f 1381/878/1347 1365/868/1343 1366/857/1332
f 1359/870/1344 1373/877/1348 1358/869/1342
f 1382/880/1349 1366/857/1332 1367/858/1334
f 1360/688/1333 1374/879/1350 1359/870/1344
f 1383/881/1351 1367/858/1334 1368/859/1336
f 1361/860/1335 1375/689/1352 1360/688/1333
f 1384/883/1353 1368/859/1336 1369/861/1338
f 1362/317/1337 1376/882/1354 1361/860/1335
f 1385/885/1355 1369/861/1338 1370/862/1340
f 1363/863/1339 1377/884/1356 1362/317/1337
f 1398/886/1357 1382/880/1349 1383/881/1351
f 1376/882/1354 1390/690/858 1375/689/1352
f 1399/888/1358 1383/881/1351 1384/883/1353
f 1377/884/1356 1391/887/1359 1376/882/1354
f 1400/890/1360 1384/883/1353 1385/885/1355
f 1378/872/870 1392/889/1361 1377/884/1356
f 1401/892/1362 1385/885/1355 1386/871/1345
f 1379/568/1363 1393/891/1364 1378/872/870
f 1372/874/874 1387/894/867 1206/893/647
f 1432/895/649 1401/892/1362 1386/871/1345
f 1395/896/1365 1379/568/1363 1380/876/1346
f 1373/877/1348 1387/894/867 1372/874/874
f 1396/898/1366 1380/876/1346 1381/878/1347
f 1374/879/1350 1388/897/1367 1373/877/1348
f 1397/900/1368 1381/878/1347 1382/880/1349
f 1375/689/1352 1389/899/1369 1374/879/1350
f 1387/894/867 1402/902/845 1206/901/647
f 1432/903/649 1416/904/1370 1401/892/1362
f 1410/905/1371 1394/567/1372 1395/896/1365
f 1388/897/1367 1402/902/845 1387/894/867
f 1411/907/1373 1395/896/1365 1396/898/1366
f 1389/899/1369 1403/906/1374 1388/897/1367
f 1412/909/1375 1396/898/1366 1397/900/1368
f 1390/690/858 1404/908/1376 1389/899/1369
f 1413/910/1377 1397/900/1368 1398/886/1357
f 1391/887/1359 1405/691/1378 1390/690/858
f 1414/912/1379 1398/886/1357 1399/888/1358
f 1392/889/1361 1406/911/1380 1391/887/1359
f 1415/914/1381 1399/888/1358 1400/890/1360
f 1393/891/1364 1407/913/1382 1392/889/1361
f 1416/904/1370 1400/890/1360 1401/892/1362
f 1394/567/1372 1408/915/1383 1393/891/1364
f 1406/911/1380 1420/692/829 1405/691/1378
f 1429/916/1384 1413/910/1377 1414/912/1379
f 1407/913/1382 1421/503/1385 1406/911/1380
f 1430/917/1386 1414/912/1379 1415/914/1381
f 1408/915/1383 1422/505/1387 1407/913/1382
f 1431/918/1388 1415/914/1381 1416/904/1370
f 1409/566/1389 1423/507/1390 1408/915/1383
f 1402/902/845 1417/920/838 1206/919/647
f 1432/921/649 1431/918/1388 1416/904/1370
f 1425/922/1391 1409/566/1389 1410/905/1371
f 1403/906/1374 1417/920/838 1402/902/845
f 1426/924/1392 1410/905/1371 1411/907/1373
f 1404/908/1376 1418/923/1393 1403/906/1374
f 1427/926/1394 1411/907/1373 1412/909/1375
f 1405/691/1378 1419/925/1395 1404/908/1376
f 1428/927/1396 1412/909/1375 1413/910/1377
f 1441/928/1397 1424/510/1398 1425/922/1391
f 1418/923/1393 1433/929/1399 1417/920/838
f 1442/931/1400 1425/922/1391 1426/924/1392
f 1419/925/1395 1434/930/1401 1418/923/1393
f 1443/933/1402 1426/924/1392 1427/926/1394
f 1420/692/829 1435/932/1403 1419/925/1395
f 1444/935/1404 1427/926/1394 1428/927/1396
f 1421/503/1385 1436/934/1405 1420/692/829
f 1445/937/1406 1428/927/1396 1429/916/1384
f 1422/505/1387 1437/936/1407 1421/503/1385
f 1446/939/1408 1429/916/1384 1430/917/1386
f 1423/507/1390 1438/938/1409 1422/505/1387
f 1447/941/1410 1430/917/1386 1431/918/1388
f 1424/510/1398 1439/940/1411 1423/507/1390
f 1417/920/838 1433/929/1399 1206/943/647
f 1432/944/649 1447/941/1410 1431/918/1388
f 1460/945/1412 1444/935/1404 1445/937/1406
f 1438/938/1409 1452/946/1413 1437/936/1407
f 1461/948/1414 1445/937/1406 1446/939/1408
f 1439/940/1411 1453/947/1415 1438/938/1409
f 1462/950/1416 1446/939/1408 1447/941/1410
f 1440/942/1417 1454/949/1418 1439/940/1411
f 1433/929/1399 1448/953/1419 1206/952/647
f 1432/954/649 1462/950/1416 1447/941/1410
f 1456/955/1420 1440/942/1417 1441/928/1397
f 1434/930/1401 1448/953/1419 1433/929/1399
f 1457/957/1421 1441/928/1397 1442/931/1400
f 1435/932/1403 1449/956/1422 1434/930/1401
f 1458/959/1423 1442/931/1400 1443/933/1402
f 1436/934/1405 1450/958/1424 1435/932/1403
f 1459/961/1425 1443/933/1402 1444/935/1404
f 1437/936/1407 1451/960/1426 1436/934/1405
f 1449/956/1422 1463/962/787 1448/953/1419
f 1472/964/1427 1456/955/1420 1457/957/1421
f 1450/958/1424 1464/963/1428 1449/956/1422
f 1473/966/1429 1457/957/1421 1458/959/1423
f 1451/960/1426 1465/965/1430 1450/958/1424
f 1474/968/1431 1458/959/1423 1459/961/1425
f 1452/946/1413 1466/967/1432 1451/960/1426
f 1475/970/1433 1459/961/1425 1460/945/1412
f 1453/947/1415 1467/969/1434 1452/946/1413
f 1476/972/1435 1460/945/1412 1461/948/1414
f 1454/949/1418 1468/971/1436 1453/947/1415
f 1477/974/1437 1461/948/1414 1462/950/1416
f 1455/951/1438 1469/973/1439 1454/949/1418
f 1448/953/1419 1463/962/787 1206/976/647
f 1432/977/649 1477/974/1437 1462/950/1416
f 1471/978/1440 1455/951/1438 1456/955/1420
f 1468/971/1436 1482/979/774 1467/969/1434
f 1491/981/1441 1475/970/1433 1476/972/1435
f 1469/973/1439 1483/980/1442 1468/971/1436
f 1492/983/1443 1476/972/1435 1477/974/1437
f 1470/975/1444 1484/982/1445 1469/973/1439
f 1463/962/787 1478/986/1446 1206/985/647
f 1432/987/649 1492/983/1443 1477/974/1437
f 1486/988/1447 1470/975/1444 1471/978/1440
f 1464/963/1428 1478/986/1446 1463/962/787
f 1487/990/1448 1471/978/1440 1472/964/1427
f 1465/965/1430 1479/989/1449 1464/963/1428
f 1488/992/1450 1472/964/1427 1473/966/1429
f 1466/967/1432 1480/991/1451 1465/965/1430
f 1489/994/1452 1473/966/1429 1474/968/1431
f 1467/969/1434 1481/993/1453 1466/967/1432
f 1490/995/1454 1474/968/1431 1475/970/1433
f 1487/996/1448 1501/997/760 1486/1026/1447
f 1495/1000/1455 1479/999/1449 1480/1001/1451
f 1488/1002/1450 1502/998/1456 1487/996/1448
f 1496/1004/1457 1480/1001/1451 1481/1005/1453
f 1489/1006/1452 1503/1003/1458 1488/1002/1450
f 1497/1008/1459 1481/1005/1453 1482/1009/774
f 1490/1010/1454 1504/1007/1460 1489/1006/1452
f 1498/1012/1461 1482/1009/774 1483/1013/1442
f 1491/1014/1441 1505/1011/1462 1490/1010/1454
f 1499/1016/1463 1483/1013/1442 1484/1017/1445
f 1492/1018/1443 1506/1015/1464 1491/1014/1441
f 1500/1020/1465 1484/1017/1445 1485/1021/779
f 1478/1022/1446 1493/1024/759 1206/1023/647
f 1432/1025/649 1507/1019/1466 1492/1018/1443
f 1486/1026/1447 1500/1020/1465 1485/1021/779
f 1494/1027/1467 1478/1022/1446 1479/999/1449
f 1506/1015/1464 1520/1028/747 1505/1011/1462
f 1514/1030/1468 1498/1012/1461 1499/1016/1463
f 1507/1019/1466 1521/1029/1469 1506/1015/1464
f 1515/1032/1470 1499/1016/1463 1500/1020/1465
f 1493/1024/759 1508/1034/737 1206/1033/647
f 1432/1035/649 1522/1031/1471 1507/1019/1466
f 1501/997/760 1515/1032/1470 1500/1020/1465
f 1509/1037/1472 1493/1024/759 1494/1027/1467
f 1502/998/1456 1516/1036/1473 1501/997/760
f 1510/1039/1474 1494/1027/1467 1495/1000/1455
f 1503/1003/1458 1517/1038/1475 1502/998/1456
f 1511/1041/1476 1495/1000/1455 1496/1004/1457
f 1504/1007/1460 1518/1040/1477 1503/1003/1458
f 1512/1043/1478 1496/1004/1457 1497/1008/1459
f 1505/1011/1462 1519/1042/1479 1504/1007/1460
f 1513/1044/1480 1497/1008/1459 1498/1012/1461
f 1518/1040/1477 1532/1045/733 1517/1038/1475
f 1526/1047/1481 1510/1039/1474 1511/1041/1476
f 1519/1042/1479 1533/1046/1482 1518/1040/1477
f 1527/1049/1483 1511/1041/1476 1512/1043/1478
f 1520/1028/747 1534/1048/1484 1519/1042/1479
f 1528/1051/1485 1512/1043/1478 1513/1044/1480
f 1521/1029/1469 1535/1050/1486 1520/1028/747
f 1529/1053/1487 1513/1044/1480 1514/1030/1468
f 1522/1031/1471 1536/1052/1488 1521/1029/1469
f 1530/1055/1489 1514/1030/1468 1515/1032/1470
f 1508/1034/737 1523/1057/730 1206/1056/647
f 1432/1058/649 1537/1054/1490 1522/1031/1471
f 1516/1036/1473 1530/1055/1489 1515/1032/1470
f 1524/1060/1491 1508/1034/737 1509/1037/1472
f 1517/1038/1475 1531/1059/1492 1516/1036/1473
f 1525/1061/1493 1509/1037/1472 1510/1039/1474
f 1537/1054/1490 1551/1062/1494 1536/1052/1488
f 1545/429/1495 1529/1053/1487 1530/1055/1489
f 1523/1057/730 1538/1065/708 1206/1064/647
f 1432/1066/649 1552/1063/1496 1537/1054/1490
f 1531/1059/1492 1545/429/1495 1530/1055/1489
f 1539/1068/1497 1523/1057/730 1524/1060/1491
f 1532/1045/733 1546/1067/1498 1531/1059/1492
f 1540/1070/1499 1524/1060/1491 1525/1061/1493
f 1533/1046/1482 1547/1069/1500 1532/1045/733
f 1541/436/1501 1525/1061/1493 1526/1047/1481
f 1534/1048/1484 1548/1071/1502 1533/1046/1482
f 1542/1073/1503 1526/1047/1481 1527/1049/1483
f 1535/1050/1486 1549/1072/1504 1534/1048/1484
f 1543/432/1505 1527/1049/1483 1528/1051/1485
f 1536/1052/1488 1550/1074/1506 1535/1050/1486
f 1544/1075/1507 1528/1051/1485 1529/1053/1487
f 1556/437/1508 1540/1070/1499 1541/436/1501
f 1549/1072/1504 1563/1076/690 1548/1071/1502
f 1557/414/1509 1541/436/1501 1542/1073/1503
f 1550/1074/1506 1564/1077/1510 1549/1072/1504
f 1558/433/1511 1542/1073/1503 1543/432/1505
f 1551/1062/1494 1565/1078/1512 1550/1074/1506
f 1559/392/1513 1543/432/1505 1544/1075/1507
f 1552/1063/1496 1566/1079/1514 1551/1062/1494
f 1560/427/1515 1544/1075/1507 1545/429/1495
f 1538/1065/708 1553/1082/701 1206/1081/647
f 1432/1083/649 1567/1080/1516 1552/1063/1496
f 1546/1067/1498 1560/427/1515 1545/429/1495
f 1554/1085/1517 1538/1065/708 1539/1068/1497
f 1547/1069/1500 1561/1084/1518 1546/1067/1498
f 1555/1087/1519 1539/1068/1497 1540/1070/1499
f 1548/1071/1502 1562/1086/1520 1547/1069/1500
f 1575/428/1521 1559/392/1513 1560/427/1515
f 1553/1082/701 1568/1089/679 1206/1088/647
f 1432/1090/649 1582/1091/677 1567/1080/1516
f 1561/1084/1518 1575/428/1521 1560/427/1515
f 1569/1093/1522 1553/1082/701 1554/1085/1517
f 1562/1086/1520 1576/1092/1523 1561/1084/1518
f 1570/1095/1524 1554/1085/1517 1555/1087/1519
f 1563/1076/690 1577/1094/1525 1562/1086/1520
f 1571/438/1526 1555/1087/1519 1556/437/1508
f 1564/1077/1510 1578/1096/1527 1563/1076/690
f 1572/413/1528 1556/437/1508 1557/414/1509
f 1565/1078/1512 1579/1097/1529 1564/1077/1510
f 1573/400/1530 1557/414/1509 1558/433/1511
f 1566/1079/1514 1580/1098/1531 1565/1078/1512
f 1574/386/1532 1558/433/1511 1559/392/1513
f 1567/1080/1516 1581/1099/1533 1566/1079/1514
f 1579/1097/1529 1593/1100/1534 1578/1096/1527
f 1587/411/1535 1571/438/1526 1572/413/1528
f 1580/1098/1531 1594/1101/1536 1579/1097/1529
f 1588/398/1537 1572/413/1528 1573/400/1530
f 1581/1099/1533 1595/1102/1538 1580/1098/1531
f 1589/384/1539 1573/400/1530 1574/386/1532
f 1582/1091/677 1596/1103/1540 1581/1099/1533
f 1590/426/1541 1574/386/1532 1575/428/1521
f 1568/1089/679 1583/1106/1542 1206/1105/647
f 1432/1107/649 1597/1104/1543 1582/1091/677
f 1576/1092/1523 1590/426/1541 1575/428/1521
f 1584/1109/1544 1568/1089/679 1569/1093/1522
f 1577/1094/1525 1591/1108/1545 1576/1092/1523
f 1585/1111/1546 1569/1093/1522 1570/1095/1524
f 1578/1096/1527 1592/1110/1547 1577/1094/1525
f 1586/439/1548 1570/1095/1524 1571/438/1526
f 1583/1106/1542 1598/693/646 1206/1112/647
f 1432/1113/649 1606/697/650 1597/1104/1543
f 1591/1108/1545 1128/425/643 1590/426/1541
f 1599/701/1128 1583/1106/1542 1584/1109/1544
f 1592/1110/1547 1129/700/653 1591/1108/1545
f 1125/705/1130 1584/1109/1544 1585/1111/1546
f 1593/1100/1534 1602/704/657 1592/1110/1547
f 1600/440/1133 1585/1111/1546 1586/439/1548
f 1594/1101/1536 1130/708/661 1593/1100/1534
f 1126/412/1136 1586/439/1548 1587/411/1535
f 1595/1102/1538 1603/710/665 1594/1101/1536
f 1601/397/1139 1587/411/1535 1588/398/1537
f 1596/1103/1540 1604/712/669 1595/1102/1538
f 1127/380/1125 1588/398/1537 1589/384/1539
f 1597/1104/1543 1605/714/673 1596/1103/1540
f 1128/425/643 1589/384/1539 1590/426/1541
f 154/1/1 161/5/5 160/2/2
f 155/4/4 162/7/7 161/5/5
f 156/6/6 163/9/9 162/7/7
f 157/8/8 164/11/11 163/9/9
f 158/10/10 165/13/13 164/11/11
f 159/12/12 166/19/19 165/13/13
f 161/5/5 168/15/15 167/14/14
f 162/7/7 169/16/16 168/15/15
f 163/9/9 170/17/17 169/16/16
f 164/11/11 171/18/18 170/17/17
f 165/13/13 172/20/20 171/18/18
f 166/19/19 173/26/26 172/20/20
f 168/15/15 175/22/22 174/21/21
f 169/16/16 176/23/23 175/22/22
f 170/17/17 177/24/24 176/23/23
f 171/18/18 178/25/25 177/24/24
f 172/20/20 179/27/27 178/25/25
f 173/26/26 180/62/62 179/27/27
f 174/21/21 175/22/22 182/28/28
f 175/22/22 176/23/23 183/30/30
f 176/23/23 177/24/24 184/31/31
f 177/24/24 178/25/25 185/32/32
f 178/25/25 179/27/27 186/33/33
f 179/27/27 180/62/62 187/34/34
f 181/29/29 182/28/28 189/35/35
f 182/28/28 183/30/30 190/37/37
f 183/30/30 184/31/31 191/38/38
f 184/31/31 185/32/32 192/39/39
f 185/32/32 186/33/33 193/40/40
f 186/33/33 187/34/34 194/41/41
f 188/36/36 189/35/35 196/42/42
f 189/35/35 190/37/37 197/44/44
f 190/37/37 191/38/38 198/45/45
f 191/38/38 192/39/39 199/46/46
f 192/39/39 193/40/40 200/47/47
f 193/40/40 194/41/41 201/48/48
f 10/49/49 20/52/52 153/3/3
f 21/51/51 154/1/1 153/3/3
f 22/53/53 155/4/4 154/1/1
f 23/54/54 156/6/6 155/4/4
f 24/55/55 157/8/8 156/6/6
f 25/56/56 158/10/10 157/8/8
f 26/57/57 159/12/12 158/10/10
f 2/58/58 27/59/59 159/12/12
f 27/59/59 28/60/60 166/19/19
f 28/60/60 29/61/61 173/26/26
f 29/61/61 30/743/414 180/62/62
f 180/62/62 30/743/414 31/63/63
f 187/34/34 31/63/63 32/64/64
f 194/41/41 32/64/64 33/65/65
f 201/48/48 33/65/65 4/66/66
f 200/47/47 201/48/48 34/67/67
f 199/46/46 200/47/47 35/68/68
f 198/45/45 199/46/46 36/69/69
f 197/44/44 198/45/45 37/70/70
f 196/42/42 197/44/44 38/71/71
f 195/43/43 196/42/42 39/72/72
f 195/43/43 40/73/73 9/74/74
f 188/36/36 195/43/43 13/75/75
f 181/29/29 188/36/36 14/76/76
f 174/21/21 181/29/29 15/77/77
f 17/79/79 167/14/14 174/21/21
f 18/80/80 160/2/2 167/14/14
f 19/50/50 153/3/3 160/2/2
f 203/81/81 210/85/85 209/82/82
f 204/84/84 211/87/87 210/85/85
f 205/86/86 212/89/89 211/87/87
f 206/88/88 213/91/91 212/89/89
f 207/90/90 214/93/93 213/91/91
f 208/92/92 215/99/99 214/93/93
f 210/85/85 217/95/95 216/94/94
f 211/87/87 218/96/96 217/95/95
f 212/89/89 219/97/97 218/96/96
f 213/91/91 220/98/98 219/97/97
f 214/93/93 221/100/100 220/98/98
f 215/99/99 222/106/106 221/100/100
f 217/95/95 224/102/102 223/101/101
f 218/96/96 225/103/103 224/102/102
f 219/97/97 226/104/104 225/103/103
f 220/98/98 227/105/105 226/104/104
f 221/100/100 228/107/107 227/105/105
f 222/106/106 229/133/133 228/107/107
f 223/101/101 224/102/102 231/108/108
f 224/102/102 225/103/103 232/110/110
f 225/103/103 226/104/104 233/111/111
f 226/104/104 227/105/105 234/112/112
f 227/105/105 228/107/107 235/113/113
f 228/107/107 229/133/133 236/114/114
f 230/109/109 231/108/108 238/115/115
f 231/108/108 232/110/110 239/117/117
f 232/110/110 233/111/111 240/118/118
f 233/111/111 234/112/112 241/119/119
f 234/112/112 235/113/113 242/120/120
f 235/113/113 236/114/114 243/121/121
f 237/116/116 238/115/115 245/122/122
f 238/115/115 239/117/117 246/124/124
f 239/117/117 240/118/118 247/125/125
f 240/118/118 241/119/119 248/126/126
f 241/119/119 242/120/120 249/127/127
f 242/120/120 243/121/121 250/128/128
f 9/74/74 40/73/73 202/83/83
f 39/72/72 203/81/81 202/83/83
f 38/71/71 204/84/84 203/81/81
f 37/70/70 205/86/86 204/84/84
f 36/69/69 206/88/88 205/86/86
f 35/68/68 207/90/90 206/88/88
f 34/67/67 208/92/92 207/90/90
f 4/66/66 48/130/130 208/92/92
f 48/130/130 49/131/131 215/99/99
f 49/131/131 50/132/132 222/106/106
f 50/132/132 51/742/413 229/133/133
f 229/133/133 51/742/413 52/134/134
f 236/114/114 52/134/134 53/135/135
f 243/121/121 53/135/135 54/136/136
f 250/128/128 54/136/136 8/137/137
f 249/127/127 250/128/128 55/138/138
f 248/126/126 249/127/127 56/139/139
f 247/125/125 248/126/126 57/140/140
f 246/124/124 247/125/125 58/141/141
f 245/122/122 246/124/124 59/142/142
f 244/123/123 245/122/122 60/143/143
f 244/123/123 61/144/144 11/145/145
f 237/116/116 244/123/123 41/146/146
f 230/109/109 237/116/116 42/147/147
f 223/101/101 230/109/109 43/148/148
f 45/150/150 216/94/94 223/101/101
f 46/151/151 209/82/82 216/94/94
f 47/129/129 202/83/83 209/82/82
f 252/152/152 259/156/156 258/153/153
f 253/155/155 260/158/158 259/156/156
f 254/157/157 261/160/160 260/158/158
f 255/159/159 262/162/162 261/160/160
f 256/161/161 263/164/164 262/162/162
f 257/163/163 264/170/170 263/164/164
f 259/156/156 266/166/166 265/165/165
f 260/158/158 267/167/167 266/166/166
f 261/160/160 268/168/168 267/167/167
f 262/162/162 269/169/169 268/168/168
f 263/164/164 270/171/171 269/169/169
f 264/170/170 271/177/177 270/171/171
f 266/166/166 273/173/173 272/172/172
f 267/167/167 274/174/174 273/173/173
f 268/168/168 275/175/175 274/174/174
f 269/169/169 276/176/176 275/175/175
f 270/171/171 277/178/178 276/176/176
f 271/177/177 278/204/204 277/178/178
f 272/172/172 273/173/173 280/179/179
f 273/173/173 274/174/174 281/181/181
f 274/174/174 275/175/175 282/182/182
f 275/175/175 276/176/176 283/183/183
f 276/176/176 277/178/178 284/184/184
f 277/178/178 278/204/204 285/185/185
f 279/180/180 280/179/179 287/186/186
f 280/179/179 281/181/181 288/188/188
f 281/181/181 282/182/182 289/189/189
f 282/182/182 283/183/183 290/190/190
f 283/183/183 284/184/184 291/191/191
f 284/184/184 285/185/185 292/192/192
f 286/187/187 287/186/186 294/193/193
f 287/186/186 288/188/188 295/195/195
f 288/188/188 289/189/189 296/196/196
f 289/189/189 290/190/190 297/197/197
f 290/190/190 291/191/191 298/198/198
f 291/191/191 292/192/192 299/199/199
f 11/145/145 61/144/144 251/154/154
f 60/143/143 252/152/152 251/154/154
f 59/142/142 253/155/155 252/152/152
f 58/141/141 254/157/157 253/155/155
f 57/140/140 255/159/159 254/157/157
f 56/139/139 256/161/161 255/159/159
f 55/138/138 257/163/163 256/161/161
f 8/137/137 69/201/201 257/163/163
f 69/201/201 70/202/202 264/170/170
f 70/202/202 71/203/203 271/177/177
f 71/203/203 72/444/417 278/204/204
f 278/204/204 72/444/417 73/205/205
f 285/185/185 73/205/205 74/206/206
f 292/192/192 74/206/206 75/207/207
f 299/199/199 75/207/207 6/208/208
f 298/198/198 299/199/199 76/209/209
f 297/197/197 298/198/198 77/210/210
f 296/196/196 297/197/197 78/211/211
f 295/195/195 296/196/196 79/212/212
f 294/193/193 295/195/195 80/213/213
f 293/194/194 294/193/193 81/214/214
f 293/194/194 82/215/215 12/216/216
f 286/187/187 293/194/194 62/217/217
f 279/180/180 286/187/187 63/218/218
f 272/172/172 279/180/180 64/219/219
f 66/221/221 265/165/165 272/172/172
f 67/222/222 258/153/153 265/165/165
f 68/200/200 251/154/154 258/153/153
f 301/223/223 308/227/227 307/224/224
f 302/226/226 309/229/229 308/227/227
f 303/228/228 310/231/231 309/229/229
f 304/230/230 311/233/233 310/231/231
f 305/232/232 312/235/235 311/233/233
f 306/234/234 313/241/241 312/235/235
f 308/227/227 315/237/237 314/236/236
f 309/229/229 316/238/238 315/237/237
f 310/231/231 317/239/239 316/238/238
f 311/233/233 318/240/240 317/239/239
f 312/235/235 319/242/242 318/240/240
f 313/241/241 320/248/248 319/242/242
f 315/237/237 322/244/244 321/243/243
f 316/238/238 323/245/245 322/244/244
f 317/239/239 324/246/246 323/245/245
f 318/240/240 325/247/247 324/246/246
f 319/242/242 326/249/249 325/247/247
f 320/248/248 327/275/275 326/249/249
f 321/243/243 322/244/244 329/250/250
f 322/244/244 323/245/245 330/252/252
f 323/245/245 324/246/246 331/253/253
f 324/246/246 325/247/247 332/254/254
f 325/247/247 326/249/249 333/255/255
f 326/249/249 327/275/275 334/256/256
f 328/251/251 329/250/250 336/257/257
f 329/250/250 330/252/252 337/259/259
f 330/252/252 331/253/253 338/260/260
f 331/253/253 332/254/254 339/261/261
f 332/254/254 333/255/255 340/262/262
f 333/255/255 334/256/256 341/263/263
f 335/258/258 336/257/257 343/264/264
f 336/257/257 337/259/259 344/266/266
f 337/259/259 338/260/260 345/267/267
f 338/260/260 339/261/261 346/268/268
f 339/261/261 340/262/262 347/269/269
f 340/262/262 341/263/263 348/270/270
f 12/216/216 82/215/215 300/225/225
f 81/214/214 301/223/223 300/225/225
f 80/213/213 302/226/226 301/223/223
f 79/212/212 303/228/228 302/226/226
f 78/211/211 304/230/230 303/228/228
f 77/210/210 305/232/232 304/230/230
f 76/209/209 306/234/234 305/232/232
f 6/208/208 90/272/272 306/234/234
f 90/272/272 91/273/273 313/241/241
f 91/273/273 92/274/274 320/248/248
f 92/274/274 93/741/416 327/275/275
f 327/275/275 93/741/416 94/276/276
f 334/256/256 94/276/276 95/277/277
f 341/263/263 95/277/277 96/278/278
f 348/270/270 96/278/278 2/279/58
f 347/269/269 348/270/270 26/280/57
f 346/268/268 347/269/269 25/281/56
f 345/267/267 346/268/268 24/282/55
f 344/266/266 345/267/267 23/283/54
f 343/264/264 344/266/266 22/284/53
f 342/265/265 343/264/264 21/285/51
f 342/265/265 20/286/52 10/287/49
f 335/258/258 342/265/265 83/288/279
f 328/251/251 335/258/258 84/289/280
f 321/243/243 328/251/251 85/290/281
f 87/292/283 314/236/236 321/243/243
f 88/293/284 307/224/224 314/236/236
f 89/271/271 300/225/225 307/224/224
f 349/294/285 350/297/288 357/295/286
f 350/297/288 351/299/290 358/298/289
f 351/299/290 352/302/293 359/300/291
f 353/301/292 360/304/295 359/300/291
f 354/303/294 361/306/297 360/304/295
f 355/305/296 362/312/303 361/306/297
f 356/296/287 357/295/286 364/307/298
f 357/295/286 358/298/289 365/309/300
f 358/298/289 359/300/291 366/310/301
f 360/304/295 367/311/302 366/310/301
f 361/306/297 368/313/304 367/311/302
f 362/312/303 369/319/310 368/313/304
f 363/308/299 364/307/298 371/314/305
f 364/307/298 365/309/300 372/316/307
f 365/309/300 366/310/301 373/317/308
f 367/311/302 374/318/309 373/317/308
f 368/313/304 375/320/311 374/318/309
f 369/319/310 376/355/346 375/320/311
f 371/314/305 378/322/313 377/321/312
f 372/316/307 379/323/314 378/322/313
f 373/317/308 380/325/316 379/323/314
f 373/317/308 374/318/309 381/324/315
f 374/318/309 375/320/311 382/326/317
f 375/320/311 376/355/346 383/327/318
f 378/322/313 385/329/320 384/328/319
f 379/323/314 386/330/321 385/329/320
f 380/325/316 387/332/323 386/330/321
f 380/325/316 381/324/315 388/331/322
f 381/324/315 382/326/317 389/333/324
f 382/326/317 383/327/318 390/334/325
f 385/329/320 392/336/327 391/335/326
f 386/330/321 393/337/328 392/336/327
f 387/332/323 394/339/330 393/337/328
f 387/332/323 388/331/322 395/338/329
f 388/331/322 389/333/324 396/340/331
f 389/333/324 390/334/325 397/341/332
f 3/342/333 110/344/335 349/294/285
f 110/344/335 109/345/336 350/297/288
f 109/345/336 108/346/337 351/299/290
f 108/346/337 107/348/339 352/302/293
f 106/347/338 353/301/292 352/302/293
f 105/349/340 354/303/294 353/301/292
f 104/350/341 355/305/296 354/303/294
f 7/351/342 117/352/343 355/305/296
f 117/352/343 116/353/344 362/312/303
f 116/353/344 115/354/345 369/319/310
f 115/354/345 114/628/586 376/355/346
f 376/355/346 114/628/586 113/356/347
f 383/327/318 113/356/347 112/357/348
f 390/334/325 112/357/348 111/358/349
f 397/341/332 111/358/349 5/359/350
f 396/340/331 397/341/332 124/360/351
f 395/338/329 396/340/331 123/361/352
f 394/339/330 395/338/329 122/362/353
f 394/339/330 121/363/354 120/364/355
f 393/337/328 120/364/355 119/365/356
f 392/336/327 119/365/356 118/366/357
f 391/335/326 118/366/357 1/367/358
f 384/328/319 391/335/326 103/368/359
f 377/321/312 384/328/319 102/369/360
f 370/315/306 377/321/312 101/370/361
f 99/372/363 363/308/299 370/315/306
f 98/373/364 356/296/287 363/308/299
f 97/343/334 349/294/285 356/296/287
f 398/374/365 399/377/368 406/375/366
f 399/377/368 400/379/370 407/378/369
f 400/379/370 401/382/373 408/380/371
f 402/381/372 409/384/375 408/380/371
f 403/383/374 410/386/377 409/384/375
f 404/385/376 411/392/383 410/386/377
f 405/376/367 406/375/366 413/387/378
f 406/375/366 407/378/369 414/389/380
f 407/378/369 408/380/371 415/390/381
f 409/384/375 416/391/382 415/390/381
f 410/386/377 417/393/384 416/391/382
f 411/392/383 418/399/390 417/393/384
f 412/388/379 413/387/378 420/394/385
f 413/387/378 414/389/380 421/396/387
f 414/389/380 415/390/381 422/397/388
f 416/391/382 423/398/389 422/397/388
f 417/393/384 424/400/391 423/398/389
f 418/399/390 425/433/415 424/400/391
f 420/394/385 427/402/393 426/401/392
f 421/396/387 428/403/394 427/402/393
f 422/397/388 429/405/396 428/403/394
f 422/397/388 423/398/389 430/404/395
f 423/398/389 424/400/391 431/406/397
f 424/400/391 425/433/415 432/407/398
f 427/402/393 434/409/400 433/408/399
f 428/403/394 435/410/401 434/409/400
f 429/405/396 436/412/403 435/410/401
f 429/405/396 430/404/395 437/411/402
f 430/404/395 431/406/397 438/413/404
f 431/406/397 432/407/398 439/414/405
f 434/409/400 441/416/407 440/415/406
f 435/410/401 442/417/408 441/416/407
f 436/412/403 443/419/410 442/417/408
f 436/412/403 437/411/402 444/418/409
f 437/411/402 438/413/404 445/420/411
f 438/413/404 439/414/405 446/421/412
f 8/137/137 54/422/136 398/374/365
f 54/422/136 53/424/135 399/377/368
f 52/423/134 400/379/370 399/377/368
f 51/425/413 401/382/373 400/379/370
f 51/425/413 50/426/132 402/381/372
f 50/426/132 49/428/131 403/383/374
f 48/427/130 404/385/376 403/383/374
f 4/429/66 33/430/65 404/385/376
f 33/430/65 32/1075/64 411/392/383
f 411/392/383 32/1075/64 31/431/63
f 418/399/390 31/431/63 30/432/414
f 30/432/414 29/434/61 432/407/398
f 29/434/61 28/1073/60 439/414/405
f 439/414/405 28/1073/60 27/435/59
f 446/421/412 27/435/59 2/436/58
f 445/420/411 446/421/412 96/437/278
f 445/420/411 95/438/277 94/439/276
f 444/418/409 94/439/276 93/440/416
f 442/417/408 443/419/410 93/440/416
f 441/416/407 442/417/408 92/441/274
f 441/416/407 91/442/273 90/443/272
f 440/415/406 90/443/272 6/208/208
f 433/408/399 440/415/406 75/207/207
f 73/205/205 426/401/392 433/408/399
f 72/444/417 419/395/386 426/401/392
f 412/388/379 419/395/386 72/444/417
f 405/376/367 412/388/379 71/203/203
f 69/201/201 398/374/365 405/376/367
f 447/445/418 448/448/421 455/446/419
f 448/448/421 449/450/423 456/449/422
f 449/450/423 450/453/426 457/451/424
f 451/452/425 458/455/428 457/451/424
f 452/454/427 459/457/430 458/455/428
f 453/456/429 460/463/436 459/457/430
f 454/447/420 455/446/419 462/458/431
f 455/446/419 456/449/422 463/460/433
f 456/449/422 457/451/424 464/461/434
f 458/455/428 465/462/435 464/461/434
f 459/457/430 466/464/437 465/462/435
f 460/463/436 467/470/443 466/464/437
f 461/459/432 462/458/431 469/465/438
f 462/458/431 463/460/433 470/467/440
f 463/460/433 464/461/434 471/468/441
f 465/462/435 472/469/442 471/468/441
f 466/464/437 473/471/444 472/469/442
f 467/470/443 474/477/450 473/471/444
f 468/466/439 469/465/438 476/472/445
f 469/465/438 470/467/440 477/474/447
f 470/467/440 471/468/441 478/475/448
f 472/469/442 479/476/449 478/475/448
f 473/471/444 480/478/451 479/476/449
f 474/477/450 481/484/457 480/478/451
f 475/473/446 476/472/445 483/479/452
f 476/472/445 477/474/447 484/481/454
f 477/474/447 478/475/448 485/482/455
f 479/476/449 486/483/456 485/482/455
f 480/478/451 487/485/458 486/483/456
f 481/484/457 488/491/464 487/485/458
f 482/480/453 483/479/452 490/486/459
f 483/479/452 484/481/454 491/488/461
f 484/481/454 485/482/455 492/489/462
f 486/483/456 493/490/463 492/489/462
f 487/485/458 494/492/465 493/490/463
f 488/491/464 495/500/473 494/492/465
f 3/342/333 97/343/334 447/445/418
f 97/343/334 98/373/364 448/448/421
f 98/373/364 99/372/363 449/450/423
f 99/372/363 100/371/362 450/453/426
f 101/370/361 451/452/425 450/453/426
f 102/369/360 452/454/427 451/452/425
f 103/368/359 453/456/429 452/454/427
f 1/367/358 132/494/467 453/456/429
f 132/494/467 133/495/468 460/463/436
f 133/495/468 134/496/469 467/470/443
f 134/496/469 135/497/470 474/477/450
f 135/497/470 136/498/471 481/484/457
f 136/498/471 137/499/472 488/491/464
f 137/499/472 138/501/474 495/500/473
f 138/501/474 10/692/49 19/502/50
f 495/500/473 19/502/50 18/503/80
f 494/492/465 18/503/80 17/504/79
f 493/490/463 17/504/79 16/505/78
f 491/488/461 492/489/462 16/505/78
f 490/486/459 491/488/461 15/506/77
f 489/487/460 490/486/459 14/507/76
f 125/509/475 489/487/460 13/508/75
f 126/511/476 482/480/453 489/487/460
f 127/512/477 475/473/446 482/480/453
f 128/513/478 468/466/439 475/473/446
f 129/514/479 461/459/432 468/466/439
f 130/515/480 454/447/420 461/459/432
f 131/493/466 447/445/418 454/447/420
f 496/516/481 497/519/484 504/517/482
f 497/519/484 498/521/486 505/520/485
f 498/521/486 499/524/489 506/522/487
f 500/523/488 507/526/491 506/522/487
f 501/525/490 508/528/493 507/526/491
f 502/527/492 509/534/499 508/528/493
f 503/518/483 504/517/482 511/529/494
f 504/517/482 505/520/485 512/531/496
f 505/520/485 506/522/487 513/532/497
f 507/526/491 514/533/498 513/532/497
f 508/528/493 515/535/500 514/533/498
f 509/534/499 516/541/506 515/535/500
f 510/530/495 511/529/494 518/536/501
f 511/529/494 512/531/496 519/538/503
f 512/531/496 513/532/497 520/539/504
f 514/533/498 521/540/505 520/539/504
f 515/535/500 522/542/507 521/540/505
f 516/541/506 523/548/513 522/542/507
f 517/537/502 518/536/501 525/543/508
f 518/536/501 519/538/503 526/545/510
f 519/538/503 520/539/504 527/546/511
f 521/540/505 528/547/512 527/546/511
f 522/542/507 529/549/514 528/547/512
f 523/548/513 530/555/520 529/549/514
f 524/544/509 525/543/508 532/550/515
f 525/543/508 526/545/510 533/552/517
f 526/545/510 527/546/511 534/553/518
f 528/547/512 535/554/519 534/553/518
f 529/549/514 536/556/521 535/554/519
f 530/555/520 537/562/527 536/556/521
f 531/551/516 532/550/515 539/557/522
f 532/550/515 533/552/517 540/559/524
f 533/552/517 534/553/518 541/560/525
f 535/554/519 542/561/526 541/560/525
f 536/556/521 543/563/528 542/561/526
f 537/562/527 544/565/530 543/563/528
f 7/351/342 104/350/341 496/516/481
f 104/350/341 105/349/340 497/519/484
f 105/349/340 106/347/338 498/521/486
f 106/347/338 107/348/339 499/524/489
f 108/346/337 500/523/488 499/524/489
f 109/345/336 501/525/490 500/523/488
f 110/344/335 502/527/492 501/525/490
f 3/342/333 131/493/466 502/527/492
f 131/493/466 130/515/480 509/534/499
f 130/515/480 129/514/479 516/541/506
f 129/514/479 128/513/478 523/548/513
f 128/513/478 127/512/477 530/555/520
f 127/512/477 126/511/476 537/562/527
f 126/511/476 125/509/475 544/565/530
f 125/509/475 9/510/74 47/566/129
f 544/565/530 47/566/129 46/567/151
f 543/563/528 46/567/151 45/568/150
f 542/561/526 45/568/150 44/569/149
f 540/559/524 541/560/525 44/569/149
f 539/557/522 540/559/524 43/570/148
f 538/558/523 539/557/522 42/571/147
f 139/573/531 538/558/523 41/572/146
f 140/574/532 531/551/516 538/558/523
f 141/575/533 524/544/509 531/551/516
f 142/576/534 517/537/502 524/544/509
f 143/577/535 510/530/495 517/537/502
f 144/578/536 503/518/483 510/530/495
f 145/564/529 496/516/481 503/518/483
f 545/579/537 546/582/540 553/580/538
f 546/582/540 547/584/542 554/583/541
f 547/584/542 548/587/545 555/585/543
f 549/586/544 556/589/547 555/585/543
f 550/588/546 557/591/549 556/589/547
f 551/590/548 558/597/555 557/591/549
f 552/581/539 553/580/538 560/592/550
f 553/580/538 554/583/541 561/594/552
f 554/583/541 555/585/543 562/595/553
f 556/589/547 563/596/554 562/595/553
f 557/591/549 564/598/556 563/596/554
f 558/597/555 565/604/562 564/598/556
f 559/593/551 560/592/550 567/599/557
f 560/592/550 561/594/552 568/601/559
f 561/594/552 562/595/553 569/602/560
f 563/596/554 570/603/561 569/602/560
f 564/598/556 571/605/563 570/603/561
f 565/604/562 572/611/569 571/605/563
f 566/600/558 567/599/557 574/606/564
f 567/599/557 568/601/559 575/608/566
f 568/601/559 569/602/560 576/609/567
f 570/603/561 577/610/568 576/609/567
f 571/605/563 578/612/570 577/610/568
f 572/611/569 579/618/576 578/612/570
f 573/607/565 574/606/564 581/613/571
f 574/606/564 575/608/566 582/615/573
f 575/608/566 576/609/567 583/616/574
f 577/610/568 584/617/575 583/616/574
f 578/612/570 585/619/577 584/617/575
f 579/618/576 586/625/583 585/619/577
f 580/614/572 581/613/571 588/620/578
f 581/613/571 582/615/573 589/622/580
f 582/615/573 583/616/574 590/623/581
f 584/617/575 591/624/582 590/623/581
f 585/619/577 592/626/584 591/624/582
f 586/625/583 593/629/587 592/626/584
f 5/359/350 111/358/349 545/579/537
f 111/358/349 112/357/348 546/582/540
f 112/357/348 113/356/347 547/584/542
f 113/356/347 114/628/586 548/587/545
f 115/354/345 549/586/544 548/587/545
f 116/353/344 550/588/546 549/586/544
f 117/352/343 551/590/548 550/588/546
f 7/351/342 145/564/529 551/590/548
f 145/564/529 144/578/536 558/597/555
f 144/578/536 143/577/535 565/604/562
f 143/577/535 142/576/534 572/611/569
f 142/576/534 141/575/533 579/618/576
f 141/575/533 140/574/532 586/625/583
f 140/574/532 139/573/531 593/629/587
f 139/573/531 11/145/145 68/200/200
f 593/629/587 68/200/200 67/222/222
f 592/626/584 67/222/222 66/221/221
f 591/624/582 66/221/221 65/220/220
f 589/622/580 590/623/581 65/220/220
f 588/620/578 589/622/580 64/219/219
f 587/621/579 588/620/578 63/218/218
f 146/630/588 587/621/579 62/217/217
f 147/631/589 580/614/572 587/621/579
f 148/632/590 573/607/565 580/614/572
f 149/633/591 566/600/558 573/607/565
f 150/634/592 559/593/551 566/600/558
f 151/635/593 552/581/539 559/593/551
f 152/627/585 545/579/537 552/581/539
f 594/636/594 595/639/597 602/637/595
f 595/639/597 596/641/599 603/640/598
f 596/641/599 597/644/602 604/642/600
f 598/643/601 605/646/604 604/642/600
f 599/645/603 606/648/606 605/646/604
f 600/647/605 607/654/612 606/648/606
f 601/638/596 602/637/595 609/649/607
f 602/637/595 603/640/598 610/651/609
f 603/640/598 604/642/600 611/652/610
f 605/646/604 612/653/611 611/652/610
f 606/648/606 613/655/613 612/653/611
f 607/654/612 614/661/619 613/655/613
f 608/650/608 609/649/607 616/656/614
f 609/649/607 610/651/609 617/658/616
f 610/651/609 611/652/610 618/659/617
f 612/653/611 619/660/618 618/659/617
f 613/655/613 620/662/620 619/660/618
f 614/661/619 621/668/626 620/662/620
f 615/657/615 616/656/614 623/663/621
f 616/656/614 617/658/616 624/665/623
f 617/658/616 618/659/617 625/666/624
f 619/660/618 626/667/625 625/666/624
f 620/662/620 627/669/627 626/667/625
f 621/668/626 628/675/633 627/669/627
f 622/664/622 623/663/621 630/670/628
f 623/663/621 624/665/623 631/672/630
f 624/665/623 625/666/624 632/673/631
f 626/667/625 633/674/632 632/673/631
f 627/669/627 634/676/634 633/674/632
f 628/675/633 635/682/640 634/676/634
f 629/671/629 630/670/628 637/677/635
f 630/670/628 631/672/630 638/679/637
f 631/672/630 632/673/631 639/680/638
f 633/674/632 640/681/639 639/680/638
f 634/676/634 641/683/641 640/681/639
f 635/682/640 642/684/642 641/683/641
f 1/367/358 118/366/357 594/636/594
f 118/366/357 119/365/356 595/639/597
f 119/365/356 120/364/355 596/641/599
f 120/364/355 121/363/354 597/644/602
f 122/362/353 598/643/601 597/644/602
f 123/361/352 599/645/603 598/643/601
f 124/360/351 600/647/605 599/645/603
f 5/359/350 152/627/585 600/647/605
f 152/627/585 151/635/593 607/654/612
f 151/635/593 150/634/592 614/661/619
f 150/634/592 149/633/591 621/668/626
f 149/633/591 148/632/590 628/675/633
f 148/632/590 147/631/589 635/682/640
f 147/631/589 146/630/588 642/684/642
f 146/630/588 12/216/216 89/685/271
f 642/684/642 89/685/271 88/686/284
f 641/683/641 88/686/284 87/687/283
f 640/681/639 87/687/283 86/688/282
f 638/679/637 639/680/638 86/688/282
f 637/677/635 638/679/637 85/689/281
f 636/678/636 637/677/635 84/690/280
f 138/501/474 636/678/636 83/691/279
f 137/499/472 629/671/629 636/678/636
f 136/498/471 622/664/622 629/671/629
f 135/497/470 615/657/615 622/664/622
f 134/496/469 608/650/608 615/657/615
f 133/495/468 601/638/596 608/650/608
f 132/494/467 594/636/594 601/638/596
f 646/425/643 645/380/674 655/378/644
f 646/425/643 656/423/645 657/699/652
f 1117/701/654 1116/693/646 649/695/648
f 647/700/653 657/699/652 658/703/656
f 643/705/658 1117/701/654 650/702/655
f 1120/704/657 658/703/656 659/707/660
f 1118/440/662 643/705/658 651/706/659
f 648/708/661 659/707/660 660/709/664
f 644/412/666 1118/440/662 652/441/663
f 1121/710/665 660/709/664 661/711/668
f 1119/397/670 644/412/666 653/410/667
f 1122/712/669 661/711/668 662/713/672
f 645/380/674 1119/397/670 654/396/671
f 1123/714/673 662/713/672 663/698/651
f 655/378/644 654/396/671 669/394/675
f 662/713/672 677/726/689 678/715/677
f 656/423/645 655/378/644 670/375/676
f 656/423/645 671/424/678 672/719/680
f 650/702/655 649/695/648 664/717/679
f 657/699/652 672/719/680 673/721/682
f 651/706/659 650/702/655 665/720/681
f 658/703/656 673/721/682 674/723/684
f 652/441/663 651/706/659 666/722/683
f 659/707/660 674/723/684 675/724/686
f 653/410/667 652/441/663 667/442/685
f 660/709/664 675/724/686 676/725/688
f 654/396/671 653/410/667 668/409/687
f 661/711/668 676/725/688 677/726/689
f 673/721/682 688/738/704 689/727/690
f 667/442/685 666/722/683 681/728/691
f 674/723/684 689/727/690 690/729/693
f 668/409/687 667/442/685 682/443/692
f 675/724/686 690/729/693 691/730/695
f 669/394/675 668/409/687 683/408/694
f 676/725/688 691/730/695 692/731/697
f 670/375/676 669/394/675 684/395/696
f 677/726/689 692/731/697 693/732/699
f 671/424/678 670/375/676 685/376/698
f 671/424/678 686/422/700 687/736/702
f 665/720/681 664/717/679 679/734/701
f 672/719/680 687/736/702 688/738/704
f 666/722/683 665/720/681 680/737/703
f 692/731/697 707/743/719 708/60/705
f 686/422/700 685/376/698 700/202/706
f 686/422/700 701/137/707 702/135/709
f 680/737/703 679/734/701 694/277/708
f 687/736/702 702/135/709 703/742/711
f 681/728/691 680/737/703 695/741/710
f 688/738/704 703/742/711 704/131/713
f 682/443/692 681/728/691 696/273/712
f 689/727/690 704/131/713 705/66/715
f 683/408/694 682/443/692 697/208/714
f 690/729/693 705/66/715 706/64/717
f 684/395/696 683/408/694 698/206/716
f 691/730/695 706/64/717 707/743/719
f 685/376/698 684/395/696 699/444/718
f 697/208/714 696/273/712 711/744/720
f 704/131/713 719/99/734 720/67/722
f 698/206/716 697/208/714 712/745/721
f 705/66/715 720/67/722 721/41/724
f 699/444/718 698/206/716 713/746/723
f 706/64/717 721/41/724 722/62/726
f 700/202/706 699/444/718 714/747/725
f 707/743/719 722/62/726 723/19/728
f 701/137/707 700/202/706 715/748/727
f 701/137/707 716/749/729 717/752/731
f 695/741/710 694/277/708 709/263/730
f 702/135/709 717/752/731 718/133/733
f 696/273/712 695/741/710 710/275/732
f 703/742/711 718/133/733 719/99/734
f 716/749/729 715/748/727 731/753/735
f 716/749/729 732/754/736 733/757/739
f 710/275/732 709/263/730 725/262/737
f 717/752/731 733/757/739 734/107/741
f 711/744/720 710/275/732 726/249/740
f 718/133/733 734/107/741 735/93/743
f 712/745/721 711/744/720 727/758/742
f 719/99/734 735/93/743 736/68/745
f 713/746/723 712/745/721 728/759/744
f 720/67/722 736/68/745 737/40/747
f 714/747/725 713/746/723 729/760/746
f 721/41/724 737/40/747 738/27/749
f 715/748/727 714/747/725 730/761/748
f 722/62/726 738/27/749 739/13/738
f 735/93/743 750/91/764 751/69/750
f 729/760/746 728/759/744 743/762/751
f 736/68/745 751/69/750 752/39/753
f 730/761/748 729/760/746 744/763/752
f 737/40/747 752/39/753 753/25/755
f 731/753/735 730/761/748 745/764/754
f 738/27/749 753/25/755 754/11/757
f 732/754/736 731/753/735 746/765/756
f 732/754/736 747/766/758 748/769/760
f 726/249/740 725/262/737 740/261/759
f 733/757/739 748/769/760 749/105/762
f 727/758/742 726/249/740 741/247/761
f 734/107/741 749/105/762 750/91/764
f 728/759/744 727/758/742 742/770/763
f 747/766/758 762/778/779 763/772/766
f 741/247/761 740/261/759 755/260/767
f 748/769/760 763/772/766 764/104/769
f 742/770/763 741/247/761 756/246/768
f 749/105/762 764/104/769 765/89/771
f 743/762/751 742/770/763 757/773/770
f 750/91/764 765/89/771 766/70/773
f 744/763/752 743/762/751 758/774/772
f 751/69/750 766/70/773 767/38/775
f 745/764/754 744/763/752 759/775/774
f 752/39/753 767/38/775 768/24/777
f 746/765/756 745/764/754 760/776/776
f 753/25/755 768/24/777 769/9/765
f 747/766/758 746/765/756 761/777/778
f 767/38/775 766/70/773 781/71/780
f 759/775/774 774/788/794 775/780/782
f 768/24/777 767/38/775 782/37/781
f 760/776/776 775/780/782 776/781/784
f 769/9/765 768/24/777 783/23/783
f 761/777/778 776/781/784 777/782/786
f 763/772/766 762/778/779 777/782/786
f 755/260/767 770/259/787 771/245/789
f 764/104/769 763/772/766 778/785/788
f 756/246/768 771/245/789 772/786/791
f 765/89/771 764/104/769 779/103/790
f 757/773/770 772/786/791 773/787/793
f 766/70/773 765/89/771 780/87/792
f 758/774/772 773/787/793 774/788/794
f 770/259/787 785/257/809 786/244/795
f 779/103/790 778/785/788 793/789/796
f 771/245/789 786/244/795 787/790/798
f 780/87/792 779/103/790 794/102/797
f 772/786/791 787/790/798 788/791/800
f 781/71/780 780/87/792 795/85/799
f 773/787/793 788/791/800 789/792/802
f 782/37/781 781/71/780 796/72/801
f 774/788/794 789/792/802 790/793/804
f 783/23/783 782/37/781 797/35/803
f 775/780/782 790/793/804 791/794/806
f 784/7/785 783/23/783 798/22/805
f 776/781/784 791/794/806 792/795/808
f 778/785/788 777/782/786 792/795/808
f 789/792/802 804/806/824 805/798/810
f 798/22/805 797/35/803 812/36/811
f 790/793/804 805/798/810 806/799/813
f 799/5/807 798/22/805 813/21/812
f 791/794/806 806/799/813 807/800/815
f 793/789/796 792/795/808 807/800/815
f 785/257/809 800/258/816 801/243/818
f 794/102/797 793/789/796 808/803/817
f 786/244/795 801/243/818 802/804/820
f 795/85/799 794/102/797 809/101/819
f 787/790/798 802/804/820 803/805/822
f 796/72/801 795/85/799 810/82/821
f 788/791/800 803/805/822 804/806/824
f 797/35/803 796/72/801 811/73/823
f 809/101/819 808/803/817 823/147/825
f 801/243/818 816/291/839 817/293/827
f 810/82/821 809/101/819 824/149/826
f 802/804/820 817/293/827 818/216/829
f 811/73/823 810/82/821 825/151/828
f 803/805/822 818/216/829 819/807/831
f 812/36/811 811/73/823 826/74/830
f 804/806/824 819/807/831 820/808/833
f 813/21/812 812/36/811 827/76/832
f 805/798/810 820/808/833 821/809/835
f 814/2/814 813/21/812 828/78/834
f 806/799/813 821/809/835 822/145/837
f 808/803/817 807/800/815 822/145/837
f 800/258/816 815/289/838 816/291/839
f 828/78/834 827/76/832 842/812/840
f 820/808/833 835/826/854 836/814/842
f 829/80/836 828/78/834 843/813/841
f 821/809/835 836/814/842 837/572/844
f 823/147/825 822/145/837 837/572/844
f 815/289/838 830/817/845 831/820/847
f 824/149/826 823/147/825 838/819/846
f 816/291/839 831/820/847 832/822/849
f 825/151/828 824/149/826 839/821/848
f 817/293/827 832/822/849 833/685/851
f 826/74/830 825/151/828 840/823/850
f 818/216/829 833/685/851 834/825/853
f 827/76/832 826/74/830 841/824/852
f 819/807/831 834/825/853 835/826/854
f 831/820/847 846/841/869 847/827/855
f 840/823/850 839/821/848 854/828/856
f 832/822/849 847/827/855 848/686/858
f 841/824/852 840/823/850 855/829/857
f 833/685/851 848/686/858 849/831/860
f 842/812/840 841/824/852 856/830/859
f 834/825/853 849/831/860 850/833/862
f 843/813/841 842/812/840 857/832/861
f 835/826/854 850/833/862 851/835/864
f 844/815/843 843/813/841 858/834/863
f 836/814/842 851/835/864 852/571/866
f 838/819/846 837/572/844 852/571/866
f 830/817/845 845/838/867 846/841/869
f 839/821/848 838/819/846 853/840/868
f 850/833/862 865/856/884 866/842/870
f 859/836/865 858/834/863 873/843/871
f 851/835/864 866/842/870 867/570/873
f 853/840/868 852/571/866 867/570/873
f 845/838/867 860/846/874 861/849/876
f 854/828/856 853/840/868 868/848/875
f 846/841/869 861/849/876 862/851/878
f 855/829/857 854/828/856 869/850/877
f 847/827/855 862/851/878 863/687/880
f 856/830/859 855/829/857 870/852/879
f 848/686/858 863/687/880 864/854/882
f 857/832/861 856/830/859 871/853/881
f 849/831/860 864/854/882 865/856/884
f 858/834/863 857/832/861 872/855/883
f 870/852/879 869/850/877 884/857/885
f 862/851/878 877/870/899 878/688/887
f 871/853/881 870/852/879 885/858/886
f 863/687/880 878/688/887 879/860/889
f 872/855/883 871/853/881 886/859/888
f 864/854/882 879/860/889 880/317/891
f 873/843/871 872/855/883 887/861/890
f 865/856/884 880/317/891 881/863/893
f 874/844/872 873/843/871 888/862/892
f 866/842/870 881/863/893 882/569/895
f 868/848/875 867/570/873 882/569/895
f 860/846/874 875/866/896 876/869/898
f 869/850/877 868/848/875 883/868/897
f 861/849/876 876/869/898 877/870/899
f 888/862/892 903/885/914 904/871/900
f 882/569/895 881/863/893 896/872/901
f 882/569/895 897/568/902 898/876/904
f 876/869/898 875/866/896 890/874/903
f 883/868/897 898/876/904 899/878/906
f 877/870/899 876/869/898 891/877/905
f 884/857/885 899/878/906 900/880/908
f 878/688/887 877/870/899 892/879/907
f 885/858/886 900/880/908 901/881/910
f 879/860/889 878/688/887 893/689/909
f 886/859/888 901/881/910 902/883/912
f 880/317/891 879/860/889 894/882/911
f 887/861/890 902/883/912 903/885/914
f 881/863/893 880/317/891 895/884/913
f 900/880/908 915/900/929 916/886/915
f 894/882/911 893/689/909 908/690/916
f 901/881/910 916/886/915 917/888/918
f 895/884/913 894/882/911 909/887/917
f 902/883/912 917/888/918 918/890/920
f 896/872/901 895/884/913 910/889/919
f 903/885/914 918/890/920 919/892/922
f 897/568/902 896/872/901 911/891/921
f 897/568/902 912/567/923 913/896/925
f 891/877/905 890/874/903 905/894/924
f 898/876/904 913/896/925 914/898/927
f 892/879/907 891/877/905 906/897/926
f 899/878/906 914/898/927 915/900/929
f 893/689/909 892/879/907 907/899/928
f 912/567/923 927/566/944 928/905/932
f 906/897/926 905/894/924 920/902/930
f 913/896/925 928/905/932 929/907/934
f 907/899/928 906/897/926 921/906/933
f 914/898/927 929/907/934 930/909/936
f 908/690/916 907/899/928 922/908/935
f 915/900/929 930/909/936 931/910/938
f 909/887/917 908/690/916 923/691/937
f 916/886/915 931/910/938 932/912/940
f 910/889/919 909/887/917 924/911/939
f 917/888/918 932/912/940 933/914/942
f 911/891/921 910/889/919 925/913/941
f 918/890/920 933/914/942 934/904/931
f 912/567/923 911/891/921 926/915/943
f 924/911/939 923/691/937 938/692/945
f 931/910/938 946/927/959 947/916/947
f 925/913/941 924/911/939 939/503/946
f 932/912/940 947/916/947 948/917/949
f 926/915/943 925/913/941 940/505/948
f 933/914/942 948/917/949 949/918/951
f 927/566/944 926/915/943 941/507/950
f 927/566/944 942/510/952 943/922/954
f 921/906/933 920/902/930 935/920/953
f 928/905/932 943/922/954 944/924/956
f 922/908/935 921/906/933 936/923/955
f 929/907/934 944/924/956 945/926/958
f 923/691/937 922/908/935 937/925/957
f 930/909/936 945/926/958 946/927/959
f 942/510/952 958/942/974 959/928/960
f 936/923/955 935/920/953 951/929/961
f 943/922/954 959/928/960 960/931/963
f 937/925/957 936/923/955 952/930/962
f 944/924/956 960/931/963 961/933/965
f 938/692/945 937/925/957 953/932/964
f 945/926/958 961/933/965 962/935/967
f 939/503/946 938/692/945 954/934/966
f 946/927/959 962/935/967 963/937/969
f 940/505/948 939/503/946 955/936/968
f 947/916/947 963/937/969 964/939/971
f 941/507/950 940/505/948 956/938/970
f 948/917/949 964/939/971 965/941/973
f 942/510/952 941/507/950 957/940/972
f 962/935/967 977/961/989 978/945/975
f 956/938/970 955/936/968 970/946/976
f 963/937/969 978/945/975 979/948/978
f 957/940/972 956/938/970 971/947/977
f 964/939/971 979/948/978 980/950/980
f 958/942/974 957/940/972 972/949/979
f 958/942/974 973/951/981 974/955/983
f 952/930/962 951/929/961 966/953/982
f 959/928/960 974/955/983 975/957/985
f 953/932/964 952/930/962 967/956/984
f 960/931/963 975/957/985 976/959/987
f 954/934/966 953/932/964 968/958/986
f 961/933/965 976/959/987 977/961/989
f 955/936/968 954/934/966 969/960/988
f 967/956/984 966/953/982 981/962/990
f 974/955/983 989/978/1004 990/964/992
f 968/958/986 967/956/984 982/963/991
f 975/957/985 990/964/992 991/966/994
f 969/960/988 968/958/986 983/965/993
f 976/959/987 991/966/994 992/968/996
f 970/946/976 969/960/988 984/967/995
f 977/961/989 992/968/996 993/970/998
f 971/947/977 970/946/976 985/969/997
f 978/945/975 993/970/998 994/972/1000
f 972/949/979 971/947/977 986/971/999
f 979/948/978 994/972/1000 995/974/1002
f 973/951/981 972/949/979 987/973/1001
f 973/951/981 988/975/1003 989/978/1004
f 986/971/999 985/969/997 1000/979/1005
f 993/970/998 1008/995/1019 1009/981/1007
f 987/973/1001 986/971/999 1001/980/1006
f 994/972/1000 1009/981/1007 1010/983/1009
f 988/975/1003 987/973/1001 1002/982/1008
f 988/975/1003 1003/984/1010 1004/988/1012
f 982/963/991 981/962/990 996/986/1011
f 989/978/1004 1004/988/1012 1005/990/1014
f 983/965/993 982/963/991 997/989/1013
f 990/964/992 1005/990/1014 1006/992/1016
f 984/967/995 983/965/993 998/991/1015
f 991/966/994 1006/992/1016 1007/994/1018
f 985/969/997 984/967/995 999/993/1017
f 992/968/996 1007/994/1018 1008/995/1019
f 1005/996/1014 1004/1026/1012 1019/997/1020
f 997/999/1013 1012/1027/1034 1013/1000/1022
f 1006/1002/1016 1005/996/1014 1020/998/1021
f 998/1001/1015 1013/1000/1022 1014/1004/1024
f 1007/1006/1018 1006/1002/1016 1021/1003/1023
f 999/1005/1017 1014/1004/1024 1015/1008/1026
f 1008/1010/1019 1007/1006/1018 1022/1007/1025
f 1000/1009/1005 1015/1008/1026 1016/1012/1028
f 1009/1014/1007 1008/1010/1019 1023/1011/1027
f 1001/1013/1006 1016/1012/1028 1017/1016/1030
f 1010/1018/1009 1009/1014/1007 1024/1015/1029
f 1002/1017/1008 1017/1016/1030 1018/1020/1032
f 1004/1026/1012 1003/1021/1010 1018/1020/1032
f 996/1022/1011 1011/1024/1033 1012/1027/1034
f 1024/1015/1029 1023/1011/1027 1038/1028/1035
f 1016/1012/1028 1031/1044/1049 1032/1030/1037
f 1025/1019/1031 1024/1015/1029 1039/1029/1036
f 1017/1016/1030 1032/1030/1037 1033/1032/1039
f 1019/997/1020 1018/1020/1032 1033/1032/1039
f 1011/1024/1033 1026/1034/1040 1027/1037/1042
f 1020/998/1021 1019/997/1020 1034/1036/1041
f 1012/1027/1034 1027/1037/1042 1028/1039/1044
f 1021/1003/1023 1020/998/1021 1035/1038/1043
f 1013/1000/1022 1028/1039/1044 1029/1041/1046
f 1022/1007/1025 1021/1003/1023 1036/1040/1045
f 1014/1004/1024 1029/1041/1046 1030/1043/1048
f 1023/1011/1027 1022/1007/1025 1037/1042/1047
f 1015/1008/1026 1030/1043/1048 1031/1044/1049
f 1036/1040/1045 1035/1038/1043 1050/1045/1050
f 1028/1039/1044 1043/1061/1064 1044/1047/1052
f 1037/1042/1047 1036/1040/1045 1051/1046/1051
f 1029/1041/1046 1044/1047/1052 1045/1049/1054
f 1038/1028/1035 1037/1042/1047 1052/1048/1053
f 1030/1043/1048 1045/1049/1054 1046/1051/1056
f 1039/1029/1036 1038/1028/1035 1053/1050/1055
f 1031/1044/1049 1046/1051/1056 1047/1053/1058
f 1040/1031/1038 1039/1029/1036 1054/1052/1057
f 1032/1030/1037 1047/1053/1058 1048/1055/1060
f 1034/1036/1041 1033/1032/1039 1048/1055/1060
f 1026/1034/1040 1041/1057/1061 1042/1060/1063
f 1035/1038/1043 1034/1036/1041 1049/1059/1062
f 1027/1037/1042 1042/1060/1063 1043/1061/1064
f 1055/1054/1059 1054/1052/1057 1069/1062/1065
f 1047/1053/1058 1062/1075/1079 1063/429/1067
f 1049/1059/1062 1048/1055/1060 1063/429/1067
f 1041/1057/1061 1056/1065/1068 1057/1068/1070
f 1050/1045/1050 1049/1059/1062 1064/1067/1069
f 1042/1060/1063 1057/1068/1070 1058/1070/1072
f 1051/1046/1051 1050/1045/1050 1065/1069/1071
f 1043/1061/1064 1058/1070/1072 1059/436/1074
f 1052/1048/1053 1051/1046/1051 1066/1071/1073
f 1044/1047/1052 1059/436/1074 1060/1073/1076
f 1053/1050/1055 1052/1048/1053 1067/1072/1075
f 1045/1049/1054 1060/1073/1076 1061/432/1078
f 1054/1052/1057 1053/1050/1055 1068/1074/1077
f 1046/1051/1056 1061/432/1078 1062/1075/1079
f 1058/1070/1072 1073/1087/1094 1074/437/1080
f 1067/1072/1075 1066/1071/1073 1081/1076/1081
f 1059/436/1074 1074/437/1080 1075/414/1083
f 1068/1074/1077 1067/1072/1075 1082/1077/1082
f 1060/1073/1076 1075/414/1083 1076/433/1085
f 1069/1062/1065 1068/1074/1077 1083/1078/1084
f 1061/432/1078 1076/433/1085 1077/392/1087
f 1070/1063/1066 1069/1062/1065 1084/1079/1086
f 1062/1075/1079 1077/392/1087 1078/427/1089
f 1064/1067/1069 1063/429/1067 1078/427/1089
f 1056/1065/1068 1071/1082/1090 1072/1085/1092
f 1065/1069/1071 1064/1067/1069 1079/1084/1091
f 1057/1068/1070 1072/1085/1092 1073/1087/1094
f 1066/1071/1073 1065/1069/1071 1080/1086/1093
f 1077/392/1087 1092/386/1109 1093/428/1095
f 1079/1084/1091 1078/427/1089 1093/428/1095
f 1071/1082/1090 1086/1089/1096 1087/1093/1099
f 1080/1086/1093 1079/1084/1091 1094/1092/1098
f 1072/1085/1092 1087/1093/1099 1088/1095/1101
f 1081/1076/1081 1080/1086/1093 1095/1094/1100
f 1073/1087/1094 1088/1095/1101 1089/438/1103
f 1082/1077/1082 1081/1076/1081 1096/1096/1102
f 1074/437/1080 1089/438/1103 1090/413/1105
f 1083/1078/1084 1082/1077/1082 1097/1097/1104
f 1075/414/1083 1090/413/1105 1091/400/1107
f 1084/1079/1086 1083/1078/1084 1098/1098/1106
f 1076/433/1085 1091/400/1107 1092/386/1109
f 1085/1080/1088 1084/1079/1086 1099/1099/1108
f 1097/1097/1104 1096/1096/1102 1111/1100/1110
f 1089/438/1103 1104/439/1124 1105/411/1112
f 1098/1098/1106 1097/1097/1104 1112/1101/1111
f 1090/413/1105 1105/411/1112 1106/398/1114
f 1099/1099/1108 1098/1098/1106 1113/1102/1113
f 1091/400/1107 1106/398/1114 1107/384/1116
f 1100/1091/1097 1099/1099/1108 1114/1103/1115
f 1092/386/1109 1107/384/1116 1108/426/1118
f 1094/1092/1098 1093/428/1095 1108/426/1118
f 1086/1089/1096 1101/1106/1119 1102/1109/1121
f 1095/1094/1100 1094/1092/1098 1109/1108/1120
f 1087/1093/1099 1102/1109/1121 1103/1111/1123
f 1096/1096/1102 1095/1094/1100 1110/1110/1122
f 1088/1095/1101 1103/1111/1123 1104/439/1124
f 1109/1108/1120 1108/426/1118 646/425/643
f 1101/1106/1119 1116/693/646 1117/701/654
f 1110/1110/1122 1109/1108/1120 647/700/653
f 1102/1109/1121 1117/701/654 643/705/658
f 1111/1100/1110 1110/1110/1122 1120/704/657
f 1103/1111/1123 643/705/658 1118/440/662
f 1112/1101/1111 1111/1100/1110 648/708/661
f 1104/439/1124 1118/440/662 644/412/666
f 1113/1102/1113 1112/1101/1111 1121/710/665
f 1105/411/1112 644/412/666 1119/397/670
f 1114/1103/1115 1113/1102/1113 1122/712/669
f 1106/398/1114 1119/397/670 645/380/674
f 1115/1104/1117 1114/1103/1115 1123/714/673
f 1107/384/1116 645/380/674 646/425/643
f 1128/425/643 1138/423/1144 1137/378/1116
f 1139/699/1127 1138/423/1144 1128/425/643
f 1599/701/1128 1132/702/1131 1131/695/1126
f 1140/703/1129 1139/699/1127 1129/700/653
f 1125/705/1130 1133/706/1134 1132/702/1131
f 1141/707/1132 1140/703/1129 1602/704/657
f 1600/440/1133 1134/441/1137 1133/706/1134
f 1142/709/1135 1141/707/1132 1130/708/661
f 1126/412/1136 1135/410/1140 1134/441/1137
f 1143/711/1138 1142/709/1135 1603/710/665
f 1601/397/1139 1136/396/1142 1135/410/1140
f 1144/713/1141 1143/711/1138 1604/712/669
f 1127/380/1125 1137/378/1116 1136/396/1142
f 1145/698/1117 1144/713/1141 1605/714/673
f 1137/378/1116 1152/375/1145 1151/394/1107
f 1160/715/1143 1159/726/1155 1144/713/1141
f 1138/423/1144 1153/424/1165 1152/375/1145
f 1154/719/1146 1153/424/1165 1138/423/1144
f 1132/702/1131 1147/720/1148 1146/717/1096
f 1155/721/1147 1154/719/1146 1139/699/1127
f 1133/706/1134 1148/722/1150 1147/720/1148
f 1156/723/1149 1155/721/1147 1140/703/1129
f 1134/441/1137 1149/442/1152 1148/722/1150
f 1157/724/1151 1156/723/1149 1141/707/1132
f 1135/410/1140 1150/409/1154 1149/442/1152
f 1158/725/1153 1157/724/1151 1142/709/1135
f 1136/396/1142 1151/394/1107 1150/409/1154
f 1159/726/1155 1158/725/1153 1143/711/1138
f 1171/727/1156 1170/738/1168 1155/721/1147
f 1149/442/1152 1164/443/1159 1163/728/1157
f 1172/729/1158 1171/727/1156 1156/723/1149
f 1150/409/1154 1165/408/1161 1164/443/1159
f 1173/730/1160 1172/729/1158 1157/724/1151
f 1151/394/1107 1166/395/1163 1165/408/1161
f 1174/731/1162 1173/730/1160 1158/725/1153
f 1152/375/1145 1167/376/1166 1166/395/1163
f 1175/732/1164 1174/731/1162 1159/726/1155
f 1153/424/1165 1168/422/1171 1167/376/1166
f 1169/736/1167 1168/422/1171 1153/424/1165
f 1147/720/1148 1162/737/1169 1161/734/1090
f 1170/738/1168 1169/736/1167 1154/719/1146
f 1148/722/1150 1163/728/1157 1162/737/1169
f 1190/60/1170 1189/743/1182 1174/731/1162
f 1168/422/1171 1183/137/1192 1182/202/1172
f 1184/135/1173 1183/137/1192 1168/422/1171
f 1162/737/1169 1177/741/1175 1176/277/1068
f 1185/742/1174 1184/135/1173 1169/736/1167
f 1163/728/1157 1178/273/1177 1177/741/1175
f 1186/131/1176 1185/742/1174 1170/738/1168
f 1164/443/1159 1179/208/1179 1178/273/1177
f 1187/66/1178 1186/131/1176 1171/727/1156
f 1165/408/1161 1180/206/1181 1179/208/1179
f 1188/64/1180 1187/66/1178 1172/729/1158
f 1166/395/1163 1181/444/1183 1180/206/1181
f 1189/743/1182 1188/64/1180 1173/730/1160
f 1167/376/1166 1182/202/1172 1181/444/1183
f 1179/208/1179 1194/745/1186 1193/744/1184
f 1202/67/1185 1201/99/1197 1186/131/1176
f 1180/206/1181 1195/746/1188 1194/745/1186
f 1203/41/1187 1202/67/1185 1187/66/1178
f 1181/444/1183 1196/747/1190 1195/746/1188
f 1204/62/1189 1203/41/1187 1188/64/1180
f 1182/202/1172 1197/748/1193 1196/747/1190
f 1205/19/1191 1204/62/1189 1189/743/1182
f 1183/137/1192 1198/749/1198 1197/748/1193
f 1199/752/1194 1198/749/1198 1183/137/1192
f 1177/741/1175 1192/275/1196 1191/263/1061
f 1200/133/1195 1199/752/1194 1184/135/1173
f 1178/273/1177 1193/744/1184 1192/275/1196
f 1201/99/1197 1200/133/1195 1185/742/1174
f 1198/749/1198 1214/754/1216 1213/753/1037
f 1215/757/1199 1214/754/1216 1198/749/1198
f 1192/275/1196 1208/249/1201 1207/262/1040
f 1216/107/1200 1215/757/1199 1199/752/1194
f 1193/744/1184 1209/758/1203 1208/249/1201
f 1217/93/1202 1216/107/1200 1200/133/1195
f 1194/745/1186 1210/759/1205 1209/758/1203
f 1218/68/1204 1217/93/1202 1201/99/1197
f 1195/746/1188 1211/760/1207 1210/759/1205
f 1219/40/1206 1218/68/1204 1202/67/1185
f 1196/747/1190 1212/761/1209 1211/760/1207
f 1220/27/1208 1219/40/1206 1203/41/1187
f 1197/748/1193 1213/753/1037 1212/761/1209
f 1221/13/1038 1220/27/1208 1204/62/1189
f 1233/69/1210 1232/91/1221 1217/93/1202
f 1211/760/1207 1226/763/1212 1225/762/1024
f 1234/39/1211 1233/69/1210 1218/68/1204
f 1212/761/1209 1227/764/1214 1226/763/1212
f 1235/25/1213 1234/39/1211 1219/40/1206
f 1213/753/1037 1228/765/1217 1227/764/1214
f 1236/11/1215 1235/25/1213 1220/27/1208
f 1214/754/1216 1229/766/1224 1228/765/1217
f 1230/769/1218 1229/766/1224 1214/754/1216
f 1208/249/1201 1223/247/1220 1222/261/1033
f 1231/105/1219 1230/769/1218 1215/757/1199
f 1209/758/1203 1224/770/1222 1223/247/1220
f 1232/91/1221 1231/105/1219 1216/107/1200
f 1210/759/1205 1225/762/1024 1224/770/1222
f 1245/772/1223 1244/778/1010 1229/766/1224
f 1223/247/1220 1238/246/1226 1237/260/1011
f 1246/104/1225 1245/772/1223 1230/769/1218
f 1224/770/1222 1239/773/1228 1238/246/1226
f 1247/89/1227 1246/104/1225 1231/105/1219
f 1225/762/1024 1240/774/1230 1239/773/1228
f 1248/70/1229 1247/89/1227 1232/91/1221
f 1226/763/1212 1241/775/1232 1240/774/1230
f 1249/38/1231 1248/70/1229 1233/69/1210
f 1227/764/1214 1242/776/1234 1241/775/1232
f 1250/24/1233 1249/38/1231 1234/39/1211
f 1228/765/1217 1243/777/1235 1242/776/1234
f 1251/9/1009 1250/24/1233 1235/25/1213
f 1229/766/1224 1244/778/1010 1243/777/1235
f 1249/38/1231 1264/37/1237 1263/71/996
f 1257/780/1236 1256/788/1248 1241/775/1232
f 1250/24/1233 1265/23/1239 1264/37/1237
f 1258/781/1238 1257/780/1236 1242/776/1234
f 1251/9/1009 1266/7/1241 1265/23/1239
f 1259/782/1240 1258/781/1238 1243/777/1235
f 1245/772/1223 1260/785/1243 1259/782/1240
f 1253/245/1242 1252/259/990 1237/260/1011
f 1246/104/1225 1261/103/1245 1260/785/1243
f 1254/786/1244 1253/245/1242 1238/246/1226
f 1247/89/1227 1262/87/1247 1261/103/1245
f 1255/787/1246 1254/786/1244 1239/773/1228
f 1248/70/1229 1263/71/996 1262/87/1247
f 1256/788/1248 1255/787/1246 1240/774/1230
f 1268/244/1249 1267/257/1261 1252/259/990
f 1261/103/1245 1276/102/1251 1275/789/983
f 1269/790/1250 1268/244/1249 1253/245/1242
f 1262/87/1247 1277/85/1253 1276/102/1251
f 1270/791/1252 1269/790/1250 1254/786/1244
f 1263/71/996 1278/72/1255 1277/85/1253
f 1271/792/1254 1270/791/1252 1255/787/1246
f 1264/37/1237 1279/35/1257 1278/72/1255
f 1272/793/1256 1271/792/1254 1256/788/1248
f 1265/23/1239 1280/22/1259 1279/35/1257
f 1273/794/1258 1272/793/1256 1257/780/1236
f 1266/7/1241 1281/5/1262 1280/22/1259
f 1274/795/1260 1273/794/1258 1258/781/1238
f 1260/785/1243 1275/789/983 1274/795/1260
f 1287/798/1263 1286/806/1274 1271/792/1254
f 1280/22/1259 1295/21/1265 1294/36/969
f 1288/799/1264 1287/798/1263 1272/793/1256
f 1281/5/1262 1296/2/1267 1295/21/1265
f 1289/800/1266 1288/799/1264 1273/794/1258
f 1275/789/983 1290/803/1269 1289/800/1266
f 1283/243/1268 1282/258/961 1267/257/1261
f 1276/102/1251 1291/101/1271 1290/803/1269
f 1284/804/1270 1283/243/1268 1268/244/1249
f 1277/85/1253 1292/82/1273 1291/101/1271
f 1285/805/1272 1284/804/1270 1269/790/1250
f 1278/72/1255 1293/73/1275 1292/82/1273
f 1286/806/1274 1285/805/1272 1270/791/1252
f 1279/35/1257 1294/36/969 1293/73/1275
f 1291/101/1271 1306/149/1277 1305/147/954
f 1299/293/1276 1298/291/1289 1283/243/1268
f 1292/82/1273 1307/151/1279 1306/149/1277
f 1300/216/1278 1299/293/1276 1284/804/1270
f 1293/73/1275 1308/74/1281 1307/151/1279
f 1301/807/1280 1300/216/1278 1285/805/1272
f 1294/36/969 1309/76/1283 1308/74/1281
f 1302/808/1282 1301/807/1280 1286/806/1274
f 1295/21/1265 1310/78/1285 1309/76/1283
f 1303/809/1284 1302/808/1282 1287/798/1263
f 1296/2/1267 1311/80/1288 1310/78/1285
f 1304/145/1286 1303/809/1284 1288/799/1264
f 1290/803/1269 1305/147/954 1304/145/1286
f 1298/291/1289 1297/289/1287 1282/258/961
f 1310/78/1285 1325/813/1291 1324/812/940
f 1318/814/1290 1317/826/1303 1302/808/1282
f 1311/80/1288 1326/815/1294 1325/813/1291
f 1319/572/1292 1318/814/1290 1303/809/1284
f 1305/147/954 1320/819/1296 1319/572/1292
f 1313/820/1295 1312/817/1293 1297/289/1287
f 1306/149/1277 1321/821/1298 1320/819/1296
f 1314/822/1297 1313/820/1295 1298/291/1289
f 1307/151/1279 1322/823/1300 1321/821/1298
f 1315/685/1299 1314/822/1297 1299/293/1276
f 1308/74/1281 1323/824/1302 1322/823/1300
f 1316/825/1301 1315/685/1299 1300/216/1278
f 1309/76/1283 1324/812/940 1323/824/1302
f 1317/826/1303 1316/825/1301 1301/807/1280
f 1329/827/1304 1328/841/1315 1313/820/1295
f 1322/823/1300 1337/829/1306 1336/828/927
f 1330/686/1305 1329/827/1304 1314/822/1297
f 1323/824/1302 1338/830/1308 1337/829/1306
f 1331/831/1307 1330/686/1305 1315/685/1299
f 1324/812/940 1339/832/1310 1338/830/1308
f 1332/833/1309 1331/831/1307 1316/825/1301
f 1325/813/1291 1340/834/1312 1339/832/1310
f 1333/835/1311 1332/833/1309 1317/826/1303
f 1326/815/1294 1341/836/1314 1340/834/1312
f 1334/571/1313 1333/835/1311 1318/814/1290
f 1320/819/1296 1335/840/1316 1334/571/1313
f 1328/841/1315 1327/838/924 1312/817/1293
f 1321/821/1298 1336/828/927 1335/840/1316
f 1348/842/1317 1347/856/1330 1332/833/1309
f 1341/836/1314 1356/844/1321 1355/843/1318
f 1349/570/1319 1348/842/1317 1333/835/1311
f 1335/840/1316 1350/848/1323 1349/570/1319
f 1343/849/1322 1342/846/1320 1327/838/924
f 1336/828/927 1351/850/1325 1350/848/1323
f 1344/851/1324 1343/849/1322 1328/841/1315
f 1337/829/1306 1352/852/1327 1351/850/1325
f 1345/687/1326 1344/851/1324 1329/827/1304
f 1338/830/1308 1353/853/1329 1352/852/1327
f 1346/854/1328 1345/687/1326 1330/686/1305
f 1339/832/1310 1354/855/1331 1353/853/1329
f 1347/856/1330 1346/854/1328 1331/831/1307
f 1340/834/1312 1355/843/1318 1354/855/1331
f 1352/852/1327 1367/858/1334 1366/857/1332
f 1360/688/1333 1359/870/1344 1344/851/1324
f 1353/853/1329 1368/859/1336 1367/858/1334
f 1361/860/1335 1360/688/1333 1345/687/1326
f 1354/855/1331 1369/861/1338 1368/859/1336
f 1362/317/1337 1361/860/1335 1346/854/1328
f 1355/843/1318 1370/862/1340 1369/861/1338
f 1363/863/1339 1362/317/1337 1347/856/1330
f 1356/844/1321 1371/864/1341 1370/862/1340
f 1364/569/895 1363/863/1339 1348/842/1317
f 1350/848/1323 1365/868/1343 1364/569/895
f 1358/869/1342 1357/866/896 1342/846/1320
f 1351/850/1325 1366/857/1332 1365/868/1343
f 1359/870/1344 1358/869/1342 1343/849/1322
f 1386/871/1345 1385/885/1355 1370/862/1340
f 1364/569/895 1379/568/1363 1378/872/870
f 1380/876/1346 1379/568/1363 1364/569/895
f 1358/869/1342 1373/877/1348 1372/874/874
f 1381/878/1347 1380/876/1346 1365/868/1343
f 1359/870/1344 1374/879/1350 1373/877/1348
f 1382/880/1349 1381/878/1347 1366/857/1332
f 1360/688/1333 1375/689/1352 1374/879/1350
f 1383/881/1351 1382/880/1349 1367/858/1334
f 1361/860/1335 1376/882/1354 1375/689/1352
f 1384/883/1353 1383/881/1351 1368/859/1336
f 1362/317/1337 1377/884/1356 1376/882/1354
f 1385/885/1355 1384/883/1353 1369/861/1338
f 1363/863/1339 1378/872/870 1377/884/1356
f 1398/886/1357 1397/900/1368 1382/880/1349
f 1376/882/1354 1391/887/1359 1390/690/858
f 1399/888/1358 1398/886/1357 1383/881/1351
f 1377/884/1356 1392/889/1361 1391/887/1359
f 1400/890/1360 1399/888/1358 1384/883/1353
f 1378/872/870 1393/891/1364 1392/889/1361
f 1401/892/1362 1400/890/1360 1385/885/1355
f 1379/568/1363 1394/567/1372 1393/891/1364
f 1395/896/1365 1394/567/1372 1379/568/1363
f 1373/877/1348 1388/897/1367 1387/894/867
f 1396/898/1366 1395/896/1365 1380/876/1346
f 1374/879/1350 1389/899/1369 1388/897/1367
f 1397/900/1368 1396/898/1366 1381/878/1347
f 1375/689/1352 1390/690/858 1389/899/1369
f 1410/905/1371 1409/566/1389 1394/567/1372
f 1388/897/1367 1403/906/1374 1402/902/845
f 1411/907/1373 1410/905/1371 1395/896/1365
f 1389/899/1369 1404/908/1376 1403/906/1374
f 1412/909/1375 1411/907/1373 1396/898/1366
f 1390/690/858 1405/691/1378 1404/908/1376
f 1413/910/1377 1412/909/1375 1397/900/1368
f 1391/887/1359 1406/911/1380 1405/691/1378
f 1414/912/1379 1413/910/1377 1398/886/1357
f 1392/889/1361 1407/913/1382 1406/911/1380
f 1415/914/1381 1414/912/1379 1399/888/1358
f 1393/891/1364 1408/915/1383 1407/913/1382
f 1416/904/1370 1415/914/1381 1400/890/1360
f 1394/567/1372 1409/566/1389 1408/915/1383
f 1406/911/1380 1421/503/1385 1420/692/829
f 1429/916/1384 1428/927/1396 1413/910/1377
f 1407/913/1382 1422/505/1387 1421/503/1385
f 1430/917/1386 1429/916/1384 1414/912/1379
f 1408/915/1383 1423/507/1390 1422/505/1387
f 1431/918/1388 1430/917/1386 1415/914/1381
f 1409/566/1389 1424/510/1398 1423/507/1390
f 1425/922/1391 1424/510/1398 1409/566/1389
f 1403/906/1374 1418/923/1393 1417/920/838
f 1426/924/1392 1425/922/1391 1410/905/1371
f 1404/908/1376 1419/925/1395 1418/923/1393
f 1427/926/1394 1426/924/1392 1411/907/1373
f 1405/691/1378 1420/692/829 1419/925/1395
f 1428/927/1396 1427/926/1394 1412/909/1375
f 1441/928/1397 1440/942/1417 1424/510/1398
f 1418/923/1393 1434/930/1401 1433/929/1399
f 1442/931/1400 1441/928/1397 1425/922/1391
f 1419/925/1395 1435/932/1403 1434/930/1401
f 1443/933/1402 1442/931/1400 1426/924/1392
f 1420/692/829 1436/934/1405 1435/932/1403
f 1444/935/1404 1443/933/1402 1427/926/1394
f 1421/503/1385 1437/936/1407 1436/934/1405
f 1445/937/1406 1444/935/1404 1428/927/1396
f 1422/505/1387 1438/938/1409 1437/936/1407
f 1446/939/1408 1445/937/1406 1429/916/1384
f 1423/507/1390 1439/940/1411 1438/938/1409
f 1447/941/1410 1446/939/1408 1430/917/1386
f 1424/510/1398 1440/942/1417 1439/940/1411
f 1460/945/1412 1459/961/1425 1444/935/1404
f 1438/938/1409 1453/947/1415 1452/946/1413
f 1461/948/1414 1460/945/1412 1445/937/1406
f 1439/940/1411 1454/949/1418 1453/947/1415
f 1462/950/1416 1461/948/1414 1446/939/1408
f 1440/942/1417 1455/951/1438 1454/949/1418
f 1456/955/1420 1455/951/1438 1440/942/1417
f 1434/930/1401 1449/956/1422 1448/953/1419
f 1457/957/1421 1456/955/1420 1441/928/1397
f 1435/932/1403 1450/958/1424 1449/956/1422
f 1458/959/1423 1457/957/1421 1442/931/1400
f 1436/934/1405 1451/960/1426 1450/958/1424
f 1459/961/1425 1458/959/1423 1443/933/1402
f 1437/936/1407 1452/946/1413 1451/960/1426
f 1449/956/1422 1464/963/1428 1463/962/787
f 1472/964/1427 1471/978/1440 1456/955/1420
f 1450/958/1424 1465/965/1430 1464/963/1428
f 1473/966/1429 1472/964/1427 1457/957/1421
f 1451/960/1426 1466/967/1432 1465/965/1430
f 1474/968/1431 1473/966/1429 1458/959/1423
f 1452/946/1413 1467/969/1434 1466/967/1432
f 1475/970/1433 1474/968/1431 1459/961/1425
f 1453/947/1415 1468/971/1436 1467/969/1434
f 1476/972/1435 1475/970/1433 1460/945/1412
f 1454/949/1418 1469/973/1439 1468/971/1436
f 1477/974/1437 1476/972/1435 1461/948/1414
f 1455/951/1438 1470/975/1444 1469/973/1439
f 1471/978/1440 1470/975/1444 1455/951/1438
f 1468/971/1436 1483/980/1442 1482/979/774
f 1491/981/1441 1490/995/1454 1475/970/1433
f 1469/973/1439 1484/982/1445 1483/980/1442
f 1492/983/1443 1491/981/1441 1476/972/1435
f 1470/975/1444 1485/984/779 1484/982/1445
f 1486/988/1447 1485/984/779 1470/975/1444
f 1464/963/1428 1479/989/1449 1478/986/1446
f 1487/990/1448 1486/988/1447 1471/978/1440
f 1465/965/1430 1480/991/1451 1479/989/1449
f 1488/992/1450 1487/990/1448 1472/964/1427
f 1466/967/1432 1481/993/1453 1480/991/1451
f 1489/994/1452 1488/992/1450 1473/966/1429
f 1467/969/1434 1482/979/774 1481/993/1453
f 1490/995/1454 1489/994/1452 1474/968/1431
f 1487/996/1448 1502/998/1456 1501/997/760
f 1495/1000/1455 1494/1027/1467 1479/999/1449
f 1488/1002/1450 1503/1003/1458 1502/998/1456
f 1496/1004/1457 1495/1000/1455 1480/1001/1451
f 1489/1006/1452 1504/1007/1460 1503/1003/1458
f 1497/1008/1459 1496/1004/1457 1481/1005/1453
f 1490/1010/1454 1505/1011/1462 1504/1007/1460
f 1498/1012/1461 1497/1008/1459 1482/1009/774
f 1491/1014/1441 1506/1015/1464 1505/1011/1462
f 1499/1016/1463 1498/1012/1461 1483/1013/1442
f 1492/1018/1443 1507/1019/1466 1506/1015/1464
f 1500/1020/1465 1499/1016/1463 1484/1017/1445
f 1486/1026/1447 1501/997/760 1500/1020/1465
f 1494/1027/1467 1493/1024/759 1478/1022/1446
f 1506/1015/1464 1521/1029/1469 1520/1028/747
f 1514/1030/1468 1513/1044/1480 1498/1012/1461
f 1507/1019/1466 1522/1031/1471 1521/1029/1469
f 1515/1032/1470 1514/1030/1468 1499/1016/1463
f 1501/997/760 1516/1036/1473 1515/1032/1470
f 1509/1037/1472 1508/1034/737 1493/1024/759
f 1502/998/1456 1517/1038/1475 1516/1036/1473
f 1510/1039/1474 1509/1037/1472 1494/1027/1467
f 1503/1003/1458 1518/1040/1477 1517/1038/1475
f 1511/1041/1476 1510/1039/1474 1495/1000/1455
f 1504/1007/1460 1519/1042/1479 1518/1040/1477
f 1512/1043/1478 1511/1041/1476 1496/1004/1457
f 1505/1011/1462 1520/1028/747 1519/1042/1479
f 1513/1044/1480 1512/1043/1478 1497/1008/1459
f 1518/1040/1477 1533/1046/1482 1532/1045/733
f 1526/1047/1481 1525/1061/1493 1510/1039/1474
f 1519/1042/1479 1534/1048/1484 1533/1046/1482
f 1527/1049/1483 1526/1047/1481 1511/1041/1476
f 1520/1028/747 1535/1050/1486 1534/1048/1484
f 1528/1051/1485 1527/1049/1483 1512/1043/1478
f 1521/1029/1469 1536/1052/1488 1535/1050/1486
f 1529/1053/1487 1528/1051/1485 1513/1044/1480
f 1522/1031/1471 1537/1054/1490 1536/1052/1488
f 1530/1055/1489 1529/1053/1487 1514/1030/1468
f 1516/1036/1473 1531/1059/1492 1530/1055/1489
f 1524/1060/1491 1523/1057/730 1508/1034/737
f 1517/1038/1475 1532/1045/733 1531/1059/1492
f 1525/1061/1493 1524/1060/1491 1509/1037/1472
f 1537/1054/1490 1552/1063/1496 1551/1062/1494
f 1545/429/1495 1544/1075/1507 1529/1053/1487
f 1531/1059/1492 1546/1067/1498 1545/429/1495
f 1539/1068/1497 1538/1065/708 1523/1057/730
f 1532/1045/733 1547/1069/1500 1546/1067/1498
f 1540/1070/1499 1539/1068/1497 1524/1060/1491
f 1533/1046/1482 1548/1071/1502 1547/1069/1500
f 1541/436/1501 1540/1070/1499 1525/1061/1493
f 1534/1048/1484 1549/1072/1504 1548/1071/1502
f 1542/1073/1503 1541/436/1501 1526/1047/1481
f 1535/1050/1486 1550/1074/1506 1549/1072/1504
f 1543/432/1505 1542/1073/1503 1527/1049/1483
f 1536/1052/1488 1551/1062/1494 1550/1074/1506
f 1544/1075/1507 1543/432/1505 1528/1051/1485
f 1556/437/1508 1555/1087/1519 1540/1070/1499
f 1549/1072/1504 1564/1077/1510 1563/1076/690
f 1557/414/1509 1556/437/1508 1541/436/1501
f 1550/1074/1506 1565/1078/1512 1564/1077/1510
f 1558/433/1511 1557/414/1509 1542/1073/1503
f 1551/1062/1494 1566/1079/1514 1565/1078/1512
f 1559/392/1513 1558/433/1511 1543/432/1505
f 1552/1063/1496 1567/1080/1516 1566/1079/1514
f 1560/427/1515 1559/392/1513 1544/1075/1507
f 1546/1067/1498 1561/1084/1518 1560/427/1515
f 1554/1085/1517 1553/1082/701 1538/1065/708
f 1547/1069/1500 1562/1086/1520 1561/1084/1518
f 1555/1087/1519 1554/1085/1517 1539/1068/1497
f 1548/1071/1502 1563/1076/690 1562/1086/1520
f 1575/428/1521 1574/386/1532 1559/392/1513
f 1561/1084/1518 1576/1092/1523 1575/428/1521
f 1569/1093/1522 1568/1089/679 1553/1082/701
f 1562/1086/1520 1577/1094/1525 1576/1092/1523
f 1570/1095/1524 1569/1093/1522 1554/1085/1517
f 1563/1076/690 1578/1096/1527 1577/1094/1525
f 1571/438/1526 1570/1095/1524 1555/1087/1519
f 1564/1077/1510 1579/1097/1529 1578/1096/1527
f 1572/413/1528 1571/438/1526 1556/437/1508
f 1565/1078/1512 1580/1098/1531 1579/1097/1529
f 1573/400/1530 1572/413/1528 1557/414/1509
f 1566/1079/1514 1581/1099/1533 1580/1098/1531
f 1574/386/1532 1573/400/1530 1558/433/1511
f 1567/1080/1516 1582/1091/677 1581/1099/1533
f 1579/1097/1529 1594/1101/1536 1593/1100/1534
f 1587/411/1535 1586/439/1548 1571/438/1526
f 1580/1098/1531 1595/1102/1538 1594/1101/1536
f 1588/398/1537 1587/411/1535 1572/413/1528
f 1581/1099/1533 1596/1103/1540 1595/1102/1538
f 1589/384/1539 1588/398/1537 1573/400/1530
f 1582/1091/677 1597/1104/1543 1596/1103/1540
f 1590/426/1541 1589/384/1539 1574/386/1532
f 1576/1092/1523 1591/1108/1545 1590/426/1541
f 1584/1109/1544 1583/1106/1542 1568/1089/679
f 1577/1094/1525 1592/1110/1547 1591/1108/1545
f 1585/1111/1546 1584/1109/1544 1569/1093/1522
f 1578/1096/1527 1593/1100/1534 1592/1110/1547
f 1586/439/1548 1585/1111/1546 1570/1095/1524
f 1591/1108/1545 1129/700/653 1128/425/643
f 1599/701/1128 1598/693/646 1583/1106/1542
f 1592/1110/1547 1602/704/657 1129/700/653
f 1125/705/1130 1599/701/1128 1584/1109/1544
f 1593/1100/1534 1130/708/661 1602/704/657
f 1600/440/1133 1125/705/1130 1585/1111/1546
f 1594/1101/1536 1603/710/665 1130/708/661
f 1126/412/1136 1600/440/1133 1586/439/1548
f 1595/1102/1538 1604/712/669 1603/710/665
f 1601/397/1139 1126/412/1136 1587/411/1535
f 1596/1103/1540 1605/714/673 1604/712/669
f 1127/380/1125 1601/397/1139 1588/398/1537
f 1597/1104/1543 1606/697/650 1605/714/673
f 1128/425/643 1127/380/1125 1589/384/1539
