# Blender 4.5.2 LTS
# www.blender.org
mtllib enemy.mtl
o Kawasaki_Ninja_ZX-6R
v 0.117999 -0.101789 0.173616
v 0.284992 -0.036737 0.098612
v 0.121499 -0.012572 0.127122
v 0.381226 0.054283 0.120009
v 0.381226 0.062146 0.127917
v 0.240647 0.041132 0.130490
v 0.269534 0.097458 0.072382
v 0.381197 0.085569 0.104580
v 0.378210 0.078314 0.100459
v 0.381202 0.092887 0.088346
v 0.383043 0.094684 0.090900
v 0.269534 0.118851 0.059423
v 0.248112 -0.002255 0.118096
v -0.733549 0.521566 -0.417408
v -0.765158 0.548590 -0.444807
v -0.731776 0.518439 -0.417475
v -0.767220 0.548974 -0.447967
v -0.788535 0.535189 -0.431333
v -0.790454 0.535545 -0.434272
v -0.722160 0.514359 -0.253914
v -0.707547 0.493583 -0.274056
v -0.746691 0.411804 -0.282442
v 0.228889 -0.049931 0.145228
v 0.232199 -0.007589 0.162758
v 0.598810 -0.094567 -0.412786
v 0.585875 -0.104285 -0.402528
v 0.589438 -0.101611 -0.405709
v -0.673313 0.355378 -0.886525
v -0.681153 0.347017 -0.891236
v -0.662110 0.351782 -0.881907
v 1.241465 0.336028 -0.532465
v 1.205407 0.323019 -0.529701
v 1.245853 0.328822 -0.535534
v -0.669156 0.331543 -0.883168
v 0.381226 -0.181958 -0.116232
v 0.240647 -0.192441 -0.103083
v 0.381226 -0.189868 -0.124097
v 0.269534 -0.134333 -0.159409
v 0.378210 -0.162410 -0.140265
v 0.381197 -0.166531 -0.147520
v 0.381202 -0.150297 -0.154838
v 0.269534 -0.121374 -0.180802
v 0.383043 -0.152850 -0.156634
v 0.585875 0.331182 0.032490
v 0.598810 0.341441 0.022775
v 0.589438 0.334364 0.029817
v -0.673313 0.819094 -0.422809
v -0.662112 0.814477 -0.419213
v -0.681155 0.823805 -0.414448
v -0.669156 0.815737 -0.398974
v -0.455717 -0.123581 0.177355
v -0.506578 -0.223975 0.211145
v -0.499760 -0.159986 0.190881
v 0.117999 -0.244389 0.031017
v 0.121499 -0.197895 -0.058201
v 0.284992 -0.169385 -0.034036
v 0.248112 -0.188867 -0.068516
v -0.722160 0.183142 -0.585131
v -0.746691 0.211669 -0.482577
v -0.707547 0.203284 -0.564355
v 0.228889 -0.216001 -0.020842
v 0.232199 -0.233531 -0.063184
v -0.455717 -0.248126 0.052810
v -0.499760 -0.261654 0.089213
v -0.506578 -0.281918 0.153202
v 1.265711 0.468861 -0.358689
v 1.245884 0.465171 -0.367170
v 1.245884 0.449349 -0.351348
v 1.265711 0.459607 -0.349436
v 1.241691 0.433810 -0.371057
v 1.241691 0.445461 -0.382708
v 1.272696 0.494910 -0.345781
v 1.272696 0.475838 -0.327387
v 1.265711 0.510477 -0.316062
v 1.265711 0.505820 -0.311698
v 1.245884 0.516080 -0.315112
v 1.245884 0.506572 -0.306199
v 1.214081 0.497590 -0.315181
v 1.214081 0.507100 -0.324092
v 1.205862 0.492393 -0.343206
v 1.210805 0.476967 -0.327780
v 1.214081 0.465171 -0.367170
v 1.214081 0.449349 -0.351348
v 1.218274 0.445461 -0.382708
v 1.218274 0.433810 -0.371057
v 1.245884 0.498280 -0.349094
v 1.245884 0.472970 -0.323783
v 0.641802 0.336236 -0.312224
v 0.682589 0.387883 -0.366372
v 0.629064 0.364162 -0.320535
v 0.701668 0.339871 -0.351524
v 0.648873 0.328696 -0.299610
v 1.139490 0.524238 -0.499362
v 0.712256 0.326677 -0.329754
v 0.657688 0.333632 -0.269459
v 1.163743 0.480934 -0.487626
v 0.725459 0.334467 -0.278229
v 0.657688 0.345132 -0.257895
v 1.222614 0.510502 -0.490769
v 1.199912 0.537709 -0.496380
v 1.226408 0.501500 -0.476177
v 1.171986 0.468129 -0.466656
v 1.172874 0.472391 -0.414448
v 1.215283 0.501251 -0.437297
v 0.725459 0.353908 -0.258679
v 1.191509 0.516240 -0.466432
v 1.164276 0.562378 -0.449908
v 1.174411 0.537299 -0.438541
v 1.165453 0.550072 -0.416233
v 1.174912 0.537148 -0.409023
v 1.202564 0.510053 -0.420714
v 1.165339 0.488616 -0.393552
v 1.141479 0.533817 -0.382051
v 0.712256 0.405386 -0.250599
v 1.129882 0.553841 -0.393723
v 0.701668 0.427230 -0.263668
v 1.118379 0.569696 -0.440812
v 0.682589 0.442350 -0.311595
v 0.629064 0.396379 -0.288131
v 0.641802 0.387911 -0.260254
v 0.648873 0.375254 -0.252788
v 0.641802 0.362074 -0.286240
v 0.457408 0.117168 0.074282
v 0.414034 0.113313 0.050696
v 0.451705 0.098173 0.065620
v 0.416676 0.130323 0.061301
v 0.416236 0.132684 0.067607
v 0.451914 0.100674 0.071880
v 0.413699 0.115825 0.056950
v 0.457545 0.119505 0.080606
v 0.490579 0.192573 0.008434
v 0.575766 0.200317 -0.008782
v 0.575766 0.205073 -0.003999
v 0.490579 0.187815 0.003649
v 0.398426 0.098747 0.076270
v 0.397762 0.093264 0.072393
v 0.537298 0.155131 0.045662
v 0.580874 0.195809 -0.004301
v 0.537298 0.150375 0.040879
v 0.580874 0.200567 0.000484
v 0.436704 0.078770 0.088934
v 0.435921 0.083971 0.090761
v 0.441822 0.085230 0.105164
v -0.877427 0.619365 -0.272088
v -0.875948 0.620855 -0.258108
v -0.877198 0.614943 -0.259785
v -0.877646 0.624898 -0.271089
v 0.442656 0.077191 0.102405
v 0.483576 0.069859 0.119413
v 0.475525 0.077983 0.111386
v 0.483814 0.056305 0.132891
v 0.422008 0.049555 0.134750
v 0.470952 0.048330 0.140863
v 0.381226 0.043844 0.135266
v 0.240647 0.026416 0.141315
v 0.480076 0.061865 0.137463
v 0.469933 0.055639 0.143307
v 0.436193 0.097415 0.101923
v 0.350916 0.126378 0.060661
v 0.350916 0.132609 0.066928
v 0.436193 0.091183 0.095657
v 0.345088 0.157329 0.042349
v 0.357756 0.147908 0.065646
v 0.338249 0.155962 0.057641
v 0.364596 0.149277 0.050356
v 0.449875 0.114080 0.085349
v 0.443033 0.112714 0.100642
v 0.342476 0.142872 0.034177
v 0.361984 0.134821 0.042185
v 0.447263 0.099626 0.077180
v 0.333471 0.097739 0.074365
v 0.331406 0.134429 0.052655
v 0.313964 0.105790 0.066358
v 0.118400 -0.170861 0.100090
v 0.164951 0.157631 -0.030546
v 0.141303 0.100604 -0.171376
v -0.593188 0.362343 -0.194674
v -0.753777 0.327914 -0.052289
v -0.519896 0.131278 0.085375
v -0.868904 0.393707 -0.133167
v -0.405372 -0.225616 0.211940
v -0.511166 -0.255292 0.184520
v -0.401821 -0.255758 0.184986
v -0.308013 -0.138400 0.218706
v -0.307614 -0.211711 0.140940
v -0.001866 -0.131209 0.248378
v -0.001468 -0.222951 0.152180
v -0.541169 0.359093 -0.301865
v -0.544560 0.475792 -0.462667
v -0.463934 0.450419 -0.444680
v -0.623549 0.359275 -0.343818
v -0.651551 0.324193 -0.394964
v -0.572956 0.440608 -0.511380
v -0.816668 0.371392 -0.351797
v -0.787241 0.433065 -0.355084
v -0.726641 0.526191 -0.295245
v -0.824474 0.599553 -0.300499
v -0.920295 0.451291 -0.376756
v -0.928823 0.366606 -0.371180
v -0.879022 0.601548 -0.286802
v -0.989645 0.412577 -0.372816
v -0.820745 0.594412 -0.241672
v 0.291566 0.167946 -0.039574
v 0.284099 0.096920 0.030144
v 0.740126 0.463306 -0.303776
v 0.745641 0.422208 -0.248740
v 0.728198 0.455292 -0.300123
v 0.758922 0.435284 -0.247762
v 0.770322 0.392455 -0.254894
v 1.073032 0.566742 -0.432241
v 1.109569 0.565664 -0.369268
v 1.120240 0.499868 -0.362002
v 1.147290 0.578884 -0.397548
v 1.122358 0.572238 -0.454665
v 1.174659 0.566301 -0.468382
v 1.173395 0.567196 -0.470663
v 0.283790 0.218304 -0.071075
v 0.283651 0.157760 -0.132730
v 0.508593 0.254365 -0.325136
v 0.269607 0.122979 -0.193751
v 0.498224 0.340432 -0.240879
v 0.546961 0.368186 -0.279473
v 0.276512 0.117112 0.049757
v 0.277724 0.225124 -0.064108
v 0.422742 0.057399 0.137813
v 0.479636 0.075311 0.124012
v 0.473630 0.080655 0.118218
v 0.381226 0.051723 0.138278
v 0.166145 -0.012944 0.165577
v 0.152835 0.110575 0.052492
v 0.122681 -0.050376 0.211614
v 0.156589 0.209361 -0.048887
v 0.220144 0.292070 -0.132257
v 0.092736 0.166183 0.063611
v 0.127351 0.241980 -0.080334
v 0.141632 0.340936 -0.164408
v 0.097902 0.249843 -0.024910
v -0.071705 0.184978 0.085032
v -0.031612 0.298124 -0.033621
v -0.343927 0.062806 0.119687
v -0.348671 0.040541 0.126809
v -0.308602 0.211782 0.037482
v -0.369380 -0.019131 0.145873
v -0.389646 -0.055760 0.157555
v -0.129705 0.384213 -0.100853
v -0.148077 0.388282 -0.090938
v -0.101186 0.383381 -0.110498
v -0.344859 0.349287 -0.073209
v -0.393397 0.357215 -0.079344
v -0.505438 0.354597 -0.064904
v -0.123218 0.398291 -0.114424
v -0.146827 0.477330 -0.220742
v -0.169781 0.423490 -0.128285
v -0.232381 0.452459 -0.151252
v -0.256758 0.512032 -0.257418
v -0.269966 0.448190 -0.133309
v -0.252570 0.446587 -0.134854
v -0.271433 0.441104 -0.119533
v -0.281333 0.446208 -0.135336
v -0.308101 0.451186 -0.130441
v -0.345421 0.479251 -0.237658
v -0.367038 0.511168 -0.316787
v -0.471944 0.496234 -0.179186
v -0.455155 0.466425 -0.150653
v -0.484461 0.470826 -0.153369
v -0.460585 0.481908 -0.272914
v -0.555919 0.501316 -0.163117
v -0.553538 0.488759 -0.152461
v -0.572798 0.486523 -0.153662
v -0.647737 0.518502 -0.223191
v -0.626222 0.485246 -0.152018
v -0.647715 0.518500 -0.222838
v -0.648109 0.518574 -0.223094
v -0.647304 0.517064 -0.215861
v -0.679389 0.515943 -0.201579
v -0.710040 0.514714 -0.187116
v -0.750252 0.509241 -0.164943
v -0.749778 0.511018 -0.170634
v -0.735186 0.498494 -0.158509
v -0.751259 0.504256 -0.161832
v -0.515775 0.450462 -0.295882
v -0.416836 0.480370 -0.385689
v -0.138501 0.470722 -0.235853
v -0.206337 0.493150 -0.260025
v -0.086606 0.474825 -0.294262
v 0.151420 0.334986 -0.180089
v 0.194573 0.387753 -0.281262
v 0.238616 0.387343 -0.283663
v 0.320042 0.364366 -0.246799
v 0.222589 0.290027 -0.141167
v 0.317892 0.353444 -0.233614
v 0.346210 0.344012 -0.228017
v 0.385172 0.329202 -0.210489
v 0.396382 0.323725 -0.206176
v -1.034692 0.342740 -0.413510
v -0.828494 0.330316 -0.401088
v -0.617896 0.446200 -0.255411
v -0.480265 0.417218 -0.487990
v 0.769364 0.379054 -0.449826
v 0.719485 0.437984 -0.242361
v 0.853480 0.530848 -0.287954
v 0.964453 0.438697 -0.509469
v 1.059608 0.467362 -0.538134
v 1.211432 0.579445 -0.529898
v 1.221889 0.491079 -0.561850
v 1.258222 0.566160 -0.554852
v 1.298618 0.554027 -0.624799
v 0.581453 -0.103748 -0.406943
v 0.585201 -0.100882 -0.410220
v 0.631791 -0.120126 -0.389061
v 0.616126 -0.134365 -0.374825
v 0.574834 -0.110181 -0.395559
v 0.572039 -0.112171 -0.401265
v 0.616124 -0.136658 -0.377101
v 0.593938 -0.094350 -0.418827
v 0.631788 -0.122420 -0.391338
v 0.366009 0.122795 -0.322683
v 0.380397 0.128038 -0.344592
v 0.380397 0.136354 -0.336321
v 0.366009 0.114478 -0.330953
v 0.399583 0.097816 -0.309747
v 0.399586 0.085830 -0.321669
v 0.331406 0.140659 0.058923
v 0.313964 0.112022 0.072628
v 0.338249 0.145878 0.047502
v 0.413969 0.099387 -0.335301
v 0.413969 0.111373 -0.323383
v 0.427485 0.153702 -0.353727
v 0.445828 0.156276 -0.373026
v 0.445828 0.164628 -0.364719
v 0.427485 0.145346 -0.362034
v 0.457335 0.125907 -0.336882
v 0.457335 0.114287 -0.348437
v 0.475673 0.125214 -0.359429
v 0.475673 0.136836 -0.347872
v 0.686186 -0.066653 -0.455316
v 0.609160 -0.146336 -0.396146
v 0.609160 -0.134487 -0.384363
v 0.686018 -0.072789 -0.461620
v 0.593400 -0.124945 -0.393960
v 0.678945 -0.068507 -0.465926
v 0.678777 -0.062168 -0.459825
v 0.593400 -0.136794 -0.405743
v -0.765158 0.373052 -0.619351
v -0.781304 0.416344 -0.604023
v -0.767220 0.376211 -0.619752
v -0.733549 0.345808 -0.592172
v -0.731776 0.345893 -0.589044
v -0.727541 0.366535 -0.561250
v -0.727541 0.428531 -0.499605
v -0.790800 0.482832 -0.554214
v -0.781304 0.533016 -0.488011
v -0.707870 0.411646 -0.482623
v -0.707870 0.381498 -0.512601
v -0.699087 0.384065 -0.494969
v -0.699087 0.404106 -0.475041
v -0.699087 0.424149 -0.455113
v -0.707870 0.441793 -0.452645
v -0.727541 0.490527 -0.437959
v -0.804584 0.519535 -0.474450
v -0.755090 0.505179 -0.403752
v -0.756625 0.507910 -0.403672
v -0.814080 0.469347 -0.540655
v -0.804584 0.402861 -0.590465
v -0.790454 0.362593 -0.606247
v -0.756625 0.332149 -0.578437
v -0.755090 0.332245 -0.575709
v -0.788535 0.359656 -0.605872
v -0.750821 0.353051 -0.547689
v -0.731151 0.368014 -0.499042
v -0.722367 0.370581 -0.481410
v -0.722367 0.390625 -0.461481
v -0.722367 0.410666 -0.441551
v -0.731151 0.428311 -0.439086
v -0.750821 0.477043 -0.424400
v -0.804988 0.424427 -0.482852
v -0.783768 0.438396 -0.522153
v -0.783768 0.451022 -0.509599
v -0.804988 0.411801 -0.495406
v -0.756058 0.415088 -0.498713
v -0.756058 0.427714 -0.486156
v -0.740017 0.388902 -0.472376
v -0.740017 0.401528 -0.459822
v -0.588036 0.353316 -0.411335
v -0.588036 0.340690 -0.423889
v -0.774851 0.364867 -0.448204
v -0.774851 0.377493 -0.435650
v -0.610967 0.304429 -0.387422
v -0.610967 0.317054 -0.374867
v -0.685334 0.352904 -0.876295
v -0.680759 0.351044 -0.871971
v -0.732870 0.381201 -0.733058
v -0.714253 0.387259 -0.736597
v -0.684490 0.340320 -0.872637
v -0.718913 0.396669 -0.739113
v -0.614931 0.290888 -0.988049
v -0.619300 0.368622 -0.961436
v -0.615822 0.328370 -1.001554
v -0.622511 0.332497 -0.933767
v -0.622725 0.397033 -0.912127
v -0.615508 0.269076 -0.956580
v -0.623321 0.374789 -0.879787
v -0.618962 0.298574 -0.907601
v -0.622413 0.338978 -0.868175
v -0.675223 0.351785 -0.929866
v -0.676322 0.368799 -0.904538
v -0.660804 0.324761 -0.963622
v -0.677181 0.316385 -0.897590
v -0.676911 0.335855 -0.877738
v -0.659641 0.291353 -0.935900
v -0.681591 0.352062 -0.884929
v -0.741941 0.389698 -0.680310
v -0.698532 0.414592 -0.715101
v -0.673814 0.425057 -0.699553
v -0.746949 0.390592 -0.702893
v -0.734191 0.389619 -0.735957
v -0.689489 0.348476 -0.878790
v -0.748513 0.379497 -0.705770
v -0.745633 0.373219 -0.684129
v -0.740712 0.373267 -0.710094
v -0.732836 0.365076 -0.691102
v -0.692001 0.395326 -0.719133
v -0.661113 0.396586 -0.703324
v -0.687173 0.408797 -0.718889
v -0.655810 0.416394 -0.704061
v -0.593234 0.242910 -0.313681
v -1.019862 0.275471 -0.346241
v -0.943459 0.367468 -0.213764
v 0.164321 -0.052091 0.147085
v 1.222614 0.428818 -0.572453
v 1.139490 0.437411 -0.586189
v 1.199912 0.434431 -0.599658
v 1.163743 0.425678 -0.542883
v 1.226408 0.414226 -0.563451
v 0.701668 0.289573 -0.401822
v 0.682589 0.304421 -0.449834
v 0.641802 0.250273 -0.398187
v 0.629064 0.258584 -0.426113
v 0.648873 0.237659 -0.390647
v 0.712256 0.267803 -0.388628
v 0.657688 0.207508 -0.395583
v 1.171986 0.404706 -0.530079
v 0.725459 0.216278 -0.396418
v 0.657688 0.195944 -0.407083
v 1.215283 0.375348 -0.563200
v 1.172874 0.352497 -0.534342
v 0.725459 0.196730 -0.415856
v 1.191509 0.404481 -0.578191
v 1.164276 0.387959 -0.624326
v 1.174411 0.376592 -0.599248
v 1.165453 0.354284 -0.612021
v 1.174912 0.347072 -0.599099
v 1.202564 0.358763 -0.572005
v 1.165339 0.331601 -0.550567
v 1.141479 0.320100 -0.595768
v 0.712256 0.188648 -0.467337
v 1.129882 0.331772 -0.615792
v 0.701668 0.201716 -0.489180
v 1.118379 0.378862 -0.631646
v 0.682589 0.249644 -0.504301
v 0.629064 0.226180 -0.458330
v 0.641802 0.198305 -0.449860
v 0.648873 0.190837 -0.437205
v 0.641802 0.224289 -0.424025
v 0.416021 0.091879 -0.143693
v 0.399372 -0.009483 -0.085148
v 0.388499 0.010847 -0.067126
v 0.416021 0.074721 -0.160755
v 0.388494 -0.027644 -0.105400
v 0.424435 0.055347 -0.174126
v 0.416019 0.041870 -0.193420
v 0.362083 -0.032970 -0.116021
v 0.649258 0.228130 -0.402677
v 0.375345 0.088959 -0.175082
v 0.631920 0.252066 -0.426752
v 0.652845 0.209393 -0.411407
v 0.649258 0.200562 -0.430094
v 0.640589 0.206831 -0.447794
v 0.395682 0.042206 -0.207329
v 0.631920 0.224496 -0.454170
v 0.375342 0.056111 -0.207747
v 0.628334 0.243236 -0.445441
v 0.335660 -0.022321 -0.110761
v 0.366929 0.075485 -0.194377
v 0.375345 0.106126 -0.158015
v 0.335665 0.016170 -0.072487
v 0.366929 0.125496 -0.144647
v 0.628334 0.373929 -0.315487
v 0.631920 0.355190 -0.324212
v 0.631920 0.382765 -0.296796
v 0.376291 0.133701 -0.128956
v 0.640589 0.376489 -0.279096
v 0.395349 0.133812 -0.115499
v 0.649258 0.358825 -0.272726
v 0.362086 0.021492 -0.061865
v 0.414404 0.120353 -0.115539
v 0.652845 0.340087 -0.281452
v 0.649260 0.331250 -0.300142
v 0.321309 -0.138670 0.124654
v 0.296224 -0.139675 0.110114
v 0.346448 -0.153355 0.124056
v 0.237358 -0.197988 0.176222
v 0.228891 -0.189670 0.154606
v 0.245855 -0.219553 0.184773
v -0.378304 -0.188292 0.170747
v -0.377399 -0.178066 0.145891
v -0.379209 -0.213089 0.181103
v 0.249396 -0.242029 0.174928
v -0.379581 -0.237935 0.170873
v 0.356907 -0.175639 0.108160
v 0.245823 -0.251889 0.152512
v -0.379209 -0.248308 0.146083
v -0.378304 -0.238092 0.121230
v 0.346146 -0.192023 0.086530
v 0.237358 -0.243572 0.130896
v -0.377399 -0.213294 0.110862
v 0.228862 -0.222009 0.122346
v 0.321059 -0.193048 0.072017
v 0.295915 -0.178370 0.072612
v 0.457408 -0.136231 -0.179117
v 0.414034 -0.112647 -0.175264
v 0.416676 -0.123252 -0.192274
v 0.451705 -0.127571 -0.160124
v 0.416236 -0.129558 -0.194635
v 0.451914 -0.133831 -0.162625
v 0.457545 -0.142557 -0.181456
v 0.413699 -0.118901 -0.177776
v 0.537298 -0.107613 -0.217082
v 0.580874 -0.057650 -0.257760
v 0.580874 -0.062435 -0.262518
v 0.537295 -0.102830 -0.212326
v 0.436704 -0.150883 -0.140719
v 0.435921 -0.152710 -0.145921
v 0.490579 -0.070385 -0.254524
v 0.575766 -0.057952 -0.267024
v 0.398426 -0.138219 -0.160696
v 0.441822 -0.167115 -0.147181
v 0.575766 -0.053168 -0.262267
v 0.490579 -0.065600 -0.249766
v 0.397762 -0.134344 -0.155215
v 0.442656 -0.164356 -0.139142
v 0.479636 -0.185963 -0.137262
v 0.473630 -0.180169 -0.142606
v 0.422742 -0.199764 -0.119350
v 0.480076 -0.199413 -0.123815
v 0.469933 -0.205256 -0.117588
v 0.381226 -0.200229 -0.113674
v 0.240647 -0.203266 -0.088367
v 0.422008 -0.196701 -0.111506
v 0.483814 -0.194842 -0.118256
v 0.470952 -0.202815 -0.110281
v 0.483576 -0.181364 -0.131810
v 0.475525 -0.173335 -0.139931
v 0.381226 -0.197217 -0.105795
v 1.119948 0.502668 -0.534840
v 1.230889 0.414070 -0.518737
v 1.230889 0.450568 -0.482445
v 1.119948 0.466169 -0.571133
v 1.217280 0.300528 -0.496093
v 1.218014 0.292484 -0.498990
v 1.214604 0.314964 -0.500277
v 1.203646 0.374461 -0.490749
v 1.214604 0.432671 -0.383238
v 1.224922 0.407696 -0.396383
v 1.224922 0.328252 -0.475376
v 1.203646 0.422805 -0.442679
v 1.205407 0.462048 -0.391459
v 1.097494 0.450932 -0.555810
v 1.097494 0.487431 -0.519516
v 1.217280 0.428569 -0.368779
v 1.218014 0.431511 -0.360751
v 1.251168 0.297240 -0.503773
v 1.250431 0.305284 -0.500875
v 1.247757 0.319720 -0.505061
v 1.245853 0.467849 -0.397295
v 1.250431 0.433324 -0.373561
v 1.251168 0.436269 -0.365532
v 1.247757 0.437427 -0.388021
v 1.241465 0.464741 -0.404483
v 1.239694 0.430686 -0.450605
v 1.239694 0.382343 -0.498676
v 1.241499 0.330629 -0.477766
v 1.241499 0.410072 -0.398774
v -0.750821 0.415047 -0.486045
v -0.731151 0.398162 -0.469064
v -0.683413 0.332069 -0.906687
v -0.661772 0.304056 -0.950409
v 1.245884 0.282605 -0.518093
v 1.265711 0.289946 -0.537604
v 1.265711 0.280692 -0.528351
v 1.245884 0.298427 -0.533914
v 1.241691 0.302314 -0.502553
v 1.241691 0.313965 -0.514204
v 1.272696 0.258644 -0.544581
v 1.265711 0.247318 -0.579220
v 1.265711 0.242955 -0.574564
v 1.272696 0.277038 -0.563652
v 1.214081 0.246437 -0.566334
v 1.245884 0.246369 -0.584823
v 1.214081 0.255349 -0.575844
v 1.245884 0.237456 -0.575315
v 1.218274 0.313965 -0.514204
v 1.218274 0.302314 -0.502553
v 1.245884 0.255039 -0.541713
v 1.210805 0.259036 -0.545710
v 1.214081 0.282605 -0.518093
v 0.581453 0.335597 0.031956
v 0.585201 0.338875 0.029090
v 0.616124 0.303478 0.062574
v 0.574832 0.324212 0.038390
v 0.631791 0.317712 0.048333
v 0.572039 0.329919 0.040379
v 0.616124 0.305757 0.064867
v 0.593938 0.347481 0.022557
v 0.631788 0.319992 0.050625
v 0.366009 0.251336 -0.194587
v 0.380397 0.273244 -0.199830
v 0.366009 0.259606 -0.186269
v 0.380397 0.264974 -0.208148
v 0.399583 0.238402 -0.169609
v 0.413969 0.252036 -0.183168
v 0.399586 0.250324 -0.157623
v 0.413969 0.263956 -0.171179
v 0.427485 0.282380 -0.225493
v 0.445828 0.301679 -0.228067
v 0.427485 0.290689 -0.217138
v 0.445828 0.293371 -0.236423
v 0.457335 0.265534 -0.197701
v 0.475673 0.276523 -0.208628
v 0.457335 0.277091 -0.186079
v 0.475673 0.288080 -0.197007
v 0.686186 0.383968 -0.005137
v 0.609160 0.324799 0.074545
v 0.686018 0.390272 0.000999
v 0.609160 0.313017 0.062694
v 0.593400 0.322613 0.053150
v 0.678947 0.394579 -0.003284
v 0.593400 0.334396 0.065003
v 0.678777 0.388479 -0.009624
v -0.685334 0.808864 -0.420335
v -0.680759 0.804540 -0.418474
v -0.714253 0.669166 -0.454690
v -0.718913 0.671681 -0.464101
v -0.619300 0.894006 -0.436052
v -0.614931 0.920618 -0.358319
v -0.615822 0.934125 -0.395802
v -0.622511 0.866337 -0.399928
v -0.615508 0.889150 -0.336507
v -0.622725 0.844696 -0.464464
v -0.618962 0.840171 -0.366005
v -0.623323 0.812355 -0.442220
v -0.622413 0.800744 -0.406409
v -0.677181 0.830159 -0.383816
v -0.659641 0.868469 -0.358784
v -0.676911 0.810308 -0.403286
v -0.660804 0.896191 -0.392191
v -0.661772 0.882978 -0.371487
v -0.675223 0.862436 -0.419215
v -0.683413 0.839258 -0.399498
v -0.681591 0.817499 -0.419493
v -0.676322 0.837110 -0.436231
v -0.740712 0.642663 -0.440698
v -0.661113 0.635893 -0.464017
v -0.732836 0.623670 -0.432509
v -0.692001 0.651702 -0.462756
v -0.732870 0.665626 -0.448632
v -0.655810 0.636630 -0.483824
v -0.698532 0.647670 -0.482023
v -0.673814 0.632122 -0.492488
v -0.687173 0.651458 -0.476227
v 0.114129 -0.054966 0.234822
v 0.095626 -0.134417 0.223591
v 0.103643 -0.098395 0.185372
v 0.108977 -0.078099 0.259329
v 0.133980 -0.161280 0.227528
v 0.149775 -0.074746 0.277823
v 0.146168 -0.106664 0.186451
v 0.154888 -0.051673 0.253250
v 0.451435 -0.040758 0.266628
v 0.461240 -0.047578 0.273957
v 0.458688 -0.044547 0.276327
v 0.457148 -0.047538 0.261330
v 0.450004 -0.067044 0.281947
v 0.455363 -0.052153 0.285184
v 0.458046 -0.056298 0.283175
v 0.444001 -0.057773 0.286443
v 0.437312 -0.055149 0.256113
v 0.433279 -0.066160 0.267754
v 0.341048 -0.083718 0.228044
v 0.340751 -0.095862 0.243223
v 0.145735 -0.080758 0.228204
v 0.144006 -0.096396 0.245655
v 1.122358 0.392713 -0.634190
v 1.174659 0.406433 -0.628251
v 1.173395 0.408714 -0.629145
v 1.147290 0.335598 -0.640834
v 1.109569 0.307318 -0.627614
v 1.120240 0.300051 -0.561819
v 1.073032 0.370290 -0.628691
v 0.770322 0.192943 -0.454406
v 0.758922 0.185813 -0.497232
v 0.740126 0.241825 -0.525257
v 0.745641 0.186789 -0.484159
v 0.728198 0.238172 -0.517243
v 0.287079 0.040478 0.218559
v 0.275050 0.002311 0.185709
v 0.274817 0.038397 0.220629
v 0.287310 0.000658 0.179887
v 0.291289 -0.003523 0.174333
v 0.474219 0.034092 0.138097
v 0.474219 0.038948 0.142981
v 1.214081 0.298427 -0.533914
v 1.205862 0.274463 -0.561136
v 1.245884 0.280350 -0.567024
v 0.270346 0.013389 0.174693
v 0.270346 0.048790 0.210296
v 0.288107 0.009622 0.170974
v 0.288107 0.048755 0.210330
v 0.477483 0.095739 0.089298
v 0.439331 0.099872 0.097333
v 0.439331 0.095017 0.092450
v 0.476383 0.090042 0.084301
v 0.466112 0.078330 0.095638
v 0.466112 0.083704 0.101044
v 0.491581 0.063265 0.106765
v 0.491581 0.068120 0.111648
v 0.464830 0.049083 0.122023
v 0.464830 0.053941 0.126907
v 0.288107 0.004766 0.166090
v 0.445789 0.072498 0.123913
v 0.462273 0.161675 0.209248
v 0.450299 0.159190 0.211727
v 0.469709 0.080397 0.121902
v 0.451658 0.061257 0.140997
v 0.452743 0.153292 0.217611
v 0.463239 0.156245 0.216419
v 0.471592 0.065395 0.136870
v 0.333471 0.103969 0.080632
v 0.287078 -0.280510 -0.102429
v 0.275050 -0.247659 -0.064260
v 0.287310 -0.241838 -0.062609
v 0.274817 -0.282578 -0.100347
v 0.474219 -0.200048 -0.096043
v 0.474219 -0.204932 -0.100899
v 0.291289 -0.236284 -0.058428
v 0.270346 -0.236644 -0.075340
v 0.270346 -0.272245 -0.110739
v 0.288107 -0.232924 -0.071572
v 0.288107 -0.272279 -0.110704
v 0.439331 -0.154399 -0.156966
v 0.477483 -0.151249 -0.157690
v 0.476383 -0.146253 -0.151992
v 0.439331 -0.159284 -0.161823
v 0.466112 -0.157589 -0.140281
v 0.466112 -0.162995 -0.145655
v 0.491581 -0.168716 -0.125216
v 0.491581 -0.173599 -0.130071
v 0.464830 -0.183974 -0.111034
v 0.464830 -0.188856 -0.115890
v 0.288107 -0.228041 -0.066717
v 0.445789 -0.185864 -0.134449
v 0.462273 -0.271199 -0.223626
v 0.469709 -0.183853 -0.142348
v 0.450299 -0.273678 -0.221141
v 0.451658 -0.202948 -0.123208
v 0.452743 -0.279562 -0.215243
v 0.463239 -0.278370 -0.218196
v 0.471592 -0.198821 -0.127346
v 0.333471 -0.142582 -0.165920
v 0.350916 -0.122612 -0.188329
v 0.350916 -0.128879 -0.194560
v 0.333471 -0.136316 -0.159690
v 0.436193 -0.163874 -0.159366
v 0.436193 -0.157608 -0.153134
v 0.449875 -0.147300 -0.176031
v 0.357756 -0.127597 -0.209859
v 0.443033 -0.162593 -0.174665
v 0.364596 -0.112306 -0.211227
v 0.345088 -0.104300 -0.219280
v 0.338248 -0.119590 -0.217910
v -0.684490 0.805206 -0.407751
v 0.447263 -0.139131 -0.161577
v 0.361984 -0.104136 -0.196772
v 0.342476 -0.096128 -0.204823
v 0.331406 -0.114606 -0.196380
v 0.313964 -0.128311 -0.167739
v -0.748513 0.638340 -0.446928
v -0.745633 0.616699 -0.440649
v -0.746949 0.635461 -0.458025
v -0.741941 0.612879 -0.457129
v -0.734191 0.668528 -0.457051
v -0.689489 0.811360 -0.415906
v 0.331406 -0.120874 -0.202609
v 0.313964 -0.134579 -0.173973
v 0.338248 -0.109453 -0.207829
v 0.434089 -0.051320 0.259107
v 0.337560 -0.076547 0.233361
v 0.149754 -0.056002 0.250789
v 0.429891 -0.060926 0.270291
v 0.337263 -0.088693 0.248537
v 0.148027 -0.071640 0.268240
v -0.508084 -0.168170 0.183952
v -0.508240 -0.187594 0.166104
v -0.511577 -0.237807 0.167036
v -0.517502 0.014440 -0.085211
v -0.516298 0.136125 0.035662
v -0.476855 0.055026 0.122785
v -0.877427 0.201315 -0.690138
v -0.877198 0.189013 -0.685715
v -0.875948 0.187335 -0.691627
v -0.877646 0.200318 -0.695669
v 0.164951 -0.040225 -0.228402
v -0.593188 0.123901 -0.433116
v -0.519896 -0.156148 -0.202051
v -0.753777 -0.018483 -0.398686
v -0.868904 0.062394 -0.464479
v -0.405372 -0.282711 0.154845
v -0.308013 -0.289479 0.067627
v -0.001867 -0.319148 0.060438
v -0.541169 0.231092 -0.429866
v -0.463934 0.373907 -0.521191
v -0.544560 0.391896 -0.546563
v -0.623549 0.273046 -0.430048
v -0.816668 0.281024 -0.442165
v -0.787241 0.284313 -0.503835
v -0.726641 0.224472 -0.596964
v -0.824474 0.229728 -0.670324
v -0.920295 0.305984 -0.522063
v -0.928823 0.300407 -0.437379
v -0.879022 0.216029 -0.672321
v -0.989645 0.302044 -0.483349
v -0.820745 0.170899 -0.665184
v 0.291566 -0.031198 -0.238719
v 0.284099 -0.100915 -0.167692
v 0.283790 0.000304 -0.289075
v 0.283651 0.061957 -0.228533
v 0.498224 0.170108 -0.411203
v 0.546961 0.208700 -0.438959
v 0.276512 -0.120529 -0.187884
v 0.277724 -0.006663 -0.295895
v 0.166145 -0.236350 -0.057829
v 0.152835 -0.123264 -0.181347
v 0.122681 -0.282386 -0.020396
v 0.156589 -0.021884 -0.280132
v 0.220144 0.061484 -0.362842
v 0.092736 -0.134384 -0.236956
v 0.127351 0.009561 -0.312753
v 0.141632 0.093636 -0.411708
v 0.097902 -0.045861 -0.320614
v -0.071705 -0.155803 -0.255749
v -0.031612 -0.037151 -0.368896
v -0.343928 -0.190459 -0.133578
v -0.348671 -0.197582 -0.111313
v -0.308602 -0.108254 -0.282555
v -0.369380 -0.216645 -0.051641
v -0.389647 -0.228328 -0.015013
v -0.129705 0.030082 -0.454984
v -0.148077 0.020166 -0.459054
v -0.101186 0.039727 -0.454151
v -0.344859 0.002437 -0.420060
v -0.393397 0.008572 -0.427988
v -0.505438 -0.005869 -0.425370
v -0.123218 0.043653 -0.469061
v -0.146827 0.149969 -0.548102
v -0.169781 0.057515 -0.494261
v -0.232381 0.080481 -0.523230
v -0.256758 0.186647 -0.582802
v -0.269966 0.062537 -0.518963
v -0.252570 0.064082 -0.517360
v -0.271433 0.048760 -0.511877
v -0.281333 0.064565 -0.516979
v -0.308101 0.059670 -0.521957
v -0.345421 0.166885 -0.550024
v -0.367038 0.246017 -0.581939
v -0.471944 0.108414 -0.567006
v -0.455155 0.079880 -0.537198
v -0.484461 0.082599 -0.541597
v -0.460585 0.202143 -0.552679
v -0.555919 0.092344 -0.572089
v -0.553538 0.081689 -0.559532
v -0.572798 0.082889 -0.557296
v -0.647737 0.152420 -0.589272
v -0.626222 0.081245 -0.556019
v -0.647715 0.152065 -0.589272
v -0.648109 0.152322 -0.589347
v -0.647304 0.145088 -0.587836
v -0.679389 0.130806 -0.586716
v -0.710040 0.116345 -0.585485
v -0.750252 0.094172 -0.580012
v -0.749778 0.099862 -0.581791
v -0.735186 0.087738 -0.569265
v -0.751259 0.091059 -0.575028
v -0.515775 0.225109 -0.521235
v -0.416836 0.314916 -0.551143
v -0.138501 0.165081 -0.541494
v -0.086606 0.223492 -0.545596
v -0.206337 0.189253 -0.563922
v 0.151420 0.109318 -0.405757
v 0.194573 0.210489 -0.458525
v 0.238616 0.212890 -0.458116
v 0.320042 0.176028 -0.435137
v 0.222589 0.070396 -0.360798
v 0.317892 0.162841 -0.424217
v 0.346210 0.157246 -0.414783
v 0.385172 0.139717 -0.399974
v 0.396382 0.135403 -0.394498
v -0.617896 0.184638 -0.516973
v 0.719485 0.171589 -0.508756
v 0.853480 0.217181 -0.601620
v 1.211432 0.459127 -0.650216
v 1.258222 0.484079 -0.636933
v -0.943459 0.142992 -0.438240
v 0.164321 -0.217857 -0.018680
v -0.508084 -0.254724 0.097398
v -0.508240 -0.236874 0.116823
v -0.516298 -0.106434 -0.206897
v -0.476855 -0.193558 -0.125799
v 0.443033 -0.152454 -0.164583
v 0.443033 0.102634 0.090505
v -0.768845 0.635187 -0.388395
v -0.766296 0.629810 -0.386418
v 0.313922 -0.077305 0.139318
v 0.030404 -0.156085 0.273259
v 0.270195 -0.140087 0.258690
v 0.269388 -0.152671 0.238649
v 0.284992 -0.019941 0.115311
v -0.786881 0.458087 -0.218058
v -0.842634 0.513008 -0.165813
v -0.784928 0.430598 -0.195111
v -0.321858 0.213344 0.053198
v -1.051646 0.289091 -0.359862
v -1.051787 0.319840 -0.352648
v -1.049182 0.319529 -0.354535
v -0.891447 0.591962 -0.344377
v -0.891496 0.589699 -0.341948
v -0.952252 0.462772 -0.440955
v -0.952454 0.459666 -0.439007
v -1.003011 0.431817 -0.320047
v -0.936431 0.542473 -0.263512
v -0.933960 0.541695 -0.265555
v -1.005637 0.432059 -0.318179
v -0.937353 0.459801 -0.466029
v -1.054786 0.287669 -0.358439
v -1.051787 0.281875 -0.390613
v -1.005637 0.247406 -0.502832
v -1.049182 0.283763 -0.390301
v -1.003011 0.249274 -0.502590
v -0.936431 0.192739 -0.613246
v -0.933960 0.194782 -0.612468
v -0.891447 0.273604 -0.662735
v -0.952252 0.370184 -0.533543
v -0.891496 0.271176 -0.660472
v -0.937353 0.395259 -0.530572
v -0.952454 0.368237 -0.530437
v -0.938711 0.456828 -0.461222
v -0.768845 0.317623 -0.705959
v -0.766296 0.315648 -0.700581
v 0.313922 -0.210091 0.006533
v 0.030404 -0.344031 0.085313
v 0.269388 -0.309420 0.081900
v 0.270195 -0.329462 0.069315
v 0.284992 -0.186084 -0.050831
v -0.786881 0.147288 -0.528858
v -0.784928 0.124340 -0.501369
v -0.842634 0.095041 -0.583780
v -0.321858 -0.123969 -0.284115
v -0.938711 0.390451 -0.527599
v -0.475502 0.704761 -0.479143
v -0.481501 0.712210 -0.522270
v -0.479662 0.706262 -0.522621
v -0.477543 0.710629 -0.478296
v -0.539805 0.672912 -0.456592
v -0.541987 0.678690 -0.455510
v -0.650434 0.647450 -0.444704
v -0.651806 0.653531 -0.445385
v -0.933530 0.455722 -0.463219
v -0.948433 0.458704 -0.438091
v -0.787643 0.575778 -0.499934
v -0.888385 0.587044 -0.341983
v -0.664742 0.642633 -0.516314
v -0.565586 0.686402 -0.522864
v -0.886351 0.502612 -0.201528
v -0.825882 0.524783 -0.205155
v -0.949099 0.375675 -0.267502
v -0.984306 0.330698 -0.290949
v -1.023158 0.385390 -0.388253
v -0.943534 0.379081 -0.220310
v -0.903764 0.417190 -0.177715
v -0.883019 0.455708 -0.162375
v -0.531882 0.374559 -0.055550
v -0.406376 0.379832 -0.067762
v -0.175682 0.409651 -0.104523
v -0.784432 0.571028 -0.497425
v -0.662703 0.636785 -0.515533
v -0.563304 0.680747 -0.524144
v 0.301619 -0.239114 0.168342
v 0.434948 -0.199544 0.208102
v 0.298946 -0.177868 0.233899
v 0.435113 -0.238571 0.167799
v 0.448540 -0.208335 0.225385
v 0.302417 -0.255849 0.185077
v 0.302417 -0.184032 0.256502
v 0.448540 -0.252366 0.181595
v -0.797087 0.408023 -0.204103
v -0.844290 0.358360 -0.269437
v -0.412292 0.474582 -0.545354
v -0.401920 0.525917 -0.464629
v -0.372121 0.482481 -0.553252
v -0.346207 0.571162 -0.376719
v -0.344129 0.561294 -0.459857
v -0.235380 0.490143 -0.560915
v -0.224291 0.578965 -0.342593
v -0.221759 0.584577 -0.434706
v -0.195679 0.571458 -0.345100
v 0.056085 0.560634 -0.477420
v 0.085884 0.508220 -0.578991
v 0.084417 0.547958 -0.444590
v 0.166133 0.467928 -0.538699
v 0.274180 0.378518 -0.400659
v 0.288161 0.361682 -0.432453
v 0.288078 0.378007 -0.403928
v 0.293641 0.362018 -0.432790
v 0.283819 0.380797 -0.397469
v 0.282873 0.378881 -0.395143
v 0.237711 0.384742 -0.318956
v 0.229441 0.386260 -0.299001
v 1.213733 0.595339 -0.542961
v 1.277634 0.579750 -0.598610
v 1.269829 0.582921 -0.563734
v 0.849034 0.580670 -0.313487
v 0.844084 0.546215 -0.412357
v 0.748620 0.556767 -0.280345
v 0.441131 0.385467 -0.294707
v 0.399832 0.385848 -0.292454
v 0.421280 0.384640 -0.307305
v 0.448289 0.402852 -0.316804
v 0.485707 0.426524 -0.319792
v 0.592213 0.484464 -0.312481
v 0.687086 0.523719 -0.308089
v 0.716525 0.520983 -0.355636
v 0.749666 0.533641 -0.357564
v 0.722669 0.519131 -0.365131
v 0.733537 0.508823 -0.379567
v 0.743809 0.503851 -0.404818
v 0.764550 0.487730 -0.467295
v 0.696507 0.441713 -0.449231
v 0.683260 0.418831 -0.472021
v 0.762998 0.443379 -0.514151
v 0.679872 0.408986 -0.479757
v 0.780151 0.551618 -0.443820
v 0.775102 0.568040 -0.486815
v 1.047728 0.583623 -0.546885
v 1.006642 0.574289 -0.474836
v 1.067367 0.564003 -0.592318
v 0.772436 0.551604 -0.542672
v 0.771743 0.512062 -0.582833
v 1.077381 0.545455 -0.616226
v 1.081545 0.555486 -0.585549
v 1.095804 0.540964 -0.611736
v 1.298526 0.558332 -0.629104
v 0.240306 -0.061802 0.203133
v 0.312091 -0.055089 0.147259
v 0.330827 -0.061691 0.201476
v 0.751028 0.500632 -0.469437
v 0.735507 0.482757 -0.482576
v 0.723793 0.493940 -0.492723
v 0.739317 0.511814 -0.479585
v 0.730533 0.445362 -0.516133
v 0.718673 0.457907 -0.528679
v 0.328984 -0.083109 0.192073
v -1.038312 0.336177 -0.406947
v -1.021733 0.380720 -0.391715
v -0.475502 0.408370 -0.775534
v -0.479662 0.451849 -0.777035
v -0.481501 0.451498 -0.782982
v -0.477543 0.407523 -0.781402
v -0.539805 0.385819 -0.743685
v -0.541987 0.384738 -0.749462
v -0.650434 0.373931 -0.718223
v -0.651806 0.374612 -0.724304
v -0.933530 0.392446 -0.526494
v -0.948433 0.367318 -0.529477
v -0.787643 0.429163 -0.646549
v -0.888385 0.271212 -0.657814
v -0.664742 0.445542 -0.713405
v -0.565586 0.452091 -0.757175
v -0.886351 0.130756 -0.573384
v -0.825882 0.134383 -0.595555
v -0.949099 0.196730 -0.446448
v -0.984306 0.220176 -0.401471
v -1.023158 0.317483 -0.456160
v -0.943534 0.149538 -0.449853
v -0.903764 0.106943 -0.487962
v -0.883019 0.091603 -0.526481
v -0.531882 -0.015220 -0.445330
v -0.406376 -0.003010 -0.450605
v -0.175682 0.033750 -0.480424
v -0.784432 0.426653 -0.641800
v -0.662703 0.444761 -0.707557
v -0.563304 0.453371 -0.751520
v 0.298946 -0.304671 0.107096
v 0.434948 -0.278874 0.128772
v 0.448540 -0.296155 0.137564
v 0.302417 -0.327273 0.113262
v -0.844290 0.198665 -0.429133
v -0.797087 0.133331 -0.478795
v -0.401920 0.393857 -0.596689
v -0.346207 0.305947 -0.641934
v -0.344129 0.389084 -0.632067
v -0.224291 0.271821 -0.649737
v -0.221759 0.363933 -0.655350
v -0.195679 0.274329 -0.642228
v 0.056085 0.406649 -0.631405
v 0.084417 0.373818 -0.618730
v 0.274180 0.329887 -0.449291
v 0.288078 0.333158 -0.448778
v 0.283819 0.326696 -0.451570
v 0.282873 0.324372 -0.449652
v 0.237711 0.248183 -0.455515
v 0.229441 0.228231 -0.457031
v 1.213733 0.472190 -0.666110
v 1.269829 0.492962 -0.653693
v 1.277634 0.527837 -0.650523
v 0.849034 0.242714 -0.651442
v 0.844084 0.341584 -0.616988
v 0.748620 0.209572 -0.627540
v 0.441131 0.223936 -0.456237
v 0.399832 0.221682 -0.456620
v 0.421280 0.236533 -0.455412
v 0.448289 0.246032 -0.473624
v 0.485707 0.249021 -0.497295
v 0.592213 0.241708 -0.555236
v 0.687086 0.237318 -0.594489
v 0.716525 0.284864 -0.591756
v 0.749666 0.286793 -0.604411
v 0.722669 0.294361 -0.589902
v 0.733537 0.308794 -0.579596
v 0.743809 0.334047 -0.574622
v 0.764550 0.396523 -0.558503
v 0.696507 0.378458 -0.512486
v 0.683260 0.401248 -0.489603
v 0.780151 0.373049 -0.622389
v 0.775102 0.416043 -0.638812
v 1.047728 0.476113 -0.654395
v 1.006642 0.404065 -0.645059
v 1.067367 0.521546 -0.634776
v 0.772436 0.471900 -0.622376
v 1.081545 0.514779 -0.626257
v 0.240306 -0.273905 -0.008970
v 0.312091 -0.218032 -0.015684
v 0.330827 -0.272249 -0.009082
v 0.751028 0.398664 -0.571404
v 0.735507 0.411803 -0.553529
v 0.723793 0.421950 -0.564712
v 0.739317 0.408812 -0.582587
v 0.328984 -0.262846 0.012336
v -1.021733 0.320943 -0.451492
v 0.449092 0.371570 -0.442341
v 0.455959 0.421475 -0.340475
v 0.664993 0.402829 -0.473601
v 0.455959 0.269703 -0.492247
v -0.932666 0.440520 -0.511290
v -0.805285 0.525789 -0.596561
v -0.706014 0.585614 -0.656385
v -0.647961 0.609960 -0.680732
v -0.591157 0.628392 -0.699164
v 0.496023 -0.081984 -0.146725
v 0.529766 -0.137648 -0.155774
v 0.528639 -0.141937 -0.145154
v 0.493703 -0.090146 -0.154499
v 0.414238 -0.141200 -0.090172
v 0.452926 -0.274070 0.006117
v 0.440165 -0.148249 -0.089099
v 0.427255 -0.266797 0.002104
v 0.414238 0.010925 0.061952
v 0.452926 -0.085363 0.194823
v 0.427255 -0.081351 0.187551
v 0.440165 0.009851 0.069000
v 0.395057 0.079048 0.040934
v 0.529766 0.088087 0.068683
v 0.528604 0.077487 0.073011
v 0.395651 0.089554 0.036276
v 0.493703 0.086541 0.021189
v 0.495689 0.078527 0.013172
v 0.395651 -0.105249 -0.157427
v 0.394921 -0.109601 -0.146797
v 0.503208 -0.037689 -0.197826
v 0.505307 -0.031644 -0.188261
v 0.576436 0.046095 -0.260931
v 0.578801 0.049549 -0.250210
v 0.590027 0.100128 -0.264260
v 0.595380 0.096617 -0.254696
v 0.595935 0.154446 -0.223722
v 0.589967 0.161350 -0.230734
v 0.590027 0.195220 -0.169705
v 0.595362 0.185659 -0.166162
v 0.579259 0.181577 -0.119070
v 0.576436 0.192198 -0.115654
v 0.505139 0.119930 -0.037494
v 0.503208 0.129570 -0.031514
v 0.464254 0.135571 -0.083060
v 0.462702 0.089359 -0.158336
v 0.347214 0.002891 -0.071348
v 0.464254 0.013823 -0.204120
v 0.356641 -0.007116 -0.062211
v 0.921026 -0.184039 -0.110929
v 0.912196 -0.274669 -0.057814
v 0.912196 -0.255655 -0.038906
v 0.921055 -0.203053 -0.129839
v 0.168041 -0.046300 -0.146713
v 0.105204 -0.082959 -0.109336
v 0.105204 -0.053365 -0.139098
v 0.166309 -0.096402 -0.096326
v 0.307211 -0.111108 -0.087525
v 0.311225 -0.066784 -0.140322
v 0.410034 -0.087603 -0.139164
v 0.287382 -0.122361 -0.068683
v 0.443789 -0.313603 0.050602
v 0.105204 -0.108728 -0.134957
v 0.168051 -0.075432 -0.175679
v 0.105204 -0.082750 -0.168318
v 0.166309 -0.122877 -0.122652
v 0.310305 -0.094316 -0.153023
v 0.306167 -0.144761 -0.124026
v 0.285380 -0.155826 -0.102591
v 0.442767 -0.345905 0.024296
v 0.428770 -0.294508 -0.021501
v 0.413789 -0.170054 -0.121711
v 0.409330 -0.112502 -0.154803
v 0.452940 -0.121526 -0.157461
v 0.440894 -0.176280 -0.119596
v 0.702681 -0.175333 -0.155742
v 0.471129 -0.342516 0.016095
v 0.453236 -0.303841 -0.020404
v 0.719424 -0.245014 -0.087756
v 0.719309 -0.266492 -0.066208
v 0.734850 -0.288758 -0.043645
v 0.734850 -0.269743 -0.024737
v 0.471526 -0.315697 0.042368
v 0.443789 -0.221462 0.142215
v 0.471526 -0.218376 0.139129
v 0.717337 -0.246439 -0.048174
v 0.717293 -0.227152 -0.067571
v 0.703064 -0.158612 -0.136502
v 0.455085 -0.097975 -0.139563
v 0.815524 -0.112133 -0.112035
v 0.825268 -0.150074 -0.141140
v 0.825268 -0.118841 -0.110086
v 0.815524 -0.148162 -0.147862
v 0.776455 -0.087804 -0.203765
v 0.786129 -0.057886 -0.166591
v 0.776455 -0.054173 -0.170325
v 0.786129 -0.091517 -0.200032
v 0.667794 -0.111054 -0.113120
v 0.671125 -0.156384 -0.134795
v 0.667794 -0.144685 -0.146560
v 0.671125 -0.122754 -0.101354
v 0.749260 -0.160682 -0.135271
v 0.728021 -0.129147 -0.094923
v 0.749260 -0.124651 -0.099445
v 0.731496 -0.164441 -0.131490
v 0.810766 -0.124651 -0.099445
v 0.780013 -0.173201 -0.122681
v 0.780013 -0.137171 -0.086855
v 0.810766 -0.160681 -0.135272
v 0.822261 -0.126752 -0.102129
v 0.822261 -0.157985 -0.133185
v 0.797768 -0.090448 -0.133843
v 0.700438 -0.092695 -0.131584
v 0.810766 -0.099613 -0.124626
v 0.700438 -0.126325 -0.165025
v 0.810766 -0.135644 -0.160452
v 0.800528 -0.128425 -0.167712
v 0.455085 -0.018604 -0.060643
v 0.410034 0.059917 0.008356
v 0.410034 -0.013632 -0.065615
v 0.455085 0.060316 0.018728
v 0.452940 0.078213 0.042278
v 0.702681 0.076494 0.096085
v 0.409330 0.075555 0.033255
v 0.703064 0.057254 0.079364
v 0.921056 0.050591 0.123804
v 0.921026 0.031683 0.104792
v 0.310305 0.073775 0.015068
v 0.311225 0.061074 -0.012463
v 0.168051 0.096432 -0.003815
v 0.168041 0.067466 -0.032948
v 0.105204 0.059851 -0.025883
v 0.105204 0.089071 0.003503
v 0.471526 -0.121614 0.236449
v 0.452926 -0.179446 0.100199
v 0.440165 -0.068972 -0.010275
v 0.912196 -0.021434 0.195422
v 0.912196 -0.040341 0.176407
v 0.105204 0.030089 0.003712
v 0.166309 0.017079 0.017155
v 0.307211 0.008278 0.031862
v 0.287382 -0.010565 0.043113
v 0.443789 -0.129848 0.234356
v 0.306167 0.044778 0.065513
v 0.413789 0.042462 0.090806
v 0.440894 0.040350 0.097033
v 0.719424 0.008509 0.165767
v 0.717293 -0.011676 0.147905
v 0.717337 -0.031074 0.167192
v 0.719309 -0.013039 0.187245
v 0.734850 -0.054509 0.190496
v 0.442767 -0.103542 0.266658
v 0.471129 -0.095342 0.263269
v 0.734850 -0.035601 0.209510
v 0.105204 0.055710 0.029481
v 0.166309 0.043404 0.043629
v 0.285381 0.023344 0.076578
v 0.428770 -0.057745 0.215262
v 0.453236 -0.058843 0.224594
v 0.427254 -0.173809 0.094562
v 0.414238 -0.064919 -0.014327
v 0.925291 0.092202 0.059271
v 0.966593 0.021041 0.111971
v 0.966452 0.031575 0.122481
v 0.925421 0.081710 0.048718
v 0.845419 0.119094 0.027842
v 0.845527 0.108617 0.017273
v 0.111137 0.138513 -0.044157
v 0.111225 0.128024 -0.054715
v 0.088031 0.134757 -0.041637
v 0.087995 0.124256 -0.052192
v 0.058424 0.112446 -0.020815
v 0.058337 0.101911 -0.031338
v 0.054404 0.093195 -0.001674
v 0.054309 0.082634 -0.012169
v 0.069538 0.068544 0.023948
v 0.069466 0.057937 0.013499
v 0.096071 0.058041 0.035971
v 0.096110 0.047387 0.025576
v 0.785405 -0.100695 0.245366
v 0.785497 -0.111341 0.234967
v 0.852604 -0.096651 0.245204
v 0.852638 -0.107292 0.234796
v 0.908593 -0.075505 0.227000
v 0.908676 -0.086131 0.216578
v 0.954359 -0.029479 0.183219
v 0.954487 -0.040068 0.172763
v 0.913944 0.085969 0.064691
v 0.951667 0.029242 0.123817
v 0.842745 0.108556 0.038105
v 0.111157 0.127917 -0.033617
v 0.093997 0.125159 -0.031785
v 0.072408 0.108909 -0.016625
v 0.069322 0.094146 -0.001947
v 0.080428 0.076063 0.016843
v 0.101976 0.067756 0.026362
v 0.788432 -0.090327 0.234938
v 0.848719 -0.086678 0.234780
v 0.899151 -0.067631 0.218377
v 0.940402 -0.026067 0.178827
v 0.914072 0.075477 0.054140
v 0.951808 0.018707 0.113307
v 0.842854 0.098079 0.027537
v 0.111244 0.117428 -0.044176
v 0.093963 0.114660 -0.042340
v 0.072321 0.098376 -0.027147
v 0.069227 0.083583 -0.012444
v 0.080356 0.065456 0.006393
v 0.102016 0.057103 0.015968
v 0.788523 -0.100975 0.224540
v 0.848753 -0.097320 0.224373
v 0.899235 -0.078256 0.207958
v 0.940530 -0.036654 0.168371
v 0.314980 -0.004835 -0.026885
v 0.268193 -0.031383 -0.039390
v 0.283789 -0.009516 -0.022204
v 0.314980 -0.043887 -0.065938
v 0.330576 -0.022021 -0.048752
v 0.283789 -0.048569 -0.061256
v 0.306532 0.023310 -0.055030
v 0.275341 0.018629 -0.050349
v 0.259745 -0.003238 -0.067535
v 0.275341 -0.020424 -0.089401
v 0.306532 -0.015742 -0.094083
v 0.322128 0.006124 -0.076897
v 0.283970 0.133253 -0.204026
v 0.288168 0.084494 -0.116214
v 0.268374 0.150439 -0.182158
v 0.303763 0.067309 -0.138082
v 0.268374 0.111386 -0.221211
v 0.288168 0.045441 -0.155266
v 0.237183 0.106705 -0.216529
v 0.256976 0.040760 -0.150585
v 0.221587 0.123890 -0.194663
v 0.241380 0.057946 -0.128719
v 0.237183 0.145757 -0.177477
v 0.256976 0.079813 -0.111533
v 0.916931 0.063053 -0.169243
v 0.880360 0.149823 -0.096400
v 0.916931 0.097955 -0.134538
v 0.880360 0.024194 -0.221318
v 0.819471 0.140860 -0.087321
v 0.819471 0.016106 -0.211368
v 0.770089 0.128617 -0.076826
v 0.770089 0.004740 -0.200002
v 0.719117 -0.022836 -0.173881
v 0.719216 0.102786 -0.048956
v 0.682207 -0.047312 -0.149405
v 0.682207 0.078318 -0.024487
v 0.668653 0.008010 -0.044082
v 0.652335 0.042768 0.011449
v 0.668653 -0.026891 -0.078786
v 0.653817 -0.012660 -0.023293
v 0.652236 -0.082854 -0.113476
v 0.633224 0.010230 0.043987
v 0.653817 -0.047562 -0.057998
v 0.633224 -0.115399 -0.080930
v 0.623513 -0.159742 -0.034383
v 0.623513 -0.034990 0.089663
v 0.626570 -0.194751 0.000627
v 0.626570 -0.070875 0.123801
v 0.639226 -0.103914 0.158587
v 0.639226 -0.228666 0.034541
v 0.668440 -0.144746 0.199844
v 0.668440 -0.270374 0.074927
v 0.698413 -0.206947 0.172098
v 0.700974 -0.171444 0.226543
v 0.698413 -0.241849 0.137394
v 0.721711 -0.223285 0.188529
v 0.700974 -0.297073 0.101625
v 0.745142 -0.198633 0.254039
v 0.721711 -0.258187 0.153825
v 0.745141 -0.324262 0.129122
v 0.791112 -0.339341 0.144201
v 0.791015 -0.213720 0.269126
v 0.851301 -0.352640 0.159413
v 0.851301 -0.228764 0.282589
v 0.903325 -0.352510 0.159284
v 0.903325 -0.227758 0.283330
v 0.965059 -0.348537 0.153534
v 0.965059 -0.222908 0.278452
v 0.997552 -0.253415 0.218832
v 1.017448 -0.210838 0.266185
v 0.997552 -0.288317 0.184128
v 1.026788 -0.242841 0.208197
v 1.017350 -0.336460 0.141260
v 1.061448 -0.188125 0.243472
v 1.026788 -0.277743 0.173493
v 1.061448 -0.313754 0.118554
v 1.105422 -0.159849 0.214842
v 1.105422 -0.284603 0.090795
v 1.133712 -0.126853 0.180098
v 1.133712 -0.250730 0.056922
v 1.154844 -0.213076 0.017079
v 1.154942 -0.087454 0.142003
v 1.162149 -0.173781 -0.022216
v 1.162149 -0.048153 0.102702
v 1.152670 -0.067178 0.031533
v 1.158979 -0.011071 0.065192
v 1.152670 -0.102079 -0.003171
v 1.147441 -0.044305 0.008531
v 1.158881 -0.136693 -0.059733
v 1.145017 0.027233 0.026888
v 1.147441 -0.079207 -0.026173
v 1.145017 -0.098396 -0.098030
v 1.117241 0.063766 -0.010032
v 1.117241 -0.060986 -0.134078
v 1.083519 0.094020 -0.042032
v 1.083519 -0.029856 -0.165208
v 1.034801 -0.006331 -0.190725
v 1.034899 0.119290 -0.065800
v 0.987335 0.012386 -0.209443
v 0.987336 0.138014 -0.084525
v 0.949399 0.094393 -0.130956
v 0.933230 0.145597 -0.092173
v 0.949399 0.059491 -0.165660
v 0.933132 0.019975 -0.217098
v 0.806262 -0.188470 0.134635
v 0.786435 -0.178371 0.124480
v 0.822476 -0.077106 0.114188
v 0.884054 -0.105220 0.142462
v 0.846642 -0.017217 0.137591
v 0.813409 -0.060074 0.097059
v 0.892980 -0.040937 0.161445
v 0.909829 -0.104404 0.141641
v 0.832302 -0.010093 0.046794
v 0.864318 0.021186 0.098969
v 0.739512 -0.065215 0.010680
v 0.747005 -0.048799 -0.005829
v 0.852474 0.001249 0.035386
v 0.921579 0.021200 0.098955
v 0.966779 -0.071798 0.108850
v 0.939292 -0.017194 0.137568
v 0.993139 -0.181794 0.127923
v 0.973391 -0.191971 0.138157
v 0.973642 -0.054261 0.091213
v 0.925728 0.004026 0.032594
v 0.885134 0.017634 -0.072641
v 0.909592 0.017683 -0.072690
v 0.947261 -0.005996 0.042673
v 1.041884 -0.054415 -0.000181
v 1.049507 -0.070802 0.016300
v 0.786435 -0.194821 0.108125
v 0.806262 -0.204919 0.118281
v 0.884054 -0.213218 0.035077
v 0.822476 -0.185103 0.006803
v 0.846642 -0.208845 -0.052953
v 0.813409 -0.168071 -0.010327
v 0.892980 -0.232565 -0.029097
v 0.909829 -0.212401 0.034255
v 0.966779 -0.179795 0.001465
v 0.939292 -0.208821 -0.052976
v 0.973391 -0.208420 0.121802
v 0.993139 -0.198244 0.111568
v 0.973642 -0.162258 -0.016172
v 0.947261 -0.113993 -0.064713
v 0.921579 -0.170428 -0.091588
v 1.049507 -0.087251 -0.000056
v 1.041884 -0.070864 -0.016537
v 0.925728 -0.103971 -0.074791
v 0.852474 -0.106746 -0.071999
v 0.864318 -0.170442 -0.091573
v 0.909592 0.001233 -0.089046
v 0.885134 0.001186 -0.088997
v 0.832302 -0.118090 -0.060592
v 0.747005 -0.065247 -0.022185
v 0.739512 -0.081664 -0.005675
v 0.975573 -0.120674 -0.145414
v 1.026327 -0.170071 -0.096017
v 1.006800 -0.142367 -0.123722
v 1.033558 -0.200601 -0.065487
v 0.936745 -0.106377 -0.159711
v 0.780098 -0.142368 -0.123721
v 0.811325 -0.120674 -0.145414
v 0.893448 -0.101806 -0.164283
v 0.850152 -0.106377 -0.159711
v 0.936745 -0.294825 0.028736
v 1.026327 -0.231131 -0.034958
v 0.975573 -0.280528 0.014439
v 1.006800 -0.258834 -0.007254
v 0.780098 -0.258834 -0.007254
v 0.893449 -0.299396 0.033308
v 0.811325 -0.280528 0.014439
v 0.850152 -0.294825 0.028736
v 0.760570 -0.231131 -0.034958
v 0.760570 -0.170072 -0.096017
v 0.753339 -0.200601 -0.065488
v 0.800892 -0.090069 0.225743
v 0.893479 -0.111341 0.247015
v 0.844737 -0.106021 0.241695
v 0.942219 -0.106021 0.241695
v 0.765870 -0.065504 0.201178
v 0.765870 0.065611 0.070063
v 0.743668 -0.034377 0.170051
v 0.743668 0.034461 0.101213
v 0.735746 0.000053 0.135621
v 1.051209 0.000054 0.135620
v 0.986067 -0.090069 0.225743
v 1.043289 -0.034377 0.170052
v 1.021086 -0.065504 0.201178
v 0.942219 0.106127 0.029547
v 1.043289 0.034461 0.101213
v 0.986067 0.090153 0.045521
v 1.021085 0.065611 0.070063
v 0.893479 0.111425 0.024249
v 0.800891 0.090153 0.045521
v 0.844736 0.106127 0.029547
v 0.893131 -0.013256 0.120417
v 0.893133 -0.191695 -0.057010
v 0.574298 -0.049326 0.153844
v 0.589034 -0.090377 0.194895
v 0.558505 -0.113146 0.188054
v 0.542157 -0.067730 0.142638
v 0.622015 -0.137440 0.242466
v 0.521711 -0.174836 0.145766
v 0.503395 -0.124159 0.095089
v 0.594701 -0.164755 0.240223
v 0.660216 -0.170211 0.275236
v 0.561758 -0.231934 0.203484
v 0.521749 -0.216459 0.104374
v 0.503401 -0.165785 0.053700
v 0.636885 -0.201052 0.276521
v 0.716439 -0.204248 0.309666
v 0.561764 -0.273558 0.162094
v 0.558637 -0.259052 0.042950
v 0.542177 -0.213647 -0.002454
v 0.608774 -0.272483 0.244033
v 0.698674 -0.238320 0.314221
v 0.771311 -0.222705 0.328123
v 0.608813 -0.314105 0.202641
v 0.585968 -0.316336 0.096988
v 0.589195 -0.265991 0.020249
v 0.574321 -0.224953 -0.020790
v 0.622039 -0.313067 0.067834
v 0.660376 -0.345823 0.100590
v 0.629472 -0.353758 0.134410
v 0.716463 -0.379873 0.135033
v 0.698693 -0.384238 0.169127
v 0.771472 -0.398318 0.153478
v 0.677254 -0.355272 0.244288
v 0.841264 -0.413824 0.169193
v 0.759349 -0.404764 0.189653
v 0.677249 -0.313646 0.285678
v 0.903270 -0.414396 0.169767
v 0.744695 -0.378311 0.267328
v 0.836116 -0.421621 0.206743
v 0.744657 -0.336689 0.308720
v 0.974864 -0.409044 0.164407
v 0.904477 -0.422468 0.207590
v 0.829902 -0.396795 0.286071
v 0.759216 -0.258856 0.334757
v 1.041774 -0.393049 0.148185
v 0.829896 -0.355171 0.327460
v 0.983229 -0.416359 0.201470
v 0.905901 -0.397977 0.287252
v 0.836096 -0.275702 0.351835
v 0.905863 -0.356356 0.328644
v 0.993310 -0.390950 0.280216
v 1.056883 -0.398523 0.183385
v 1.094164 -0.366363 0.121499
v 0.841241 -0.238197 0.343826
v 0.904344 -0.276561 0.352694
v 0.903110 -0.238783 0.344412
v 0.993306 -0.349326 0.321604
v 1.144774 -0.332896 0.087626
v 0.974840 -0.233418 0.339039
v 0.983208 -0.270441 0.346564
v 1.075126 -0.370894 0.259881
v 1.114594 -0.369362 0.154225
v 1.178532 -0.293162 0.047892
v 1.041886 -0.217429 0.322822
v 1.075153 -0.329271 0.301272
v 1.056978 -0.252609 0.328483
v 1.170302 -0.332284 0.116703
v 1.139227 -0.338748 0.227735
v 1.213253 -0.252164 0.001694
v 1.139222 -0.297123 0.269124
v 1.114574 -0.223443 0.299317
v 1.201108 -0.297319 0.185812
v 1.207496 -0.288755 0.073174
v 1.222705 -0.204584 -0.045886
v 1.201134 -0.255696 0.227202
v 1.094139 -0.190738 0.296131
v 1.235686 -0.239233 0.023086
v 1.242421 -0.249211 0.137705
v 1.209618 -0.154043 -0.092272
v 1.170395 -0.186371 0.261801
v 1.144887 -0.157276 0.262265
v 1.245874 -0.188477 -0.027670
v 1.273734 -0.193959 0.081825
v 1.242415 -0.207588 0.179094
v 1.192693 -0.108908 -0.137407
v 1.178508 -0.117535 0.222524
v 1.207476 -0.142836 0.218266
v 1.273762 -0.152336 0.123216
v 1.204265 -0.072771 0.177247
v 1.235779 -0.093320 0.168184
v 1.285048 -0.137826 0.025691
v 1.213360 -0.026468 0.130944
v 1.245853 -0.042559 0.117424
v 1.285043 -0.096201 0.067081
v 1.241703 -0.135345 -0.081389
v 1.209731 0.021576 0.082367
v 1.241798 0.010568 0.063708
v 1.280445 -0.036939 0.007167
v 1.280418 -0.078563 -0.034223
v 1.223088 -0.085867 -0.130867
v 1.192669 0.066718 0.037226
v 1.223069 0.060050 0.014226
v 1.259739 -0.023849 -0.088938
v 1.259733 0.017777 -0.047549
v 1.160214 -0.066371 -0.180405
v 1.160326 0.109250 -0.005766
v 1.187396 0.107109 -0.033339
v 1.220020 0.070294 -0.100630
v 1.219993 0.028671 -0.142020
v 1.187303 -0.038804 -0.178436
v 1.120034 -0.029717 -0.217059
v 1.120010 0.145909 -0.042426
v 1.143061 0.147251 -0.073481
v 1.170865 0.114636 -0.144972
v 1.143082 0.001334 -0.218574
v 1.064517 -0.000430 -0.246654
v 1.170871 0.073012 -0.186361
v 1.064630 0.175190 -0.072016
v 1.082022 0.179718 -0.106288
v 1.081927 0.033805 -0.251386
v 1.007973 0.021787 -0.268872
v 1.102943 0.109325 -0.223052
v 1.102971 0.150947 -0.181661
v 1.007948 0.197413 -0.094239
v 0.939076 0.032376 -0.279564
v 1.019686 0.058046 -0.275627
v 1.019667 0.203964 -0.130534
v 1.033800 0.177632 -0.208345
v 1.033805 0.136007 -0.249734
v 0.939189 0.207996 -0.104925
v 0.943799 0.069929 -0.287623
v 0.943892 0.215843 -0.142526
v 0.949542 0.191073 -0.221913
v 0.949514 0.149450 -0.263303
v 0.875860 0.212324 -0.109254
v 0.875885 0.036699 -0.283886
v 0.874219 0.220384 -0.147067
v 0.874240 0.074465 -0.292159
v 0.805714 0.026398 -0.273466
v 0.872247 0.154245 -0.268097
v 0.872243 0.195869 -0.226709
v 0.746611 0.012438 -0.259507
v 0.796950 0.063347 -0.280909
v 0.786398 0.142140 -0.255845
v 0.786425 0.183762 -0.214455
v 0.687217 -0.017335 -0.229410
v 0.731892 0.047752 -0.265314
v 0.642501 -0.046798 -0.199947
v 0.714130 0.124573 -0.238279
v 0.666469 0.015191 -0.232398
v 0.797044 0.209260 -0.135811
v 0.604214 -0.091280 -0.154996
v 0.714124 0.166197 -0.196890
v 0.617253 -0.017475 -0.199732
v 0.641462 0.088649 -0.201961
v 0.805827 0.202018 -0.098827
v 0.731870 0.193670 -0.120222
v 0.746586 0.188065 -0.084874
v 0.641490 0.130271 -0.160570
v 0.586792 0.052119 -0.165432
v 0.687330 0.158285 -0.054772
v 0.666563 0.161104 -0.087301
v 0.586787 0.093743 -0.124043
v 0.575071 -0.066233 -0.150458
v 0.617233 0.128442 -0.054639
v 0.642477 0.128828 -0.025315
v 0.539940 -0.001795 -0.110944
v 0.581559 -0.130767 -0.115508
v 0.604327 0.084339 0.019642
v 0.575165 0.079680 -0.005360
v 0.539967 0.039828 -0.069552
v 0.550147 -0.109938 -0.106753
v 0.571056 -0.182651 -0.063091
v 0.581535 0.044857 0.059124
v 0.550126 0.035980 0.038339
v 0.512246 -0.008960 -0.020763
v 0.512252 -0.050586 -0.062153
v 0.538559 -0.166845 -0.049257
v 0.499384 -0.113553 0.001468
v 0.499411 -0.071930 0.042859
v 0.538654 -0.020933 0.095841
v 0.571170 -0.007031 0.111549
v -0.800611 -0.046134 -0.096894
v -0.800611 -0.085273 -0.135811
v -0.800610 -0.070723 -0.121345
v -0.800611 0.024937 -0.025825
v -0.800611 0.049387 -0.001235
v -0.800611 0.063854 0.013314
v -0.720353 -0.116975 -0.025648
v -0.729796 -0.118710 -0.023905
v -0.729796 -0.157849 -0.062822
v -0.720353 -0.156114 -0.064566
v -0.822010 -0.167912 -0.039198
v -0.822009 -0.183416 -0.054613
v -0.771003 -0.165417 -0.055210
v -0.771003 -0.150868 -0.040744
v -0.851616 -0.087767 -0.119800
v -0.851616 -0.101717 -0.133668
v -0.715434 -0.130293 -0.012256
v -0.715434 -0.169431 -0.051173
v -0.724877 -0.171166 -0.049429
v -0.724877 -0.132027 -0.010511
v -0.766085 -0.178734 -0.041817
v -0.766084 -0.164185 -0.027352
v -0.766084 -0.139596 -0.002900
v -0.817088 -0.181230 -0.025805
v -0.817089 -0.196733 -0.041220
v -0.833221 -0.196012 -0.048432
v -0.833221 -0.177265 -0.029791
v -0.903843 -0.172024 -0.086822
v -0.903844 -0.157936 -0.072814
v -0.805531 -0.032815 -0.110288
v -0.764324 -0.025248 -0.117899
v -0.759403 -0.038565 -0.104506
v -0.754880 -0.023513 -0.119642
v -0.749959 -0.036830 -0.106250
v -0.751755 -0.076849 -0.066005
v -0.745639 -0.065896 -0.077019
v -0.780799 -0.082182 -0.060639
v -0.793716 -0.074727 -0.068138
v -0.778653 -0.087994 -0.054794
v -0.749607 -0.082660 -0.060160
v -0.767292 -0.118744 -0.023870
v -0.780209 -0.111289 -0.031369
v -0.784769 -0.098948 -0.043781
v -0.736690 -0.090116 -0.052661
v -0.732131 -0.102458 -0.040249
v -0.771003 -0.126278 -0.016293
v -0.759403 -0.077704 -0.143423
v -0.745639 -0.105034 -0.115935
v -0.751755 -0.115987 -0.104921
v -0.749609 -0.121798 -0.099076
v -0.736692 -0.129255 -0.091577
v -0.732133 -0.141596 -0.079166
v -0.868543 -0.096443 -0.151662
v -0.871865 -0.085779 -0.143145
v -0.653145 0.257737 -0.489314
v -0.649827 0.247074 -0.497830
v -0.871864 -0.105022 -0.162278
v -0.653144 0.238495 -0.508447
v -0.893332 -0.107903 -0.178622
v -0.674616 0.235614 -0.524792
v -0.914799 -0.091543 -0.175834
v -0.696086 0.251974 -0.522003
v -0.914799 -0.072302 -0.156701
v -0.696087 0.271214 -0.502870
v -0.893332 -0.069419 -0.140357
v -0.674616 0.274097 -0.486526
v -0.778653 -0.127133 -0.093712
v -0.780799 -0.121321 -0.099556
v -0.767292 -0.157883 -0.062785
v -0.784767 -0.138084 -0.082698
v -0.780208 -0.150426 -0.070286
v -0.793715 -0.113865 -0.107055
v -0.805531 -0.071955 -0.149204
v -0.764324 -0.064386 -0.156816
v -0.749959 -0.075969 -0.145166
v -0.754880 -0.062652 -0.158560
v -0.847455 -0.087051 -0.148417
v -0.860154 -0.099077 -0.149014
v -0.931140 -0.190184 -0.031634
v -0.931140 -0.215938 -0.057241
v -0.965421 -0.215703 -0.057479
v -0.965420 -0.189947 -0.031871
v -0.893332 -0.062907 -0.133881
v -0.864598 -0.084804 -0.137614
v -0.922066 -0.066764 -0.155757
v -0.964792 -0.134428 -0.087707
v -0.922066 -0.092518 -0.181366
v -0.988608 -0.172143 -0.049777
v -0.964792 -0.160182 -0.113315
v -0.988608 -0.197898 -0.075386
v -0.893332 -0.114415 -0.185098
v -0.936058 -0.172400 -0.107422
v -0.864598 -0.110559 -0.163222
v -0.907324 -0.178223 -0.095172
v -0.847455 -0.073102 -0.134547
v -0.805531 -0.057406 -0.134738
v -0.903843 0.000857 0.085978
v -0.931139 -0.040325 0.118225
v -0.931140 -0.014716 0.143980
v -0.903843 0.014864 0.100066
v -0.907324 0.023214 0.106265
v -0.860154 0.077056 0.027118
v -0.864598 0.091263 0.038600
v -0.965420 -0.014479 0.143743
v -0.936059 0.035464 0.100440
v -0.893332 0.113139 0.042457
v -0.964792 0.041357 0.088223
v -0.988608 0.003427 0.125939
v -0.922066 0.109407 0.020559
v -0.988607 -0.022180 0.100184
v -0.964792 0.015749 0.062470
v -0.922066 0.083799 -0.005194
v -0.965421 -0.040088 0.117990
v -0.893332 0.061923 -0.009051
v -0.864598 0.065656 0.012846
v -0.805531 0.038329 -0.039142
v -0.805532 0.062780 -0.014552
v -0.780210 -0.040590 0.039330
v -0.767291 -0.009172 0.085924
v -0.767292 -0.048089 0.046786
v -0.780208 -0.001673 0.078468
v -0.784769 -0.028178 0.026989
v -0.784768 0.010739 0.066126
v -0.778653 0.021754 0.055175
v -0.778653 -0.017164 0.016036
v -0.780799 -0.011319 0.010225
v -0.780799 0.027598 0.049363
v -0.793715 0.035097 0.041906
v -0.793716 -0.003820 0.002769
v -0.674616 0.414568 -0.346055
v -0.871865 0.071187 0.013821
v -0.653145 0.417356 -0.329696
v -0.893332 0.068398 -0.002539
v -0.696087 0.430912 -0.343174
v -0.914800 0.084743 0.000342
v -0.696087 0.450045 -0.323933
v -0.914800 0.103875 0.019585
v -0.674616 0.452834 -0.307573
v -0.893332 0.106664 0.035944
v -0.653145 0.436489 -0.310455
v -0.871864 0.090319 0.033064
v -0.649827 0.425871 -0.319034
v -0.868543 0.079704 0.024485
v -0.732133 0.007207 0.069639
v -0.749609 0.027118 0.049839
v -0.736692 0.019619 0.057298
v -0.729796 -0.009136 0.085890
v -0.751756 0.032963 0.044029
v -0.759404 0.071464 0.005745
v -0.745640 0.043976 0.033076
v -0.771004 -0.016748 0.093459
v -0.805531 0.077246 -0.000004
v -0.851616 0.061710 0.029757
v -0.764324 0.084857 -0.007573
v -0.749959 0.073209 0.004010
v -0.754880 0.086601 -0.009307
v -0.847456 0.076459 0.015092
v -0.822009 -0.017345 0.111457
v -0.833221 -0.023527 0.124053
v -0.817089 -0.030738 0.124775
v -0.766085 -0.030142 0.106775
v -0.724877 -0.022528 0.099207
v -0.715434 -0.020785 0.097472
v -0.720353 -0.007392 0.084156
v -0.736690 -0.019298 0.018158
v -0.729796 -0.048054 0.046752
v -0.732131 -0.031709 0.030500
v -0.749607 -0.011797 0.010701
v -0.751755 -0.005954 0.004890
v -0.771003 -0.055666 0.054321
v -0.766084 -0.069057 0.067638
v -0.724876 -0.061446 0.060069
v -0.720352 -0.046309 0.045016
v -0.715433 -0.059702 0.058334
v -0.759403 0.032548 -0.033394
v -0.745639 0.005060 -0.006061
v -0.764324 0.045940 -0.046711
v -0.754880 0.047684 -0.048445
v -0.749959 0.034292 -0.035128
v -0.822010 -0.032761 0.095954
v -0.766085 -0.044606 0.092227
v -0.771003 -0.031214 0.078910
v -0.817089 -0.046154 0.109270
v -0.833221 -0.042167 0.105307
v -0.851616 0.047840 0.015809
v -0.847457 0.062588 0.001143
v -0.938398 -0.099426 -0.143297
v -0.956831 -0.123483 -0.103656
v -0.963312 -0.113930 -0.101740
v -0.942985 -0.109726 -0.152215
v -0.960196 -0.124502 -0.108628
v -0.956831 0.032434 0.052261
v -0.938398 0.072075 0.028203
v -0.963312 0.030519 0.042708
v -0.942985 0.080991 0.038504
v -0.960196 0.037407 0.053280
v -0.856236 0.025947 -0.283912
v -0.864695 0.031333 -0.278267
v -0.849951 0.051955 -0.274355
v -0.854441 0.057477 -0.265312
v -0.776404 0.035152 -0.248068
v -0.780684 0.028136 -0.256123
v -0.702982 -0.013603 -0.198416
v -0.770988 -0.057359 -0.170140
v -0.771012 -0.045895 -0.169142
v -0.701844 -0.023484 -0.204202
v -0.811681 -0.027612 -0.187082
v -0.818371 -0.035498 -0.192131
v -0.868879 0.004339 -0.264372
v -0.874022 0.012962 -0.258747
v -0.935604 -0.109565 -0.147969
v -0.967242 -0.122448 -0.110696
v -0.974625 -0.078031 -0.138435
v -0.971460 -0.119666 -0.107496
v -0.970376 -0.081135 -0.141308
v -0.956890 0.050205 -0.267399
v -0.952650 0.047475 -0.270649
v -0.875501 0.002913 -0.268065
v -0.961935 0.070744 -0.281087
v -0.961126 0.075892 -0.289495
v -0.964051 0.073741 -0.284100
v -0.859308 0.025089 -0.287590
v -1.027212 0.080486 -0.288210
v -1.027293 0.084009 -0.293137
v -1.081011 0.098111 -0.276620
v -1.081014 0.101591 -0.281626
v -1.118398 0.136184 -0.251776
v -1.117400 0.140185 -0.256190
v -1.129193 0.160539 -0.231761
v -1.081115 0.154658 -0.271960
v -1.026797 0.161213 -0.289084
v -0.913647 0.065585 -0.287865
v -0.971390 0.157135 -0.295375
v -0.852582 0.055412 -0.277750
v -0.774290 0.029118 -0.259813
v -0.813052 -0.037387 -0.196229
v -0.771004 -0.056788 -0.176713
v -0.700947 -0.020190 -0.209838
v -0.738162 0.109752 -0.253585
v -0.819579 0.137984 -0.284655
v -0.726293 0.157022 -0.228244
v -0.671045 -0.029848 -0.195668
v -0.674854 -0.033619 -0.192752
v -0.656472 0.070514 -0.192491
v -0.904819 0.152013 -0.295690
v -0.576336 -0.019117 -0.073910
v -0.579128 -0.022180 -0.069500
v -0.614611 0.036204 -0.143237
v -0.816260 0.186337 -0.257558
v -0.905450 0.199388 -0.270611
v -0.573088 -0.008588 -0.062635
v -0.572917 -0.012103 -0.059118
v -0.579128 -0.001722 -0.049041
v -0.641056 0.103139 -0.174361
v -0.596144 0.053341 -0.124563
v -0.576336 0.002688 -0.052106
v -0.674854 0.121529 -0.037604
v -0.614611 0.072014 -0.107427
v -0.671045 0.124446 -0.041375
v -0.701844 0.132981 -0.047738
v -0.656472 0.121269 -0.141737
v -0.700948 0.138615 -0.051033
v -0.770989 0.098919 -0.013862
v -0.738162 0.182363 -0.180976
v -0.771004 0.105490 -0.014435
v -0.818371 0.120908 -0.035725
v -0.774290 0.188590 -0.100341
v -0.813053 0.125006 -0.033836
v -0.780685 0.184899 -0.099358
v -0.849951 0.203133 -0.123180
v -0.852582 0.206526 -0.126636
v -0.856236 0.212689 -0.097169
v -0.859308 0.216368 -0.096312
v -0.819580 0.213433 -0.209206
v -0.913647 0.216644 -0.136806
v -0.961126 0.218272 -0.147114
v -0.952649 0.199428 -0.118698
v -0.875502 0.196842 -0.074135
v -0.904819 0.224469 -0.223236
v -0.971390 0.224152 -0.228358
v -0.973068 0.201146 -0.272368
v -1.026797 0.217861 -0.232436
v -1.032172 0.195605 -0.266828
v -1.088403 0.181120 -0.252341
v -1.081115 0.200738 -0.225880
v -1.126226 0.164309 -0.235532
v -1.117401 0.184966 -0.211407
v -1.118398 0.180555 -0.207407
v -1.081014 0.210402 -0.172813
v -1.081011 0.205398 -0.169334
v -1.027294 0.221915 -0.155231
v -1.027212 0.216988 -0.151709
v -0.964051 0.212878 -0.144963
v -0.961935 0.209864 -0.141966
v -0.956891 0.196177 -0.121429
v -0.970378 0.070086 0.009913
v -0.974624 0.067213 0.006808
v -0.967242 0.039474 0.051225
v -0.971461 0.036273 0.048444
v -0.678155 -0.024979 -0.185903
v -0.587874 -0.014716 -0.069007
v -0.584390 -0.011886 -0.059335
v -0.587873 -0.002215 -0.056506
v -0.678155 0.114681 -0.046244
v -0.702982 0.127193 -0.057619
v -0.771012 0.097920 -0.025327
v -0.811681 0.115858 -0.043610
v -0.776403 0.176846 -0.106376
v -0.935605 0.076747 0.038343
v -0.868879 0.193149 -0.075562
v -0.854441 0.194089 -0.128700
v -0.864696 0.207045 -0.102555
v -0.966543 -0.072900 -0.132047
v -0.948761 0.055922 -0.261595
v -0.954078 0.077942 -0.276738
v -0.959804 0.083113 -0.278949
v -1.024774 0.089693 -0.281750
v -1.074482 0.105893 -0.271212
v -1.108300 0.139039 -0.247053
v -1.119029 0.156729 -0.227952
v -1.108300 0.175831 -0.210261
v -1.074482 0.199988 -0.177115
v -1.024774 0.210528 -0.160915
v -0.959804 0.207728 -0.154337
v -0.954079 0.205516 -0.149166
v -0.948761 0.190372 -0.127143
v -0.966543 0.060823 0.001676
v -0.874022 0.187524 -0.084185
v -0.751259 -0.075799 0.124009
v -0.751259 -0.001023 0.049234
v -0.744120 -0.038413 0.086623
v -0.771513 -0.110704 0.158914
v -0.771512 0.033878 0.014332
v -0.948589 0.106170 -0.057960
v -0.804132 0.063734 -0.015524
v -0.895714 0.101123 -0.052912
v -0.846354 0.086799 -0.038588
v -1.125665 -0.110704 0.158914
v -0.948589 -0.182995 0.231205
v -0.804133 -0.140557 0.188767
v -0.895714 -0.177945 0.226155
v -0.846354 -0.163624 0.211835
v -1.001463 -0.177944 0.226155
v -1.093044 -0.140557 0.188767
v -1.050824 -0.163624 0.211835
v -1.125664 0.033879 0.014332
v -1.145918 -0.075799 0.124009
v -1.145918 -0.001023 0.049234
v -1.153058 -0.038412 0.086623
v -1.093044 0.063734 -0.015524
v -1.001462 0.101123 -0.052912
v -1.050823 0.086800 -0.038589
v -1.145935 -0.191269 0.008734
v -1.145934 -0.116494 -0.066042
v -1.153074 -0.153880 -0.028656
v -1.125680 -0.226171 0.043635
v -1.125680 -0.081589 -0.100947
v -0.948604 -0.009298 -0.173238
v -1.093060 -0.051736 -0.130799
v -1.001478 -0.014348 -0.168188
v -1.050838 -0.028668 -0.153867
v -0.771528 -0.226172 0.043636
v -0.948604 -0.298463 0.115927
v -1.093060 -0.256027 0.073492
v -1.001479 -0.293415 0.110880
v -1.050839 -0.279092 0.096557
v -0.895730 -0.293415 0.110880
v -0.804149 -0.256028 0.073492
v -0.846369 -0.279092 0.096557
v -0.771528 -0.081589 -0.100946
v -0.751274 -0.191270 0.008735
v -0.751274 -0.116494 -0.066041
v -0.744134 -0.153881 -0.028655
v -0.804148 -0.051736 -0.130799
v -0.895730 -0.014348 -0.168188
v -0.846369 -0.028668 -0.153867
v -0.961438 0.133094 -0.122776
v -0.924868 0.096986 -0.145153
v -0.924868 0.074273 -0.167669
v -0.961438 0.051337 -0.203821
v -1.022645 0.126066 -0.116807
v -1.022742 0.045456 -0.196729
v -1.071709 0.112174 -0.102915
v -1.071709 0.031558 -0.182830
v -1.123095 0.006768 -0.158989
v -1.122998 0.088519 -0.077935
v -1.159591 -0.020240 -0.131980
v -1.159592 0.061518 -0.050934
v -1.173145 0.006952 -0.054787
v -1.189879 0.028434 -0.017598
v -1.173145 -0.015760 -0.077302
v -1.187982 -0.013738 -0.034018
v -1.189976 -0.053317 -0.098651
v -1.208575 -0.006638 0.017473
v -1.187982 -0.036452 -0.056534
v -1.208575 -0.088395 -0.063573
v -1.218700 -0.130593 -0.019945
v -1.218603 -0.049981 0.059978
v -1.215229 -0.168134 0.017597
v -1.215229 -0.087516 0.097513
v -1.198219 -0.128568 0.139977
v -1.198316 -0.210320 0.058924
v -1.173360 -0.161767 0.173177
v -1.173359 -0.243525 0.092130
v -1.143386 -0.208219 0.161181
v -1.137901 -0.192053 0.203661
v -1.143386 -0.230933 0.138664
v -1.120088 -0.224573 0.177594
v -1.137999 -0.273804 0.122609
v -1.096658 -0.215709 0.227317
v -1.120088 -0.247286 0.155079
v -1.096659 -0.297467 0.146272
v -1.041973 -0.316598 0.166646
v -1.041877 -0.235987 0.246568
v -0.990499 -0.326180 0.176228
v -0.990499 -0.245563 0.256144
v -0.937369 -0.328477 0.178525
v -0.937466 -0.247867 0.258448
v -0.876740 -0.321765 0.170659
v -0.876740 -0.240009 0.251706
v -0.844247 -0.254734 0.207867
v -0.827272 -0.226716 0.238413
v -0.844247 -0.277448 0.185352
v -0.815012 -0.244150 0.197243
v -0.827174 -0.308466 0.157360
v -0.780352 -0.205192 0.216760
v -0.815012 -0.266863 0.174728
v -0.780352 -0.286949 0.135714
v -0.742359 -0.179273 0.190841
v -0.742261 -0.261023 0.109788
v -0.708088 -0.143551 0.153755
v -0.708088 -0.224168 0.073839
v -0.688581 -0.189471 0.039142
v -0.688679 -0.108860 0.119064
v -0.679650 -0.146837 -0.004917
v -0.679650 -0.065079 0.076130
v -0.689129 -0.068311 0.020754
v -0.682321 -0.027965 0.039016
v -0.689129 -0.091025 -0.001760
v -0.694358 -0.045415 -0.002225
v -0.682223 -0.109716 -0.042038
v -0.696781 0.010382 0.000392
v -0.694358 -0.068129 -0.024741
v -0.696781 -0.071375 -0.080655
v -0.719981 0.043680 -0.032907
v -0.719882 -0.038071 -0.113960
v -0.758279 0.077543 -0.068155
v -0.758278 -0.003074 -0.148071
v -0.807313 0.023283 -0.175724
v -0.807214 0.105034 -0.094670
v -0.854463 0.039517 -0.191958
v -0.854463 0.121275 -0.110911
v -0.892399 0.093422 -0.141574
v -0.908867 0.131382 -0.121064
v -0.892399 0.070707 -0.164091
v -0.908965 0.049633 -0.202117
v -1.035536 -0.186417 0.127042
v -1.055364 -0.176309 0.116897
v -1.019323 -0.090973 0.090675
v -0.957745 -0.119116 0.118921
v -0.995156 -0.045670 0.099493
v -1.028389 -0.073924 0.073564
v -0.948820 -0.069413 0.123324
v -0.931970 -0.118298 0.118100
v -1.009497 -0.023893 0.023347
v -1.102287 -0.063041 0.003209
v -1.094794 -0.046607 -0.013285
v -0.977481 -0.007229 0.060909
v -0.989324 -0.012539 0.011951
v -0.948668 -0.039396 0.084632
v -0.920220 -0.007215 0.060895
v -0.902506 -0.045647 0.099470
v -0.875020 -0.085660 0.085342
v -0.848660 -0.179737 0.120335
v -0.868409 -0.189922 0.130559
v -0.868157 -0.068106 0.067724
v -0.916071 -0.009761 0.009161
v -0.956665 0.019892 -0.080029
v -0.932206 0.019940 -0.080077
v -0.894538 -0.019793 0.019231
v -0.799915 -0.052230 -0.007641
v -0.792292 -0.068634 0.008822
v -1.055364 -0.187014 0.106285
v -1.035536 -0.197122 0.116431
v -0.957745 -0.189399 0.049250
v -1.019323 -0.161256 0.021003
v -0.995156 -0.170377 -0.024130
v -1.028390 -0.144208 0.003891
v -0.948820 -0.194121 -0.000299
v -0.931970 -0.188580 0.048429
v -0.875020 -0.155942 0.015671
v -0.868409 -0.200627 0.119949
v -0.848660 -0.190441 0.109725
v -0.902506 -0.170355 -0.024153
v -0.868157 -0.138389 -0.001949
v -0.948666 -0.155520 -0.030482
v -0.894538 -0.090075 -0.050442
v -0.792292 -0.079339 -0.001789
v -0.799915 -0.062935 -0.018253
v -0.920220 -0.131923 -0.062728
v -0.916071 -0.080044 -0.060509
v -0.977481 -0.131937 -0.062714
v -0.989325 -0.082821 -0.057721
v -0.932206 0.009235 -0.090689
v -0.956665 0.009187 -0.090641
v -1.009497 -0.094176 -0.046325
v -1.094794 -0.057312 -0.023896
v -1.102287 -0.073746 -0.007402
v -0.751259 -0.085394 0.114414
v -0.744120 -0.048008 0.077028
v -0.751259 -0.010619 0.039638
v -0.771513 -0.120299 0.149319
v -0.771512 0.024283 0.004737
v -0.948589 0.096575 -0.067555
v -0.804132 0.054139 -0.025119
v -0.895714 0.091527 -0.062508
v -0.846354 0.077203 -0.048184
v -1.125665 -0.120299 0.149319
v -0.948589 -0.192590 0.221610
v -0.804133 -0.150152 0.179172
v -0.895714 -0.187540 0.216560
v -0.846354 -0.173220 0.202240
v -1.001463 -0.187540 0.216559
v -1.093044 -0.150152 0.179172
v -1.050824 -0.173220 0.202239
v -1.125664 0.024284 0.004736
v -1.145918 -0.085394 0.114414
v -1.145918 -0.010619 0.039638
v -1.153058 -0.048008 0.077027
v -1.093044 0.054139 -0.025119
v -1.001462 0.091527 -0.062508
v -1.050823 0.077204 -0.048184
v -1.145935 -0.181674 0.018330
v -1.153074 -0.144284 -0.019060
v -1.145934 -0.106898 -0.056446
v -1.125680 -0.216575 0.053231
v -1.125680 -0.071993 -0.091351
v -0.948604 0.000298 -0.163642
v -1.093060 -0.042141 -0.121204
v -1.001478 -0.004752 -0.158592
v -1.050838 -0.019073 -0.144272
v -0.771528 -0.216576 0.053232
v -0.948604 -0.288867 0.125523
v -1.093060 -0.246432 0.083087
v -1.001479 -0.283820 0.120475
v -1.050839 -0.269497 0.106152
v -0.895730 -0.283820 0.120475
v -0.804149 -0.246432 0.083088
v -0.846369 -0.269497 0.106152
v -0.771528 -0.071994 -0.091350
v -0.751274 -0.181675 0.018330
v -0.751274 -0.106899 -0.056446
v -0.744134 -0.144285 -0.019059
v -0.804148 -0.042141 -0.121204
v -0.895730 -0.004752 -0.158592
v -0.846369 -0.019073 -0.144272
v -1.267501 -0.075001 0.118521
v -1.248623 -0.123261 0.167112
v -1.278871 -0.141392 0.166036
v -1.299641 -0.088221 0.112501
v -1.219784 -0.163204 0.207054
v -1.247099 -0.185344 0.209988
v -1.315380 -0.185538 0.142656
v -1.338405 -0.126443 0.083158
v -1.174501 -0.201876 0.245983
v -1.280041 -0.234327 0.191445
v -1.315407 -0.212624 0.115801
v -1.338399 -0.153533 0.056305
v -1.197252 -0.227957 0.252882
v -1.125362 -0.230080 0.274187
v -1.224719 -0.281691 0.239124
v -1.280035 -0.261414 0.164592
v -1.288586 -0.240066 0.073140
v -1.299622 -0.183182 0.018365
v -1.143126 -0.258983 0.283910
v -1.061493 -0.252425 0.296667
v -1.164550 -0.316123 0.273555
v -1.224747 -0.308779 0.212268
v -1.255830 -0.285301 0.118376
v -1.248736 -0.237550 0.053804
v -1.267478 -0.189296 0.005220
v -1.219760 -0.277500 0.093754
v -1.174614 -0.316165 0.132675
v -1.197347 -0.322913 0.158743
v -1.125337 -0.344375 0.160885
v -1.143106 -0.353944 0.189774
v -1.061607 -0.366713 0.183360
v -1.164546 -0.343213 0.246702
v -1.000535 -0.378361 0.195009
v -1.072910 -0.378574 0.214554
v -1.086526 -0.370606 0.274263
v -0.937424 -0.381362 0.198010
v -1.005683 -0.391369 0.227348
v -1.086498 -0.343519 0.301118
v -0.866935 -0.373582 0.190224
v -0.936216 -0.394644 0.230624
v -1.011898 -0.384782 0.288439
v -1.072816 -0.283618 0.308694
v -0.807710 -0.358244 0.174886
v -0.858570 -0.386105 0.222079
v -0.934794 -0.388390 0.292047
v -1.011904 -0.357693 0.315292
v -1.005703 -0.296408 0.321484
v -0.934832 -0.361305 0.318904
v -0.848490 -0.378935 0.282586
v -0.793384 -0.369187 0.205161
v -0.747636 -0.330862 0.147357
v -1.000560 -0.264068 0.308310
v -0.936350 -0.299694 0.324769
v -0.937586 -0.267081 0.311323
v -0.848495 -0.351846 0.309438
v -0.702510 -0.299889 0.116383
v -0.776139 -0.360113 0.263764
v -0.727205 -0.339065 0.174876
v -0.866959 -0.259287 0.303525
v -0.858591 -0.291143 0.316215
v -0.663266 -0.257588 0.073819
v -0.776177 -0.333028 0.290620
v -0.702573 -0.326683 0.230155
v -0.677544 -0.304931 0.140742
v -0.807871 -0.243962 0.288200
v -0.793518 -0.274237 0.299307
v -0.640014 -0.216387 0.032618
v -0.702578 -0.299595 0.257007
v -0.647467 -0.288738 0.192209
v -0.634303 -0.258380 0.093903
v -0.747660 -0.216568 0.260657
v -0.727226 -0.244103 0.269012
v -0.619094 -0.168101 -0.019047
v -0.647505 -0.261653 0.219065
v -0.599378 -0.237061 0.140211
v -0.608727 -0.212983 0.048505
v -0.702671 -0.185608 0.229697
v -0.677678 -0.209980 0.234889
v -0.621847 -0.122559 -0.064590
v -0.599384 -0.209973 0.167064
v -0.595925 -0.158004 -0.006841
v -0.571026 -0.186606 0.089757
v -0.663291 -0.143294 0.187120
v -0.634324 -0.163419 0.188038
v -0.649106 -0.073152 -0.111297
v -0.571065 -0.159520 0.116612
v -0.598832 -0.109245 -0.055600
v -0.556751 -0.125566 0.028306
v -0.640175 -0.102105 0.145932
v -0.608862 -0.118033 0.142652
v -0.677106 -0.033548 -0.150901
v -0.618710 -0.055291 -0.109935
v -0.556756 -0.098476 0.055160
v -0.560036 -0.071377 -0.025883
v -0.628438 -0.052136 0.095630
v -0.595946 -0.063043 0.087294
v -0.721764 0.006120 -0.190867
v -0.649570 -0.011652 -0.153574
v -0.582059 -0.011475 -0.086208
v -0.560074 -0.044290 0.000974
v -0.631189 -0.007895 0.051389
v -0.598965 -0.014295 0.038546
v -0.777577 0.037936 -0.222884
v -0.698716 0.031998 -0.197554
v -0.616395 0.037028 -0.134710
v -0.582066 0.015614 -0.059355
v -0.649130 0.041142 0.002005
v -0.618730 0.039670 -0.015800
v -0.616434 0.064113 -0.107854
v -0.670928 0.085484 -0.183533
v -0.760154 0.066999 -0.232776
v -0.677265 0.080733 -0.037587
v -0.649703 0.083298 -0.059427
v -0.670933 0.112573 -0.156679
v -0.721789 0.120414 -0.077566
v -0.698737 0.126958 -0.103419
v -0.739124 0.124326 -0.222620
v -0.833826 0.057678 -0.242626
v -0.777464 0.152224 -0.109577
v -0.739096 0.151414 -0.195766
v -0.760060 0.161955 -0.138636
v -0.822112 0.088771 -0.254548
v -0.902997 0.070799 -0.255814
v -0.833850 0.171972 -0.129325
v -0.807992 0.148546 -0.246840
v -0.822132 0.183732 -0.160413
v -0.807997 0.175634 -0.219987
v -0.965912 0.072608 -0.257622
v -0.898260 0.103187 -0.269037
v -0.902884 0.185087 -0.142507
v -0.892528 0.164523 -0.262898
v -0.892501 0.191610 -0.236043
v -0.898167 0.198142 -0.174897
v -1.036498 0.064819 -0.249756
v -0.967558 0.105210 -0.271061
v -0.965937 0.186902 -0.144321
v -0.969550 0.166807 -0.265182
v -0.969555 0.193896 -0.238329
v -0.967579 0.200171 -0.176925
v -1.095187 0.048327 -0.233264
v -1.045262 0.096601 -0.262366
v -1.036385 0.179107 -0.136449
v -1.055814 0.157208 -0.255489
v -1.055788 0.184295 -0.228634
v -1.045168 0.191557 -0.168225
v -1.154994 0.021029 -0.205758
v -1.109906 0.078474 -0.244240
v -1.095212 0.162622 -0.119964
v -1.127668 0.137108 -0.235389
v -1.109927 0.173435 -0.150103
v -1.127674 0.164197 -0.208536
v -1.199297 -0.010966 -0.173762
v -1.175743 0.048384 -0.213918
v -1.154882 0.135318 -0.092451
v -1.200749 0.103648 -0.201673
v -1.200722 0.130736 -0.174818
v -1.175649 0.143339 -0.119777
v -1.237998 -0.052997 -0.131425
v -1.224546 0.013185 -0.178719
v -1.255006 0.064586 -0.162611
v -1.255012 0.091676 -0.135758
v -1.224566 0.108146 -0.084584
v -1.267141 -0.033131 -0.132069
v -1.260239 -0.095017 -0.089405
v -1.302273 0.013105 -0.110756
v -1.271157 -0.144463 -0.039613
v -1.291652 -0.079368 -0.085832
v -1.302246 0.040191 -0.083902
v -1.199322 0.103329 -0.060461
v -1.303653 -0.133846 -0.030971
v -1.329546 -0.038219 -0.059432
v -1.342829 -0.098768 0.001541
v -1.267047 0.061825 -0.037927
v -1.237886 0.061291 -0.018119
v -1.329552 -0.011130 -0.032581
v -1.342802 -0.071680 0.028395
v -1.291672 0.015592 0.008305
v -1.260264 0.019276 0.023896
v -1.303559 -0.038890 0.063171
v -1.271043 -0.030174 0.073694
v 0.810236 0.074574 0.032492
v 0.176636 -0.019462 0.126528
v 0.759508 0.066766 0.040300
v 0.866959 -0.181973 -0.084054
v 0.775066 -0.230039 -0.035989
v 0.867635 -0.229146 -0.036881
v 0.774292 -0.182168 -0.083859
v 0.775066 -0.238454 -0.044404
v 0.866959 -0.190389 -0.092470
v 0.867635 -0.237562 -0.045296
v 0.774292 -0.190584 -0.092275
v 0.414569 -0.018213 0.137902
v 0.422954 0.041236 0.217311
v 0.414569 0.051216 0.207331
v 0.422954 -0.028193 0.147882
v 0.398582 0.051497 0.207049
v 0.398582 -0.017932 0.137621
v 0.390091 -0.028397 0.148087
v 0.390091 0.041031 0.217515
v 0.398477 -0.038378 0.158067
v 0.398477 0.031051 0.227495
v 0.414365 0.031468 0.227079
v 0.414365 -0.037961 0.157650
v 0.820270 -0.216253 -0.059592
v 0.396503 -0.236284 -0.039561
v 0.820660 -0.233141 -0.042704
v 0.396113 -0.219396 -0.056449
v 0.396503 -0.037115 0.159608
v 0.820270 -0.017084 0.139577
v 0.820660 -0.033972 0.156465
v 0.396113 -0.020227 0.142720
v 0.775066 -0.030167 0.163883
v 0.866959 0.017898 0.115817
v 0.867635 -0.029275 0.162990
v 0.774292 0.017703 0.116012
v 0.812284 0.014721 0.128812
v 0.828862 -0.211360 -0.088330
v 0.828862 0.010252 0.133281
v 0.812284 -0.206891 -0.092799
v 0.795999 0.010048 0.133485
v 0.795999 -0.211564 -0.088127
v 0.835470 -0.001263 0.144796
v 0.835470 -0.222874 -0.076816
v 0.829150 -0.012985 0.156518
v 0.829150 -0.234597 -0.065093
v 0.812865 -0.239270 -0.060420
v 0.812865 -0.017659 0.161191
v 0.796288 -0.234801 -0.064889
v 0.796288 -0.013190 0.156723
v 0.789679 -0.001674 0.145207
v 0.789679 -0.223286 -0.076404
v 0.414365 -0.225910 -0.030299
v 0.422954 -0.285571 -0.109496
v 0.414365 -0.295339 -0.099728
v 0.422954 -0.216142 -0.040067
v 0.414569 -0.275591 -0.119476
v 0.414569 -0.206162 -0.050047
v 0.398477 -0.295756 -0.099312
v 0.390091 -0.216346 -0.039862
v 0.398477 -0.226327 -0.029882
v 0.390091 -0.285776 -0.109292
v 0.398582 -0.205881 -0.050328
v 0.398582 -0.275310 -0.119758
v 0.176636 -0.027878 0.118112
v 0.759508 0.058350 0.031884
v 0.810236 0.066158 0.024076
v 0.861057 0.067587 0.039479
v 0.861057 0.059171 0.031063
v 0.904769 0.047414 0.059652
v 0.904769 0.038998 0.051236
v 0.171677 -0.097339 0.204405
v 0.813727 -0.119700 0.226766
v 0.170590 -0.103759 0.210825
v 0.813828 -0.113351 0.220417
v 0.864555 -0.105543 0.212609
v 0.867415 -0.111684 0.218750
v 0.906504 -0.084964 0.192030
v 0.913114 -0.089431 0.196497
v 0.935133 -0.054753 0.161819
v 0.943422 -0.056986 0.164052
v 0.945013 -0.018816 0.125882
v 0.953895 -0.018190 0.125256
v 0.942558 0.019773 0.087292
v 0.933971 0.017054 0.090012
v 0.911087 0.052088 0.054978
v 0.865204 0.073519 0.033547
v 0.810336 0.080924 0.026142
v 0.756648 0.072908 0.034158
v 0.174763 -0.013252 0.120318
v 0.911087 0.043672 0.046562
v 0.942558 0.011357 0.078876
v 0.953895 -0.026606 0.116840
v 0.943422 -0.065402 0.155636
v 0.913114 -0.097847 0.188081
v 0.756648 0.064492 0.025742
v 0.174763 -0.021668 0.111902
v 0.810336 0.072508 0.017726
v 0.865204 0.065103 0.025131
v 0.933971 0.008638 0.081596
v 0.945013 -0.027232 0.117466
v 0.935133 -0.063169 0.153403
v 0.906504 -0.093380 0.183614
v 0.867415 -0.120100 0.210334
v 0.864555 -0.113959 0.204193
v 0.813727 -0.128116 0.218350
v 0.813828 -0.121767 0.212001
v 0.171677 -0.105755 0.195989
v 0.170590 -0.112175 0.202409
v 0.303763 0.067309 -0.138082
v 0.306532 0.023310 -0.055030
v 0.288168 0.084494 -0.116214
v 0.322128 0.006124 -0.076897
v 0.288168 0.045441 -0.155266
v 0.306532 -0.015742 -0.094083
v 0.256976 0.040760 -0.150585
v 0.275341 -0.020423 -0.089402
v 0.241380 0.057946 -0.128719
v 0.259745 -0.003238 -0.067535
v 0.256976 0.079813 -0.111533
v 0.275341 0.018629 -0.050349
v -0.484807 0.671277 -0.558711
v -0.481525 0.671703 -0.556211
v -0.489477 0.664393 -0.540799
v -0.497610 0.663335 -0.546997
v -0.489477 0.649896 -0.555377
v -0.481526 0.665854 -0.562092
v -0.484807 0.668353 -0.561652
v -0.497610 0.656088 -0.554286
v -0.478245 0.666280 -0.559592
v -0.481344 0.650953 -0.549179
v -0.479896 0.654120 -0.545081
v -0.478008 0.668398 -0.557312
v -0.481344 0.658200 -0.541890
v -0.466134 0.629932 -0.544515
v -0.472908 0.641972 -0.547842
v -0.490126 0.639735 -0.560965
v -0.493050 0.626434 -0.565027
v -0.466133 0.653920 -0.520389
v -0.472908 0.657317 -0.532410
v -0.472542 0.649529 -0.540012
v -0.461969 0.640612 -0.531145
v -0.493050 0.674414 -0.516776
v -0.490126 0.670426 -0.530099
v -0.719172 0.246785 -0.113045
v -0.714572 0.232082 -0.124927
v -0.719171 0.220285 -0.139696
v -0.748906 0.216422 -0.162357
v -0.519967 0.646928 -0.561413
v -0.778641 0.239059 -0.158366
v -0.519966 0.670916 -0.537288
v -0.778641 0.265560 -0.131714
v -0.748906 0.269423 -0.109054
v -0.490126 0.460581 -0.739943
v -0.519966 0.467770 -0.740434
v -0.493050 0.447258 -0.743931
v -0.507343 0.473702 -0.737708
v -0.519966 0.491895 -0.716446
v -0.507343 0.489135 -0.722362
v -0.493050 0.495509 -0.695953
v -0.490126 0.491446 -0.709254
v -0.489476 0.471281 -0.733910
v -0.497610 0.477480 -0.732854
v -0.481344 0.472372 -0.727718
v -0.497610 0.484768 -0.725606
v -0.472908 0.462892 -0.726835
v -0.489477 0.485859 -0.719414
v -0.479896 0.475562 -0.723638
v -0.472908 0.478325 -0.711490
v -0.472542 0.470494 -0.719046
v -0.481344 0.479662 -0.720470
v -0.719172 0.043527 -0.316302
v -0.466133 0.450870 -0.723437
v -0.748906 0.039537 -0.338940
v -0.778641 0.062196 -0.335077
v -0.778641 0.088847 -0.308577
v -0.748906 0.092838 -0.285939
v -0.719171 0.070178 -0.289803
v -0.466133 0.474996 -0.699449
v -0.714572 0.055408 -0.301600
v -0.461969 0.461626 -0.710129
v -0.478008 0.487795 -0.737917
v -0.478245 0.490074 -0.735798
v -0.481526 0.492574 -0.735372
v -0.481526 0.486694 -0.741220
v -0.484806 0.492134 -0.737870
v -0.484807 0.489193 -0.740794
v -0.507344 0.668190 -0.543220
v -0.507344 0.652843 -0.558653
v -0.500702 0.421736 -0.730524
v -0.520473 0.451945 -0.750496
v -0.530267 0.436863 -0.735414
v -0.490905 0.436819 -0.745605
v -0.463934 0.426961 -0.698981
v -0.454139 0.442042 -0.714063
v -0.439469 0.539881 -0.609398
v -0.508922 0.561631 -0.631149
v -0.532037 0.474320 -0.733311
v -0.490906 0.676087 -0.506337
v -0.454139 0.644544 -0.511561
v -0.520473 0.680978 -0.521463
v -0.532037 0.663794 -0.543838
v -0.449265 0.524799 -0.594318
v -0.518546 0.546573 -0.617032
v -0.541833 0.459239 -0.718230
v -0.500701 0.661006 -0.491255
v -0.463935 0.629463 -0.496479
v -0.530267 0.665896 -0.506381
v -0.541832 0.648712 -0.528757
v -0.551925 0.387480 -0.733381
v -0.522638 0.401568 -0.691548
v -0.542602 0.379542 -0.701811
v -0.550074 0.420437 -0.690013
v -0.528720 0.407520 -0.755924
v -0.534841 0.446144 -0.717402
v -0.522078 0.434238 -0.721227
v -0.509769 0.394213 -0.765505
v -0.534393 0.372756 -0.752693
v -0.493947 0.421554 -0.735952
v -0.506166 0.426424 -0.719006
v -0.487770 0.416356 -0.715125
v -0.490252 0.424246 -0.711178
v -0.508731 0.390698 -0.688530
v -0.507411 0.399486 -0.684059
v -0.484413 0.380214 -0.692180
v -0.469686 0.400195 -0.716979
v -0.480971 0.406425 -0.749611
v -0.495682 0.372685 -0.774487
v -0.466884 0.384895 -0.758593
v -0.455600 0.378667 -0.725960
v -0.470327 0.358686 -0.701161
v -0.520307 0.351228 -0.761674
v -0.528280 0.357976 -0.711439
v -0.522218 0.336681 -0.729801
v -0.499975 0.340000 -0.702871
v -0.485772 0.321113 -0.714092
v -0.506245 0.318057 -0.738881
v -0.504487 0.331447 -0.768216
v -0.481821 0.351197 -0.780009
v -0.455316 0.362436 -0.765379
v -0.444929 0.356702 -0.735344
v -0.458483 0.338312 -0.712520
v -0.574638 0.327597 -0.711853
v -0.594379 0.356482 -0.697642
v -0.556850 0.433486 -0.681292
v -0.541924 0.459784 -0.708286
v -0.538377 0.462740 -0.710712
v -0.531601 0.449690 -0.719433
v -0.531601 0.483658 -0.685658
v -0.534841 0.481645 -0.682100
v -0.550074 0.454403 -0.656238
v -0.506166 0.483363 -0.662389
v -0.504165 0.485301 -0.666800
v -0.522637 0.456046 -0.637378
v -0.477490 0.463641 -0.663995
v -0.476729 0.466432 -0.668334
v -0.470408 0.437332 -0.685708
v -0.469952 0.441259 -0.689110
v -0.495201 0.437177 -0.638913
v -0.522637 0.428807 -0.664464
v -0.488425 0.412006 -0.659688
v -0.488940 0.428739 -0.713480
v -0.504165 0.430822 -0.720969
v -0.519390 0.438299 -0.723095
v -0.600349 0.361588 -0.717902
v -0.580648 0.332655 -0.732114
v -0.497391 0.153074 -0.755233
v -0.498848 0.157871 -0.747844
v -0.492572 0.157374 -0.749769
v -0.500197 0.153295 -0.754373
v -0.503010 0.155750 -0.761150
v -0.498393 0.163242 -0.766493
v -0.505142 0.163363 -0.763004
v -0.499993 0.155696 -0.762709
v -0.504749 0.236063 -0.738412
v -0.577553 0.334340 -0.726630
v -0.573603 0.332006 -0.712375
v -0.508289 0.237034 -0.750247
v -0.496991 0.171551 -0.747938
v -0.500545 0.174651 -0.756495
v -0.560275 0.346859 -0.729367
v -0.502526 0.237881 -0.752086
v -0.496735 0.174583 -0.758466
v -0.556325 0.344523 -0.715112
v -0.498987 0.236909 -0.740250
v -0.493449 0.171270 -0.749024
v -0.554660 0.608576 -0.506202
v -0.532652 0.644684 -0.518860
v -0.547885 0.617297 -0.493152
v -0.539734 0.635571 -0.532499
v -0.536189 0.637997 -0.535457
v -0.529412 0.646717 -0.522406
v -0.529413 0.612943 -0.556373
v -0.532652 0.609385 -0.554361
v -0.547885 0.583521 -0.527119
v -0.503976 0.589673 -0.556077
v -0.501975 0.594084 -0.558016
v -0.520448 0.564663 -0.528762
v -0.475301 0.591278 -0.536356
v -0.474540 0.595619 -0.539148
v -0.468218 0.612992 -0.510048
v -0.467763 0.616394 -0.513976
v -0.493013 0.566197 -0.509893
v -0.520449 0.591747 -0.501522
v -0.520448 0.618833 -0.474282
v -0.505223 0.611343 -0.472200
v -0.486237 0.586974 -0.484720
v -0.488063 0.638463 -0.496962
v -0.486750 0.640765 -0.501455
v -0.503976 0.646290 -0.499138
v -0.501976 0.648254 -0.503537
v -0.519890 0.648511 -0.506954
v -0.517202 0.650378 -0.511015
v -0.549735 0.660666 -0.460196
v -0.540412 0.629097 -0.452256
v -0.526530 0.683209 -0.480235
v -0.507579 0.692789 -0.466930
v -0.532205 0.679977 -0.445472
v -0.491757 0.663236 -0.494269
v -0.485581 0.642410 -0.489071
v -0.506542 0.615814 -0.463414
v -0.482225 0.619464 -0.452930
v -0.467497 0.644263 -0.472910
v -0.478782 0.676896 -0.479141
v -0.493493 0.701771 -0.445400
v -0.464695 0.685877 -0.457612
v -0.453411 0.653244 -0.451381
v -0.468138 0.628445 -0.431402
v -0.518119 0.688958 -0.423942
v -0.526091 0.638725 -0.430691
v -0.520028 0.657086 -0.409397
v -0.497786 0.630156 -0.412715
v -0.483583 0.641378 -0.393828
v -0.504056 0.666165 -0.390773
v -0.502298 0.695500 -0.404161
v -0.479632 0.707293 -0.423912
v -0.453126 0.692665 -0.435152
v -0.442740 0.662628 -0.429417
v -0.456295 0.639804 -0.411027
v -0.572449 0.639138 -0.400313
v -0.592189 0.624927 -0.429197
v -0.598161 0.645186 -0.434303
v -0.578458 0.659398 -0.405370
v -0.495201 0.682516 -0.225791
v -0.496659 0.675127 -0.230589
v -0.498008 0.681657 -0.226013
v -0.490384 0.677053 -0.230091
v -0.500821 0.688434 -0.228468
v -0.496204 0.693777 -0.235959
v -0.497804 0.689994 -0.228413
v -0.502953 0.690287 -0.236080
v -0.498356 0.683779 -0.247367
v -0.494802 0.675220 -0.244267
v -0.506100 0.677531 -0.309751
v -0.502560 0.665696 -0.308781
v -0.575364 0.653913 -0.407057
v -0.571414 0.639659 -0.404723
v -0.494545 0.685749 -0.247299
v -0.500336 0.679370 -0.310597
v -0.558087 0.656650 -0.419575
v -0.491260 0.676307 -0.243987
v -0.496798 0.667534 -0.309627
v -0.554137 0.642395 -0.417240
v -0.526416 0.464890 -0.769262
v -0.529750 0.448404 -0.788394
v -0.527704 0.446261 -0.787443
v -0.528479 0.465821 -0.771396
v -0.543909 0.478658 -0.755710
v -0.544788 0.478726 -0.758694
v -0.569939 0.479498 -0.754726
v -0.569124 0.479559 -0.757728
v -0.589257 0.466922 -0.766886
v -0.587232 0.467833 -0.769064
v -0.590546 0.448292 -0.785067
v -0.588503 0.450417 -0.786061
v -0.573053 0.434524 -0.798618
v -0.572194 0.437511 -0.798763
v -0.547023 0.433684 -0.799602
v -0.547857 0.436678 -0.799729
v -0.531436 0.416277 -0.754296
v -0.548399 0.405338 -0.764870
v -0.537935 0.413532 -0.747004
v -0.550772 0.405256 -0.755005
v -0.571152 0.406152 -0.763932
v -0.567988 0.405872 -0.754295
v -0.586365 0.418243 -0.752033
v -0.579500 0.415020 -0.745291
v -0.585128 0.434526 -0.736141
v -0.578564 0.427342 -0.733266
v -0.568164 0.445465 -0.725568
v -0.565727 0.435620 -0.725265
v -0.545411 0.444649 -0.726505
v -0.548511 0.435004 -0.725975
v -0.530198 0.432560 -0.738405
v -0.536999 0.425855 -0.734980
v -0.545317 0.411756 -0.748876
v -0.542771 0.425395 -0.725089
v -0.545320 0.430446 -0.730161
v -0.542681 0.406647 -0.743748
v -0.574580 0.411456 -0.748680
v -0.574582 0.430147 -0.729964
v -0.574641 0.428484 -0.728304
v -0.574639 0.409793 -0.747019
v -0.514119 0.423716 -0.716518
v -0.514092 0.405044 -0.735253
v -0.544758 0.424388 -0.724087
v -0.514683 0.422100 -0.714908
v -0.547014 0.428752 -0.728475
v -0.547012 0.410060 -0.747191
v -0.544667 0.405640 -0.742745
v -0.514656 0.403428 -0.733643
v -0.554943 0.571419 -0.610139
v -0.534602 0.583199 -0.628014
v -0.544810 0.590968 -0.624683
v -0.544736 0.563650 -0.613471
v -0.507799 0.566026 -0.632422
v -0.555969 0.586795 -0.590187
v -0.545834 0.606343 -0.604731
v -0.536525 0.599241 -0.559910
v -0.526391 0.618790 -0.574454
v -0.498225 0.567759 -0.623423
v -0.506559 0.595909 -0.591392
v -0.514166 0.615058 -0.570952
v -0.501976 0.621169 -0.530777
v -0.504164 0.458061 -0.693884
v -0.492676 0.324871 -0.742272
v -0.480627 0.326669 -0.727684
v -0.491641 0.332751 -0.759537
v -0.464568 0.336791 -0.726757
v -0.478301 0.344374 -0.766476
v -0.456590 0.347614 -0.740190
v -0.462702 0.350989 -0.757867
v -0.558250 0.420438 -0.740135
v -0.558487 0.457528 -0.778123
v -0.490487 0.669556 -0.397587
v -0.478437 0.654968 -0.399385
v -0.489451 0.686821 -0.405466
v -0.462378 0.654042 -0.409506
v -0.476113 0.693762 -0.417089
v -0.454400 0.667476 -0.420329
v -0.460513 0.685152 -0.423705
v -0.727438 0.226578 -0.138587
v -0.748907 0.223789 -0.154946
v -0.724118 0.235096 -0.127924
v -0.770375 0.240134 -0.152066
v -0.727438 0.245712 -0.119345
v -0.770375 0.259266 -0.132824
v -0.748907 0.262055 -0.116463
v -0.727438 0.069069 -0.296097
v -0.748906 0.085429 -0.293307
v -0.724117 0.058406 -0.304613
v -0.770375 0.082548 -0.309651
v -0.727438 0.049827 -0.315228
v -0.770374 0.063306 -0.328784
v -0.748907 0.046946 -0.331573
v -0.367053 0.185359 -0.792945
v -0.380625 0.176805 -0.793727
v -0.360311 0.194505 -0.804297
v -0.365477 0.197357 -0.819236
v -0.378660 0.191767 -0.826512
v -0.389934 0.181945 -0.820646
v -0.390809 0.175285 -0.806056
v -0.364863 0.720229 -0.258074
v -0.378437 0.721012 -0.249520
v -0.358122 0.731581 -0.267221
v -0.363288 0.746520 -0.270075
v -0.376471 0.753796 -0.264483
v -0.387744 0.747931 -0.254660
v -0.388619 0.733340 -0.248001
v -0.373935 0.736344 -0.258862
v -0.376124 0.186146 -0.809062
vn -0.1267 -0.5922 -0.7958
vn -0.2172 -0.4444 -0.8691
vn -0.1267 -0.5923 -0.7957
vn -0.1181 0.7042 -0.7001
vn -0.2934 -0.3780 0.8781
vn 0.3287 0.6444 -0.6904
vn -0.0980 0.4081 -0.9077
vn 0.7728 0.4478 -0.4498
vn 0.7727 0.4476 -0.4500
vn 0.7728 0.4476 -0.4499
vn -0.3254 0.8897 0.3204
vn -0.3256 0.8896 0.3202
vn 0.5554 -0.3435 0.7573
vn 0.9303 -0.2001 0.3076
vn -0.6036 0.7973 -0.0058
vn 0.4117 0.1228 -0.9030
vn -0.1775 0.2921 -0.9398
vn 0.4585 -0.1047 -0.8825
vn -0.1181 0.7001 -0.7042
vn -0.2934 -0.8781 0.3780
vn 0.3287 0.6904 -0.6444
vn -0.6046 0.0081 -0.7965
vn 0.4117 0.9030 -0.1227
vn 0.4585 0.8825 0.1046
vn -0.0221 0.3245 0.9456
vn 0.0474 0.2970 0.9537
vn 0.0226 0.3086 0.9509
vn -0.1267 0.7958 0.5922
vn -0.1267 0.7957 0.5922
vn -0.2172 0.8691 0.4444
vn -0.0980 0.9077 -0.4081
vn 0.5554 -0.7573 0.3435
vn 0.9303 -0.3076 0.2001
vn -0.0222 -0.9456 -0.3245
vn 0.0226 -0.9509 -0.3086
vn 0.0475 -0.9537 -0.2970
vn 0.3982 -0.6486 -0.6486
vn 0.9861 -0.1173 -0.1173
vn 0.9953 -0.0681 -0.0684
vn 0.9689 -0.1734 -0.1765
vn 0.9693 -0.1738 -0.1738
vn 0.9982 0.0411 0.0440
vn 0.9771 0.1467 0.1541
vn 0.9769 0.1460 0.1558
vn -0.0776 0.6818 0.7274
vn 0.2225 0.6667 0.7113
vn 0.2225 0.6667 0.7114
vn -0.3707 0.6351 0.6777
vn -0.9827 -0.0334 0.1824
vn -0.9596 0.1006 0.2628
vn -0.9461 0.2215 0.2364
vn -0.9884 -0.1299 0.0784
vn -0.9854 -0.1602 -0.0576
vn -0.9900 -0.0995 -0.0995
vn -0.9861 -0.1173 -0.1173
vn -0.0000 -0.7071 -0.7071
vn -0.0510 0.5862 -0.8085
vn -0.0000 0.6191 -0.7853
vn 0.1211 0.4878 -0.8645
vn 0.0049 0.7522 -0.6589
vn -0.2035 0.7223 -0.6610
vn -0.1594 0.8497 -0.5026
vn 0.0529 0.8846 -0.4633
vn 0.1936 0.8769 -0.4400
vn 0.2260 0.6034 -0.7648
vn 0.3115 0.3535 -0.8820
vn 0.0791 -0.7702 0.6329
vn -0.0000 -0.7853 0.6192
vn -0.0532 -0.7364 0.6744
vn 0.0570 -0.6666 0.7433
vn 0.2387 -0.7734 0.5873
vn -0.1372 -0.5421 0.8290
vn 0.1915 -0.5786 0.7928
vn 0.0369 -0.4645 0.8848
vn -0.0985 -0.5074 0.8561
vn 0.2295 -0.4088 0.8833
vn -0.4038 -0.6126 -0.6794
vn -0.4634 -0.4403 -0.7690
vn -0.3736 -0.4117 -0.8312
vn -0.2080 -0.6665 -0.7159
vn -0.1408 -0.9611 -0.2376
vn -0.0478 -0.2680 -0.9622
vn 0.0605 -0.9764 -0.2071
vn 0.0593 -0.9361 0.3467
vn 0.1386 -0.6631 -0.7356
vn 0.2232 -0.8820 0.4150
vn -0.3856 -0.5436 0.7455
vn 0.1757 -0.4005 -0.8993
vn 0.0794 -0.1374 -0.9873
vn 0.9373 -0.2726 -0.2172
vn 0.3894 -0.9102 -0.1410
vn 0.5361 -0.6935 0.4813
vn 0.9588 0.1007 0.2656
vn 0.2270 -0.4240 0.8768
vn 0.6759 0.6797 0.2849
vn 0.5118 0.7076 0.4872
vn 0.7081 0.4646 0.5318
vn 0.8775 0.3999 0.2648
vn 0.7821 0.6216 0.0433
vn 0.8606 0.5062 0.0558
vn 0.6970 0.5115 0.5026
vn 0.8041 0.2050 0.5581
vn 0.5055 -0.1679 0.8463
vn 0.3582 0.4330 0.8272
vn 0.4047 0.7452 0.5300
vn 0.0548 0.1914 0.9800
vn 0.1895 0.8387 0.5106
vn 0.1991 0.9785 0.0544
vn -0.2012 0.7470 0.6336
vn -0.1139 0.9830 -0.1438
vn -0.0405 0.8391 -0.5424
vn -0.3046 0.6953 -0.6510
vn -0.5368 0.7878 -0.3021
vn -0.5386 0.5975 -0.5941
vn -0.6763 0.5224 -0.5194
vn -0.6145 0.7772 0.1356
vn -0.3200 0.5496 0.7717
vn -0.4825 -0.1324 0.8658
vn -0.8957 -0.3153 0.3135
vn -0.8957 -0.3154 0.3135
vn 0.4232 0.3506 -0.8354
vn 0.4437 0.2581 -0.8582
vn 0.4231 0.3507 -0.8355
vn 0.3985 0.4399 -0.8048
vn -0.4226 -0.3599 0.8318
vn -0.4699 -0.4201 0.7764
vn -0.3715 -0.2966 0.8798
vn -0.2027 0.6944 -0.6905
vn -0.5542 0.6997 -0.4509
vn -0.4681 0.8453 -0.2575
vn -0.7292 0.5699 -0.3788
vn -0.7566 0.4361 -0.4872
vn -0.9006 0.3597 -0.2440
vn -0.9275 0.3256 -0.1835
vn -0.9011 0.3831 -0.2032
vn -0.8303 0.4615 -0.3125
vn -0.7392 0.5560 -0.3800
vn -0.8302 0.4617 -0.3124
vn -0.7496 0.4694 -0.4667
vn 0.8269 -0.3988 0.3965
vn 0.9032 -0.3095 0.2973
vn 0.7976 -0.0894 0.5965
vn 0.8694 -0.2953 0.3962
vn 0.9178 -0.3781 0.1209
vn 0.8365 -0.5198 0.1736
vn 0.6924 -0.6271 0.3568
vn 0.5100 -0.7281 0.4580
vn 0.5079 -0.6109 0.6073
vn -0.0011 0.7044 0.7098
vn -0.0001 0.7051 0.7091
vn -0.0009 0.7038 0.7104
vn -0.0013 0.7030 0.7112
vn 0.0003 0.7027 0.7115
vn 0.1969 0.9701 0.1416
vn 0.1954 0.9668 -0.1646
vn 0.1164 0.8928 0.4352
vn 0.1062 0.8204 0.5618
vn 0.0291 0.7370 0.6753
vn 0.0281 0.7367 0.6756
vn -0.8251 -0.0160 0.5648
vn -0.9795 0.1832 0.0841
vn -0.9932 0.0625 0.0984
vn -0.7241 -0.2755 0.6323
vn 0.8924 0.2449 -0.3789
vn 0.9013 0.2213 -0.3723
vn 0.8925 0.2448 -0.3789
vn 0.8830 0.2682 -0.3852
vn 0.0975 -0.6934 -0.7139
vn 0.2312 -0.5583 -0.7968
vn 0.1998 -0.6285 -0.7517
vn 0.0989 -0.7441 -0.6607
vn 0.0911 -0.7490 -0.6563
vn 0.0627 -0.7544 -0.6534
vn 0.0778 -0.6671 -0.7409
vn 0.0650 -0.6031 -0.7950
vn 0.0915 -0.5831 -0.8072
vn 0.1006 -0.5155 -0.8510
vn 0.1189 -0.7586 -0.6406
vn 0.0614 -0.7557 -0.6520
vn 0.0375 -0.7186 -0.6944
vn 0.0388 -0.5921 -0.8049
vn -0.9792 0.0890 0.1825
vn -1.0000 -0.0006 0.0006
vn -0.9791 0.0891 0.1826
vn -0.9176 0.1751 0.3568
vn 0.7795 0.4442 -0.4417
vn 0.5914 -0.2026 0.7806
vn 0.6084 -0.2184 0.7630
vn 0.5740 -0.1866 0.7973
vn -0.5030 -0.6128 0.6095
vn -0.5030 -0.6129 0.6094
vn 0.2957 0.9306 0.2155
vn 0.2958 0.9306 0.2155
vn 0.2957 0.9307 0.2156
vn 0.2956 0.9307 0.2156
vn 0.2957 0.9307 0.2155
vn 0.4785 0.3650 -0.7987
vn 0.4784 0.3650 -0.7987
vn 0.1455 -0.4977 -0.8550
vn 0.0471 -0.6447 -0.7630
vn -0.0830 -0.7966 -0.5988
vn -0.1554 -0.8600 -0.4861
vn 0.9955 -0.0673 0.0673
vn 0.9982 -0.0421 0.0421
vn 0.9914 -0.1170 0.0590
vn 0.9920 -0.0398 0.1196
vn 0.9993 -0.0244 0.0284
vn -0.2614 -0.8286 -0.4951
vn -0.3231 -0.7697 -0.5505
vn -0.1969 -0.8788 -0.4346
vn 0.1486 -0.6421 0.7521
vn -0.0165 -0.6462 0.7630
vn -0.0112 -0.7071 0.7071
vn 0.3458 -0.6635 0.6635
vn 0.3325 -0.6576 0.6760
vn 0.1571 -0.6983 0.6983
vn 0.2462 -0.7030 0.6672
vn 0.2470 -0.6852 0.6852
vn 0.5211 -0.6035 0.6035
vn 0.5187 -0.6217 0.5869
vn -0.0835 0.8057 0.5865
vn 0.1235 0.8044 0.5812
vn -0.2868 0.7724 0.5666
vn -0.9019 0.3054 -0.3054
vn -0.8081 0.5878 0.0392
vn -0.8074 0.5885 0.0420
vn -0.9024 0.3046 -0.3046
vn 0.5068 -0.2468 -0.8260
vn 0.7665 -0.2463 -0.5932
vn 0.7533 -0.3006 -0.5849
vn 0.4808 0.0348 -0.8761
vn 0.5434 0.1741 -0.8212
vn 0.1121 0.4271 -0.8972
vn -0.0079 0.2097 -0.9777
vn 0.0763 -0.0732 -0.9944
vn -0.2691 0.5480 -0.7920
vn -0.1997 0.2616 -0.9443
vn -0.2692 0.5480 -0.7920
vn 0.8434 0.5337 0.0614
vn 0.7020 0.7075 0.0817
vn 0.7485 0.6546 0.1063
vn 0.4790 0.8751 -0.0695
vn 0.3425 0.9376 0.0602
vn 0.2986 0.9238 -0.2395
vn 0.4899 0.6981 -0.5222
vn 0.0062 -0.7008 -0.7133
vn 0.0104 -0.6826 -0.7307
vn 0.0152 -0.6919 -0.7218
vn 0.0127 -0.6735 -0.7391
vn 0.0008 -0.6637 -0.7480
vn -0.3563 0.7634 0.5387
vn -0.3197 0.7436 0.5873
vn -0.3418 0.4674 0.8153
vn -0.1521 0.5751 0.8038
vn 0.2255 -0.0212 0.9740
vn -0.1564 0.9571 0.2438
vn 0.1064 0.7216 0.6840
vn 0.4044 0.1649 0.8996
vn 0.1377 0.9409 0.3094
vn -0.0367 0.9978 0.0554
vn 0.1291 0.9896 0.0640
vn 0.1786 0.9456 0.2719
vn -0.1584 -0.9023 -0.4009
vn -0.0201 -0.7267 -0.6866
vn -0.0157 -0.7462 -0.6656
vn -0.2071 -0.9239 -0.3218
vn -0.2846 -0.9548 -0.0856
vn -0.1930 -0.9555 -0.2230
vn 0.8723 -0.3298 0.3609
vn 0.9911 0.0939 -0.0945
vn 0.8491 -0.4519 0.2736
vn 0.6722 -0.5235 0.5235
vn 0.6138 -0.5582 0.5582
vn 0.6974 -0.4567 0.5523
vn 0.9377 -0.0259 0.3466
vn 0.9427 -0.0494 0.3300
vn 0.9499 0.0267 0.3113
vn 0.9325 0.1652 0.3212
vn 0.9004 0.2891 0.3251
vn 0.8570 0.3640 0.3647
vn 0.8491 0.3681 0.3789
vn -0.0702 0.7406 0.6682
vn -0.0525 0.7276 0.6840
vn -0.0515 0.7165 0.6956
vn -0.1299 0.6964 0.7058
vn -0.0808 0.7440 0.6633
vn -0.2366 0.5796 0.7798
vn -0.0675 0.6981 0.7128
vn -0.0995 0.7015 0.7057
vn -0.0925 0.6476 0.7563
vn -0.0736 0.5910 0.8033
vn -0.0242 0.7948 0.6064
vn -0.0666 0.7438 0.6650
vn -0.0998 0.6914 0.7155
vn -0.1259 0.5140 0.8485
vn 0.0452 0.6779 0.7338
vn -0.0233 0.6759 0.7367
vn -0.0183 0.6983 0.7156
vn 0.2809 0.6560 0.7005
vn 0.1674 0.5537 0.8157
vn 0.2790 0.7222 0.6329
vn -0.0061 0.7185 0.6955
vn 0.0328 0.6852 0.7276
vn 0.4445 0.5982 0.6668
vn 0.3073 0.7686 0.5611
vn 0.2280 0.6672 0.7092
vn 0.4151 0.7763 0.4745
vn 0.0508 0.6139 0.7877
vn 0.1974 0.7754 0.5999
vn -0.1441 0.4207 0.8957
vn -0.0762 0.4544 0.8875
vn -0.2862 0.3815 0.8790
vn -0.1663 0.3332 0.9281
vn -0.0159 0.6323 0.7746
vn -0.0839 0.3222 0.9430
vn -0.0253 0.3149 0.9488
vn -0.0311 0.3154 0.9484
vn 0.3484 0.7168 0.6040
vn 0.2050 0.6998 0.6843
vn 0.2719 0.6000 0.7524
vn -0.0131 0.5606 0.8280
vn 0.0206 0.6004 0.7995
vn 0.0818 0.6527 0.7532
vn 0.2760 0.7078 0.6503
vn 0.2154 0.8286 0.5167
vn 0.2317 0.8145 0.5319
vn 0.1557 0.8535 0.4972
vn -0.0645 0.8654 0.4970
vn -0.0185 0.8899 0.4558
vn 0.1557 0.8535 0.4973
vn 0.0560 0.8343 0.5484
vn -0.0544 0.9397 0.3376
vn 0.0963 0.8711 0.4815
vn -0.0124 0.9676 0.2520
vn -0.3718 0.8803 0.2947
vn 0.0923 0.9200 0.3810
vn 0.0119 0.6949 0.7190
vn 0.1242 0.6765 0.7259
vn 0.0484 0.9985 0.0248
vn 0.0800 0.9006 0.4272
vn 0.0299 0.6500 0.7593
vn -0.0674 0.5908 0.8040
vn 0.1889 0.9820 -0.0074
vn 0.0135 0.5275 0.8495
vn 0.1225 0.9878 0.0964
vn 0.0987 0.9432 0.3174
vn 0.0542 0.9786 0.1983
vn 0.0434 0.9647 0.2599
vn 0.0247 0.7560 0.6541
vn 0.0360 0.9531 0.3006
vn 0.0135 0.5274 0.8495
vn -0.5416 0.7445 -0.3903
vn -0.3959 0.8819 -0.2560
vn -0.7492 0.6610 -0.0418
vn -0.7629 0.5650 -0.3142
vn -0.6358 0.7705 -0.0451
vn 0.2790 0.9083 0.3117
vn 0.2688 0.8080 0.5243
vn 0.2684 0.7713 0.5771
vn 0.1537 0.8512 0.5019
vn 0.2283 0.9450 0.2341
vn 0.0204 0.9779 0.2083
vn 0.0858 0.8135 0.5752
vn 0.1054 0.7643 0.6362
vn 0.1237 0.7542 0.6449
vn 0.0944 0.7797 0.6189
vn 0.0817 0.7734 0.6287
vn 0.1053 0.7395 0.6648
vn 0.1053 0.7395 0.6649
vn 0.1052 0.7396 0.6648
vn 0.2818 0.3409 -0.8969
vn 0.1536 0.6400 -0.7529
vn 0.1925 0.6939 -0.6939
vn 0.0713 0.7053 -0.7053
vn 0.0718 0.7804 -0.6212
vn 0.0638 0.7057 -0.7057
vn 0.0618 0.6746 -0.7356
vn 0.1195 0.7397 -0.6622
vn -0.0291 0.5035 -0.8635
vn -0.0150 0.4602 -0.8877
vn -0.3318 0.5284 -0.7815
vn -0.2225 0.6055 -0.7641
vn -0.1760 0.3391 -0.9241
vn 0.2559 0.4154 -0.8729
vn 0.1530 0.4591 -0.8751
vn 0.3077 0.5025 -0.8080
vn -0.0612 -0.3513 0.9343
vn -0.1251 -0.3303 0.9356
vn -0.1231 -0.3407 0.9321
vn 0.0004 -0.3599 0.9330
vn 0.0689 -0.3601 0.9304
vn 0.0718 -0.3561 0.9317
vn 0.0842 -0.3558 0.9308
vn 0.3462 0.6659 -0.6609
vn 0.3563 0.6718 -0.6494
vn 0.3463 0.6634 -0.6633
vn 0.3361 0.6660 -0.6660
vn 0.4455 -0.7172 0.5358
vn 0.5602 -0.5858 0.5858
vn 0.4846 -0.6185 0.6185
vn 0.4603 -0.8188 0.3432
vn 0.4685 -0.7365 0.4879
vn 0.3944 -0.6498 0.6498
vn 0.3635 -0.6587 0.6587
vn 0.3624 -0.4391 0.8221
vn 0.4930 -0.6152 0.6152
vn 0.5958 -0.3555 0.7202
vn 0.7575 -0.4616 0.4616
vn -0.2944 0.8642 0.4080
vn -0.2946 0.8605 0.4156
vn -0.2942 0.8679 0.4002
vn 0.0215 0.6949 0.7188
vn 0.0313 0.6970 0.7164
vn 0.0421 0.7014 0.7116
vn 0.0523 0.7045 0.7078
vn 0.0636 0.7099 0.7014
vn -0.6134 -0.5805 0.5354
vn -0.6152 -0.5551 0.5598
vn -0.6108 -0.6053 0.5104
vn 0.7209 0.4464 -0.5301
vn 0.7193 0.4031 -0.5657
vn 0.7209 0.4464 -0.5302
vn 0.7201 0.4883 -0.4929
vn 0.7893 -0.4330 0.4354
vn 0.7893 -0.4331 0.4353
vn 0.7894 -0.4328 0.4354
vn -0.8007 0.4224 -0.4248
vn -0.8007 0.4223 -0.4248
vn -0.4935 -0.6547 0.5726
vn -0.5482 -0.6690 0.5019
vn -0.5606 -0.6050 0.5654
vn -0.5324 -0.5970 0.6001
vn -0.6236 -0.5512 0.5543
vn -0.6236 -0.5511 0.5543
vn -0.8643 0.3567 -0.3546
vn -0.8642 0.3568 -0.3547
vn -0.8642 0.3568 -0.3546
vn -0.8643 0.3567 -0.3547
vn -0.8643 0.3566 -0.3546
vn 0.5328 0.6345 -0.5600
vn 0.5752 0.6496 -0.4972
vn 0.5794 0.5939 -0.5582
vn 0.5574 0.5854 -0.5888
vn 0.6237 0.5512 -0.5542
vn 0.6238 0.5512 -0.5542
vn -0.6454 0.5386 -0.5416
vn -0.6455 0.5385 -0.5416
vn -0.6501 -0.5396 0.5350
vn -0.6552 -0.5402 0.5281
vn -0.6891 -0.5128 0.5120
vn -0.6867 -0.5126 0.5154
vn -0.7263 -0.4846 0.4874
vn 0.6841 0.5099 -0.5216
vn 0.6789 0.5089 -0.5293
vn 0.7056 0.4975 -0.5047
vn 0.7081 0.4979 -0.5007
vn 0.7264 0.4846 -0.4873
vn 0.7875 -0.4434 0.4281
vn 0.7867 -0.4353 0.4378
vn 0.7882 -0.4514 0.4183
vn -0.7286 0.4740 -0.4944
vn -0.7292 0.4644 -0.5026
vn -0.7280 0.4835 -0.4861
vn 0.0101 0.7173 0.6967
vn 0.0101 0.7172 0.6967
vn 0.0101 0.7172 0.6968
vn -0.6515 -0.5350 0.5380
vn -0.6515 -0.5350 0.5379
vn 0.0312 -0.6826 -0.7301
vn 0.0313 -0.6826 -0.7301
vn 0.6514 0.5350 -0.5380
vn 0.6514 0.5349 -0.5380
vn 0.6514 0.5351 -0.5380
vn 0.7728 0.4475 -0.4500
vn 0.7730 0.4475 -0.4497
vn 0.7727 0.4475 -0.4501
vn 0.7727 0.4476 -0.4501
vn 0.7728 0.4476 -0.4500
vn -0.5535 0.8221 -0.1329
vn -0.5536 0.8221 -0.1329
vn -0.5535 0.8221 -0.1330
vn 0.4066 0.2070 0.8898
vn 0.4044 0.2101 0.8901
vn 0.2852 0.3956 0.8730
vn 0.1424 0.5718 0.8079
vn -0.0020 0.7108 0.7034
vn -0.0021 0.7108 0.7034
vn -0.6245 0.4092 -0.6653
vn -0.6336 0.5009 -0.5896
vn -0.6336 0.5867 -0.5043
vn -0.6245 0.6629 -0.4130
vn -0.6245 0.6630 -0.4130
vn -0.5535 0.1283 -0.8229
vn 0.4066 -0.8910 -0.2019
vn 0.4082 -0.8911 -0.1983
vn 0.2149 -0.8490 -0.4827
vn 0.2139 -0.8484 -0.4842
vn -0.1698 -0.5358 -0.8271
vn -0.1697 -0.5360 -0.8270
vn -0.3253 -0.3257 -0.8878
vn -0.3254 -0.3254 -0.8878
vn 0.5851 -0.7772 0.2316
vn 0.6230 -0.6705 0.4029
vn 0.6230 -0.6704 0.4030
vn 0.5016 -0.8651 0.0010
vn 0.4792 -0.8763 -0.0487
vn 0.4554 -0.8849 -0.0980
vn 0.4554 -0.8849 -0.0981
vn 0.6347 -0.5449 0.5479
vn 0.6348 -0.5449 0.5479
vn 0.6347 -0.5448 0.5480
vn 0.6347 -0.5448 0.5479
vn 0.4554 0.1031 0.8843
vn 0.4555 0.1030 0.8843
vn 0.4792 0.0536 0.8761
vn 0.5016 0.0039 0.8651
vn 0.5851 -0.2272 0.7785
vn 0.6230 -0.3992 0.6727
vn -0.8715 0.3457 -0.3477
vn 0.8246 0.3989 -0.4011
vn 0.7664 0.4530 -0.4556
vn 0.7664 0.4530 -0.4555
vn 0.8756 0.3406 -0.3425
vn 0.9180 0.2796 -0.2812
vn 0.4103 0.6430 -0.6467
vn -0.9110 -0.2908 0.2925
vn -0.8005 -0.4226 0.4250
vn -0.6438 -0.5395 0.5426
vn -0.4635 -0.6248 0.6283
vn 0.9133 -0.2872 0.2888
vn 0.9133 -0.2871 0.2888
vn 0.1260 0.9339 0.3346
vn 0.1153 0.9509 0.2871
vn 0.1260 0.9339 0.3347
vn 0.1363 0.9144 0.3812
vn 0.5899 -0.4507 0.6700
vn 0.3477 -0.8807 0.3216
vn 0.6531 -0.6513 0.3863
vn 0.6976 -0.2836 0.6580
vn 0.4659 -0.2156 0.8582
vn 0.4658 -0.2156 0.8582
vn 0.7123 0.7015 -0.0250
vn 0.8862 0.4578 0.0709
vn 0.7123 0.7014 -0.0251
vn 0.4681 0.8757 -0.1185
vn 0.9955 0.0448 0.0839
vn 0.9981 0.0403 0.0461
vn 0.9962 0.0090 0.0865
vn 0.9982 0.0422 0.0424
vn 0.9987 -0.0135 0.0501
vn 0.9946 0.0953 0.0403
vn 0.9999 0.0110 0.0064
vn 0.9948 0.1019 -0.0028
vn 0.9982 0.0599 -0.0074
vn -0.5176 0.6420 -0.5656
vn -0.4564 0.7293 -0.5097
vn -0.4706 0.7365 -0.4860
vn -0.5089 0.6647 -0.5470
vn -0.5555 0.5362 -0.6355
vn -0.5833 0.4941 -0.6447
vn -0.0870 -0.7052 0.7036
vn -0.0818 -0.7110 0.6984
vn -0.1428 -0.7882 0.5986
vn -0.1342 -0.7814 0.6094
vn -0.1957 -0.8547 0.4808
vn -0.2174 -0.8597 0.4622
vn -0.3351 0.7684 0.5452
vn -0.3212 0.7612 0.5634
vn -0.3065 0.6511 0.6943
vn -0.2599 0.4946 0.8293
vn -0.1982 0.3215 0.9259
vn -0.1815 0.2991 0.9368
vn -0.4261 0.8979 0.1107
vn -0.4376 0.8942 0.0938
vn -0.4494 0.8933 -0.0020
vn -0.4516 0.8866 -0.1003
vn -0.4867 0.8223 -0.2948
vn -0.4496 0.8458 -0.2871
vn -0.5150 0.7554 -0.4052
vn -0.5423 0.7365 -0.4043
vn -0.5213 0.7341 -0.4352
vn -0.5213 0.7340 -0.4352
vn -0.6443 -0.6754 -0.3589
vn -0.6372 -0.6816 -0.3597
vn -0.7066 -0.6502 -0.2791
vn -0.8274 -0.5076 -0.2404
vn -0.9271 -0.2179 -0.3050
vn -0.9266 -0.2440 -0.2862
vn -0.9911 0.0655 -0.1162
vn -0.9253 -0.2818 -0.2536
vn -0.9261 -0.3750 0.0412
vn -0.9616 0.1645 0.2198
vn -0.6560 -0.7194 -0.2281
vn -0.5757 -0.8101 -0.1106
vn -0.6967 -0.5704 -0.4350
vn 0.3484 -0.9343 -0.0749
vn 0.3154 -0.9483 0.0361
vn 0.3337 -0.9172 -0.2179
vn 0.3185 -0.8650 -0.3876
vn 0.2838 -0.8288 -0.4822
vn 0.2842 -0.8319 -0.4766
vn 0.5233 -0.1749 -0.8340
vn 0.4525 -0.1538 -0.8784
vn 0.4540 -0.1506 -0.8782
vn 0.4539 -0.1506 -0.8782
vn 0.5575 -0.1852 -0.8093
vn 0.5233 -0.1750 -0.8340
vn 0.6504 -0.2199 -0.7271
vn -0.1073 -0.7030 0.7030
vn -0.0621 -0.8315 0.5520
vn -0.0760 -0.7051 0.7051
vn -0.0383 -0.8838 0.4662
vn -0.0321 -0.9413 0.3361
vn 0.2596 -0.6829 0.6829
vn 0.2395 -0.6865 0.6865
vn 0.2975 -0.9181 0.2620
vn 0.2323 -0.9476 0.2193
vn 0.1012 -0.9279 0.3588
vn 0.6826 0.7308 0.0047
vn 0.7526 0.6584 0.0108
vn 0.7447 0.6667 0.0290
vn 0.6077 0.7941 0.0042
vn 0.4891 0.8700 -0.0617
vn 0.4833 0.8749 -0.0303
vn 0.4171 0.8987 -0.1352
vn 0.3858 0.9088 -0.1591
vn 0.3553 0.9195 -0.1679
vn 0.3407 0.9294 -0.1419
vn 0.8018 -0.2853 0.5250
vn 0.4666 -0.3954 0.7911
vn 0.3321 -0.4002 0.8541
vn 0.0555 -0.4074 0.9116
vn 0.0706 -0.3863 0.9197
vn 0.1757 0.8993 0.4004
vn 0.0793 0.9873 0.1375
vn -0.0478 0.9622 0.2680
vn 0.1386 0.7356 0.6631
vn 0.9373 0.2171 0.2726
vn -0.2080 0.7159 0.6665
vn -0.3736 0.8312 0.4117
vn -0.4038 0.6795 0.6126
vn -0.4634 0.7690 0.4403
vn -0.1408 0.2376 0.9611
vn 0.0605 0.2071 0.9764
vn 0.0593 -0.3467 0.9361
vn 0.3894 0.1409 0.9102
vn 0.2232 -0.4151 0.8820
vn -0.3856 -0.7455 0.5436
vn 0.9588 -0.2656 -0.1007
vn 0.5361 -0.4813 0.6935
vn 0.2270 -0.8768 0.4240
vn 0.6759 -0.2849 -0.6797
vn 0.5118 -0.4873 -0.7076
vn 0.7081 -0.5317 -0.4647
vn 0.8775 -0.2648 -0.3999
vn 0.7821 -0.0433 -0.6217
vn 0.8606 -0.0558 -0.5062
vn 0.6970 -0.5025 -0.5116
vn 0.8041 -0.5581 -0.2050
vn 0.5055 -0.8463 0.1678
vn 0.3582 -0.8272 -0.4330
vn 0.4048 -0.5300 -0.7451
vn 0.0548 -0.9800 -0.1914
vn 0.1895 -0.5106 -0.8387
vn 0.1991 -0.0544 -0.9785
vn -0.2012 -0.6336 -0.7470
vn -0.1139 0.1438 -0.9830
vn -0.0405 0.5424 -0.8391
vn -0.3046 0.6510 -0.6953
vn -0.5368 0.3021 -0.7878
vn -0.5386 0.5941 -0.5975
vn -0.6763 0.5194 -0.5224
vn -0.6145 -0.1357 -0.7772
vn -0.3200 -0.7717 -0.5496
vn -0.4824 -0.8659 0.1324
vn -0.8957 -0.3135 0.3153
vn -0.8957 -0.3135 0.3154
vn 0.9625 -0.0014 0.2713
vn 0.8979 0.1001 0.4287
vn 0.9849 -0.1225 0.1224
vn 0.9072 0.0685 0.4151
vn 0.8889 -0.4513 -0.0787
vn 0.8423 -0.3805 0.3818
vn 0.4898 -0.8168 -0.3049
vn -0.0264 -0.7669 -0.6412
vn 0.5245 0.3894 0.7572
vn 0.1132 0.7812 0.6139
vn 0.1498 0.7530 0.6407
vn 0.7705 -0.4556 0.4459
vn 0.5597 -0.8287 -0.0043
vn 0.0018 -0.8271 -0.5621
vn -0.1348 -0.7292 -0.6708
vn -0.5455 -0.3119 -0.7779
vn -0.6465 -0.2910 -0.7052
vn -0.7567 0.3631 -0.5436
vn -0.9448 0.0241 -0.3268
vn -0.8543 0.4167 -0.3106
vn -0.6637 0.7175 -0.2116
vn -0.8802 0.4624 -0.1067
vn -0.8579 0.1635 -0.4871
vn -0.7891 0.5334 0.3046
vn -0.8646 0.4438 -0.2357
vn -0.7309 0.3786 -0.5678
vn -0.6653 0.2067 -0.7174
vn -0.6483 0.7519 0.1198
vn -0.5777 0.6484 0.4958
vn -0.2250 0.6921 0.6858
vn -0.0439 0.5127 0.8575
vn 0.3978 0.2012 0.8951
vn 0.0101 0.5881 0.8087
vn 0.6158 0.0467 0.7865
vn 0.7608 -0.4455 0.4719
vn 0.9314 -0.1495 -0.3319
vn 0.3846 -0.7414 -0.5499
vn 0.2804 -0.2586 -0.9244
vn 0.1442 -0.6477 -0.7481
vn 0.4448 0.6315 -0.6351
vn 0.4447 0.6315 -0.6351
vn 0.7897 0.2680 0.5519
vn -0.0268 0.6925 0.7209
vn -0.3279 0.8063 0.4923
vn 0.5990 0.2648 0.7557
vn -0.0846 0.7400 0.6672
vn -0.1013 0.9108 0.4002
vn 0.1984 0.1755 0.9643
vn 0.0054 0.7103 0.7038
vn 0.0122 0.9246 0.3808
vn -0.0078 -0.1424 0.9898
vn 0.3440 -0.5568 0.7560
vn -0.0080 -0.7911 0.6116
vn 0.8745 -0.3417 0.3443
vn 0.9751 -0.2202 0.0257
vn 0.2314 -0.9727 0.0185
vn -0.0058 -1.0000 0.0030
vn 0.0025 -0.8038 -0.5949
vn 0.6087 -0.7496 -0.2599
vn 0.5863 -0.6751 -0.4478
vn 0.0075 -0.6058 -0.7955
vn 0.0183 -0.0176 -0.9997
vn 0.0231 0.4071 -0.9131
vn 0.0236 0.7054 -0.7084
vn 0.0236 0.7056 -0.7083
vn 0.0237 0.7060 -0.7078
vn 0.0232 0.4071 -0.9131
vn 0.0673 -0.7993 -0.5972
vn -0.0038 -0.7215 -0.6924
vn -0.1495 -0.7367 -0.6595
vn -0.5118 -0.1676 -0.8426
vn -0.7252 -0.1400 -0.6742
vn -0.7029 0.5003 -0.5056
vn -0.9252 -0.1659 -0.3413
vn -0.9326 0.2542 -0.2563
vn -0.9867 0.1147 -0.1152
vn 0.4231 0.8355 -0.3506
vn 0.3985 0.8048 -0.4399
vn 0.4231 0.8355 -0.3507
vn 0.4437 0.8582 -0.2581
vn -0.4226 -0.8318 0.3599
vn -0.3715 -0.8798 0.2966
vn -0.4699 -0.7764 0.4201
vn 0.8269 -0.3962 0.3991
vn 0.8269 -0.3965 0.3988
vn 0.5100 -0.4580 0.7281
vn 0.5079 -0.6071 0.6111
vn 0.6923 -0.3569 0.6272
vn 0.6924 -0.3568 0.6271
vn 0.8365 -0.1737 0.5198
vn 0.5100 -0.4579 0.7281
vn 0.9178 -0.1209 0.3781
vn 0.9032 -0.2973 0.3095
vn 0.8694 -0.3962 0.2953
vn 0.7976 -0.5965 0.0895
vn -0.0013 -0.7112 -0.7030
vn 0.0003 -0.7115 -0.7027
vn -0.0009 -0.7104 -0.7038
vn -0.0011 -0.7098 -0.7044
vn -0.0001 -0.7091 -0.7051
vn -0.0001 -0.7091 -0.7052
vn 0.0287 -0.6754 -0.7369
vn 0.0281 -0.6756 -0.7367
vn 0.1164 -0.4352 -0.8928
vn 0.1061 -0.5619 -0.8204
vn 0.1969 -0.1415 -0.9702
vn 0.1954 0.1647 -0.9668
vn -0.0824 -0.7518 -0.6542
vn -0.0549 -0.7227 -0.6889
vn -0.0601 -0.7185 -0.6930
vn -0.0047 -0.6760 -0.7369
vn 0.0066 -0.6679 -0.7442
vn 0.0836 -0.6196 -0.7805
vn 0.3703 0.3879 0.8440
vn 0.5051 0.0708 0.8601
vn 0.5466 0.1235 0.8282
vn 0.3898 0.4139 0.8226
vn 0.1572 0.6125 0.7747
vn -0.2027 0.6905 -0.6944
vn -0.4032 0.6452 -0.6490
vn -0.4033 0.6452 -0.6489
vn -0.5864 0.5073 -0.6315
vn -0.8303 0.3124 -0.4616
vn -0.9011 0.2032 -0.3831
vn -0.9275 0.1835 -0.3256
vn -0.9006 0.2440 -0.3597
vn -0.7291 0.3787 -0.5701
vn -0.7566 0.4873 -0.4361
vn -0.5541 0.4508 -0.6998
vn -0.4679 0.2571 -0.8456
vn -0.3971 -0.3497 -0.8486
vn -0.4661 -0.0734 -0.8817
vn -0.5246 -0.1295 -0.8415
vn -0.4247 -0.3770 -0.8231
vn -0.2445 -0.5463 -0.8011
vn -0.1581 0.4005 0.9025
vn -0.1930 0.2230 0.9555
vn -0.2846 0.0856 0.9548
vn -0.2072 0.3218 0.9239
vn -0.0157 0.6655 0.7462
vn -0.0201 0.6866 0.7267
vn 0.8924 0.3789 -0.2449
vn 0.8830 0.3852 -0.2682
vn 0.8925 0.3789 -0.2448
vn 0.9014 0.3723 -0.2213
vn -0.0808 -0.6633 -0.7440
vn -0.2366 -0.7798 -0.5796
vn -0.1299 -0.7058 -0.6964
vn -0.0702 -0.6683 -0.7406
vn -0.0515 -0.6957 -0.7165
vn -0.0525 -0.6842 -0.7274
vn -0.0675 -0.7128 -0.6981
vn -0.0995 -0.7057 -0.7015
vn -0.0925 -0.7563 -0.6476
vn -0.0736 -0.8033 -0.5910
vn -0.0242 -0.6063 -0.7949
vn -0.0666 -0.6650 -0.7439
vn -0.0998 -0.7155 -0.6914
vn -0.1259 -0.8485 -0.5140
vn 0.0911 0.6562 0.7491
vn 0.0627 0.6534 0.7544
vn 0.0989 0.6607 0.7441
vn 0.0974 0.7139 0.6934
vn 0.1998 0.7516 0.6287
vn 0.2311 0.7966 0.5586
vn 0.0778 0.7409 0.6671
vn 0.0650 0.7950 0.6031
vn 0.0915 0.8072 0.5831
vn 0.1006 0.8510 0.5155
vn 0.1189 0.6406 0.7586
vn 0.0614 0.6519 0.7558
vn 0.0381 0.6944 0.7186
vn 0.0388 0.8049 0.5921
vn 0.3454 0.3486 0.8713
vn 0.5629 0.0779 0.8229
vn 0.5334 0.0516 0.8443
vn 0.3296 0.3347 0.8828
vn 0.1148 0.6021 0.7901
vn -0.9792 -0.1825 -0.0890
vn -0.9176 -0.3569 -0.1751
vn -0.9791 -0.1826 -0.0891
vn 0.7795 0.4417 -0.4442
vn 0.0689 -0.9304 0.3601
vn 0.0842 -0.9308 0.3558
vn 0.0718 -0.9317 0.3561
vn 0.0004 -0.9331 0.3596
vn -0.0612 -0.9343 0.3512
vn -0.1231 -0.9321 0.3407
vn -0.1251 -0.9356 0.3301
vn 0.5914 -0.7805 0.2026
vn 0.5739 -0.7975 0.1865
vn 0.6084 -0.7630 0.2184
vn 0.5543 0.5869 -0.5902
vn -0.9591 -0.1339 0.2493
vn -0.9594 -0.1689 0.2259
vn -0.9572 -0.0985 0.2722
vn -0.9074 -0.2932 0.3012
vn -0.9477 -0.2127 0.2380
vn -0.8233 -0.3970 0.4057
vn -0.8994 -0.3113 0.3068
vn -0.6263 -0.5497 0.5528
vn -0.8451 -0.3801 0.3760
vn -0.9477 -0.2368 0.2140
vn -0.6859 -0.5131 0.5160
vn -0.8450 -0.3801 0.3760
vn -0.9591 -0.2485 0.1353
vn -0.9594 -0.2250 0.1702
vn -0.9591 -0.2486 0.1353
vn -0.9572 -0.2716 0.1001
vn -0.3908 -0.3281 -0.8600
vn -0.6397 -0.1401 -0.7557
vn -0.5700 -0.0927 -0.8164
vn -0.3514 -0.3019 -0.8862
vn -0.1780 -0.5331 -0.8271
vn -0.0000 -0.7091 -0.7051
vn 0.0952 0.2934 0.9512
vn 0.0952 0.2934 0.9513
vn 0.8986 0.2832 -0.3352
vn 0.9923 0.0551 -0.1113
vn 0.9888 0.0309 -0.1457
vn 0.9896 -0.1178 0.0823
vn 0.9556 0.2249 -0.1904
vn 0.8290 0.3943 -0.3966
vn 0.8289 0.3944 -0.3967
vn 0.9762 0.1529 -0.1537
vn 0.9723 0.1649 -0.1659
vn 0.9994 0.0011 0.0334
vn 0.9862 0.1451 -0.0793
vn 0.9800 0.1406 -0.1411
vn 0.8812 -0.3334 0.3353
vn -0.0000 0.7091 0.7051
vn -0.0001 0.7091 0.7051
vn 0.1800 -0.3188 0.9306
vn 0.1800 -0.3187 0.9306
vn 0.1800 -0.9288 0.3241
vn 0.1800 -0.9288 0.3240
vn 0.1447 -0.9893 0.0190
vn 0.0952 -0.9529 -0.2879
vn -0.7728 -0.4475 0.4500
vn -0.7727 -0.4470 0.4506
vn -0.7727 -0.4474 0.4502
vn -0.7727 -0.4475 0.4501
vn -0.7729 -0.4475 0.4499
vn -0.7727 -0.4476 0.4501
vn -0.7727 -0.4476 0.4502
vn -0.7728 -0.4476 0.4500
vn -0.7728 -0.4475 0.4501
vn -0.7729 -0.4475 0.4500
vn -0.7727 -0.4473 0.4503
vn -0.2782 0.5665 -0.7757
vn -0.2934 0.5707 -0.7669
vn -0.2783 0.5665 -0.7756
vn -0.2629 0.5621 -0.7842
vn -0.2489 0.8380 -0.4856
vn -0.2926 0.7746 -0.5607
vn -0.2799 0.7721 -0.5706
vn -0.2256 0.8665 -0.4454
vn -0.1774 0.9381 -0.2973
vn 0.0096 -0.5815 -0.8135
vn -0.0643 -0.5460 -0.8353
vn -0.0069 -0.6152 -0.7883
vn 0.0219 -0.6476 -0.7617
vn -0.0069 -0.6153 -0.7882
vn -0.0397 -0.6789 -0.7332
vn -0.9973 0.0727 -0.0139
vn -0.9796 0.1447 -0.1397
vn -0.9685 0.0392 -0.2459
vn -0.9881 -0.1475 -0.0446
vn -0.9495 -0.2024 0.2398
vn -0.9348 -0.3536 -0.0324
vn -0.8177 -0.4143 -0.3996
vn -0.7700 -0.5318 -0.3525
vn -0.5677 -0.6652 -0.4850
vn -0.7588 -0.2823 -0.5870
vn -0.6179 -0.4574 -0.6395
vn -0.6050 -0.2826 -0.7444
vn 0.3982 0.6486 0.6486
vn 0.9861 0.1173 0.1173
vn 0.9982 -0.0440 -0.0411
vn 0.9769 -0.1558 -0.1460
vn 0.9771 -0.1545 -0.1465
vn 0.9953 0.0684 0.0681
vn 0.9689 0.1765 0.1734
vn 0.9693 0.1738 0.1738
vn 0.2957 0.5358 -0.7909
vn 0.5277 0.0343 -0.8487
vn 0.3698 0.4169 -0.8303
vn 0.1488 0.7136 -0.6845
vn 0.1491 0.7063 -0.6920
vn 0.1488 0.7136 -0.6846
vn 0.1540 0.6888 -0.7084
vn -0.3707 -0.6777 -0.6351
vn -0.0776 -0.7274 -0.6818
vn 0.2225 -0.7114 -0.6667
vn 0.2224 -0.7114 -0.6667
vn -0.0000 0.7071 0.7071
vn 0.0369 -0.8848 0.4645
vn 0.2295 -0.8833 0.4088
vn 0.1915 -0.7928 0.5786
vn 0.0570 -0.7433 0.6666
vn 0.2387 -0.5873 0.7734
vn 0.0791 -0.6329 0.7702
vn -0.1372 -0.8290 0.5421
vn -0.0985 -0.8561 0.5074
vn -0.0532 -0.6744 0.7364
vn -0.0000 -0.6192 0.7853
vn -0.2944 -0.4071 -0.8646
vn -0.2942 -0.3998 -0.8681
vn -0.2944 -0.4078 -0.8643
vn -0.2946 -0.4154 -0.8606
vn 0.0421 -0.7116 -0.7014
vn 0.0635 -0.7015 -0.7099
vn 0.0523 -0.7078 -0.7045
vn 0.0313 -0.7164 -0.6970
vn 0.0214 -0.7188 -0.6949
vn -0.6134 -0.5349 0.5811
vn -0.6108 -0.5100 0.6056
vn -0.6152 -0.5592 0.5557
vn 0.7209 0.5300 -0.4465
vn 0.7201 0.4925 -0.4888
vn 0.7194 0.5657 -0.4031
vn 0.7893 -0.4355 0.4329
vn 0.7892 -0.4352 0.4332
vn 0.7892 -0.4353 0.4332
vn 0.7893 -0.4352 0.4331
vn -0.8007 0.4248 -0.4223
vn 0.3702 -0.8441 -0.3879
vn 0.1571 -0.7748 -0.6124
vn 0.3897 -0.8227 -0.4139
vn 0.5465 -0.8283 -0.1234
vn 0.5051 -0.8601 -0.0707
vn -0.6236 -0.5543 0.5512
vn -0.6236 -0.5544 0.5512
vn -0.5607 -0.5653 0.6051
vn -0.5324 -0.6001 0.5970
vn -0.4936 -0.5723 0.6548
vn -0.5485 -0.5016 0.6690
vn -0.3971 0.8486 0.3497
vn -0.2445 0.8011 0.5462
vn -0.4247 0.8231 0.3770
vn -0.5246 0.8414 0.1295
vn -0.4661 0.8817 0.0734
vn 0.6237 0.5543 -0.5511
vn 0.5794 0.5582 -0.5939
vn 0.5574 0.5888 -0.5854
vn 0.5328 0.5599 -0.6345
vn 0.5751 0.4973 -0.6496
vn -0.6454 0.5416 -0.5386
vn -0.6455 0.5416 -0.5385
vn 0.3454 -0.8713 -0.3486
vn 0.1147 -0.7901 -0.6021
vn 0.3295 -0.8828 -0.3348
vn 0.5334 -0.8443 -0.0516
vn 0.5628 -0.8229 -0.0779
vn -0.7263 -0.4874 0.4847
vn -0.6891 -0.5120 0.5128
vn -0.6867 -0.5154 0.5126
vn -0.6501 -0.5351 0.5395
vn -0.6551 -0.5282 0.5402
vn -0.3908 0.8601 0.3280
vn -0.1779 0.8271 0.5331
vn -0.3513 0.8863 0.3018
vn -0.5699 0.8164 0.0926
vn -0.6397 0.7558 0.1401
vn 0.7264 0.4874 -0.4846
vn 0.7055 0.5047 -0.4975
vn 0.7080 0.5008 -0.4979
vn 0.6841 0.5215 -0.5099
vn 0.6789 0.5293 -0.5089
vn 0.7875 -0.4281 0.4434
vn 0.7882 -0.4183 0.4513
vn 0.7866 -0.4378 0.4353
vn -0.7286 0.4946 -0.4738
vn -0.7279 0.4862 -0.4834
vn -0.7292 0.5028 -0.4642
vn 0.0101 -0.6967 -0.7173
vn 0.0102 -0.6967 -0.7172
vn -0.6515 -0.5380 0.5349
vn 0.0313 0.7301 0.6826
vn 0.0312 0.7301 0.6826
vn 0.6516 0.5379 -0.5349
vn 0.6515 0.5379 -0.5350
vn 0.6516 0.5379 -0.5348
vn 0.1260 -0.3347 -0.9339
vn 0.1364 -0.3813 -0.9143
vn 0.1261 -0.3347 -0.9339
vn 0.1154 -0.2872 -0.9509
vn 0.7122 0.0250 -0.7015
vn 0.4682 0.1184 -0.8757
vn 0.7124 0.0249 -0.7013
vn 0.8862 -0.0709 -0.4578
vn 0.9962 -0.0865 -0.0090
vn 0.9981 -0.0461 -0.0403
vn 0.9955 -0.0839 -0.0448
vn 0.9982 -0.0424 -0.0422
vn 0.9946 -0.0403 -0.0953
vn 0.9987 -0.0501 0.0135
vn 0.9948 0.0033 -0.1015
vn 0.9999 -0.0067 -0.0107
vn 0.9982 0.0074 -0.0599
vn -0.1957 -0.4808 0.8547
vn -0.2174 -0.4622 0.8597
vn -0.1428 -0.5986 0.7882
vn -0.1342 -0.6094 0.7814
vn -0.0870 -0.7036 0.7052
vn -0.0818 -0.6984 0.7110
vn -0.6179 0.6395 0.4574
vn -0.6050 0.7444 0.2826
vn -0.7588 0.5869 0.2823
vn -0.8177 0.3996 0.4143
vn -0.5677 0.4850 0.6652
vn -0.7700 0.3525 0.5318
vn -0.9348 0.0324 0.3536
vn -0.9685 0.2459 -0.0392
vn -0.9881 0.0446 0.1475
vn -0.9495 -0.2397 0.2024
vn -0.9973 0.0138 -0.0727
vn -0.9796 0.1397 -0.1447
vn 0.3187 0.3877 0.8650
vn 0.2842 0.4765 0.8319
vn 0.2838 0.4822 0.8288
vn 0.3337 0.2179 0.9172
vn 0.3185 0.3875 0.8651
vn 0.3484 0.0750 0.9343
vn 0.3154 -0.0361 0.9483
vn 0.1491 0.6920 -0.7063
vn 0.1540 0.7084 -0.6888
vn 0.1488 0.6845 -0.7137
vn 0.2956 0.7909 -0.5359
vn 0.3697 0.8304 -0.4169
vn 0.5276 0.8488 -0.0345
vn -0.9742 0.2257 0.0083
vn -0.9742 0.2257 0.0084
vn -0.3644 -0.4261 0.8280
vn -0.3839 -0.4282 0.8181
vn -0.3448 -0.4238 0.8375
vn 0.9809 -0.1925 0.0286
vn 0.9801 -0.1963 0.0299
vn 0.9809 -0.1924 0.0285
vn 0.9817 -0.1886 0.0271
vn 0.2042 0.7275 -0.6550
vn 0.1623 0.7513 -0.6397
vn 0.2456 0.7019 -0.6686
vn -0.3338 0.7203 0.6081
vn -0.3330 0.7210 0.6077
vn -0.3341 0.7200 0.6082
vn -0.3350 0.7193 0.6086
vn 0.6597 0.7211 -0.2116
vn 0.6597 0.7211 -0.2117
vn 0.6597 0.7212 -0.2115
vn 0.2457 -0.2895 0.9251
vn 0.2455 -0.2894 0.9252
vn 0.2456 -0.2895 0.9251
vn 0.2458 -0.2895 0.9251
vn 0.8058 0.2647 0.5297
vn 0.8058 0.2648 0.5297
vn 0.8059 0.2645 0.5296
vn 0.8060 0.2644 0.5296
vn 0.7876 -0.5601 -0.2570
vn 0.7876 -0.5601 -0.2569
vn 0.6238 -0.6641 -0.4121
vn 0.6238 -0.6641 -0.4122
vn 0.4083 -0.7296 -0.5487
vn 0.3959 -0.7287 -0.5588
vn 0.2558 -0.7602 -0.5973
vn 0.1242 -0.7639 -0.6332
vn -0.0093 -0.7628 -0.6466
vn -0.0062 -0.7444 -0.6677
vn -0.0367 -0.0555 -0.9978
vn 0.1786 -0.2716 -0.9457
vn 0.1292 -0.0640 -0.9896
vn 0.1377 -0.3094 -0.9409
vn 0.1064 -0.6840 -0.7216
vn 0.4044 -0.8996 -0.1650
vn -0.1564 -0.2438 -0.9571
vn 0.2255 -0.9740 0.0212
vn -0.1520 -0.8038 -0.5751
vn -0.3562 -0.5387 -0.7635
vn -0.3417 -0.8153 -0.4674
vn -0.3197 -0.5873 -0.7436
vn -0.0030 0.7865 0.6176
vn 0.0277 0.7570 0.6529
vn 0.0278 0.7570 0.6528
vn -0.0045 0.8213 0.5704
vn -0.0030 0.7866 0.6174
vn -0.0643 0.8384 0.5413
vn 0.2364 -0.6756 0.6984
vn 0.2327 -0.6755 0.6996
vn 0.2364 -0.6756 0.6983
vn 0.2400 -0.6756 0.6971
vn 0.2327 -0.6896 0.6858
vn 0.2536 -0.6767 0.6912
vn 0.2603 -0.6786 0.6869
vn 0.2740 -0.6728 0.6872
vn 0.2736 -0.6820 0.6782
vn -0.9901 0.0995 0.0995
vn -0.9861 0.1173 0.1173
vn -0.9854 0.0576 0.1603
vn -0.9884 -0.0784 0.1299
vn -0.9827 -0.1824 0.0334
vn -0.9596 -0.2628 -0.1006
vn -0.9461 -0.2364 -0.2215
vn -0.0510 0.8085 -0.5862
vn -0.0000 0.7853 -0.6191
vn 0.1211 0.8645 -0.4878
vn 0.0049 0.6589 -0.7522
vn -0.2035 0.6610 -0.7223
vn -0.1594 0.5026 -0.8497
vn 0.0529 0.4633 -0.8846
vn 0.1936 0.4400 -0.8769
vn 0.2259 0.7648 -0.6033
vn 0.3115 0.8820 -0.3535
vn -0.9570 -0.2053 0.2049
vn -0.9565 -0.2069 0.2057
vn -0.9575 -0.2037 0.2041
vn 0.0028 0.7091 -0.7051
vn 0.9972 -0.0515 0.0552
vn 0.9961 -0.0582 0.0659
vn 0.9971 -0.0515 0.0552
vn 0.9980 -0.0446 0.0444
vn -0.0000 0.7051 0.7091
vn -0.0000 0.7050 0.7092
vn -0.0727 0.6868 -0.7232
vn -0.0715 0.7072 -0.7033
vn -0.0739 0.6657 -0.7425
vn -0.4654 -0.6276 0.6241
vn -0.4654 -0.6276 0.6242
vn -0.4654 -0.6277 0.6241
vn -0.4654 -0.6277 0.6240
vn 0.9266 -0.2666 0.2652
vn 0.9266 -0.2667 0.2651
vn -0.9995 0.0231 -0.0230
vn -0.1678 0.6991 -0.6951
vn 0.0029 0.7088 -0.7054
vn -0.2243 0.6910 -0.6872
vn -0.3334 0.6685 -0.6648
vn 0.1579 0.6092 0.7771
vn 0.2283 0.5609 0.7958
vn 0.1336 0.6239 0.7700
vn 0.0575 0.6801 0.7309
vn 0.0181 0.7050 0.7089
vn -0.0062 0.7294 0.6840
vn -0.0067 0.7162 0.6978
vn -0.0823 0.6543 0.7518
vn -0.0600 0.6930 0.7184
vn -0.0548 0.6889 0.7227
vn -0.0047 0.7369 0.6760
vn 0.0066 0.7443 0.6679
vn 0.0836 0.7805 0.6196
vn 0.9175 0.2202 -0.3312
vn 0.9288 0.2627 -0.2612
vn 0.9175 0.2203 -0.3311
vn 0.8999 0.1762 -0.3989
vn -0.2825 0.6899 -0.6665
vn -0.2813 0.6901 -0.6668
vn -0.2826 0.6899 -0.6664
vn -0.2838 0.6898 -0.6661
vn -0.9600 -0.1727 0.2206
vn -0.9590 -0.1746 0.2233
vn -0.9610 -0.1707 0.2178
vn -0.0753 0.7459 0.6618
vn -0.0000 0.7063 0.7079
vn -0.0753 0.7458 0.6619
vn -0.1498 0.7784 0.6096
vn 0.9927 0.1180 -0.0268
vn 0.9910 0.1291 -0.0358
vn 0.9926 0.1180 -0.0268
vn 0.9941 0.1070 -0.0178
vn 0.1116 -0.7607 -0.6394
vn 0.1669 -0.6858 -0.7084
vn 0.1117 -0.7607 -0.6394
vn 0.0550 -0.8253 -0.5619
vn 0.2695 -0.6188 0.7379
vn 0.2804 -0.6176 0.7348
vn 0.2695 -0.6187 0.7379
vn 0.2585 -0.6198 0.7409
vn -0.1454 0.4977 0.8551
vn -0.2387 0.3296 0.9134
vn -0.2236 0.3590 0.9061
vn -0.2956 0.2102 0.9319
vn -0.2957 0.2102 0.9319
vn 0.8643 -0.3567 0.3547
vn 0.2364 -0.6984 0.6756
vn 0.2400 -0.6971 0.6756
vn 0.2364 -0.6983 0.6756
vn 0.2328 -0.6996 0.6755
vn 0.2603 -0.6869 0.6786
vn 0.2736 -0.6782 0.6820
vn 0.2740 -0.6872 0.6728
vn 0.2536 -0.6912 0.6767
vn 0.2327 -0.6858 0.6896
vn -0.9570 -0.2049 0.2053
vn -0.9575 -0.2041 0.2037
vn -0.9565 -0.2057 0.2069
vn 0.0028 0.7051 -0.7091
vn 0.9971 -0.0552 0.0515
vn 0.9980 -0.0444 0.0446
vn 0.9961 -0.0660 0.0583
vn -0.0001 -0.7090 -0.7052
vn -0.0000 -0.7090 -0.7052
vn -0.0727 0.7233 -0.6867
vn -0.0739 0.7427 -0.6655
vn -0.0715 0.7034 -0.7072
vn -0.4654 -0.6241 0.6276
vn -0.4654 -0.6240 0.6277
vn -0.4654 -0.6241 0.6277
vn -0.4654 -0.6242 0.6276
vn 0.9266 -0.2652 0.2666
vn 0.9266 -0.2651 0.2667
vn -0.9995 0.0230 -0.0231
vn -0.3334 0.6648 -0.6685
vn -0.2243 0.6871 -0.6911
vn -0.1678 0.6951 -0.6991
vn 0.0028 0.7053 -0.7089
vn -0.5621 0.4616 0.6863
vn -0.5649 0.4527 0.6899
vn -0.2919 0.6094 0.7372
vn -0.2935 0.6191 0.7284
vn 0.0663 0.7099 0.7012
vn 0.0315 0.7120 0.7015
vn -0.0597 0.7546 0.6535
vn -0.0853 0.7271 0.6812
vn -0.1587 0.7753 0.6113
vn -0.2491 0.7958 0.5519
vn -0.0068 -0.6977 -0.7164
vn 0.0181 -0.7089 -0.7051
vn -0.0063 -0.6840 -0.7295
vn 0.0574 -0.7310 -0.6800
vn 0.1336 -0.7701 -0.6238
vn 0.1579 -0.7771 -0.6093
vn 0.2283 -0.7958 -0.5609
vn 0.9175 0.3312 -0.2202
vn 0.8999 0.3989 -0.1761
vn 0.9288 0.2612 -0.2628
vn -0.2825 0.6665 -0.6899
vn -0.2838 0.6661 -0.6898
vn -0.2824 0.6665 -0.6899
vn -0.2813 0.6668 -0.6901
vn -0.9600 -0.2206 0.1727
vn -0.9610 -0.2178 0.1707
vn -0.9590 -0.2233 0.1746
vn -0.0753 -0.6618 -0.7459
vn -0.1498 -0.6096 -0.7784
vn -0.0753 -0.6619 -0.7458
vn -0.0003 -0.7080 -0.7062
vn 0.9927 0.0268 -0.1180
vn 0.9941 0.0178 -0.1070
vn 0.9926 0.0268 -0.1180
vn 0.9910 0.0358 -0.1291
vn 0.1117 0.6395 0.7607
vn 0.0550 0.5619 0.8253
vn 0.1117 0.6394 0.7607
vn 0.1669 0.7084 0.6858
vn 0.2695 -0.7379 0.6188
vn 0.2585 -0.7409 0.6198
vn 0.2695 -0.7379 0.6187
vn 0.2804 -0.7348 0.6176
vn 0.8643 -0.3547 0.3567
vn 0.8643 -0.3547 0.3568
vn -0.5030 -0.6095 0.6128
vn -0.5030 -0.6094 0.6129
vn 0.2957 -0.2155 -0.9307
vn 0.2957 -0.2156 -0.9307
vn 0.2956 -0.2156 -0.9307
vn 0.5899 -0.6700 0.4507
vn 0.4658 -0.8582 0.2156
vn 0.4659 -0.8582 0.2155
vn 0.6976 -0.6580 0.2836
vn 0.6532 -0.3863 0.6512
vn 0.3477 -0.3216 0.8807
vn 0.4784 0.7987 -0.3650
vn -0.5176 0.5656 -0.6420
vn -0.5833 0.6447 -0.4940
vn -0.5556 0.6355 -0.5362
vn -0.5089 0.5470 -0.6647
vn -0.4706 0.4860 -0.7364
vn -0.4563 0.5098 -0.7293
vn -0.1554 0.4861 0.8600
vn -0.0830 0.5988 0.7966
vn 0.0471 0.7630 0.6447
vn 0.1455 0.8550 0.4977
vn 0.0471 0.7630 0.6446
vn -0.2599 -0.8293 -0.4946
vn -0.1815 -0.9368 -0.2991
vn -0.1982 -0.9259 -0.3215
vn -0.3065 -0.6943 -0.6511
vn -0.3351 -0.5452 -0.7684
vn -0.3212 -0.5634 -0.7612
vn -0.6560 0.2282 0.7194
vn -0.6966 0.4350 0.5705
vn -0.9253 0.2536 0.2819
vn -0.9261 -0.0412 0.3750
vn -0.5756 0.1106 0.8102
vn -0.9911 0.1162 -0.0656
vn -0.9616 -0.2198 -0.1645
vn -0.9271 0.3050 0.2179
vn -0.9266 0.2863 0.2440
vn -0.8274 0.2403 0.5077
vn -0.7066 0.2790 0.6503
vn -0.6443 0.3588 0.6754
vn -0.6372 0.3597 0.6816
vn -0.5150 0.4052 -0.7554
vn -0.5213 0.4351 -0.7341
vn -0.5423 0.4043 -0.7365
vn -0.4867 0.2947 -0.8224
vn -0.4496 0.2871 -0.8458
vn -0.4516 0.1004 -0.8866
vn -0.4494 0.0022 -0.8933
vn -0.4261 -0.1108 -0.8979
vn -0.4494 0.0020 -0.8933
vn -0.4376 -0.0939 -0.8942
vn 0.6504 0.7271 0.2199
vn 0.5575 0.8093 0.1852
vn 0.5233 0.8340 0.1750
vn 0.4539 0.8782 0.1506
vn 0.4525 0.8784 0.1538
vn 0.1993 -0.6909 0.6949
vn 0.1865 -0.8968 0.4012
vn 0.1865 -0.8968 0.4013
vn 0.1864 -0.8968 0.4012
vn 0.1865 -0.3961 0.8991
vn 0.1865 -0.3962 0.8990
vn -0.2957 -0.9319 -0.2102
vn -0.2388 -0.9134 -0.3296
vn -0.2956 -0.9319 -0.2103
vn -0.2236 -0.9061 -0.3591
vn -0.1455 -0.8550 -0.4978
vn -0.2387 -0.9134 -0.3297
vn -0.1454 -0.8551 -0.4977
vn -0.8643 0.3547 -0.3566
vn -0.8643 0.3545 -0.3567
vn -0.8643 0.3546 -0.3568
vn -0.8643 0.3547 -0.3568
vn -0.8642 0.3547 -0.3567
vn -0.8643 0.3547 -0.3567
vn 0.8424 -0.1134 -0.5268
vn 0.8869 -0.3197 -0.3335
vn 0.8811 -0.3236 -0.3449
vn 0.8421 -0.0913 -0.5315
vn 0.5980 0.1744 -0.7822
vn 0.4705 0.4818 -0.7393
vn 0.2724 0.6640 -0.6963
vn 0.2405 0.9101 -0.3373
vn -0.2491 -0.5519 -0.7958
vn -0.1588 -0.6113 -0.7753
vn -0.0597 -0.6535 -0.7546
vn -0.0853 -0.6812 -0.7271
vn 0.0315 -0.7015 -0.7120
vn 0.0663 -0.7012 -0.7099
vn -0.2919 -0.7372 -0.6094
vn -0.2935 -0.7284 -0.6191
vn -0.5621 -0.6863 -0.4616
vn -0.5649 -0.6899 -0.4526
vn 0.4705 0.7393 -0.4817
vn 0.2406 0.3373 -0.9101
vn 0.2723 0.6964 -0.6640
vn 0.5980 0.7823 -0.1743
vn 0.8424 0.5268 0.1134
vn 0.8421 0.5316 0.0912
vn 0.8811 0.3448 0.3236
vn 0.8869 0.3334 0.3197
vn -0.0017 0.6149 -0.7886
vn -0.0222 0.6039 -0.7968
vn -0.0222 0.6039 -0.7967
vn 0.0222 0.6171 -0.7866
vn 0.0263 0.6131 -0.7895
vn 0.0164 0.6260 -0.7796
vn -0.0002 0.6337 -0.7736
vn 0.0096 0.6731 -0.7395
vn -0.3904 -0.5939 0.7035
vn -0.5255 -0.6219 0.5806
vn -0.5256 -0.6219 0.5806
vn -0.2126 -0.5869 0.7812
vn -0.0256 -0.5570 0.8301
vn 0.0062 -0.6226 0.7825
vn 0.0138 -0.6346 0.7727
vn 0.0159 -0.6753 0.7374
vn -0.4188 0.7606 0.4960
vn -0.3229 0.7746 0.5439
vn -0.3228 0.7745 0.5440
vn -0.5108 0.7376 0.4417
vn -0.5205 0.7345 0.4354
vn -0.4375 0.7453 0.5031
vn -0.1948 0.7810 0.5934
vn -0.0244 0.7670 0.6412
vn 0.1381 0.7517 0.6449
vn 0.1419 0.7302 0.6684
vn -0.9902 0.1377 0.0253
vn -0.9902 0.1377 0.0254
vn -0.2078 -0.6267 -0.7510
vn -0.2915 -0.5326 -0.7946
vn -0.1204 -0.7097 -0.6941
vn -0.7585 0.2688 0.5937
vn -0.9347 0.1350 0.3289
vn -0.9729 0.1012 0.2081
vn -0.9980 0.0264 0.0581
vn -0.9999 -0.0118 0.0118
vn -0.9971 -0.0535 0.0535
vn -0.9748 -0.1808 0.1308
vn -0.9099 0.0031 0.4148
vn -0.9732 -0.1627 0.1627
vn -0.8741 -0.4733 -0.1095
vn -0.9555 -0.2935 0.0290
vn -0.8251 -0.5648 0.0159
vn -0.9932 -0.0984 -0.0625
vn -0.9795 -0.0841 -0.1832
vn -0.5319 -0.8294 0.1707
vn 0.9914 -0.0589 0.1171
vn 0.9920 -0.1196 0.0398
vn 0.9993 -0.0284 0.0244
vn -0.2614 0.4951 0.8286
vn -0.3231 0.5505 0.7697
vn -0.1969 0.4346 0.8788
vn 0.1486 -0.7521 0.6421
vn -0.0165 -0.7630 0.6462
vn 0.3325 -0.6760 0.6576
vn 0.2462 -0.6672 0.7030
vn 0.5186 -0.5869 0.6217
vn -0.0835 -0.5865 -0.8057
vn -0.0834 -0.5865 -0.8057
vn 0.1235 -0.5811 -0.8044
vn -0.2869 -0.5666 -0.7724
vn -0.8074 -0.0419 -0.5885
vn -0.8081 -0.0392 -0.5878
vn 0.5068 0.8260 0.2468
vn 0.7533 0.5849 0.3006
vn 0.7665 0.5932 0.2463
vn 0.4808 0.8761 -0.0348
vn 0.5434 0.8212 -0.1741
vn 0.1121 0.8972 -0.4272
vn -0.0079 0.9777 -0.2097
vn 0.0763 0.9944 0.0732
vn -0.2691 0.7920 -0.5480
vn -0.1997 0.9443 -0.2615
vn -0.1997 0.9443 -0.2617
vn 0.8434 -0.0614 -0.5337
vn 0.7485 -0.1063 -0.6546
vn 0.7019 -0.0817 -0.7076
vn 0.4790 0.0695 -0.8751
vn 0.3426 -0.0602 -0.9376
vn 0.2986 0.2395 -0.9239
vn 0.2986 0.2396 -0.9238
vn 0.4899 0.5222 -0.6981
vn 0.0062 0.7133 0.7008
vn 0.0152 0.7219 0.6918
vn 0.0104 0.7308 0.6825
vn 0.0127 0.7391 0.6735
vn 0.0007 0.7480 0.6636
vn 0.8723 -0.3610 0.3298
vn 0.8491 -0.2736 0.4519
vn 0.9911 0.0945 -0.0939
vn 0.6974 -0.5523 0.4567
vn 0.9377 -0.3465 0.0260
vn 0.9499 -0.3113 -0.0267
vn 0.9427 -0.3300 0.0495
vn 0.9325 -0.3212 -0.1652
vn 0.9004 -0.3251 -0.2891
vn 0.8570 -0.3647 -0.3640
vn 0.8491 -0.3789 -0.3681
vn 0.0452 -0.7338 -0.6779
vn -0.0183 -0.7155 -0.6984
vn -0.0234 -0.7367 -0.6759
vn 0.2809 -0.7005 -0.6560
vn 0.1674 -0.8157 -0.5537
vn 0.2791 -0.6328 -0.7222
vn -0.0061 -0.6954 -0.7186
vn 0.0328 -0.7276 -0.6852
vn 0.4444 -0.6668 -0.5982
vn 0.3073 -0.5611 -0.7686
vn 0.2280 -0.7092 -0.6672
vn 0.4151 -0.4744 -0.7763
vn 0.0508 -0.7877 -0.6139
vn 0.1974 -0.5999 -0.7754
vn -0.1441 -0.8957 -0.4207
vn -0.0762 -0.8875 -0.4544
vn -0.2862 -0.8790 -0.3815
vn -0.1663 -0.9281 -0.3332
vn -0.0159 -0.7746 -0.6323
vn -0.0839 -0.9430 -0.3222
vn -0.0254 -0.9488 -0.3149
vn -0.0312 -0.9484 -0.3155
vn 0.3484 -0.6040 -0.7168
vn 0.2050 -0.6843 -0.6998
vn 0.2719 -0.7524 -0.6000
vn -0.0131 -0.8280 -0.5606
vn 0.0206 -0.7995 -0.6004
vn 0.0818 -0.7532 -0.6527
vn 0.2760 -0.6503 -0.7078
vn 0.2154 -0.5168 -0.8286
vn 0.2317 -0.5318 -0.8145
vn 0.1557 -0.4972 -0.8536
vn -0.0645 -0.4970 -0.8654
vn -0.0186 -0.4557 -0.8899
vn 0.1557 -0.4972 -0.8535
vn 0.0560 -0.5484 -0.8343
vn -0.0544 -0.3376 -0.9397
vn 0.0963 -0.4815 -0.8712
vn -0.0124 -0.2520 -0.9676
vn -0.3718 -0.2947 -0.8803
vn 0.0923 -0.3810 -0.9200
vn 0.0119 -0.7190 -0.6949
vn 0.1241 -0.7260 -0.6765
vn 0.0484 -0.0248 -0.9985
vn 0.0803 -0.4267 -0.9008
vn 0.0299 -0.7593 -0.6500
vn -0.0674 -0.8040 -0.5908
vn 0.1910 0.0109 -0.9815
vn 0.0135 -0.8494 -0.5275
vn 0.1243 -0.0939 -0.9878
vn 0.0993 -0.3165 -0.9434
vn 0.0542 -0.1983 -0.9786
vn 0.0434 -0.2601 -0.9646
vn 0.0247 -0.6540 -0.7561
vn 0.0361 -0.3007 -0.9530
vn 0.0135 -0.8495 -0.5275
vn 0.0136 -0.8494 -0.5276
vn -0.5416 0.3903 -0.7445
vn -0.3959 0.2560 -0.8819
vn -0.7492 0.0419 -0.6610
vn -0.7629 0.3142 -0.5650
vn -0.6358 0.0451 -0.7705
vn 0.2790 -0.3116 -0.9083
vn 0.2684 -0.5771 -0.7713
vn 0.2688 -0.5243 -0.8080
vn 0.1537 -0.5019 -0.8512
vn 0.2284 -0.2341 -0.9450
vn 0.0204 -0.2083 -0.9779
vn 0.0858 -0.5752 -0.8135
vn 0.1054 -0.6362 -0.7643
vn 0.1237 -0.6448 -0.7542
vn 0.0944 -0.6189 -0.7798
vn 0.0817 -0.6287 -0.7734
vn 0.1053 -0.6648 -0.7395
vn 0.1053 -0.6649 -0.7395
vn 0.2818 0.8969 -0.3409
vn 0.1536 0.7529 -0.6400
vn 0.0718 0.6212 -0.7803
vn 0.0618 0.7356 -0.6745
vn 0.1195 0.6622 -0.7397
vn -0.0295 0.8635 -0.5035
vn -0.0150 0.8877 -0.4602
vn -0.3318 0.7815 -0.5284
vn -0.2225 0.7641 -0.6055
vn -0.1779 0.9242 -0.3381
vn 0.2559 0.8729 -0.4154
vn 0.1520 0.8754 -0.4588
vn 0.3077 0.8080 -0.5025
vn 0.3462 0.6609 -0.6658
vn 0.3563 0.6494 -0.6718
vn 0.4455 -0.5358 0.7172
vn 0.4603 -0.3432 0.8187
vn 0.4685 -0.4879 0.7365
vn 0.3624 -0.8221 0.4391
vn 0.5958 -0.7202 0.3555
vn -0.0622 -0.5520 0.8315
vn -0.0383 -0.4662 0.8838
vn -0.0321 -0.3361 0.9413
vn 0.2975 -0.2620 0.9181
vn 0.2323 -0.2193 0.9476
vn 0.1012 -0.3588 0.9279
vn 0.6827 -0.0047 -0.7307
vn 0.7448 -0.0291 -0.6667
vn 0.7526 -0.0108 -0.6584
vn 0.6078 -0.0041 -0.7941
vn 0.4892 0.0617 -0.8700
vn 0.4833 0.0303 -0.8749
vn 0.4172 0.1352 -0.8987
vn 0.3858 0.1591 -0.9088
vn 0.3553 0.1678 -0.9196
vn 0.3407 0.1418 -0.9294
vn 0.8018 -0.5250 0.2854
vn 0.3321 -0.8541 0.4002
vn 0.4666 -0.7911 0.3954
vn 0.0554 -0.9116 0.4074
vn 0.0706 -0.9197 0.3863
vn -0.7585 -0.5936 -0.2688
vn -0.9729 -0.2081 -0.1012
vn -0.9347 -0.3288 -0.1350
vn -0.9980 -0.0581 -0.0264
vn -0.9748 -0.1308 0.1807
vn -0.9099 -0.4148 -0.0032
vn -0.8741 0.1095 0.4733
vn -0.9552 -0.0298 0.2944
vn 0.8642 -0.3549 0.3567
vn 0.8642 -0.3548 0.3567
vn 0.8642 -0.3548 0.3568
vn 0.8643 -0.3548 0.3566
vn 0.8642 -0.3547 0.3568
vn 0.8642 -0.3567 0.3549
vn 0.8642 -0.3568 0.3548
vn 0.8642 -0.3567 0.3548
vn 0.8643 -0.3566 0.3548
vn 0.8642 -0.3568 0.3547
vn 0.7483 -0.3227 0.5796
vn -0.2471 -0.9133 -0.3236
vn -0.0317 -0.7191 -0.6942
vn 0.0884 -0.8452 0.5271
vn 0.2737 0.6781 -0.6821
vn 0.1993 0.9427 0.2676
vn -0.8053 -0.4126 -0.4257
vn 0.7620 0.1649 0.6263
vn 0.5616 -0.1865 0.8061
vn 0.9786 -0.1599 -0.1292
vn 0.9331 -0.2327 -0.2743
vn 0.3928 -0.5947 0.7014
vn 0.4256 -0.6015 0.6761
vn 0.5435 -0.3161 0.7776
vn -0.8569 0.3092 0.4125
vn 0.4937 -0.4344 0.7533
vn 0.4951 -0.4346 0.7523
vn 0.3220 -0.1559 0.9338
vn -0.8250 -0.0160 0.5649
vn -0.7240 -0.2756 0.6324
vn -0.2582 -0.5683 0.7813
vn -0.2127 0.1655 -0.9630
vn 0.9354 -0.2678 -0.2307
vn -0.2584 -0.5684 0.7811
vn 0.4056 -0.8478 0.3416
vn -0.2728 -0.9609 -0.0476
vn 0.8464 0.2423 0.4742
vn 0.4777 -0.1986 0.8558
vn 0.5395 -0.5954 0.5954
vn 0.5395 -0.5953 0.5954
vn 0.4777 -0.8558 0.1986
vn 0.4938 -0.7533 0.4344
vn 0.4951 -0.7523 0.4347
vn -0.7741 -0.5030 -0.3844
vn 0.4256 -0.6761 0.6015
vn 0.3928 -0.7014 0.5947
vn 0.5436 -0.7776 0.3162
vn 0.3217 -0.9340 0.1556
vn -0.5319 -0.8295 0.1706
vn -0.8250 -0.5649 0.0159
vn -0.2582 -0.7813 0.5683
vn -0.2127 0.9630 -0.1652
vn -0.8768 -0.3029 0.3735
vn 0.9354 0.2307 0.2678
vn -0.2583 -0.7813 0.5682
vn 0.4058 -0.3414 0.8478
vn 0.8464 -0.4742 -0.2423
vn -0.2726 0.0474 0.9610
vn 0.8117 0.3657 0.4554
vn -0.8775 0.3391 -0.3393
vn 0.6977 -0.6806 -0.2238
vn 0.7483 -0.5796 0.3227
vn -0.2472 0.3237 0.9133
vn -0.0317 0.6942 0.7191
vn 0.0884 -0.5271 0.8452
vn 0.2737 0.6821 -0.6781
vn 0.1992 -0.2675 -0.9428
vn -0.8053 0.4257 0.4126
vn 0.7619 -0.6263 -0.1649
vn 0.5617 -0.8061 0.1866
vn 0.9786 0.1292 0.1599
vn 0.9331 0.2743 0.2327
vn 0.8117 -0.4554 -0.3657
vn -0.8775 0.3393 -0.3391
vn 0.6975 0.2242 0.6806
vn 0.9450 0.3179 -0.0765
vn 0.9509 0.2988 -0.0807
vn 0.9387 0.3369 -0.0724
vn 0.2772 -0.0646 0.9586
vn 0.3387 -0.0179 0.9407
vn 0.3452 -0.0301 0.9380
vn 0.1860 -0.0168 0.9824
vn 0.2101 0.0635 0.9756
vn 0.2765 0.2659 0.9235
vn 0.4656 0.3984 0.7903
vn 0.4807 0.4943 0.7243
vn 0.6155 0.5121 0.5991
vn -0.6023 -0.7518 -0.2684
vn -0.6014 -0.7529 -0.2673
vn 0.4019 -0.8471 0.3477
vn -0.3780 0.3743 -0.8468
vn -0.6940 0.5400 -0.4763
vn -0.7399 0.5571 -0.3772
vn -0.6702 0.6905 -0.2720
vn -0.2581 -0.5684 0.7812
vn -0.7057 -0.1801 0.6853
vn -0.7242 -0.1617 0.6704
vn -0.8914 -0.2041 0.4047
vn -0.2126 0.1656 -0.9630
vn -0.7051 0.7076 -0.0464
vn -0.3867 0.8763 -0.2874
vn -0.3000 0.6969 -0.6514
vn -0.2189 0.9696 -0.1091
vn -0.3305 0.9359 0.1220
vn -0.2942 0.7594 -0.5803
vn -0.3307 0.9323 0.1466
vn -0.2933 0.9541 0.0607
vn -0.7052 0.7075 -0.0465
vn -0.6703 0.6905 -0.2718
vn -0.8120 0.4888 0.3190
vn -0.8119 0.4888 0.3192
vn -0.5112 0.5114 0.6907
vn -0.7052 0.7075 -0.0464
vn -0.8569 0.3091 0.4125
vn -0.7399 0.5570 -0.3772
vn -0.4746 0.4393 0.7627
vn -0.8568 0.3092 0.4126
vn -0.0244 0.4551 0.8901
vn -0.0261 0.8919 0.4515
vn -0.6744 0.0519 0.7365
vn -0.1650 0.7275 0.6659
vn -0.8780 0.0993 0.4682
vn -0.8132 0.0608 0.5788
vn -0.8729 0.4477 -0.1937
vn -0.8780 0.0993 0.4683
vn -0.8774 0.3392 -0.3392
vn -0.6940 0.5399 -0.4763
vn -0.9376 -0.2460 0.2459
vn -0.9376 -0.2458 0.2458
vn -0.7565 -0.4625 0.4625
vn -0.8574 0.2449 0.4527
vn -0.8147 0.2071 0.5416
vn -0.6267 0.2447 0.7399
vn -0.7537 0.1104 0.6479
vn -0.5777 0.2365 0.7812
vn -0.0828 0.5159 0.8526
vn -0.0202 0.6225 0.7823
vn -0.0624 0.4738 0.8784
vn -0.0592 0.4171 0.9069
vn 0.0445 0.3434 0.9381
vn 0.0095 0.6608 0.7505
vn 0.1758 0.7209 0.6703
vn 0.1178 -0.4272 -0.8964
vn 0.1540 -0.4587 -0.8751
vn 0.1314 -0.4324 -0.8920
vn 0.0055 -0.2379 -0.9713
vn -0.3001 0.6970 -0.6513
vn -0.0694 0.0773 -0.9946
vn -0.2941 0.7595 -0.5802
vn -0.0273 0.1299 -0.9912
vn -0.0101 0.0559 -0.9984
vn 0.2923 -0.9544 -0.0609
vn 0.3303 -0.9324 -0.1470
vn 0.3461 -0.9214 -0.1766
vn 0.3302 -0.9359 -0.1224
vn 0.3350 -0.9384 0.0844
vn 0.2188 -0.9698 0.1081
vn 0.3875 -0.8744 0.2921
vn 0.5362 -0.7378 0.4101
vn 0.4878 -0.7793 0.3935
vn 0.4162 -0.8484 0.3271
vn 0.6093 -0.6485 0.4563
vn 0.6103 -0.6586 0.4402
vn -0.0095 0.7071 -0.7071
vn -0.0131 0.7304 -0.6829
vn -0.0094 0.7244 -0.6893
vn -0.0058 0.7071 -0.7071
vn 0.0337 -0.7048 0.7086
vn 0.0337 -0.7067 0.7067
vn -0.8620 0.2914 0.4148
vn -0.8667 0.2898 0.4059
vn -0.8571 0.2929 0.4237
vn -0.1151 0.7412 -0.6613
vn -0.0744 0.8191 -0.5688
vn -0.0925 0.8343 -0.5434
vn -0.0983 0.8163 -0.5691
vn -0.1509 0.5695 -0.8080
vn -0.2153 0.3483 -0.9123
vn -0.2329 0.2973 -0.9259
vn -0.2808 0.1409 -0.9494
vn -0.0550 -0.4333 0.8995
vn -0.0540 -0.4280 0.9022
vn -0.0520 -0.4344 0.8992
vn -0.1256 -0.5743 0.8089
vn -0.1603 -0.6378 0.7534
vn -0.2626 -0.7915 0.5518
vn 0.5366 0.8290 0.1574
vn 0.6051 0.7961 0.0116
vn 0.5365 0.8290 0.1576
vn 0.4536 0.8395 0.2991
vn -0.7148 0.4945 -0.4945
vn -0.7665 0.4541 -0.4541
vn -0.6526 0.7271 -0.2133
vn -0.2594 0.6829 -0.6829
vn -0.5175 0.8313 0.2027
vn -0.2246 0.9134 -0.3394
vn -0.0527 0.7061 -0.7061
vn 0.0082 0.9196 0.3928
vn 0.0240 0.9781 -0.2069
vn 0.2380 0.8736 0.4245
vn 0.1680 0.9636 -0.2078
vn 0.4015 0.6476 -0.6476
vn 0.4713 0.8553 0.2154
vn 0.7492 0.4683 -0.4683
vn 0.1021 0.9924 -0.0685
vn 0.2062 0.6919 -0.6919
vn -0.0765 0.8821 -0.4647
vn -0.0866 0.7045 -0.7045
vn -0.2737 0.9504 0.1480
vn -0.1475 0.9746 0.1685
vn 0.0052 0.9973 -0.0736
vn 0.0053 0.9973 -0.0736
vn 0.1822 0.9466 0.2659
vn 0.6452 0.4213 0.6374
vn 0.2003 0.9787 -0.0442
vn 0.6196 0.1553 0.7694
vn 0.8075 -0.2858 0.5159
vn 0.4712 0.4906 0.7330
vn 0.1416 0.8710 0.4705
vn -0.1718 0.9849 0.0232
vn 0.2630 0.3965 0.8796
vn -0.2955 0.9193 0.2598
vn -0.0902 0.1717 0.9810
vn -0.1869 0.7718 0.6078
vn -0.0022 0.5416 0.8406
vn 0.0154 0.9935 0.1127
vn -0.2482 0.9103 0.3314
vn -0.4017 0.7785 0.4823
vn -0.4488 0.7672 0.4582
vn -0.4344 0.8951 0.1001
vn -0.3571 0.8935 -0.2724
vn -0.3540 0.8772 -0.3244
vn -0.3945 0.8256 -0.4034
vn -0.2633 0.7832 -0.5633
vn -0.4455 0.7382 -0.5066
vn -0.5853 0.7166 -0.3792
vn -0.5265 0.7339 -0.4291
vn -0.5883 0.7156 -0.3766
vn -0.5423 0.6715 -0.5050
vn -0.5048 0.6104 -0.6104
vn -0.5050 0.6103 -0.6103
vn -0.1016 0.9253 0.3654
vn -0.0885 0.9958 -0.0217
vn 0.0255 0.9898 -0.1404
vn -0.0125 0.9442 0.3292
vn 0.1117 0.8836 -0.4548
vn -0.1203 0.8575 -0.5003
vn -0.1495 0.6992 -0.6992
vn 0.2745 0.6800 -0.6799
vn 0.1548 0.8787 -0.4516
vn -0.1389 0.8394 -0.5255
vn 0.0985 0.7037 -0.7037
vn -0.1288 0.7012 -0.7012
vn 0.0914 0.8983 0.4298
vn -0.0348 0.9982 -0.0490
vn 0.0675 0.8997 0.4313
vn 0.0491 0.8185 0.5725
vn 0.0274 0.5335 0.8454
vn 0.1108 0.4909 0.8641
vn -0.0039 0.7046 0.7095
vn 0.0286 0.9307 0.3647
vn 0.1437 0.5511 0.8219
vn 0.2572 0.3976 0.8808
vn 0.1216 0.7322 0.6701
vn 0.2716 0.2572 0.9274
vn 0.2255 0.1172 0.9672
vn -0.4086 -0.2252 0.8845
vn -0.3295 -0.4304 0.8404
vn -0.4459 -0.2108 0.8699
vn -0.5306 -0.1297 0.8377
vn -0.5606 -0.3310 0.7591
vn -0.9120 0.1490 0.3821
vn -0.6509 0.0073 0.7592
vn -0.5351 -0.5974 0.5974
vn -0.0861 -0.7045 0.7045
vn -0.9767 0.1517 -0.1518
vn -0.8320 0.4777 -0.2821
vn -0.8219 0.4027 -0.4027
vn -0.8171 0.5614 0.1312
vn -0.8041 0.3851 0.4530
vn -0.7741 0.2873 0.5641
vn -0.6568 -0.0037 0.7540
vn -0.1077 -0.6287 -0.7702
vn -0.0020 -0.8510 -0.5252
vn 0.0992 -0.9856 -0.1368
vn -0.1121 -0.6216 -0.7753
vn -0.1151 -0.8263 -0.5514
vn -0.1666 -0.7969 -0.5807
vn -0.3017 -0.3034 -0.9039
vn -0.2266 -0.3323 -0.9155
vn -0.9451 -0.3268 0.0062
vn -0.9994 -0.0238 0.0238
vn -0.9949 -0.0714 0.0714
vn -0.8489 -0.5093 0.1414
vn -0.7211 -0.6778 0.1436
vn -0.7366 -0.5590 0.3807
vn 0.8001 0.4657 -0.3782
vn 0.8238 0.4009 -0.4009
vn 0.8135 0.4112 -0.4112
vn 0.7094 0.4555 -0.5378
vn 0.7836 0.3372 -0.5218
vn 0.8458 0.1951 -0.4966
vn 0.9243 0.1559 -0.3484
vn 0.9057 0.2424 -0.3477
vn 0.8766 0.2777 -0.3929
vn 0.8932 0.3170 -0.3189
vn 0.1919 -0.3579 0.9138
vn 0.1488 -0.3818 0.9122
vn 0.1425 -0.3467 0.9271
vn 0.1176 -0.3407 0.9328
vn 0.1292 -0.2752 0.9527
vn 0.9999 0.0109 -0.0109
vn 0.8578 0.4538 0.2416
vn 0.9851 0.1217 -0.1217
vn 0.8313 0.5386 0.1371
vn 0.8903 -0.3220 0.3220
vn 0.7588 -0.3927 0.5196
vn 0.7983 -0.4934 0.3454
vn 0.8724 -0.4512 0.1881
vn 0.9516 -0.2925 0.0945
vn 0.9805 -0.1388 0.1388
vn 0.8416 -0.5215 0.1405
vn 0.8147 -0.5641 0.1343
vn 0.8141 -0.5733 0.0923
vn 0.8090 -0.5818 0.0841
vn 0.6524 -0.6847 -0.3249
vn 0.9317 -0.2569 0.2569
vn 0.6524 0.3249 0.6847
vn 0.9450 0.0765 -0.3179
vn 0.9509 0.0807 -0.2988
vn 0.9387 0.0724 -0.3369
vn 0.2772 -0.9586 0.0646
vn 0.3452 -0.9380 0.0301
vn 0.3387 -0.9407 0.0179
vn 0.1860 -0.9824 0.0168
vn 0.2101 -0.9756 -0.0635
vn 0.2766 -0.9235 -0.2657
vn 0.4657 -0.7903 -0.3983
vn 0.4807 -0.7245 -0.4940
vn 0.6156 -0.5992 -0.5119
vn -0.6021 0.2682 0.7520
vn -0.2725 0.0475 0.9610
vn -0.6012 0.2671 0.7531
vn -0.6021 0.2683 0.7520
vn 0.4056 -0.3415 0.8478
vn -0.3779 0.8469 -0.3742
vn -0.7399 0.3772 -0.5571
vn -0.6940 0.4763 -0.5400
vn -0.6702 0.2720 -0.6905
vn -0.2581 -0.7813 0.5684
vn -0.7242 -0.6703 0.1618
vn -0.7058 -0.6852 0.1800
vn -0.8913 -0.4047 0.2042
vn -0.2126 0.9631 -0.1653
vn -0.7052 0.0465 -0.7075
vn -0.3867 0.2874 -0.8763
vn -0.2999 0.6514 -0.6969
vn -0.2191 0.1090 -0.9696
vn -0.3305 -0.1220 -0.9359
vn -0.2941 0.5803 -0.7594
vn -0.3307 -0.1466 -0.9323
vn -0.2933 -0.0607 -0.9541
vn -0.7052 0.0465 -0.7074
vn -0.7740 -0.5031 -0.3844
vn -0.6703 0.2719 -0.6905
vn -0.7740 -0.5030 -0.3846
vn -0.7052 0.0464 -0.7075
vn -0.5113 -0.6907 -0.5114
vn -0.8924 -0.2659 -0.3644
vn -0.7399 0.3772 -0.5570
vn -0.4746 -0.7627 -0.4393
vn -0.7740 -0.5032 -0.3844
vn -0.5112 -0.6908 -0.5114
vn -0.8924 -0.2659 -0.3645
vn -0.0244 -0.8901 -0.4551
vn -0.0261 -0.4515 -0.8919
vn -0.6744 -0.7365 -0.0519
vn -0.1650 -0.6659 -0.7275
vn -0.8780 -0.4682 -0.0993
vn -0.8132 -0.5788 -0.0608
vn -0.8729 0.1937 -0.4477
vn -0.8780 -0.4683 -0.0993
vn -0.6940 0.4763 -0.5399
vn -0.8573 -0.4531 -0.2444
vn -0.8147 -0.5416 -0.2071
vn -0.6267 -0.7399 -0.2447
vn -0.7537 -0.6479 -0.1104
vn -0.5777 -0.7813 -0.2365
vn -0.0828 -0.8526 -0.5159
vn -0.0202 -0.7823 -0.6225
vn -0.0624 -0.8784 -0.4738
vn -0.0592 -0.9070 -0.4171
vn 0.0446 -0.9381 -0.3434
vn 0.0095 -0.7505 -0.6608
vn 0.1758 -0.6703 -0.7210
vn 0.1180 0.8963 0.4275
vn 0.1316 0.8919 0.4327
vn 0.1542 0.8750 0.4589
vn -0.3781 0.8468 -0.3742
vn 0.0056 0.9712 0.2381
vn -0.3001 0.6513 -0.6970
vn -0.0694 0.9946 -0.0773
vn -0.2942 0.5801 -0.7595
vn -0.0273 0.9912 -0.1299
vn -0.0101 0.9984 -0.0559
vn 0.2922 0.0609 0.9544
vn 0.3461 0.1766 0.9214
vn 0.3303 0.1470 0.9324
vn 0.3302 0.1223 0.9359
vn 0.3350 -0.0844 0.9384
vn 0.2186 -0.1081 0.9698
vn 0.3875 -0.2921 0.8744
vn 0.5362 -0.4101 0.7378
vn 0.4878 -0.3935 0.7793
vn 0.4162 -0.3271 0.8484
vn 0.6093 -0.4564 0.6485
vn 0.6103 -0.4402 0.6586
vn -0.0094 0.6893 -0.7244
vn -0.0131 0.6829 -0.7304
vn 0.0337 -0.7086 0.7048
vn -0.8620 -0.4149 -0.2914
vn -0.8620 -0.4148 -0.2914
vn -0.8667 -0.4059 -0.2899
vn -0.8571 -0.4238 -0.2929
vn -0.1151 0.6614 -0.7412
vn -0.0925 0.5434 -0.8343
vn -0.0744 0.5688 -0.8191
vn -0.0983 0.5691 -0.8163
vn -0.1510 0.8080 -0.5695
vn -0.2153 0.9123 -0.3483
vn -0.2329 0.9259 -0.2973
vn -0.2808 0.9494 -0.1409
vn -0.0550 -0.8996 0.4333
vn -0.0520 -0.8992 0.4343
vn -0.0541 -0.9022 0.4280
vn -0.1256 -0.8089 0.5743
vn -0.1603 -0.7533 0.6378
vn -0.2626 -0.5518 0.7915
vn 0.5365 -0.1575 -0.8290
vn 0.5365 -0.1576 -0.8291
vn 0.6050 -0.0117 -0.7961
vn 0.4535 -0.2992 -0.8395
vn -0.6526 0.2133 -0.7271
vn -0.5175 -0.2028 -0.8313
vn -0.2246 0.3394 -0.9134
vn 0.0082 -0.3928 -0.9196
vn 0.0240 0.2069 -0.9781
vn 0.2380 -0.4245 -0.8736
vn 0.1680 0.2078 -0.9636
vn 0.4713 -0.2154 -0.8553
vn 0.1021 0.0685 -0.9924
vn -0.0764 0.4648 -0.8821
vn -0.2738 -0.1482 -0.9503
vn -0.1476 -0.1688 -0.9745
vn 0.0052 0.0736 -0.9973
vn 0.1822 -0.2659 -0.9466
vn 0.2003 0.0441 -0.9787
vn 0.6452 -0.6374 -0.4213
vn 0.6195 -0.7695 -0.1553
vn 0.8075 -0.5159 0.2858
vn 0.4712 -0.7330 -0.4906
vn 0.1416 -0.4705 -0.8710
vn -0.1718 -0.0232 -0.9849
vn 0.2630 -0.8796 -0.3965
vn -0.2955 -0.2599 -0.9193
vn -0.0902 -0.9810 -0.1717
vn -0.1868 -0.6078 -0.7718
vn -0.0022 -0.8406 -0.5416
vn 0.0154 -0.1128 -0.9935
vn -0.2483 -0.3315 -0.9102
vn -0.4016 -0.4824 -0.7785
vn -0.4488 -0.4582 -0.7672
vn -0.4344 -0.1001 -0.8951
vn -0.3571 0.2724 -0.8935
vn -0.3540 0.3245 -0.8771
vn -0.3945 0.4034 -0.8256
vn -0.2633 0.5633 -0.7832
vn -0.4455 0.5066 -0.7382
vn -0.5853 0.3792 -0.7166
vn -0.5265 0.4291 -0.7339
vn -0.5884 0.3766 -0.7155
vn -0.5423 0.5050 -0.6715
vn -0.1017 -0.3654 -0.9253
vn -0.0885 0.0217 -0.9958
vn 0.0256 0.1404 -0.9898
vn -0.0125 -0.3292 -0.9442
vn 0.1117 0.4548 -0.8836
vn -0.1203 0.5003 -0.8575
vn 0.1548 0.4516 -0.8787
vn -0.1389 0.5255 -0.8394
vn 0.0914 -0.4298 -0.8983
vn 0.0674 -0.4312 -0.8997
vn -0.0348 0.0490 -0.9982
vn 0.0491 -0.5725 -0.8184
vn 0.0274 -0.8454 -0.5335
vn 0.1108 -0.8641 -0.4909
vn -0.0039 -0.7095 -0.7047
vn 0.0286 -0.3647 -0.9307
vn 0.1437 -0.8220 -0.5511
vn 0.2571 -0.8808 -0.3976
vn 0.1216 -0.6701 -0.7322
vn 0.2716 -0.9274 -0.2572
vn 0.2254 -0.9672 -0.1171
vn -0.4086 -0.8845 0.2252
vn -0.4459 -0.8699 0.2107
vn -0.3295 -0.8404 0.4303
vn -0.5306 -0.8376 0.1297
vn -0.5605 -0.7591 0.3310
vn -0.9120 -0.3821 -0.1490
vn -0.6509 -0.7591 -0.0073
vn -0.8321 0.2820 -0.4776
vn -0.8171 -0.1312 -0.5614
vn -0.8041 -0.4530 -0.3850
vn -0.7741 -0.5641 -0.2873
vn -0.6568 -0.7540 0.0036
vn -0.1077 0.7702 0.6287
vn 0.0992 0.1368 0.9856
vn -0.0020 0.5252 0.8510
vn -0.1121 0.7753 0.6215
vn -0.1151 0.5515 0.8262
vn -0.1666 0.5807 0.7969
vn -0.3016 0.9039 0.3034
vn -0.2266 0.9156 0.3323
vn -0.9451 -0.0062 0.3268
vn -0.8489 -0.1414 0.5093
vn -0.7211 -0.1436 0.6778
vn -0.7366 -0.3807 0.5590
vn 0.8001 0.3781 -0.4658
vn 0.7094 0.5378 -0.4555
vn 0.7836 0.5218 -0.3372
vn 0.8458 0.4966 -0.1951
vn 0.9243 0.3484 -0.1559
vn 0.9057 0.3477 -0.2424
vn 0.8766 0.3929 -0.2777
vn 0.8932 0.3189 -0.3170
vn 0.1919 -0.9139 0.3579
vn 0.1425 -0.9271 0.3467
vn 0.1488 -0.9122 0.3818
vn 0.1176 -0.9328 0.3407
vn 0.1292 -0.9527 0.2752
vn 0.8578 -0.2416 -0.4538
vn 0.8314 -0.1371 -0.5386
vn 0.7983 -0.3454 0.4934
vn 0.7588 -0.5196 0.3927
vn 0.8724 -0.1881 0.4512
vn 0.9516 -0.0945 0.2925
vn 0.8416 -0.1405 0.5215
vn 0.8147 -0.1343 0.5641
vn 0.8141 -0.0923 0.5733
vn 0.8090 -0.0841 0.5818
vn -0.2203 0.6897 -0.6897
vn -0.3447 0.9371 0.0553
vn -0.4328 0.6375 -0.6375
vn -0.3447 -0.0552 -0.9371
vn -0.8047 0.4198 -0.4198
vn -0.7136 0.6148 -0.3358
vn -0.7150 0.4944 -0.4944
vn -0.5878 0.7447 -0.3162
vn -0.6193 0.5552 -0.5552
vn -0.4918 0.8359 -0.2435
vn -0.5406 0.5949 -0.5949
vn -0.3766 0.8963 -0.2342
vn -0.4640 0.6264 -0.6264
vn -0.3682 0.6574 -0.6574
vn -0.2814 0.9229 -0.2629
vn -0.7136 0.3358 -0.6148
vn -0.5878 0.3162 -0.7447
vn -0.4918 0.2435 -0.8359
vn -0.3766 0.2342 -0.8963
vn -0.2814 0.2629 -0.9229
vn 0.8410 0.4648 0.2769
vn 0.5878 0.4640 -0.6627
vn -0.1325 -0.6066 -0.7839
vn -0.0429 -0.5944 -0.8030
vn -0.0429 0.8030 0.5944
vn -0.1324 0.7839 0.6066
vn -0.2106 0.3976 0.8931
vn -0.2108 0.3892 0.8967
vn -0.2106 0.3977 0.8930
vn -0.2104 0.4062 0.8892
vn 0.8323 0.1421 -0.5358
vn 0.7608 -0.3151 -0.5674
vn 0.8323 0.1420 -0.5358
vn 0.7249 0.5686 -0.3888
vn -0.2125 -0.8986 -0.3840
vn -0.2127 -0.8991 -0.3827
vn -0.2125 -0.8986 -0.3838
vn -0.2122 -0.8981 -0.3852
vn 0.9717 -0.2280 -0.0610
vn 0.9732 -0.2229 -0.0564
vn 0.9371 -0.3486 0.0202
vn 0.9369 -0.3490 0.0195
vn 0.8662 -0.4967 0.0544
vn 0.9718 -0.2280 -0.0609
vn 0.8637 -0.5030 0.0319
vn 0.8742 -0.4308 -0.2243
vn 0.9108 -0.0269 -0.4120
vn 0.8621 -0.0570 -0.5035
vn 0.8747 0.3418 -0.3436
vn 0.8550 0.3658 -0.3676
vn 0.9071 0.4202 0.0227
vn 0.8641 0.5008 0.0506
vn 0.8679 0.2474 0.4307
vn 0.8613 -0.0103 0.5080
vn 0.8654 -0.0508 0.4984
vn 0.9402 -0.0329 0.3391
vn 0.9753 0.0455 0.2160
vn 0.9779 0.0363 0.2060
vn 0.0230 0.9985 -0.0500
vn 0.0779 0.9449 0.3179
vn -0.3724 0.9249 0.0771
vn -0.1405 0.8906 0.4325
vn -0.5499 0.8296 -0.0967
vn -0.4111 0.8995 0.1477
vn -0.5428 0.8071 -0.2324
vn -0.6203 0.5531 -0.5562
vn -0.7350 0.4781 -0.4808
vn -0.7281 0.4834 -0.4861
vn -0.4134 0.0449 -0.9095
vn -0.5300 -0.0200 -0.8478
vn -0.5428 0.2278 -0.8084
vn -0.4111 -0.1528 -0.8987
vn -0.4355 -0.4262 -0.7929
vn -0.1488 -0.3054 -0.9405
vn 0.0230 0.0443 -0.9988
vn -0.9043 -0.2149 0.3690
vn -0.9611 0.1555 0.2281
vn -0.9126 -0.0457 0.4063
vn -0.9013 -0.3694 0.2263
vn -0.9087 -0.4152 0.0444
vn -0.9432 -0.2797 -0.1793
vn 0.9962 -0.0606 0.0622
vn 0.9962 -0.0611 0.0614
vn 0.9962 -0.0607 0.0621
vn 0.9962 -0.0605 0.0624
vn 0.0304 0.7224 0.6908
vn 0.0057 0.7091 0.7051
vn 0.0058 0.7090 0.7051
vn 0.0387 0.6831 0.7293
vn 0.0969 0.7639 0.6380
vn 0.1461 0.7267 0.6712
vn 0.1789 0.7080 0.6832
vn 0.1336 0.6743 0.7262
vn -0.0495 0.6105 0.7904
vn 0.0524 0.5585 0.8278
vn 0.2447 0.7380 0.6288
vn -0.0090 -0.7673 -0.6413
vn 0.0199 -0.7889 -0.6143
vn -0.0036 -0.7600 -0.6499
vn -0.0544 -0.6842 -0.7273
vn -0.0713 -0.5631 -0.8233
vn -0.1078 -0.6155 -0.7808
vn -0.1441 -0.7011 -0.6984
vn -0.1408 -0.6472 -0.7492
vn -0.2167 -0.6960 -0.6846
vn -0.1060 -0.5134 -0.8516
vn -0.1317 -0.5018 -0.8549
vn -0.1107 -0.5365 -0.8366
vn -0.0905 -0.6072 -0.7894
vn -0.0706 -0.6549 -0.7524
vn -0.1040 -0.7062 -0.7003
vn -0.1378 -0.7128 -0.6877
vn -0.0244 -0.7063 -0.7075
vn -0.0017 -0.7040 -0.7102
vn 0.0005 -0.7096 -0.7046
vn -0.0095 -0.7072 -0.7069
vn -0.0058 -0.7138 -0.7004
vn 0.2022 -0.6899 0.6951
vn 0.1120 -0.7007 0.7046
vn 0.2022 -0.6905 0.6945
vn 0.2255 -0.6748 0.7027
vn 0.2850 -0.6729 0.6826
vn 0.2289 -0.6510 0.7238
vn 0.1671 -0.6614 0.7312
vn 0.1554 -0.6985 0.6985
vn -0.9971 -0.0532 -0.0545
vn -0.9973 -0.0492 -0.0544
vn -0.9969 -0.0572 -0.0546
vn 0.0668 0.7024 0.7086
vn 0.0703 0.6728 0.7365
vn 0.0445 0.7050 0.7078
vn 0.0211 0.7168 0.6970
vn 0.0379 0.7125 0.7006
vn 0.1028 0.7027 0.7041
vn 0.1538 0.6966 0.7008
vn 0.1565 0.6762 0.7199
vn 0.5985 0.5376 -0.5939
vn 0.7312 0.4634 -0.5005
vn 0.7316 0.4640 -0.4995
vn 0.4468 0.5971 -0.6662
vn 0.0339 0.6608 -0.7498
vn 0.0385 0.6649 -0.7459
vn -0.2172 0.6445 -0.7331
vn -0.2167 0.6409 -0.7364
vn 0.7304 -0.5098 0.4546
vn 0.7341 -0.5096 0.4488
vn 0.7267 -0.5099 0.4603
vn -0.4315 -0.6360 0.6397
vn -0.2927 -0.6742 0.6781
vn -0.5622 -0.5611 0.6075
vn -0.6782 -0.4854 0.5517
vn -0.6750 -0.4530 0.5824
vn -1.0000 -0.0000 -0.0000
vn 0.5314 0.5973 -0.6007
vn 0.5315 0.5973 -0.6006
vn 0.4780 0.6193 -0.6228
vn 0.4781 0.6193 -0.6228
vn -0.9804 -0.1388 0.1396
vn 0.2875 -0.6753 0.6792
vn 0.2876 -0.6753 0.6792
vn 0.1424 -0.7054 0.6944
vn -0.0005 -0.7125 0.7016
vn -0.1446 -0.7086 0.6907
vn -0.1318 -0.6990 0.7029
vn 0.3548 -0.6593 0.6629
vn 0.5000 -0.6106 0.6141
vn 0.1963 -0.6914 0.6953
vn 0.0366 -0.7046 0.7086
vn 0.0955 0.6876 0.7198
vn 0.1912 0.6590 0.7274
vn 0.2841 0.6241 0.7279
vn 0.9659 -0.1825 0.1836
vn -0.6104 0.5585 -0.5617
vn -0.6236 0.5512 -0.5544
vn -0.5971 0.5656 -0.5688
vn -0.5836 0.5726 -0.5758
vn 0.9071 0.2968 -0.2985
vn 0.9659 0.1825 -0.1835
vn 0.9659 0.1825 -0.1836
vn 0.8181 0.4054 -0.4077
vn 0.8208 0.4122 -0.3954
vn 0.9056 0.3085 -0.2911
vn 0.9645 0.1996 -0.1729
vn 0.9593 0.1990 -0.2001
vn -0.0575 -0.7160 -0.6958
vn -0.0466 -0.6965 -0.7160
vn -0.0367 -0.6873 -0.7255
vn -0.0276 -0.6744 -0.7379
vn -0.0133 -0.6872 -0.7263
vn -0.0071 -0.6834 -0.7300
vn -0.0163 -0.6788 -0.7342
vn -0.0122 -0.6994 -0.7147
vn 0.1149 -0.7258 -0.6783
vn 0.0955 -0.7237 -0.6835
vn -0.0003 -0.7092 -0.7050
vn 0.2841 -0.7314 -0.6199
vn 0.2841 -0.7314 -0.6200
vn -0.5000 -0.6106 0.6141
vn 0.1542 0.6986 -0.6986
vn 0.1136 0.8057 -0.5814
vn 0.1520 0.7375 -0.6580
vn 0.1070 0.8131 -0.5722
vn 0.1651 0.7001 -0.6947
vn 0.0700 0.8456 -0.5291
vn 0.1745 0.6650 -0.7261
vn 0.1672 0.6742 -0.7193
vn 0.1632 0.6994 -0.6959
vn 0.1257 0.8838 -0.4507
vn 0.1438 0.8459 -0.5136
vn 0.0004 0.7683 -0.6401
vn -0.0160 0.7091 -0.7050
vn -0.1630 0.6996 -0.6957
vn -0.1629 0.6996 -0.6957
vn 0.9703 0.1717 -0.1707
vn 0.9474 0.2270 -0.2257
vn 0.9474 0.2263 -0.2263
vn 0.9868 0.1146 -0.1146
vn 0.9999 -0.0101 0.0101
vn 0.9939 -0.0781 0.0781
vn 0.9788 -0.1454 0.1445
vn 0.9788 -0.1450 0.1450
vn 0.9962 -0.0622 0.0606
vn 0.9962 -0.0624 0.0605
vn 0.9962 -0.0616 0.0610
vn 0.9962 -0.0614 0.0611
vn 0.0058 -0.7052 -0.7090
vn 0.0057 -0.7051 -0.7091
vn 0.0304 -0.6908 -0.7224
vn 0.0387 -0.7293 -0.6831
vn 0.0969 -0.6380 -0.7639
vn 0.1461 -0.6713 -0.7266
vn 0.1789 -0.6832 -0.7080
vn 0.1336 -0.7262 -0.6743
vn -0.0496 -0.7904 -0.6106
vn 0.0524 -0.8278 -0.5585
vn 0.2447 -0.6288 -0.7380
vn -0.1851 -0.6669 0.7218
vn -0.1858 -0.6689 0.7198
vn -0.2025 -0.6629 0.7208
vn -0.2006 -0.6628 0.7214
vn -0.2303 -0.6565 0.7183
vn -0.2442 -0.6446 0.7245
vn -0.2548 -0.6383 0.7264
vn -0.2583 -0.6248 0.7368
vn -0.9971 0.0545 0.0532
vn -0.9969 0.0546 0.0572
vn -0.9971 0.0545 0.0529
vn -0.9973 0.0544 0.0492
vn 0.1538 -0.7008 -0.6966
vn 0.1565 -0.7199 -0.6762
vn 0.1028 -0.7041 -0.7027
vn 0.0379 -0.7006 -0.7125
vn -0.0000 -0.7051 -0.7091
vn 0.0211 -0.6970 -0.7168
vn 0.0445 -0.7078 -0.7050
vn 0.0668 -0.7086 -0.7024
vn 0.0703 -0.7365 -0.6728
vn 0.2255 -0.7027 0.6748
vn 0.1671 -0.7312 0.6614
vn 0.2290 -0.7238 0.6509
vn 0.2850 -0.6826 0.6729
vn 0.2023 -0.6951 0.6899
vn 0.2022 -0.6945 0.6905
vn 0.1120 -0.7046 0.7007
vn 0.1120 -0.7047 0.7007
vn -0.0036 0.6499 0.7600
vn 0.0199 0.6143 0.7889
vn -0.0091 0.6413 0.7672
vn -0.0543 0.7273 0.6842
vn -0.0713 0.8233 0.5631
vn -0.1078 0.7808 0.6154
vn -0.1441 0.6984 0.7011
vn -0.1408 0.7492 0.6472
vn -0.2167 0.6846 0.6960
vn -0.1060 0.8516 0.5133
vn -0.1316 0.8549 0.5018
vn -0.1107 0.8366 0.5365
vn -0.0906 0.7894 0.6071
vn -0.0706 0.7524 0.6549
vn -0.1040 0.7003 0.7062
vn -0.1378 0.6877 0.7128
vn -0.0243 0.7075 0.7063
vn -0.0017 0.7102 0.7040
vn 0.0005 0.7046 0.7096
vn -0.0095 0.7069 0.7072
vn -0.0057 0.7004 0.7137
vn 0.7304 -0.4546 0.5098
vn 0.7267 -0.4603 0.5099
vn 0.7341 -0.4488 0.5096
vn -0.6782 -0.5518 0.4854
vn -0.6750 -0.5824 0.4530
vn -0.5622 -0.6076 0.5611
vn -0.4315 -0.6397 0.6360
vn -0.2927 -0.6781 0.6742
vn 0.9788 -0.1445 0.1454
vn 0.9999 -0.0100 0.0101
vn 0.9703 0.1707 -0.1717
vn 0.9474 0.2257 -0.2270
vn 0.1136 0.5814 -0.8057
vn 0.1520 0.6580 -0.7375
vn 0.1070 0.5722 -0.8131
vn 0.0700 0.5291 -0.8456
vn 0.1651 0.6947 -0.7001
vn 0.1257 0.4507 -0.8838
vn 0.1745 0.7261 -0.6650
vn 0.1673 0.7193 -0.6742
vn 0.1632 0.6958 -0.6994
vn 0.1438 0.5137 -0.8459
vn 0.0004 0.6401 -0.7683
vn -0.0160 0.7050 -0.7091
vn -0.1630 0.6957 -0.6996
vn -0.1629 0.6957 -0.6996
vn -0.9712 -0.1680 0.1690
vn -0.9712 -0.1685 0.1685
vn -0.9823 -0.1325 0.1325
vn -0.9907 -0.0958 0.0964
vn -0.9972 -0.0533 0.0533
vn -0.9978 -0.0470 0.0473
vn -0.9983 -0.0409 0.0409
vn -0.9983 -0.0408 0.0410
vn -0.2548 -0.7264 0.6383
vn -0.2583 -0.7368 0.6248
vn -0.2442 -0.7245 0.6446
vn -0.2303 -0.7183 0.6565
vn -0.2025 -0.7208 0.6629
vn -0.2004 -0.7214 0.6629
vn -0.1851 -0.7218 0.6669
vn -0.1858 -0.7198 0.6689
vn 0.0339 0.7498 -0.6608
vn -0.2167 0.7364 -0.6409
vn -0.2172 0.7332 -0.6444
vn 0.0385 0.7459 -0.6649
vn 0.4467 0.6663 -0.5971
vn 0.5985 0.5939 -0.5376
vn 0.7316 0.4995 -0.4640
vn 0.7313 0.5005 -0.4634
vn -0.9978 -0.0473 0.0470
vn -0.9983 -0.0410 0.0408
vn -0.9907 -0.0965 0.0959
vn -0.9712 -0.1690 0.1680
vn 0.7935 0.4362 -0.4244
vn 0.9049 0.3066 -0.2952
vn 0.9049 0.3070 -0.2947
vn 0.6374 0.5505 -0.5392
vn 0.3406 0.6693 -0.6603
vn 0.2148 0.6944 -0.6868
vn -0.0046 0.7097 -0.7045
vn -0.0973 0.7059 -0.7016
vn -0.3804 0.6561 -0.6518
vn -0.5642 0.5864 -0.5813
vn -0.8442 0.3822 -0.3758
vn -0.9387 0.2471 -0.2403
vn -0.9994 -0.0190 0.0291
vn -0.9756 -0.1503 0.1602
vn -0.8206 -0.3994 0.4089
vn -0.6795 -0.5124 0.5250
vn -0.4629 -0.6200 0.6336
vn -0.4090 -0.6385 0.6519
vn -0.2253 -0.6813 0.6964
vn -0.0903 -0.6965 0.7119
vn 0.1809 -0.6872 0.7036
vn 0.3171 -0.6626 0.6786
vn 0.5820 -0.5671 0.5828
vn 0.7073 -0.4920 0.5076
vn 0.8940 -0.3094 0.3240
vn 0.9553 -0.2013 0.2165
vn 0.9902 -0.0916 0.1051
vn -0.0468 0.7033 0.7093
vn -0.0479 0.7093 0.7033
vn -0.0487 0.7052 0.7073
vn -0.0455 0.7025 0.7102
vn -0.0460 0.7020 0.7107
vn -0.0483 0.7034 0.7091
vn -0.0463 0.7042 0.7085
vn -0.0419 0.7045 0.7085
vn -0.0361 0.7049 0.7084
vn -0.0356 0.7049 0.7084
vn -0.0333 0.7063 0.7072
vn -0.0328 0.7072 0.7063
vn -0.0323 0.7090 0.7045
vn -0.0322 0.7096 0.7039
vn -0.0335 0.7116 0.7017
vn -0.0338 0.7121 0.7012
vn -0.0386 0.7142 0.6989
vn -0.0427 0.7150 0.6978
vn -0.0449 0.7153 0.6974
vn -0.0434 0.7147 0.6981
vn -0.0418 0.7141 0.6988
vn -0.0438 0.7133 0.6995
vn -0.0447 0.7129 0.6998
vn -0.0469 0.7110 0.7017
vn -0.0473 0.7104 0.7022
vn -0.7925 -0.4370 0.4254
vn -0.9083 -0.3015 0.2900
vn -0.9083 -0.3016 0.2900
vn -0.6275 -0.5561 0.5449
vn -0.3264 -0.6728 0.6640
vn -0.2076 -0.6955 0.6879
vn 0.0034 -0.7097 0.7045
vn 0.0953 -0.7060 0.7018
vn 0.3784 -0.6567 0.6524
vn 0.5632 -0.5868 0.5817
vn 0.8439 -0.3825 0.3762
vn 0.9386 -0.2477 0.2401
vn 0.9994 0.0194 -0.0286
vn 0.9756 0.1502 -0.1601
vn 0.8185 0.4004 -0.4120
vn 0.6737 0.5162 -0.5288
vn 0.4562 0.6224 -0.6360
vn 0.4055 0.6395 -0.6531
vn 0.2252 0.6813 -0.6965
vn 0.0901 0.6964 -0.7120
vn -0.1812 0.6871 -0.7036
vn -0.3172 0.6625 -0.6786
vn -0.5822 0.5669 -0.5828
vn -0.7078 0.4917 -0.5072
vn -0.8938 0.3097 -0.3244
vn -0.9546 0.2033 -0.2176
vn -0.9897 0.0943 -0.1078
vn 0.2076 -0.6917 0.6917
vn 0.3202 0.7162 0.6201
vn -0.3202 0.6201 0.7162
vn 0.6403 0.6307 0.4385
vn -0.6403 0.4385 0.6307
vn -0.9606 -0.0106 0.2777
vn -0.9606 -0.2777 0.0106
vn -0.6403 -0.6307 -0.4385
vn -0.3202 -0.7162 -0.6201
vn 0.3202 -0.6201 -0.7162
vn 0.6403 -0.4385 -0.6307
vn 0.9606 0.0106 -0.2777
vn 0.9606 0.2777 -0.0106
vn 0.9606 0.2778 -0.0106
vn 0.6404 0.6306 0.4384
vn 0.9606 0.0105 -0.2778
vn 0.6404 -0.4384 -0.6306
vn 0.3203 -0.6201 -0.7162
vn -0.3203 -0.7162 -0.6201
vn -0.6404 -0.6306 -0.4384
vn -0.9606 -0.2778 0.0105
vn -0.9606 -0.0106 0.2778
vn -0.6404 0.4384 0.6306
vn -0.3203 0.6201 0.7162
vn -0.1929 -0.7225 0.6639
vn -0.1728 -0.6510 0.7391
vn -0.1046 -0.6859 0.7201
vn 0.0118 -0.7199 0.6939
vn 0.2402 -0.6844 0.6884
vn 0.2751 -0.6779 0.6817
vn 0.4597 -0.6263 0.6296
vn 0.4597 -0.6262 0.6297
vn 0.6274 -0.5493 0.5520
vn 0.6560 -0.5324 0.5351
vn 0.8366 -0.4008 0.3735
vn 0.8405 -0.3569 0.4077
vn 0.9068 -0.2549 0.3358
vn 0.8882 -0.2361 0.3942
vn 0.8955 -0.3625 0.2582
vn 0.8842 -0.2703 0.3809
vn 0.8882 -0.3930 0.2379
vn 0.9321 -0.2393 0.2719
vn 0.8741 -0.3812 0.3011
vn 0.9305 -0.2829 0.2326
vn 0.9968 -0.0560 0.0563
vn 1.0000 -0.0062 0.0062
vn 0.9872 0.1123 -0.1130
vn 0.9469 0.2268 -0.2279
vn 0.9223 0.2726 -0.2741
vn 0.8057 0.4367 -0.4001
vn 0.7375 0.4565 -0.4977
vn 0.6803 0.5561 -0.4774
vn 0.7040 0.5730 -0.4196
vn 0.6966 0.4490 -0.5596
vn 0.7141 0.5437 -0.4410
vn 0.7040 0.4173 -0.5746
vn 0.6246 0.5651 -0.5390
vn 0.7314 0.4401 -0.5210
vn 0.6302 0.5230 -0.5739
vn 0.3873 0.6502 -0.6536
vn 0.3526 0.6599 -0.6635
vn 0.2129 0.6890 -0.6928
vn 0.1046 0.7012 -0.7052
vn -0.0393 0.7046 -0.7085
vn -0.0751 0.7031 -0.7071
vn -0.3291 0.6441 -0.6905
vn -0.3257 0.7016 -0.6338
vn -0.4625 0.6827 -0.5656
vn -0.4503 0.7347 -0.5074
vn -0.4359 0.5503 -0.7122
vn -0.4695 0.6977 -0.5412
vn -0.4504 0.5053 -0.7361
vn -0.5045 0.6348 -0.5853
vn -0.4439 0.5698 -0.6916
vn -0.5819 0.5468 -0.6020
vn -0.7443 0.4709 -0.4736
vn -0.8069 0.4165 -0.4189
vn -0.9000 0.3075 -0.3091
vn -0.9001 0.3072 -0.3089
vn -0.9584 0.2017 -0.2022
vn -0.9781 0.1470 -0.1473
vn -0.9979 -0.0586 0.0272
vn -0.9974 -0.0154 0.0697
vn -0.9818 -0.0819 0.1711
vn -0.9805 -0.0247 0.1949
vn -0.9843 -0.1682 0.0534
vn -0.9841 -0.0529 0.1697
vn -0.9808 -0.1929 0.0277
vn -0.9760 -0.1325 0.1727
vn -0.9892 -0.1372 0.0525
vn -0.9474 -0.2442 0.2070
vn -0.8550 -0.3657 0.3678
vn -0.8256 -0.3978 0.4001
vn -0.6949 -0.5070 0.5100
vn -0.6945 -0.5073 0.5102
vn -0.5499 -0.5888 0.5924
vn -0.5187 -0.6027 0.6064
vn -0.2620 -0.6922 0.6725
vn -0.2506 -0.6624 0.7060
vn -0.1158 -0.6683 0.7349
vn -0.1533 -0.6324 0.7593
vn -0.1352 -0.7388 0.6602
vn -0.1532 -0.7551 0.6375
vn 0.0852 0.7742 0.6272
vn 0.0894 0.7668 0.6356
vn -0.1372 0.5356 0.8332
vn -0.1480 0.5416 0.8275
vn -0.5155 0.1047 0.8505
vn -0.3329 -0.1039 0.9372
vn -0.7863 0.1889 0.5883
vn -0.7902 0.4518 0.4140
vn 0.1630 -0.2102 0.9640
vn 0.3438 0.0168 0.9389
vn -0.7035 0.6746 0.2236
vn -0.5042 0.8573 -0.1040
vn -0.2468 0.7316 0.6355
vn -0.2423 0.7407 0.6266
vn 0.1225 0.6677 0.7343
vn 0.1132 0.6630 0.7400
vn -0.1642 0.9752 -0.1481
vn 0.3574 0.9184 -0.1700
vn 0.5994 0.0315 0.7998
vn 0.8420 0.3035 0.4461
vn 0.1596 0.5483 0.8209
vn 0.1485 0.5430 0.8265
vn -0.0696 0.7819 0.6194
vn -0.0578 0.7828 0.6195
vn 0.7291 0.5654 0.3858
vn 0.1061 0.9933 -0.0455
vn -0.0143 0.8653 0.5011
vn -0.0007 0.8652 0.5015
vn -0.0096 0.6099 0.7924
vn -0.0195 0.6151 0.7882
vn 0.7036 0.6989 0.1286
vn 0.2362 0.7507 0.6170
vn 0.2401 0.7416 0.6264
vn -0.1281 0.6806 0.7213
vn -0.1249 0.6892 0.7137
vn 0.0811 -0.6362 -0.7673
vn 0.0887 -0.6406 -0.7627
vn -0.1373 -0.8362 -0.5309
vn -0.1459 -0.8292 -0.5396
vn -0.3391 -0.9399 0.0403
vn -0.5676 -0.8213 -0.0570
vn -0.7863 -0.5893 -0.1855
vn -0.7406 -0.4272 -0.5186
vn 0.1630 -0.9628 0.2157
vn 0.3371 -0.9394 0.0627
vn 0.5529 -0.8303 -0.0695
vn 0.8419 -0.4479 -0.3009
vn 0.1597 -0.8240 -0.5436
vn 0.1463 -0.8282 -0.5411
vn -0.0656 -0.6285 -0.7750
vn -0.0573 -0.6248 -0.7787
vn 0.7771 -0.3683 -0.5104
vn 0.6811 -0.1981 -0.7049
vn 0.3574 0.1648 -0.9193
vn 0.2363 -0.6213 -0.7471
vn 0.2366 -0.6320 -0.7379
vn -0.1215 -0.7244 -0.6786
vn -0.1238 -0.7176 -0.6854
vn 0.1426 0.1030 -0.9844
vn -0.1318 0.0831 -0.9878
vn -0.5042 0.0991 -0.8579
vn -0.0143 -0.5059 -0.8625
vn -0.0007 -0.5097 -0.8603
vn -0.0095 -0.7916 -0.6110
vn -0.0193 -0.7910 -0.6115
vn -0.7304 -0.1710 -0.6613
vn -0.2468 -0.6397 -0.7279
vn -0.2387 -0.6323 -0.7371
vn 0.1159 -0.7371 -0.6657
vn 0.1122 -0.7435 -0.6592
vn -0.5808 -0.5740 0.5772
vn -0.5980 -0.5651 0.5683
vn -0.8058 -0.4175 0.4199
vn -0.9994 0.0247 -0.0249
vn -0.9994 0.0248 -0.0249
vn -0.8115 0.4120 -0.4144
vn -0.6774 0.5186 -0.5216
vn -0.5223 0.6013 -0.6047
vn 0.5960 -0.5662 0.5694
vn 0.5802 -0.5743 0.5776
vn 0.3166 -0.6688 0.6726
vn -0.3455 -0.6617 0.6655
vn -0.3455 -0.6617 0.6654
vn -0.8092 -0.4142 0.4166
vn -0.9097 -0.2928 0.2945
vn -0.9723 -0.1648 0.1657
vn 0.9477 0.2249 -0.2262
vn 0.9544 0.2105 -0.2118
vn 1.0000 0.0044 -0.0044
vn 0.7839 -0.4378 0.4403
vn 0.3044 -0.6716 0.6755
vn 0.1109 -0.7008 0.7047
vn -0.0797 -0.7029 0.7069
vn -0.0090 0.7051 -0.7091
vn 0.0153 0.7050 -0.7090
vn 0.3065 0.6712 -0.6750
vn 0.8319 0.3913 -0.3936
vn 0.8319 0.3913 -0.3935
vn 1.0000 -0.0022 0.0022
vn 0.9795 -0.1421 0.1429
vn 0.9229 -0.2715 0.2731
vn -0.9534 0.2126 -0.2139
vn -0.9458 0.2289 -0.2302
vn -0.9459 0.2289 -0.2302
vn -0.8103 0.4132 -0.4156
vn -0.2746 0.6780 -0.6818
vn 0.3066 0.6711 -0.6749
vn 0.4918 0.6139 -0.6175
vn 0.6509 0.5353 -0.5383
vn -0.0005 0.8290 0.5593
vn -0.1791 0.7374 0.6513
vn -0.0008 0.7095 0.7048
vn 0.1779 0.7373 0.6517
vn -0.1107 0.5897 0.8000
vn 0.1097 0.5899 0.8000
vn -0.0004 -0.5640 -0.8258
vn 0.1778 -0.6555 -0.7339
vn -0.0006 -0.7089 -0.7053
vn -0.1791 -0.6555 -0.7337
vn 0.1097 -0.8033 -0.5854
vn -0.1101 -0.8036 -0.5848
vn 0.5309 0.7165 0.4525
vn 0.5615 0.6327 0.5333
vn 0.0132 0.7123 0.7017
vn 0.0064 0.7121 0.7021
vn 0.4761 0.7931 0.3800
vn -0.6878 0.2964 0.6626
vn -0.7258 0.3971 0.5617
vn 0.0058 0.7137 0.7004
vn 0.4086 0.8565 0.3153
vn -0.9092 -0.0668 0.4110
vn -0.9585 0.0667 0.2771
vn -0.6142 0.1959 0.7644
vn 0.0067 0.7135 0.7006
vn 0.3253 0.9087 0.2616
vn -0.8143 -0.1998 0.5450
vn -0.9219 -0.3814 0.0680
vn -0.9592 -0.2742 -0.0686
vn -0.5219 0.1142 0.8453
vn 0.0048 0.7164 0.6976
vn 0.2245 0.9498 0.2179
vn -0.8273 -0.5034 0.2493
vn -0.6877 -0.6396 -0.3436
vn -0.7278 -0.5542 -0.4040
vn -0.6917 -0.3079 0.6533
vn -0.3959 0.0447 0.9172
vn 0.0098 0.7177 0.6962
vn 0.1158 0.9769 0.1798
vn -0.6861 -0.6355 0.3541
vn -0.6153 -0.7446 -0.2588
vn 0.0045 -0.6872 -0.7265
vn 0.1092 -0.6832 -0.7221
vn 0.5399 -0.4489 -0.7121
vn 0.5630 -0.5165 -0.6452
vn 0.4798 -0.3772 -0.7921
vn 0.0327 -0.6564 -0.7537
vn 0.4087 -0.3176 -0.8556
vn 0.0574 -0.6514 -0.7566
vn 0.3053 -0.2574 -0.9168
vn -0.5041 -0.8586 -0.0935
vn -0.0362 -0.7595 -0.6495
vn -0.3844 -0.9231 -0.0099
vn 0.0031 -0.7007 -0.7135
vn 0.2027 -0.2075 -0.9570
vn -0.5324 -0.7443 0.4033
vn 0.0080 -0.6227 -0.7824
vn 0.1004 -0.1731 -0.9798
vn -0.0251 -0.1638 -0.9862
vn -0.2739 -0.9617 0.0068
vn -0.5289 -0.4011 0.7479
vn -0.0185 -0.6948 -0.7190
vn -0.1067 -0.1851 -0.9769
vn -0.3570 -0.8080 0.4688
vn -0.1242 -0.9917 0.0344
vn -0.3534 -0.4654 0.8115
vn -0.0269 -0.7015 -0.7122
vn -0.2343 -0.2193 -0.9471
vn 0.0291 -0.9986 0.0444
vn -0.1573 -0.8475 0.5070
vn -0.2648 -0.0044 0.9643
vn -0.0366 -0.7091 -0.7041
vn -0.3616 -0.2657 -0.8937
vn -0.1531 -0.5029 0.8506
vn 0.1544 -0.9875 0.0322
vn 0.0424 -0.8552 0.5166
vn -0.1102 -0.0305 0.9934
vn 0.0462 -0.5116 0.8580
vn 0.2131 -0.8393 0.5003
vn 0.3300 -0.9439 -0.0138
vn 0.0677 -0.7719 -0.6322
vn -0.0042 0.7244 0.6894
vn -0.0256 0.9855 0.1679
vn 0.0384 -0.0386 0.9985
vn -0.0013 0.7197 0.6943
vn -0.1000 0.9777 0.1846
vn 0.2176 -0.4943 0.8416
vn -0.0142 -0.6959 -0.7180
vn -0.4664 -0.3281 -0.8215
vn -0.0012 0.7201 0.6938
vn -0.2336 0.9486 0.2137
vn 0.1677 -0.0243 0.9855
vn 0.4428 -0.7811 0.4402
vn 0.4642 -0.8828 -0.0722
vn -0.0301 -0.7094 -0.7042
vn -0.5135 -0.4132 -0.7521
vn -0.0100 0.7181 0.6959
vn -0.3520 0.8986 0.2619
vn 0.4468 -0.4345 0.7820
vn 0.3434 0.0236 0.9389
vn 0.5674 -0.8100 -0.1481
vn 0.6152 -0.7007 0.3612
vn 0.0578 -0.7328 -0.6780
vn -0.5248 -0.5225 -0.6720
vn 0.6184 -0.3553 0.7010
vn 0.4720 0.0817 0.8778
vn 0.7542 -0.6026 0.2608
vn 0.6723 -0.7123 -0.2019
vn 0.1189 -0.6957 -0.7084
vn -0.5462 -0.6009 -0.5836
vn 0.7570 -0.2553 0.6014
vn -0.0090 0.7193 0.6947
vn -0.4212 0.8532 0.3077
vn 0.7812 -0.5656 -0.2643
vn 0.8673 -0.4784 0.1373
vn 0.0282 -0.6951 -0.7183
vn -0.5534 -0.6605 -0.5074
vn 0.5767 0.1602 0.8011
vn -0.0152 0.7185 0.6953
vn -0.5154 0.7663 0.3836
vn 0.7870 -0.4497 -0.4224
vn 0.9367 -0.3501 0.0070
vn 0.8692 -0.1321 0.4765
vn -0.0983 -0.7371 -0.6686
vn -0.5270 -0.7241 -0.4449
vn -0.4901 -0.7882 -0.3721
vn -0.0218 0.7132 0.7006
vn -0.5497 0.6953 0.4630
vn 0.6610 0.2522 0.7067
vn 0.9379 -0.0025 0.3468
vn -0.0142 0.7096 0.7044
vn -0.5661 0.6109 0.5535
vn 0.7119 0.3517 0.6078
vn 0.9691 -0.2032 -0.1399
vn -0.0147 0.7092 0.7048
vn -0.5607 0.5376 0.6298
vn 0.7350 0.4623 0.4961
vn 0.9693 0.1438 0.1994
vn 0.7269 -0.4036 -0.5557
vn -0.0126 0.7074 0.7067
vn -0.5304 0.4558 0.7148
vn 0.7254 0.5661 0.3916
vn 0.9577 0.2810 0.0612
vn 0.9583 -0.0661 -0.2781
vn 0.6861 -0.2950 -0.6651
vn -0.0118 0.7058 0.7083
vn -0.4842 0.3849 0.7857
vn 0.6814 0.6750 0.2829
vn 0.9033 0.0770 -0.4219
vn 0.9018 0.4242 -0.0822
vn -0.0074 -0.7276 -0.6859
vn -0.4148 -0.8605 -0.2959
vn -0.0144 0.7053 0.7087
vn -0.4140 0.3072 0.8569
vn 0.6139 0.7662 0.1898
vn 0.8121 0.5460 -0.2056
vn 0.8142 0.1998 -0.5451
vn 0.6196 -0.2009 -0.7588
vn 0.0141 -0.7336 -0.6794
vn -0.3089 -0.9181 -0.2482
vn -0.0063 0.6977 0.7164
vn -0.3098 0.2536 0.9163
vn 0.5106 0.8535 0.1039
vn 0.6793 0.6606 -0.3195
vn 0.5203 -0.1155 -0.8461
vn 0.0087 -0.7193 -0.6947
vn -0.1931 -0.9558 -0.2215
vn 0.6823 0.3137 -0.6603
vn -0.0039 0.7048 0.7094
vn -0.2168 0.2307 0.9486
vn 0.3961 0.9174 0.0373
vn 0.4044 -0.0466 -0.9134
vn 0.0595 -0.6281 -0.7758
vn 0.5291 0.4014 -0.7476
vn 0.5258 0.7466 -0.4075
vn 0.0003 0.7034 0.7108
vn -0.0968 0.2043 0.9741
vn 0.0014 -0.7142 -0.6999
vn -0.0747 -0.9773 -0.1981
vn 0.2661 0.0011 -0.9639
vn 0.2527 0.9675 -0.0102
vn 0.3407 0.8129 -0.4724
vn 0.3448 0.4667 -0.8144
vn -0.0031 0.7048 0.7094
vn -0.0003 0.2044 0.9789
vn 0.1187 0.0324 -0.9924
vn 0.1093 0.9932 -0.0391
vn 0.1480 0.8478 -0.5092
vn 0.1519 0.5039 -0.8503
vn 0.0016 0.7048 0.7094
vn 0.1266 0.2105 0.9694
vn -0.0028 -0.7132 -0.7009
vn 0.0500 -0.9799 -0.1933
vn -0.0478 0.9980 -0.0407
vn -0.0331 0.0356 -0.9988
vn 0.0001 -0.7174 -0.6967
vn 0.1525 -0.9693 -0.1930
vn -0.0514 0.5104 -0.8584
vn -0.0557 0.8554 -0.5150
vn 0.0050 -0.7191 -0.6949
vn 0.2836 -0.9276 -0.2432
vn -0.1877 0.0223 -0.9820
vn -0.2517 0.4890 -0.8352
vn -0.2555 0.8317 -0.4929
vn 0.0093 -0.7112 -0.7029
vn 0.3647 -0.8823 -0.2975
vn -0.3270 -0.0179 -0.9449
vn 0.0842 -0.7414 -0.6658
vn 0.4288 -0.8348 -0.3454
vn 0.4870 -0.7750 -0.4029
vn -0.4390 0.4374 -0.7849
vn -0.4617 -0.0754 -0.8838
vn -0.1969 0.9801 -0.0258
vn 0.0123 -0.6998 -0.7142
vn 0.5346 -0.6953 -0.4804
vn -0.4428 0.7811 -0.4403
vn -0.5658 -0.1510 -0.8106
vn -0.6121 0.3591 -0.7045
vn -0.0026 0.7014 0.7127
vn 0.2307 0.2276 0.9460
vn -0.3401 0.9402 0.0173
vn 0.0111 0.7045 0.7096
vn 0.3511 0.2831 0.8925
vn -0.6152 0.7008 -0.3610
vn -0.7521 0.2596 -0.6057
vn 0.0020 0.7065 0.7077
vn 0.4266 0.3505 0.8337
vn -0.4693 0.8798 0.0754
vn -0.7548 0.6021 -0.2603
vn -0.6554 -0.2438 -0.7149
vn -0.5748 0.8036 0.1543
vn -0.1069 0.7494 0.6534
vn -0.8662 0.1364 -0.4807
vn -0.1147 -0.6701 -0.7333
vn -0.0018 0.6966 0.7175
vn 0.4991 0.4260 0.7546
vn -0.6599 0.7096 0.2471
vn -0.8680 0.4776 -0.1362
vn -0.7079 -0.3418 -0.6181
vn 0.0125 -0.7128 -0.7013
vn 0.5694 -0.5903 -0.5722
vn 0.0917 0.6789 0.7284
vn 0.5298 0.4875 0.6940
vn 0.5534 0.5555 0.6206
vn -0.7113 0.6109 0.3477
vn -0.9374 0.3482 -0.0054
vn -0.9363 0.0066 -0.3511
vn -0.7346 -0.4533 -0.5049
vn -0.9691 -0.1401 -0.2029
vn -0.9692 0.2010 0.1422
vn -0.7347 0.4993 0.4593
vn 0.0120 0.7061 0.7080
vn -0.0118 0.7051 -0.7090
vn -0.0118 0.7052 -0.7090
vn -0.9590 0.2001 -0.2009
vn -0.9590 0.2000 -0.2008
vn -0.9590 0.2000 -0.2009
vn -0.2521 0.6823 -0.6862
vn -0.2490 0.6829 -0.6868
vn 0.9677 0.1777 -0.1787
vn 0.9677 0.1778 -0.1787
vn 0.2521 -0.6823 0.6862
vn 0.2504 -0.6826 0.6865
vn 0.2511 -0.6825 0.6864
vn 0.2521 -0.6824 0.6862
vn -0.0418 -0.7045 0.7085
vn -0.0419 -0.7044 0.7085
vn -0.3983 -0.6468 0.6504
vn -0.4656 -0.6240 0.6276
vn -0.5300 -0.5979 0.6013
vn 0.0002 0.7091 0.7051
vn 0.9999 -0.0119 0.0120
vn 0.9424 0.2359 -0.2373
vn 0.9999 -0.0120 0.0120
vn 0.9982 -0.0424 0.0426
vn 0.9982 -0.0423 0.0426
vn 0.8953 0.3141 -0.3159
vn 0.7789 0.4422 -0.4447
vn 0.7789 0.4421 -0.4448
vn 0.9842 0.1248 -0.1255
vn 0.9949 0.0711 -0.0715
vn 0.2490 -0.6829 0.6868
vn 0.2490 -0.6828 0.6868
vn 0.9089 -0.2243 0.3517
vn 0.7932 0.1001 0.6007
vn 0.6414 0.3022 0.7052
vn 0.9088 -0.3505 0.2264
vn 0.7929 -0.6017 -0.0961
vn 0.6409 -0.7077 -0.2973
vn 0.1720 -0.7514 -0.6370
vn -0.1728 -0.6424 -0.7466
vn -0.6900 -0.2465 -0.6805
vn -0.8623 0.0402 -0.5048
vn -0.8620 0.5050 -0.0435
vn -0.6895 0.6827 0.2419
vn -0.1720 0.7514 0.6370
vn 0.1728 0.6424 0.7466
vn 0.0001 -0.7091 -0.7051
vn 0.0889 -0.6898 -0.7185
vn 0.0459 -0.6998 -0.7128
vn 0.1084 -0.7052 -0.7007
vn 0.3735 -0.6924 -0.6173
vn 0.4457 -0.6945 -0.5648
vn 0.7692 -0.6054 -0.2045
vn 0.7024 -0.6410 -0.3093
vn 0.2366 -0.6248 -0.7441
vn 0.2616 -0.6028 -0.7538
vn 0.2463 -0.6405 -0.7274
vn 0.1110 -0.6841 -0.7209
vn -0.0098 -0.7050 0.7091
vn 0.0128 0.6657 0.7461
vn 0.4432 0.4494 0.7756
vn -0.0732 0.5448 0.8353
vn -0.6084 0.6326 0.4792
vn -0.6223 0.7191 0.3093
vn -0.8632 0.0389 -0.5033
vn 0.0339 0.7356 0.6765
vn 0.0012 0.7869 0.6170
vn -0.8171 0.5737 0.0574
vn -0.6553 -0.3260 -0.6814
vn -0.6459 -0.2986 -0.7025
vn -0.0839 -0.7469 -0.6596
vn -0.0126 -0.7288 -0.6846
vn 0.0634 -0.7810 -0.6213
vn 0.5355 -0.7645 -0.3588
vn 0.5648 -0.7393 -0.3666
vn 0.8131 -0.5820 -0.0062
vn 0.8852 -0.3280 0.3299
vn -0.9858 -0.1182 0.1189
vn -0.9201 -0.2762 0.2778
vn -0.9859 -0.1182 0.1189
vn -0.7957 -0.4271 0.4295
vn -0.8420 -0.3803 0.3825
vn -0.8421 -0.3803 0.3825
vn -0.9982 0.0424 -0.0426
vn -0.9982 0.0424 -0.0427
vn -0.9982 0.0423 -0.0426
vn -0.8953 -0.3141 0.3158
vn -0.7789 -0.4422 0.4447
vn -0.6335 -0.5456 0.5486
vn -0.6334 -0.5456 0.5487
vn -0.3403 0.6882 0.6407
vn -0.2299 0.6838 0.6925
vn -0.2377 0.6437 0.7274
vn -0.3135 0.7112 0.6292
vn -0.5281 0.6870 0.4991
vn -0.3860 0.6941 0.6076
vn -0.0841 0.6979 0.7112
vn -0.0994 0.6871 0.7198
vn -0.0994 0.6870 0.7198
vn -0.1978 0.6578 0.7268
vn 0.9677 0.1778 -0.1788
vn 0.8852 -0.3299 0.3280
vn 0.8131 0.0062 0.5821
vn 0.7024 0.3093 0.6410
vn 0.5647 0.3668 0.7393
vn 0.7692 0.2045 0.6054
vn 0.5355 0.3588 0.7645
vn -0.0126 0.6846 0.7288
vn 0.0634 0.6213 0.7810
vn -0.0840 0.6596 0.7469
vn -0.6553 0.6814 0.3260
vn -0.6460 0.7025 0.2986
vn -0.8632 0.5033 -0.0389
vn -0.8171 -0.0574 -0.5736
vn -0.6223 -0.3093 -0.7191
vn -0.6084 -0.4792 -0.6326
vn 0.0339 -0.6765 -0.7356
vn 0.0128 -0.7461 -0.6657
vn 0.0011 -0.6170 -0.7870
vn -0.0732 -0.8353 -0.5448
vn 0.4432 -0.7756 -0.4494
vn -0.7366 -0.4769 0.4796
vn -0.9677 -0.1778 0.1788
vn -0.9677 -0.1778 0.1787
vn -0.2520 0.6823 -0.6862
vn -0.2520 0.6824 -0.6862
vn -0.2550 0.6817 -0.6857
vn -0.3199 0.6315 -0.7063
vn -0.2964 0.6734 -0.6772
vn -0.3799 0.5772 -0.7229
vn -0.4208 0.4825 -0.7682
vn -0.9677 -0.1788 0.1778
vn -0.9677 -0.1788 0.1777
vn -0.7789 -0.4447 0.4422
vn -0.6334 -0.5487 0.5456
vn -0.6335 -0.5487 0.5456
vn -0.8953 -0.3158 0.3141
vn -0.9982 0.0426 -0.0424
vn -0.9982 0.0426 -0.0423
vn -0.9982 0.0427 -0.0424
vn -0.8421 -0.3825 0.3803
vn -0.7957 -0.4294 0.4271
vn -0.9201 -0.2777 0.2762
vn -0.9858 -0.1189 0.1182
vn -0.9859 -0.1189 0.1182
vn -0.0098 -0.7091 0.7051
vn -0.0097 -0.7091 0.7051
vn -0.7366 -0.4796 0.4769
vn -0.7366 -0.4796 0.4768
vn 0.1729 -0.7462 -0.6428
vn 0.7933 -0.6005 -0.1003
vn 0.6412 -0.7054 -0.3019
vn -0.1722 -0.6373 -0.7512
vn -0.6894 -0.2415 -0.6830
vn -0.8619 0.0436 -0.5051
vn -0.8624 0.5047 -0.0401
vn -0.6898 0.6809 0.2460
vn -0.1729 0.7462 0.6429
vn 0.1721 0.6373 0.7512
vn 0.6408 0.2971 0.7079
vn 0.7929 0.0962 0.6018
vn 0.9088 -0.2264 0.3504
vn 0.9088 -0.3517 0.2245
vn -0.9819 0.1334 -0.1341
vn -0.9446 0.2313 -0.2327
vn -0.9981 -0.0429 0.0432
vn -0.9677 -0.1777 0.1787
vn -0.0002 0.7051 0.7091
vn 0.0889 0.7185 0.6898
vn 0.0459 0.7128 0.6998
vn -0.0001 0.7050 0.7092
vn 0.1084 0.7006 0.7053
vn 0.3735 0.6174 0.6923
vn 0.4458 0.5648 0.6945
vn 0.2365 0.7441 0.6249
vn 0.2616 0.7538 0.6028
vn 0.2463 0.7274 0.6405
vn 0.1110 0.7209 0.6841
vn 0.0001 0.7051 0.7091
vn -0.0001 -0.7051 -0.7091
vn 0.0004 -0.7051 -0.7092
vn 0.9949 0.0715 -0.0711
vn 0.9842 0.1255 -0.1248
vn 0.8953 0.3159 -0.3140
vn 0.7789 0.4447 -0.4422
vn 0.7789 0.4448 -0.4422
vn 0.8953 0.3159 -0.3141
vn 0.9982 -0.0426 0.0424
vn 0.9982 -0.0426 0.0423
vn 0.9424 0.2373 -0.2359
vn -0.0994 -0.7198 -0.6871
vn -0.1978 -0.7268 -0.6578
vn -0.0995 -0.7197 -0.6871
vn -0.0841 -0.7112 -0.6979
vn -0.3136 -0.6292 -0.7111
vn -0.3860 -0.6076 -0.6941
vn -0.5281 -0.4991 -0.6870
vn -0.3404 -0.6406 -0.6883
vn -0.2299 -0.6925 -0.6838
vn -0.2377 -0.7274 -0.6437
vn 0.2521 -0.6862 0.6823
vn 0.2511 -0.6864 0.6825
vn 0.2504 -0.6865 0.6826
vn -0.0418 -0.7085 0.7044
vn 0.2520 -0.6862 0.6823
vn -0.3983 -0.6504 0.6467
vn -0.4656 -0.6276 0.6240
vn -0.5300 -0.6013 0.5979
vn -0.9819 0.1341 -0.1334
vn -0.9446 0.2327 -0.2315
vn -0.9446 0.2327 -0.2314
vn -0.9446 0.2327 -0.2313
vn -0.9981 -0.0433 0.0430
vn -0.9677 -0.1787 0.1777
vn -0.2490 0.6868 -0.6829
vn 0.9677 0.1787 -0.1777
vn 0.9677 0.1787 -0.1778
vn 0.2490 -0.6868 0.6829
vn 0.2490 -0.6867 0.6829
vn -0.2521 0.6862 -0.6823
vn -0.2522 0.6862 -0.6823
vn 0.9677 0.1788 -0.1778
vn -0.3799 0.7229 -0.5772
vn -0.4209 0.7681 -0.4825
vn -0.3199 0.7063 -0.6315
vn -0.2964 0.6772 -0.6734
vn -0.2550 0.6856 -0.6818
vn -0.2553 0.6856 -0.6817
vn -0.2520 0.6862 -0.6823
vn -0.2520 0.6862 -0.6824
vn 0.4067 0.6478 -0.6441
vn 0.4068 0.6478 -0.6441
vn 0.4068 0.6477 -0.6442
vn 0.4067 0.6441 -0.6478
vn 0.4068 0.6441 -0.6478
vn 0.7288 0.3801 0.5696
vn 0.4492 -0.8850 -0.1227
vn 0.7287 -0.5696 -0.3802
vn 0.4493 0.1226 0.8849
vn 0.3231 -0.3942 0.8603
vn 0.4611 -0.4722 0.7513
vn 0.4612 -0.4722 0.7512
vn 0.5821 -0.5327 0.6143
vn -0.3687 -0.7456 0.5551
vn -0.3299 -0.8696 0.3672
vn -0.3687 -0.7457 0.5550
vn -0.3883 -0.5827 0.7139
vn 0.4958 -0.2293 0.8376
vn 0.4249 -0.0776 0.9019
vn 0.4958 -0.2292 0.8376
vn 0.5507 -0.3737 0.7464
vn -0.8313 0.5511 0.0718
vn -0.7943 0.5948 0.1236
vn -0.8313 0.5512 0.0719
vn -0.8634 0.5042 0.0195
vn -0.4551 -0.1233 0.8819
vn -0.4601 -0.1679 0.8719
vn -0.4492 -0.0784 0.8900
vn 0.7702 0.1763 0.6130
vn 0.6469 0.2674 0.7142
vn 0.7468 0.2092 0.6313
vn 0.8395 0.0897 0.5360
vn 0.8613 0.0549 0.5051
vn 0.8827 0.0271 0.4692
vn 0.8957 0.0429 0.4426
vn 0.8613 0.0549 0.5052
vn 0.8828 0.0267 0.4690
vn -0.4876 -0.5436 -0.6832
vn -0.7089 -0.4546 -0.5392
vn -0.7047 -0.4552 -0.5442
vn -0.6083 -0.5131 -0.6055
vn -0.3648 -0.6135 -0.7004
vn -0.7058 -0.4699 -0.5302
vn -0.5931 -0.5336 -0.6029
vn -0.5589 -0.5319 -0.6362
vn -0.2921 -0.5510 -0.7817
vn -0.6410 -0.6045 -0.4730
vn -0.2045 -0.4704 -0.8585
vn -0.2247 -0.8571 -0.4636
vn 0.1079 -0.1755 -0.9785
vn -0.1704 -0.8406 -0.5141
vn -0.2314 -0.3994 -0.8871
vn -0.5152 -0.7024 -0.4911
vn -0.5782 -0.3079 -0.7555
vn -0.8393 -0.3534 -0.4131
vn -0.7252 0.1163 -0.6786
vn -0.9459 0.2293 -0.2293
vn -0.3506 0.3064 -0.8850
vn -0.1521 0.2580 -0.9541
vn 0.0851 -0.0135 -0.9963
vn -0.0193 0.1994 -0.9797
vn 0.3711 -0.1212 -0.9207
vn 0.7827 0.0329 -0.6215
vn 0.2276 -0.6421 -0.7321
vn 0.0193 -0.5745 -0.8182
vn -0.4114 -0.5937 -0.6916
vn -0.3824 -0.6794 -0.6262
vn -0.5232 -0.7923 -0.3139
vn -0.0687 -0.9244 -0.3753
vn 0.0845 -0.9699 -0.2285
vn 0.3429 -0.5987 -0.7239
vn 0.0762 -0.8056 -0.5875
vn 0.4553 0.0139 -0.8902
vn 0.2755 0.1407 -0.9509
vn 0.5654 0.5832 -0.5832
vn 0.4763 -0.5011 -0.7225
vn 0.3705 -0.7955 -0.4796
vn 0.6309 0.0251 -0.7755
vn 0.1077 0.2529 -0.9615
vn 0.8133 -0.4598 -0.3567
vn 0.8100 -0.5700 -0.1381
vn 0.7597 -0.1037 -0.6419
vn 0.2744 0.6800 -0.6800
vn 0.0913 0.7042 -0.7042
vn 0.9972 -0.0528 0.0528
vn 0.9994 0.0244 -0.0243
vn 0.8100 0.1381 0.5700
vn 0.7954 0.4285 -0.4285
vn 0.9276 0.2642 -0.2642
vn 0.8133 0.3567 0.4597
vn 0.3706 0.4796 0.7954
vn 0.7597 0.6419 0.1037
vn 0.4764 0.7225 0.5010
vn 0.0762 0.5877 0.8055
vn 0.6309 0.7755 -0.0251
vn 0.3429 0.7239 0.5986
vn 0.0845 0.2287 0.9698
vn 0.4553 0.8902 -0.0138
vn -0.0686 0.3753 0.9244
vn -0.5232 0.3139 0.7923
vn 0.0193 0.8183 0.5745
vn -0.3833 0.6262 0.6789
vn -0.4114 0.6916 0.5937
vn 0.2275 0.7322 0.6420
vn 0.3710 0.9207 0.1212
vn 0.7827 0.6216 -0.0330
vn 0.1079 0.9785 0.1755
vn 0.2756 0.9509 -0.1407
vn 0.0851 0.9963 0.0135
vn -0.2045 0.8584 0.4705
vn -0.5589 0.6362 0.5319
vn -0.2921 0.7817 0.5510
vn -0.5931 0.6029 0.5336
vn 0.1077 0.9615 -0.2529
vn -0.0193 0.9797 -0.1993
vn -0.0555 0.7060 -0.7060
vn -0.1521 0.9541 -0.2580
vn -0.2677 0.6813 -0.6813
vn -0.4642 0.6263 -0.6263
vn -0.3506 0.8850 -0.3064
vn -0.7244 0.4875 -0.4875
vn -0.7252 0.6786 -0.1163
vn -0.8393 0.4132 0.3533
vn -0.5783 0.7555 0.3079
vn -0.5152 0.4911 0.7024
vn -0.2314 0.8871 0.3994
vn -0.1705 0.5140 0.8407
vn -0.2246 0.4636 0.8571
vn -0.6410 0.4730 0.6045
vn -0.7057 0.5302 0.4700
vn -0.6083 0.6054 0.5132
vn -0.3649 0.7004 0.6134
vn -0.7048 0.5441 0.4552
vn -0.4877 0.6831 0.5436
vn -0.7088 0.5393 0.4546
vn -0.5496 -0.5851 0.5964
vn -0.5591 -0.4660 0.6857
vn -0.5280 -0.5608 0.6378
vn -0.5437 -0.6524 0.5280
vn -0.5726 -0.6705 0.4717
vn -0.4009 -0.7260 0.5587
vn -0.3198 -0.6700 0.6700
vn -0.0267 -0.7069 0.7068
vn -0.4010 -0.5587 0.7260
vn -0.5726 -0.4717 0.6706
vn -0.5438 -0.5280 0.6523
vn -0.5496 -0.5964 0.5850
vn -0.5280 -0.6378 0.5607
vn -0.5591 -0.6857 0.4660
vn 0.4958 -0.8376 0.2294
vn 0.5507 -0.7463 0.3737
vn 0.4958 -0.8376 0.2293
vn 0.4249 -0.9019 0.0777
vn -0.8313 -0.0717 -0.5511
vn -0.8633 -0.0196 -0.5043
vn -0.8313 -0.0719 -0.5511
vn -0.7943 -0.1236 -0.5948
vn -0.4551 -0.8819 0.1233
vn -0.4492 -0.8900 0.0784
vn -0.4601 -0.8718 0.1680
vn 0.5348 -0.7275 -0.4297
vn 0.6252 -0.6921 -0.3608
vn 0.5024 -0.7381 -0.4504
vn 0.4025 -0.7591 -0.5116
vn 0.3138 -0.8455 -0.4320
vn 0.2483 -0.8830 -0.3983
vn 0.1526 -0.9614 -0.2289
vn -0.3548 -0.7542 0.5525
vn -0.3471 -0.6622 0.6641
vn -0.3282 -0.3948 0.8581
vn -0.3387 -0.8718 0.3539
vn -0.3487 -0.8847 0.3094
vn 0.1526 0.2289 0.9614
vn 0.3138 0.4321 0.8455
vn 0.2483 0.3984 0.8830
vn 0.4025 0.5116 0.7591
vn 0.5024 0.4504 0.7381
vn 0.5349 0.4297 0.7275
vn 0.6252 0.3607 0.6921
vn -0.3688 -0.5551 0.7455
vn -0.3883 -0.7141 0.5825
vn -0.3687 -0.5552 0.7456
vn -0.3687 -0.5550 0.7457
vn -0.3299 -0.3671 0.8697
vn 0.4612 -0.7512 0.4722
vn 0.4611 -0.7513 0.4722
vn 0.5822 -0.6142 0.5327
vn 0.3231 -0.8604 0.3942
vn -0.7081 0.4432 0.5497
vn -0.6987 0.3917 0.5987
vn -0.7044 0.3866 0.5953
vn -0.7103 0.4960 0.4995
vn -0.7067 0.4667 0.5318
vn -0.6921 0.3854 0.6103
vn -0.6621 0.2870 0.6923
vn -0.6284 0.1233 0.7681
vn -0.4564 -0.1421 0.8784
vn -0.2457 -0.4183 0.8744
vn -0.0695 -0.5249 0.8483
vn -0.0374 -0.5648 0.8244
vn -0.0132 -0.5658 0.8244
vn -0.0587 -0.6031 0.7955
vn -0.1067 -0.6371 0.7634
vn -0.2571 -0.7172 0.6477
vn -0.3130 -0.6716 0.6716
vn -0.4684 -0.6248 0.6247
vn -0.2571 -0.6477 0.7172
vn -0.1067 -0.7634 0.6371
vn -0.0588 -0.7955 0.6031
vn -0.0133 -0.8244 0.5659
vn -0.0374 -0.8243 0.5649
vn -0.0695 -0.8483 0.5249
vn -0.2457 -0.8744 0.4183
vn -0.4565 -0.8783 0.1420
vn -0.6284 -0.7680 -0.1234
vn -0.6621 -0.6922 -0.2870
vn -0.6920 -0.6103 -0.3855
vn -0.7067 -0.5318 -0.4666
vn -0.7105 -0.4994 -0.4958
vn -0.7081 -0.5496 -0.4433
vn -0.7044 -0.5953 -0.3866
vn -0.6986 -0.5987 -0.3918
vn -0.7081 -0.5497 -0.4432
vn 0.7468 -0.6313 -0.2092
vn 0.6468 -0.7142 -0.2675
vn 0.7701 -0.6131 -0.1764
vn 0.7702 -0.6129 -0.1763
vn 0.8395 -0.5360 -0.0897
vn 0.7468 -0.6312 -0.2092
vn 0.8613 -0.5052 -0.0549
vn 0.8827 -0.4692 -0.0270
vn 0.8957 -0.4425 -0.0428
vn -0.3387 -0.3538 0.8718
vn -0.3488 -0.3090 0.8848
vn -0.3548 -0.5526 0.7542
vn -0.3471 -0.6641 0.6622
vn -0.3282 -0.8582 0.3947
vn -0.1020 -0.6649 0.7399
vn -0.1764 -0.7619 0.6232
vn -0.1503 -0.5916 0.7921
vn -0.0002 -0.7367 0.6763
vn 0.2241 -0.6863 0.6919
vn 0.2992 -0.6722 0.6772
vn 0.4669 -0.6227 0.6279
vn 0.4668 -0.6226 0.6281
vn 0.6153 -0.5553 0.5595
vn 0.6708 -0.5224 0.5264
vn 0.8437 -0.4043 0.3531
vn 0.8420 -0.3318 0.4254
vn 0.8992 -0.2238 0.3760
vn 0.8737 -0.1654 0.4575
vn 0.8836 -0.4147 0.2175
vn 0.8824 -0.2146 0.4187
vn 0.8740 -0.4558 0.1683
vn 0.9319 -0.2261 0.2837
vn 0.8742 -0.4096 0.2608
vn 0.9314 -0.2986 0.2082
vn 0.9961 -0.0623 0.0620
vn 0.9999 -0.0085 0.0078
vn 0.9852 0.1202 -0.1218
vn 0.9852 0.1206 -0.1217
vn 0.9398 0.2401 -0.2431
vn 0.9138 0.2855 -0.2888
vn 0.8020 0.4523 -0.3902
vn 0.7371 0.4416 -0.5116
vn 0.6815 0.5829 -0.4426
vn 0.6908 0.6301 -0.3546
vn 0.6970 0.3988 -0.5959
vn 0.7012 0.5899 -0.4003
vn 0.6904 0.3497 -0.6333
vn 0.6300 0.5729 -0.5243
vn 0.7223 0.4085 -0.5581
vn 0.6288 0.5010 -0.5947
vn 0.3900 0.6481 -0.6541
vn 0.3229 0.6662 -0.6723
vn 0.1910 0.6910 -0.6971
vn 0.1263 0.6984 -0.7045
vn -0.0152 0.7040 -0.7101
vn -0.0918 0.7011 -0.7072
vn -0.3588 0.6297 -0.6890
vn -0.3579 0.7009 -0.6170
vn -0.4721 0.6898 -0.5489
vn -0.4454 0.7550 -0.4813
vn -0.4476 0.5246 -0.7242
vn -0.4524 0.7167 -0.5307
vn -0.4452 0.4757 -0.7586
vn -0.4982 0.6419 -0.5829
vn -0.4315 0.5593 -0.7078
vn -0.5818 0.5395 -0.6087
vn -0.7440 0.4698 -0.4751
vn -0.7905 0.4308 -0.4353
vn -0.8859 0.3262 -0.3298
vn -0.8860 0.3264 -0.3293
vn -0.9553 0.2077 -0.2103
vn -0.9754 0.1549 -0.1570
vn -0.9980 -0.0625 0.0106
vn -0.9968 0.0069 0.0797
vn -0.9791 -0.0538 0.1960
vn -0.9696 0.0269 0.2432
vn -0.9794 -0.2014 0.0133
vn -0.9786 -0.0193 0.2048
vn -0.9696 -0.2433 -0.0260
vn -0.9768 -0.1163 0.1796
vn -0.9859 -0.1654 0.0271
vn -0.9513 -0.2463 0.1856
vn -0.8648 -0.3541 0.3559
vn -0.8278 -0.3955 0.3980
vn -0.7061 -0.4986 0.5028
vn -0.7056 -0.4988 0.5032
vn -0.5585 -0.5838 0.5893
vn -0.4992 -0.6099 0.6155
vn -0.2525 -0.7064 0.6612
vn -0.2524 -0.6366 0.7287
vn -0.1297 -0.6223 0.7720
vn -0.1490 -0.5421 0.8270
vn -0.1537 -0.7845 0.6008
vn -0.1491 -0.8212 0.5508
vn 0.0557 0.7523 0.6565
vn 0.0584 0.7474 0.6618
vn -0.0996 0.5882 0.8026
vn -0.1071 0.5919 0.7989
vn -0.4198 0.2746 0.8651
vn -0.2749 0.0846 0.9577
vn -0.4646 0.4962 0.7335
vn -0.6558 0.5445 0.5229
vn 0.0980 0.3015 0.9484
vn 0.2686 0.1969 0.9429
vn -0.5743 0.7357 0.3592
vn -0.1783 0.7300 0.6598
vn -0.1758 0.7362 0.6536
vn 0.0800 0.6828 0.7262
vn 0.0739 0.6796 0.7299
vn -0.2424 0.8788 0.4111
vn -0.1413 0.9888 0.0483
vn -0.0006 0.7087 0.7055
vn 0.1913 0.9284 0.3185
vn 0.4681 0.5906 0.6574
vn 0.5045 0.2005 0.8398
vn 0.1146 0.5968 0.7942
vn 0.1074 0.5929 0.7981
vn -0.0455 0.7575 0.6513
vn -0.0377 0.7579 0.6513
vn 0.5878 0.6345 0.5019
vn 0.0938 0.9842 0.1500
vn -0.0097 0.8264 0.5629
vn -0.0005 0.8266 0.5628
vn -0.0062 0.6450 0.7641
vn -0.0127 0.6483 0.7613
vn 0.5881 0.7598 0.2772
vn 0.1709 0.7427 0.6474
vn 0.1739 0.7367 0.6535
vn -0.0837 0.6912 0.7178
vn -0.0815 0.6967 0.7127
vn 0.0529 -0.6621 -0.7476
vn 0.0579 -0.6650 -0.7446
vn -0.0995 -0.8047 -0.5853
vn -0.1049 -0.7995 -0.5914
vn -0.2732 -0.9512 -0.1437
vn -0.4733 -0.8506 -0.2290
vn -0.4649 -0.7355 -0.4929
vn -0.5990 -0.5346 -0.5961
vn 0.0983 -0.9500 -0.2964
vn 0.2707 -0.9548 -0.1230
vn 0.4575 -0.8567 -0.2380
vn 0.1145 -0.7963 -0.5939
vn 0.1052 -0.7987 -0.5925
vn -0.0428 -0.6570 -0.7526
vn -0.0374 -0.6546 -0.7551
vn 0.4682 -0.6597 -0.5879
vn 0.6417 -0.4870 -0.5925
vn -0.0006 -0.7082 -0.7060
vn 0.5556 -0.3378 -0.7598
vn 0.1703 -0.6503 -0.7404
vn 0.1699 -0.6576 -0.7340
vn -0.0793 -0.7196 -0.6899
vn -0.0808 -0.7152 -0.6942
vn 0.1908 -0.3234 -0.9268
vn 0.1254 -0.0948 -0.9876
vn -0.2419 -0.4154 -0.8769
vn -0.1132 -0.1121 -0.9872
vn -0.0097 -0.5669 -0.8237
vn -0.0005 -0.5698 -0.8218
vn -0.0062 -0.7635 -0.6457
vn -0.0126 -0.7632 -0.6460
vn -0.6085 -0.3133 -0.7291
vn -0.1777 -0.6628 -0.7274
vn -0.1716 -0.6578 -0.7334
vn 0.0757 -0.7280 -0.6814
vn 0.0733 -0.7322 -0.6772
vn -0.5808 -0.5731 0.5781
vn -0.5980 -0.5643 0.5692
vn -0.8058 -0.4169 0.4206
vn -0.8058 -0.4170 0.4205
vn -0.9994 0.0247 -0.0250
vn -0.9994 0.0249 -0.0249
vn -0.8115 0.4114 -0.4150
vn -0.6774 0.5179 -0.5224
vn -0.5223 0.6003 -0.6056
vn 0.5960 -0.5653 0.5703
vn 0.5802 -0.5734 0.5785
vn 0.3166 -0.6678 0.6737
vn -0.3455 -0.6607 0.6665
vn -0.3455 -0.6607 0.6664
vn -0.8092 -0.4136 0.4173
vn -0.9097 -0.2923 0.2949
vn -0.9723 -0.1645 0.1660
vn 0.9478 0.2246 -0.2266
vn 0.9544 0.2102 -0.2121
vn 0.9544 0.2101 -0.2120
vn 1.0000 0.0044 -0.0043
vn 0.7839 -0.4371 0.4409
vn 0.7839 -0.4372 0.4408
vn 0.3044 -0.6706 0.6765
vn 0.1109 -0.6996 0.7059
vn -0.0797 -0.7017 0.7080
vn -0.0090 0.7040 -0.7102
vn 0.0154 0.7039 -0.7101
vn 0.0153 0.7039 -0.7101
vn 0.3065 0.6701 -0.6760
vn 0.3065 0.6702 -0.6760
vn 0.8319 0.3907 -0.3941
vn 0.8319 0.3906 -0.3942
vn 0.9795 -0.1419 0.1432
vn 0.9229 -0.2711 0.2735
vn -0.9534 0.2123 -0.2142
vn -0.9458 0.2286 -0.2306
vn -0.9459 0.2285 -0.2305
vn -0.8103 0.4126 -0.4162
vn -0.8102 0.4126 -0.4163
vn -0.2745 0.6770 -0.6829
vn -0.2746 0.6770 -0.6828
vn 0.3066 0.6701 -0.6760
vn 0.4918 0.6130 -0.6184
vn 0.6509 0.5345 -0.5391
vn -0.5384 0.5959 -0.5959
vn -0.6763 0.5209 -0.5209
vn -0.4606 0.6276 -0.6276
vn -0.7366 0.4782 -0.4782
vn -0.2998 0.6746 -0.6746
vn -0.8427 0.3807 -0.3807
vn -0.2174 0.6902 -0.6902
vn -0.8876 0.3257 -0.3257
vn -0.0449 0.7064 -0.7064
vn -0.9540 0.2120 -0.2120
vn 0.0449 0.7064 -0.7064
vn -0.9761 0.1537 -0.1537
vn 0.2174 0.6902 -0.6902
vn -0.9990 0.0318 -0.0318
vn 0.2998 0.6746 -0.6746
vn -0.9990 -0.0317 0.0317
vn 0.4606 0.6276 -0.6276
vn -0.9761 -0.1537 0.1537
vn 0.5384 0.5959 -0.5959
vn -0.9540 -0.2120 0.2120
vn 0.6763 0.5209 -0.5209
vn -0.8876 -0.3257 0.3257
vn 0.7366 0.4782 -0.4782
vn -0.8427 -0.3807 0.3807
vn 0.8427 0.3807 -0.3807
vn -0.7367 -0.4781 0.4781
vn 0.8876 0.3257 -0.3257
vn -0.6762 -0.5209 0.5209
vn 0.9540 0.2120 -0.2120
vn -0.5384 -0.5959 0.5959
vn 0.9761 0.1537 -0.1537
vn -0.4606 -0.6276 0.6276
vn 0.9990 0.0317 -0.0317
vn -0.2999 -0.6746 0.6746
vn 0.9990 -0.0317 0.0317
vn -0.2173 -0.6902 0.6902
vn 0.9761 -0.1537 0.1537
vn -0.0449 -0.7064 0.7064
vn 0.9540 -0.2120 0.2120
vn 0.0449 -0.7064 0.7064
vn 0.8876 -0.3257 0.3257
vn 0.2173 -0.6902 0.6902
vn 0.8427 -0.3807 0.3807
vn 0.2999 -0.6746 0.6746
vn 0.7367 -0.4782 0.4782
vn 0.4606 -0.6276 0.6276
vn 0.6762 -0.5209 0.5209
vn 0.5384 -0.5959 0.5959
vn -0.9990 0.0317 -0.0317
vn -0.7367 0.4782 -0.4782
vn -0.6762 0.5209 -0.5209
vn -0.2999 0.6746 -0.6746
vn -0.2173 0.6902 -0.6902
vn -0.7366 -0.4782 0.4782
vn -0.6763 -0.5209 0.5209
vn 0.2173 0.6902 -0.6902
vn 0.2999 0.6746 -0.6746
vn -0.2998 -0.6746 0.6746
vn -0.2174 -0.6902 0.6902
vn -0.0450 -0.7064 0.7064
vn 0.6762 0.5209 -0.5209
vn 0.2174 -0.6902 0.6902
vn 0.2998 -0.6746 0.6746
vn 0.9540 0.2120 -0.2121
vn 0.6763 -0.5209 0.5209
vn 0.7366 -0.4782 0.4782
vn 0.9990 -0.0318 0.0318
vn 0.9540 -0.2121 0.2121
vn 0.3800 0.7473 0.5452
vn 0.4076 0.6865 0.6021
vn 0.0103 0.7122 0.7019
vn 0.0063 0.7108 0.7034
vn 0.3420 0.7965 0.4987
vn -0.5533 0.4118 0.7241
vn -0.5876 0.4955 0.6397
vn 0.0063 0.7119 0.7023
vn 0.2933 0.8438 0.4495
vn -0.4943 0.3334 0.8028
vn -0.8756 -0.0036 0.4829
vn -0.9281 0.1290 0.3493
vn 0.0067 0.7132 0.7009
vn 0.2354 0.8794 0.4137
vn -0.7841 -0.1272 0.6075
vn -0.9008 -0.4298 0.0619
vn -0.9410 -0.3136 -0.1269
vn -0.4150 0.2667 0.8699
vn 0.0087 0.7149 0.6991
vn 0.1635 0.9139 0.3716
vn -0.6596 -0.2335 0.7144
vn -0.7919 -0.5830 0.1815
vn -0.5599 -0.6972 -0.4476
vn -0.5797 -0.6154 -0.5341
vn -0.3159 0.2121 0.9248
vn 0.0060 0.7214 0.6925
vn 0.0819 0.9346 0.3463
vn -0.5048 -0.3201 0.8017
vn -0.6662 -0.7079 0.2347
vn -0.5079 -0.8094 -0.2947
vn 0.0361 -0.6779 -0.7343
vn 0.0712 -0.6913 -0.7190
vn 0.3800 -0.5489 -0.7446
vn 0.4047 -0.5912 -0.6976
vn 0.3413 -0.5005 -0.7956
vn 0.0519 -0.6714 -0.7393
vn 0.2934 -0.4535 -0.8416
vn 0.0213 -0.6932 -0.7205
vn 0.2230 -0.4062 -0.8862
vn -0.4190 -0.8784 -0.2301
vn -0.0494 -0.7480 -0.6619
vn -0.3290 -0.9200 -0.2130
vn 0.0086 -0.6991 -0.7150
vn 0.1401 -0.3632 -0.9211
vn -0.5128 -0.7955 0.3228
vn 0.0065 -0.6483 -0.7614
vn 0.0664 -0.3491 -0.9347
vn -0.0098 -0.3448 -0.9386
vn -0.2181 -0.9607 -0.1716
vn -0.3377 -0.8584 0.3862
vn -0.0200 -0.6973 -0.7165
vn -0.0972 -0.3606 -0.9277
vn -0.1046 -0.9833 -0.1492
vn -0.3296 -0.3816 0.8635
vn -0.0170 -0.7032 -0.7107
vn -0.1706 -0.3841 -0.9074
vn 0.0190 -0.9895 -0.1431
vn -0.1581 -0.8931 0.4212
vn -0.2050 0.1737 0.9632
vn -0.0201 -0.7058 -0.7081
vn -0.2549 -0.4195 -0.8712
vn 0.1435 -0.9775 -0.1548
vn 0.0370 -0.9021 0.4299
vn -0.1500 -0.4151 0.8973
vn -0.0912 0.1530 0.9840
vn 0.0455 -0.4227 0.9051
vn 0.2322 -0.8820 0.4101
vn 0.2601 -0.9477 -0.1850
vn 0.0399 -0.7509 -0.6592
vn 0.0023 0.7219 0.6920
vn -0.0096 0.9402 0.3405
vn 0.0332 0.1489 0.9883
vn -0.0046 0.7201 0.6938
vn -0.0981 0.9292 0.3562
vn 0.2394 -0.4018 0.8839
vn -0.0084 -0.7023 -0.7119
vn -0.3262 -0.4643 -0.8234
vn 0.4164 -0.8341 0.3618
vn 0.3671 -0.9008 -0.2319
vn -0.0048 0.7164 0.6977
vn -0.1715 0.9091 0.3797
vn 0.1554 0.1625 0.9744
vn -0.0143 -0.7008 -0.7132
vn -0.3798 -0.5092 -0.7723
vn 0.4235 -0.3524 0.8346
vn 0.5836 -0.7597 0.2869
vn 0.4563 -0.8402 -0.2929
vn -0.0066 0.7164 0.6976
vn -0.2452 0.8787 0.4095
vn 0.2722 0.1948 0.9423
vn -0.0215 -0.7096 -0.7043
vn -0.3961 -0.5776 -0.7138
vn 0.5890 -0.2777 0.7589
vn 0.7240 -0.6632 0.1899
vn 0.5270 -0.7667 -0.3667
vn -0.0093 0.7153 0.6987
vn -0.3034 0.8410 0.4480
vn 0.3763 0.2423 0.8943
vn 0.0575 -0.7181 -0.6935
vn -0.3811 -0.6525 -0.6549
vn 0.7284 -0.1800 0.6611
vn 0.8338 -0.5472 0.0729
vn 0.5966 -0.6827 -0.4219
vn -0.0111 0.7168 0.6972
vn -0.3632 0.7912 0.4921
vn 0.4642 0.3051 0.8315
vn 0.0992 -0.6865 -0.7203
vn -0.3811 -0.7098 -0.5924
vn 0.8368 -0.0639 0.5438
vn 0.6729 -0.5542 -0.4899
vn 0.9063 -0.4189 -0.0560
vn -0.0197 0.7142 0.6996
vn -0.4076 0.7268 0.5528
vn 0.5322 0.3786 0.7572
vn -0.0377 -0.7164 -0.6966
vn -0.3783 -0.7481 -0.5452
vn -0.3507 -0.7890 -0.5045
vn 0.9078 0.0651 0.4144
vn 0.6414 -0.4639 -0.6111
vn 0.9396 -0.2816 -0.1947
vn -0.0185 0.7093 0.7047
vn -0.4135 0.6676 0.6191
vn 0.5762 0.4610 0.6749
vn -0.0033 -0.7202 -0.6938
vn -0.2999 -0.8439 -0.4448
vn 0.5611 -0.4252 -0.7102
vn 0.9398 0.2022 0.2756
vn 0.9318 -0.1436 -0.3334
vn -0.0116 0.7076 0.7065
vn -0.4057 0.6121 0.6787
vn 0.5959 0.5480 0.5870
vn 0.0054 -0.7247 -0.6891
vn -0.2248 -0.8853 -0.4070
vn 0.5070 -0.3462 -0.7894
vn 0.8827 -0.0087 -0.4698
vn 0.9303 0.3403 0.1370
vn -0.0117 0.7068 0.7073
vn -0.3857 0.5566 0.7358
vn 0.5889 0.6355 0.4993
vn 0.0102 -0.7182 -0.6958
vn -0.1398 -0.9127 -0.3839
vn 0.4294 -0.2766 -0.8597
vn 0.7961 0.1152 -0.5942
vn 0.8800 0.4749 0.0008
vn -0.0095 0.7056 0.7086
vn -0.3509 0.5058 0.7881
vn 0.5563 0.7210 0.4131
vn 0.7919 0.5982 -0.1230
vn 0.6718 0.2252 -0.7057
vn 0.3278 -0.2176 -0.9193
vn -0.0118 0.7051 0.7090
vn -0.3020 0.4491 0.8409
vn 0.4997 0.7988 0.3350
vn 0.6658 0.7083 -0.2345
vn -0.0069 0.7009 0.7132
vn -0.2251 0.4110 0.8834
vn 0.4188 0.8687 0.2644
vn 0.5117 0.3167 -0.7987
vn 0.0352 -0.6564 -0.7536
vn -0.0021 0.7047 0.7095
vn -0.1508 0.3900 0.9084
vn 0.5052 0.7989 -0.3263
vn 0.3166 0.9257 0.2071
vn 0.2170 -0.1768 -0.9600
vn -0.0007 -0.7124 -0.7017
vn -0.0453 -0.9279 -0.3700
vn -0.0013 0.7045 0.7097
vn -0.0746 0.3760 0.9236
vn 0.3366 0.3798 -0.8616
vn 0.2053 0.9641 0.1683
vn 0.3296 0.8606 -0.3883
vn -0.0005 -0.7118 -0.7024
vn 0.0304 -0.9309 -0.3640
vn 0.0973 -0.1540 -0.9833
vn -0.0009 0.7053 0.7089
vn 0.0044 0.3727 0.9279
vn 0.1466 0.4153 -0.8978
vn 0.1383 0.8954 -0.4232
vn 0.0832 0.9856 0.1470
vn -0.0004 -0.7154 -0.6987
vn 0.1181 -0.9223 -0.3680
vn -0.0278 -0.1483 -0.9885
vn -0.0016 0.7036 0.7106
vn 0.0878 0.3716 0.9242
vn -0.0501 0.4228 -0.9048
vn -0.0581 0.9013 -0.4294
vn -0.0409 0.9888 0.1434
vn 0.0057 -0.7161 -0.6979
vn 0.2010 -0.8945 -0.3994
vn -0.1501 -0.1617 -0.9754
vn 0.0035 0.7006 0.7135
vn 0.1808 0.3889 0.9034
vn -0.2437 0.4010 -0.8831
vn -0.2524 0.8784 -0.4059
vn -0.1644 0.9734 0.1593
vn 0.0062 -0.7109 -0.7033
vn 0.2656 -0.8556 -0.4442
vn -0.2677 -0.1927 -0.9440
vn 0.0072 0.7045 0.7097
vn 0.2469 0.4287 0.8691
vn -0.4280 0.3513 -0.8327
vn -0.2800 0.9406 0.1919
vn -0.4357 0.8273 -0.3547
vn 0.0551 -0.7317 -0.6794
vn 0.3088 -0.8233 -0.4762
vn 0.3454 -0.7855 -0.5135
vn -0.3717 -0.2397 -0.8969
vn 0.0024 0.7070 0.7072
vn 0.3081 0.4786 0.8222
vn -0.5921 0.2761 -0.7571
vn -0.5994 0.7509 -0.2773
vn -0.3834 0.8913 0.2420
vn 0.0107 -0.7000 -0.7141
vn 0.3849 -0.7234 -0.5731
vn -0.4613 -0.3019 -0.8343
vn -0.7320 0.1776 -0.6577
vn -0.7376 0.6515 -0.1775
vn -0.4705 0.8279 0.3052
vn -0.5295 -0.3745 -0.7612
vn -0.0749 -0.6858 -0.7239
vn -0.8385 0.0622 -0.5414
vn 0.0100 -0.7112 -0.7029
vn 0.4102 -0.6524 -0.6373
vn -0.5754 -0.4571 -0.6782
vn -0.8427 0.5351 -0.0598
vn -0.0683 0.7374 0.6720
vn -0.5959 -0.5431 -0.5916
vn -0.9094 -0.0680 -0.4103
vn -0.9401 -0.2039 -0.2732
vn -0.5361 0.7535 0.3806
vn -0.0027 0.6973 0.7168
vn 0.3576 0.5346 0.7657
vn -0.9118 0.4044 0.0716
vn -0.9404 0.2683 0.2091
vn -0.5792 0.6704 0.4638
vn 0.0625 0.6891 0.7219
vn 0.3785 0.5752 0.7252
vn 0.4030 0.6216 0.6717
vn -0.5961 0.5839 0.5511
vn 0.0136 0.7082 0.7059
vn 0.5054 0.6102 -0.6102
vn 0.8597 0.3612 -0.3612
vn -0.4904 0.6162 -0.6162
vn -0.9830 0.1296 -0.1298
vn -0.9801 -0.1404 0.1405
vn -0.8597 -0.3612 0.3612
vn -0.9801 -0.1405 0.1405
vn 0.5019 -0.6117 0.6115
vn 0.0370 -0.7066 0.7066
vn 0.5019 -0.6116 0.6116
vn 0.8492 -0.3734 0.3734
vn 0.1194 0.7020 -0.7020
vn 0.6995 0.5053 -0.5053
vn -0.1406 0.7001 -0.7001
vn -0.7146 0.4947 -0.4947
vn 0.9901 0.0994 -0.0994
vn 0.9928 -0.0844 0.0845
vn 0.7146 -0.4946 0.4946
vn 0.1406 -0.7001 0.7001
vn -0.1195 -0.7020 0.7020
vn -0.6995 -0.5053 0.5053
vn -0.9901 -0.0994 0.0994
vn -0.9928 0.0845 -0.0845
vn 0.9781 -0.1473 0.1473
vn 0.9821 0.1333 -0.1333
vn -0.4784 -0.6209 0.6209
vn -0.9801 -0.1404 0.1403
vn -0.9830 0.1298 -0.1297
vn 0.1096 -0.6965 0.7091
vn 0.2054 -0.6920 0.6920
vn 0.2051 -0.6795 0.7044
vn 0.2087 -0.6790 0.7039
vn -0.0574 -0.7059 0.7059
vn -0.3146 -0.6712 0.6712
vn -0.4351 -0.6366 0.6366
vn -0.7004 -0.5047 0.5047
vn 0.7002 0.5048 -0.5048
vn 0.8906 0.3215 -0.3216
vn 0.9431 0.2352 -0.2352
vn 0.9971 0.0541 -0.0541
vn 0.9984 -0.0403 0.0404
vn 0.9494 -0.2221 0.2221
vn 0.8992 -0.3094 0.3094
vn 0.7139 -0.4951 0.4951
vn -0.2058 0.6920 -0.6920
vn -0.2050 0.6921 -0.6921
vn -0.0765 0.7050 -0.7050
vn 0.0571 0.7060 -0.7060
vn 0.3141 0.6713 -0.6713
vn 0.4375 0.6358 -0.6358
vn -0.9929 0.0841 -0.0841
vn -0.9780 -0.1475 0.1475
vn 0.0458 -0.7064 0.7064
vn -0.0350 -0.7067 0.7067
vn 0.1269 -0.7014 0.7014
vn 0.3326 -0.6668 0.6668
vn 0.4548 -0.6298 0.6298
vn -0.0477 0.7063 -0.7063
vn 0.0352 0.7067 -0.7067
vn -0.1309 0.7010 -0.7010
vn -0.3376 0.6656 -0.6656
vn -0.4587 0.6283 -0.6283
vn -0.7128 0.4959 -0.4959
vn -0.8968 0.3129 -0.3129
vn -0.9479 0.2252 -0.2252
vn -0.9984 0.0406 -0.0406
vn -0.9968 -0.0563 0.0563
vn -0.9423 -0.2367 0.2367
vn -0.8914 -0.3205 0.3205
vn -0.3205 0.9092 0.2659
vn -0.3207 0.9091 0.2658
vn -0.3041 -0.2368 -0.9228
vn -0.3040 -0.2368 -0.9228
vn 0.8333 -0.4048 -0.3765
vn 0.5528 -0.5418 -0.6331
vn 0.8038 -0.4368 -0.4037
vn 0.9936 -0.0967 0.0584
vn 0.9888 -0.0029 0.1493
vn 0.9520 0.1165 0.2830
vn 0.5929 0.1132 -0.7973
vn 0.5929 0.1131 -0.7973
vn 0.8046 0.4666 -0.3673
vn 0.7925 0.4599 -0.4005
vn 0.8436 0.3948 -0.3639
vn 0.7817 0.4342 -0.4477
vn 0.7874 0.3807 -0.4848
vn 0.8056 0.3144 -0.5021
vn 0.5929 0.7979 -0.1087
vn 0.7271 0.2039 0.6555
vn 0.9123 -0.2208 0.3450
vn 0.7269 0.2042 0.6556
vn 0.9123 -0.3462 0.2189
vn 0.7964 -0.5956 -0.1052
vn 0.6443 -0.7005 -0.3068
vn 0.1751 -0.7429 -0.6461
vn -0.1701 -0.6339 -0.7545
vn -0.6881 -0.2395 -0.6849
vn -0.8607 0.0457 -0.5071
vn -0.7888 0.6060 0.1025
vn -0.1702 0.7505 0.6386
vn 0.1749 0.6415 0.7470
vn 0.2982 0.3686 -0.8804
vn 0.0807 0.2695 -0.9596
vn -0.0048 0.4262 -0.9046
vn 0.0513 0.5675 -0.8218
vn -0.0934 0.8110 -0.5776
vn 0.0652 0.8406 -0.5378
vn 0.0807 0.9581 -0.2749
vn 0.2737 0.8745 -0.4004
vn 0.3403 0.4461 -0.8278
vn 0.1360 0.6309 -0.7639
vn 0.5578 0.4302 -0.7098
vn 0.1841 0.8166 -0.5471
vn 0.6126 0.4699 -0.6355
vn 0.4345 0.8007 -0.4125
vn 0.6624 0.5309 -0.5285
vn 0.5743 0.6926 -0.4364
vn 0.6712 0.5456 -0.5018
vn 0.6248 0.6334 -0.4566
vn 0.7271 -0.6555 -0.2039
vn 0.1751 -0.7465 -0.6419
vn 0.7269 -0.6556 -0.2042
vn -0.1701 -0.6382 -0.7509
vn -0.7888 -0.1025 -0.6060
vn -0.8609 0.5068 -0.0452
vn -0.6884 0.6845 0.2399
vn -0.1703 0.7541 0.6343
vn 0.1749 0.6457 0.7433
vn 0.6441 0.3065 0.7008
vn 0.7963 0.1051 0.5957
vn 0.9122 -0.2189 0.3463
vn 0.9122 -0.3450 0.2209
vn 0.7817 0.4477 -0.4342
vn 0.7874 0.4848 -0.3807
vn 0.8056 0.5021 -0.3145
vn 0.7925 0.4004 -0.4600
vn 0.8046 0.3673 -0.4666
vn 0.8436 0.3639 -0.3948
vn 0.9520 -0.2830 -0.1166
vn 0.9888 -0.1493 0.0029
vn 0.9936 -0.0584 0.0967
vn 0.8333 0.3765 0.4048
vn 0.8039 0.4037 0.4368
vn 0.5528 0.6331 0.5418
vn 0.4070 0.6444 -0.6474
vn 0.4067 0.6443 -0.6477
vn 0.4068 0.6442 -0.6477
vn 0.4066 0.6442 -0.6478
vn 0.4065 0.6441 -0.6480
vn 0.6042 -0.5577 -0.5692
vn 0.6042 -0.5577 -0.5691
vn 0.5549 -0.5391 -0.6337
vn 0.6493 -0.5724 -0.5008
vn -0.7353 0.4779 -0.4806
vn -0.7353 0.4780 -0.4806
vn -0.7352 0.4780 -0.4805
vn 0.5929 0.1087 -0.7979
vn 0.5929 0.1086 -0.7979
vn 0.5929 0.7973 -0.1132
vn -0.3041 0.9228 0.2368
vn -0.3040 0.9228 0.2368
vn -0.3205 -0.2659 -0.9092
vn -0.3206 -0.2658 -0.9091
vn 0.4067 0.6479 -0.6441
vn 0.4069 0.6477 -0.6441
vn 0.4069 0.6477 -0.6442
vn 0.4066 0.6479 -0.6441
vn 0.2982 0.8805 -0.3687
vn -0.0049 0.9046 -0.4262
vn 0.0807 0.9596 -0.2695
vn 0.0513 0.8218 -0.5675
vn -0.0933 0.5776 -0.8110
vn 0.0652 0.5378 -0.8406
vn 0.0806 0.2749 -0.9581
vn 0.2736 0.4005 -0.8745
vn 0.3402 0.8277 -0.4462
vn 0.5578 0.7098 -0.4302
vn 0.1360 0.7638 -0.6310
vn 0.6126 0.6356 -0.4699
vn 0.1840 0.5471 -0.8166
vn 0.6624 0.5285 -0.5310
vn 0.4345 0.4125 -0.8007
vn 0.6712 0.5018 -0.5456
vn 0.5743 0.4364 -0.6926
vn 0.6248 0.4566 -0.6334
vn 0.6042 0.5691 0.5577
vn 0.6042 0.5691 0.5578
vn 0.6494 0.5005 0.5725
vn 0.5548 0.6337 0.5391
vn -0.7353 0.4806 -0.4778
vn 0.0334 -0.7174 -0.6958
vn -0.1960 -0.6269 -0.7541
vn -0.1960 -0.6268 -0.7541
vn 0.2765 -0.7634 -0.5838
vn 0.4851 -0.7555 -0.4404
vn 0.4613 0.6150 -0.6395
vn 0.4333 0.6357 -0.6388
vn 0.4333 0.6373 -0.6373
vn 0.3921 0.6505 -0.6505
vn 0.3855 0.6605 -0.6443
vn 0.3367 0.6768 -0.6546
vn 0.4333 0.6388 -0.6357
vn 0.4613 0.6395 -0.6150
vn 0.3855 0.6443 -0.6605
vn 0.3368 0.6546 -0.6768
vn -0.4613 -0.6150 0.6395
vn -0.4376 -0.6358 0.6358
vn -0.4358 -0.6331 0.6398
vn -0.3920 -0.6505 0.6505
vn -0.3812 -0.6589 0.6485
vn -0.3288 -0.6762 0.6592
vn -0.4359 -0.6397 0.6331
vn -0.4613 -0.6395 0.6150
vn -0.3811 -0.6485 0.6590
vn -0.3286 -0.6594 0.6762
vn -0.8347 0.5506 0.0086
vn -0.8886 0.4368 -0.1404
vn -0.9071 0.3038 -0.2914
vn -0.9075 0.2974 -0.2967
vn -0.9062 0.2997 -0.2982
vn -0.9084 0.2899 -0.3012
vn -0.8886 0.1404 -0.4368
vn -0.8347 -0.0085 -0.5506
vn 0.9087 -0.2951 0.2951
vn 0.9036 -0.3688 0.2181
vn 0.9036 -0.2181 0.3688
vn 0.4852 0.4404 0.7554
vn 0.2764 0.5838 0.7634
vn 0.0334 0.6958 0.7175
vn -0.1960 0.7541 0.6268
vn -0.9501 0.1066 -0.2933
vn -0.7686 0.5289 0.3600
vn -0.7958 -0.1125 0.5950
vn -0.9980 -0.0013 -0.0637
vn -0.3622 0.5675 -0.7394
vn -0.3540 0.6317 -0.6897
vn 0.3280 0.8477 -0.4169
vn -0.1586 0.4060 -0.9000
vn -0.6897 -0.0532 -0.7221
vn 0.3994 0.8596 -0.3186
vn 0.4908 0.8422 -0.2231
vn 0.6870 0.6626 0.2982
vn 0.9942 0.0803 0.0722
vn 0.2579 -0.1968 0.9459
vn 0.3306 -0.4670 0.8201
vn -0.3886 -0.2509 0.8866
vn -0.0384 -0.3743 0.9265
vn 0.1947 -0.0385 0.9801
vn 0.7731 0.5533 0.3101
vn 0.5822 0.6861 -0.4362
vn -0.1053 0.2544 -0.9614
vn 0.6057 0.5558 -0.5694
vn 0.8845 0.4023 0.2361
vn 0.5800 -0.0224 0.8143
vn -0.7581 -0.2440 -0.6047
vn -0.8685 -0.4796 0.1253
vn -0.7782 -0.6078 0.1580
vn -0.5384 -0.6586 0.5258
vn -0.5143 -0.6896 0.5098
vn -0.7237 -0.6795 0.1205
vn -0.7344 -0.4080 -0.5424
vn -0.2043 0.1179 -0.9718
vn 0.5269 0.4828 -0.6995
vn 0.9086 0.4118 0.0693
vn 0.5499 -0.1394 0.8235
vn 0.0445 -0.3087 0.9501
vn 0.1936 -0.3895 0.9005
vn -0.1054 -0.3063 0.9461
vn 0.1990 -0.3029 0.9320
vn 0.2128 -0.3104 0.9265
vn -0.7558 0.0442 -0.6533
vn -0.8393 -0.0761 -0.5383
vn -0.9243 0.1781 -0.3375
vn -0.8233 0.3691 -0.4313
vn -0.7040 0.3274 -0.6302
vn -0.6459 0.1630 -0.7458
vn -0.5383 0.8427 -0.0136
vn -0.7172 0.6934 0.0697
vn -0.6316 0.6896 0.3544
vn -0.0834 0.8321 0.5484
vn 0.2704 0.8301 0.4876
vn -0.1344 0.1237 0.9832
vn 0.6680 0.4222 0.6127
vn 0.8850 0.3053 0.3516
vn 0.9448 -0.3137 0.0945
vn 0.9338 -0.2898 -0.2096
vn 0.3804 -0.3157 0.8693
vn -0.4067 -0.6441 0.6478
vn -0.4068 -0.6441 0.6478
vn 0.8724 -0.4646 0.1519
vn 0.6980 -0.6907 -0.1890
vn 0.6925 -0.5463 -0.4712
vn 0.5071 -0.5056 -0.6980
vn 0.2003 -0.4738 -0.8576
vn 0.0696 -0.4328 -0.8988
vn -0.1790 -0.3107 -0.9335
vn -0.2968 -0.2297 -0.9269
vn -0.4063 -0.1456 -0.9021
vn -0.3624 0.8729 0.3266
vn -0.3623 0.8729 0.3268
vn -0.3624 0.8729 0.3267
vn -0.3625 0.8729 0.3265
vn -0.4846 0.2731 -0.8310
vn -0.4777 0.1033 -0.8724
vn -0.4767 0.4346 -0.7641
vn 0.5164 -0.7807 -0.3520
vn 0.5159 -0.7826 -0.3484
vn 0.5169 -0.7787 -0.3556
vn -0.8019 -0.5908 0.0888
vn -0.8028 -0.5898 0.0879
vn -0.8018 -0.5909 0.0890
vn -0.8011 -0.5917 0.0899
vn 0.1054 -0.8245 0.5560
vn 0.1053 -0.8245 0.5560
vn 0.1055 -0.8244 0.5560
vn -0.4387 -0.3268 -0.8371
vn -0.4387 -0.3267 -0.8371
vn -0.1601 -0.9475 -0.2769
vn -0.1597 -0.9475 -0.2770
vn -0.1599 -0.9475 -0.2768
vn -0.1603 -0.9475 -0.2768
vn -0.8635 -0.4641 0.1974
vn -0.7907 -0.6002 0.1208
vn -0.7853 -0.6001 0.1524
vn -0.7853 -0.6001 0.1525
vn -0.9118 -0.3094 0.2700
vn -0.8636 -0.4639 0.1975
vn -0.9368 -0.0600 0.3447
vn -0.9186 0.0339 0.3937
vn -0.9204 0.0227 0.3904
vn -0.9306 -0.0809 0.3571
vn -0.9297 -0.1824 0.3199
vn -0.9297 -0.1825 0.3198
vn -0.2783 0.0583 -0.9587
vn -0.2146 0.0834 -0.9731
vn -0.2618 0.0592 -0.9633
vn -0.2619 0.0592 -0.9633
vn -0.3603 0.0464 -0.9317
vn -0.3938 0.2341 -0.8889
vn -0.4129 0.4117 -0.8124
vn -0.3685 0.5724 -0.7325
vn 0.9013 0.3738 -0.2189
vn 0.8585 0.4879 -0.1580
vn 0.8503 0.4929 -0.1845
vn 0.9322 0.2484 -0.2633
vn 0.9013 0.3737 -0.2190
vn 0.9515 0.1034 -0.2896
vn 0.9500 0.0905 -0.2989
vn 0.9137 -0.1594 -0.3739
vn 0.8212 -0.3853 -0.4210
vn 0.8212 -0.3852 -0.4210
vn 0.2847 -0.0802 0.9553
vn 0.2288 -0.1042 0.9679
vn 0.2691 -0.0704 0.9605
vn 0.3029 -0.0809 0.9496
vn 0.2847 -0.0801 0.9553
vn 0.2969 -0.0797 0.9516
vn 0.2886 -0.0575 0.9557
vn 0.2907 -0.0329 0.9563
vn -0.9243 0.3376 -0.1780
vn -0.8393 0.5383 0.0761
vn -0.7558 0.6533 -0.0441
vn -0.8233 0.4312 -0.3691
vn -0.7042 0.6301 -0.3272
vn -0.6461 0.7457 -0.1628
vn -0.5383 0.0136 -0.8427
vn -0.7172 -0.0699 -0.6934
vn -0.6316 -0.3544 -0.6895
vn -0.0835 -0.5484 -0.8321
vn 0.2705 -0.4876 -0.8301
vn -0.1343 -0.9832 -0.1238
vn 0.6680 -0.6127 -0.4223
vn 0.8850 -0.3516 -0.3054
vn 0.9448 -0.0945 0.3137
vn 0.9338 0.2096 0.2899
vn 0.3804 -0.8692 0.3159
vn -0.4067 -0.6478 0.6441
vn -0.4068 -0.6478 0.6441
vn 0.8724 -0.1519 0.4646
vn 0.6980 0.1890 0.6907
vn 0.6925 0.4711 0.5464
vn 0.5070 0.6979 0.5058
vn 0.2003 0.8575 0.4738
vn 0.0696 0.8988 0.4328
vn -0.1791 0.9335 0.3108
vn -0.2969 0.9269 0.2298
vn -0.4064 0.9020 0.1457
vn -0.7958 -0.5950 0.1125
vn -0.7686 -0.3600 -0.5289
vn -0.9501 0.2933 -0.1066
vn -0.9980 0.0637 0.0012
vn -0.3622 0.7394 -0.5676
vn -0.3540 0.6897 -0.6317
vn 0.3280 0.4168 -0.8477
vn -0.1586 0.9000 -0.4061
vn -0.6896 0.7222 0.0532
vn 0.3994 0.3186 -0.8596
vn 0.4908 0.2231 -0.8422
vn 0.6870 -0.2982 -0.6626
vn 0.9942 -0.0722 -0.0803
vn 0.2579 -0.9459 0.1968
vn 0.3307 -0.8201 0.4670
vn -0.3886 -0.8866 0.2509
vn -0.0384 -0.9265 0.3743
vn 0.1947 -0.9801 0.0385
vn 0.7731 -0.3101 -0.5533
vn 0.5822 0.4362 -0.6861
vn -0.1053 0.9614 -0.2543
vn 0.6057 0.5694 -0.5559
vn 0.8846 -0.2361 -0.4022
vn 0.5800 -0.8143 0.0224
vn -0.7581 0.6047 0.2440
vn -0.8685 -0.1253 0.4796
vn -0.7782 -0.1580 0.6078
vn -0.5384 -0.5258 0.6586
vn -0.5143 -0.5098 0.6896
vn -0.7237 -0.1205 0.6795
vn -0.7344 0.5424 0.4080
vn -0.2044 0.9718 -0.1179
vn 0.5268 0.6995 -0.4828
vn 0.9086 -0.0693 -0.4118
vn 0.5499 -0.8235 0.1394
vn 0.0445 -0.9501 0.3087
vn 0.1936 -0.9005 0.3895
vn -0.1054 -0.9461 0.3063
vn 0.1990 -0.9320 0.3029
vn 0.2128 -0.9265 0.3104
vn -0.3624 -0.3266 -0.8729
vn -0.3625 -0.3266 -0.8729
vn -0.3623 -0.3267 -0.8729
vn -0.3623 -0.3268 -0.8729
vn -0.4846 0.8310 -0.2731
vn -0.4767 0.7641 -0.4346
vn -0.4777 0.8724 -0.1033
vn 0.5164 0.3520 0.7807
vn 0.5169 0.3556 0.7787
vn 0.5159 0.3484 0.7826
vn -0.8019 -0.0889 0.5908
vn -0.8011 -0.0899 0.5917
vn -0.8020 -0.0888 0.5907
vn -0.8027 -0.0880 0.5898
vn 0.1049 -0.5560 0.8246
vn 0.1051 -0.5561 0.8244
vn 0.1053 -0.5561 0.8244
vn -0.4388 0.8371 0.3266
vn -0.4389 0.8371 0.3266
vn -0.4388 0.8371 0.3267
vn -0.4387 0.8371 0.3267
vn -0.1599 0.2768 0.9475
vn -0.1602 0.2766 0.9476
vn -0.1601 0.2766 0.9475
vn -0.1598 0.2769 0.9475
vn -0.9297 -0.3199 0.1824
vn -0.9297 -0.3198 0.1826
vn -0.9306 -0.3571 0.0809
vn -0.9204 -0.3904 -0.0227
vn -0.9186 -0.3938 -0.0340
vn -0.9368 -0.3447 0.0600
vn -0.9118 -0.2702 0.3094
vn -0.8636 -0.1975 0.4639
vn -0.7853 -0.1525 0.6001
vn -0.7907 -0.1208 0.6002
vn -0.3686 0.7325 -0.5724
vn -0.3686 0.7324 -0.5724
vn -0.4128 0.8124 -0.4118
vn -0.3936 0.8890 -0.2341
vn -0.3601 0.9318 -0.0465
vn -0.2783 0.9587 -0.0583
vn -0.2619 0.9633 -0.0592
vn -0.2146 0.9731 -0.0834
vn 0.2909 -0.9562 0.0330
vn 0.2887 -0.9557 0.0575
vn 0.2970 -0.9515 0.0797
vn 0.3029 -0.9496 0.0810
vn 0.2847 -0.9553 0.0802
vn 0.2690 -0.9606 0.0704
vn 0.2288 -0.9679 0.1042
vn 0.9137 0.3739 0.1594
vn 0.8212 0.4210 0.3852
vn 0.8213 0.4209 0.3851
vn 0.9137 0.3739 0.1593
vn 0.9500 0.2988 -0.0904
vn 0.9516 0.2896 -0.1033
vn 0.9322 0.2633 -0.2483
vn 0.9014 0.2189 -0.3737
vn 0.8503 0.1845 -0.4929
vn 0.8585 0.1580 -0.4879
vn 0.6870 0.5999 -0.4102
vn 0.7212 0.4577 -0.5201
vn 0.7270 0.4525 -0.5165
vn 0.6263 0.7277 -0.2796
vn 0.3841 0.9181 -0.0976
vn 0.2117 0.9767 -0.0339
vn -0.1457 0.9890 -0.0250
vn -0.3286 0.9423 -0.0641
vn -0.5920 0.7708 -0.2353
vn -0.6783 0.6447 -0.3526
vn -0.6934 0.3914 -0.6050
vn -0.6326 0.2582 -0.7302
vn -0.3904 0.0730 -0.9177
vn -0.2181 0.0091 -0.9759
vn 0.1394 0.0021 -0.9902
vn 0.3223 0.0436 -0.9456
vn 0.4868 0.0901 -0.8688
vn 0.4899 0.0825 -0.8679
vn 0.3332 -0.7369 -0.5882
vn 0.6690 -0.5871 -0.4558
vn 0.6390 -0.7161 -0.2808
vn 0.3478 -0.9164 -0.1981
vn 0.4891 -0.8652 0.1103
vn 0.1438 -0.9892 0.0265
vn -0.3541 -0.8809 -0.3140
vn -0.4256 -0.7117 -0.5589
vn -0.3849 -0.9176 0.0998
vn -0.8832 -0.3966 -0.2502
vn -0.8524 -0.5091 0.1191
vn -0.6862 -0.5992 0.4124
vn -0.9487 0.1464 0.2803
vn -0.8009 -0.0178 0.5985
vn -0.5837 -0.2207 0.7814
vn -0.4581 0.5651 0.6862
vn -0.2791 0.3051 0.9105
vn -0.1374 -0.0035 0.9905
vn 0.3010 0.6143 0.7294
vn 0.4073 0.2705 0.8723
vn 0.3912 -0.0753 0.9172
vn 0.8841 0.2651 0.3849
vn 0.8563 -0.1016 0.5064
vn 0.9951 -0.0956 0.0239
vn 0.6925 -0.3937 0.6045
vn 0.8601 -0.3883 0.3308
vn 0.7300 -0.5049 0.4606
vn 0.9408 0.2406 -0.2386
vn 0.9421 0.2374 -0.2370
vn 0.9409 0.2405 -0.2386
vn 0.9396 0.2436 -0.2403
vn -0.0120 0.7075 -0.7066
vn -0.9997 0.0177 -0.0178
vn 0.2439 0.6858 -0.6857
vn 0.2455 0.6844 -0.6865
vn 0.2436 0.6860 -0.6856
vn 0.2420 0.6874 -0.6847
vn -0.0708 0.7411 0.6676
vn -0.1505 0.7236 0.6736
vn -0.1373 0.7693 0.6239
vn -0.1372 0.7693 0.6239
vn -0.0633 0.7639 0.6422
vn -0.0707 0.7412 0.6675
vn -0.0034 0.7072 0.7070
vn -0.0037 0.7072 0.7070
vn -0.0025 0.7065 0.7077
vn -0.0025 0.7068 0.7074
vn 0.0025 -0.7065 -0.7077
vn 0.0025 -0.7068 -0.7074
vn 0.0032 -0.7066 -0.7076
vn 0.0037 -0.7066 -0.7076
vn 0.0035 -0.7067 -0.7075
vn 0.0024 -0.7059 -0.7083
vn 0.0442 -0.7461 -0.6643
vn 0.0931 -0.7517 -0.6530
vn 0.1377 -0.7697 -0.6234
vn 0.1509 -0.7237 -0.6734
vn -0.5093 -0.3280 -0.7957
vn -0.4726 -0.3550 -0.8066
vn -0.4330 -0.3889 -0.8132
vn -0.5093 -0.3279 -0.7957
vn -0.3933 -0.4178 -0.8190
vn -0.3904 -0.4288 -0.8147
vn -0.9224 0.2816 -0.2643
vn -0.9224 0.2815 -0.2643
vn -0.7692 0.5868 0.2528
vn -0.7693 0.5868 0.2528
vn -0.7692 0.5869 0.2528
vn 0.3840 0.7408 -0.5511
vn 0.3840 0.7408 -0.5512
vn 0.4067 0.6478 -0.6442
vn 0.4658 -0.8668 -0.1780
vn 0.3686 -0.8813 -0.2957
vn 0.3649 -0.8335 -0.4148
vn 0.3887 -0.8012 -0.4549
vn 0.5752 -0.8022 -0.1601
vn 0.4604 -0.7388 -0.4922
vn 0.6150 -0.7675 -0.1809
vn 0.5084 -0.7085 -0.4894
vn 0.6579 -0.7093 -0.2531
vn 0.5922 -0.6730 -0.4432
vn 0.6610 -0.6858 -0.3045
vn 0.6281 -0.6676 -0.3997
vn 0.0045 -0.6986 0.7155
vn -0.0045 0.6986 -0.7155
vn 0.0206 0.7048 -0.7091
vn 0.0195 0.6903 -0.7233
vn 0.0070 0.7155 -0.6985
vn 0.0044 0.6805 -0.7328
vn -0.0134 0.7162 -0.6977
vn -0.0159 0.6812 -0.7320
vn -0.0285 0.7065 -0.7072
vn -0.0295 0.6919 -0.7214
vn 0.3687 0.2957 0.8813
vn 0.4658 0.1780 0.8668
vn 0.3649 0.4148 0.8335
vn 0.3887 0.4549 0.8013
vn 0.5753 0.1601 0.8021
vn 0.4604 0.4922 0.7387
vn 0.6151 0.1808 0.7674
vn 0.5083 0.4895 0.7086
vn 0.6580 0.2530 0.7092
vn 0.5922 0.4431 0.6730
vn 0.6611 0.3045 0.6857
vn 0.6282 0.3996 0.6676
vn -0.4067 -0.6479 0.6441
vn -0.4067 -0.6479 0.6440
vn -0.4067 -0.6478 0.6442
vn -0.4067 -0.6442 0.6478
vn 0.1452 -0.3162 0.9375
vn 0.4991 -0.0565 0.8647
vn 0.8445 0.3653 0.3917
vn 0.8617 0.4966 0.1040
vn 0.6780 0.5981 -0.4274
vn 0.4771 0.5681 -0.6705
vn 0.0083 0.3693 -0.9293
vn -0.2594 0.2006 -0.9447
vn -0.6603 -0.1487 -0.7361
vn -0.7933 -0.3292 -0.5122
vn -0.8244 -0.5660 0.0067
vn -0.7225 -0.6223 0.3013
vn -0.5669 -0.6182 0.5444
vn -0.5669 -0.6182 0.5445
vn 0.4991 -0.8647 0.0565
vn 0.1452 -0.9375 0.3162
vn 0.8438 -0.3922 -0.3664
vn 0.8610 -0.1044 -0.4978
vn 0.6773 0.4269 -0.5992
vn 0.4764 0.6701 -0.5692
vn 0.0076 0.9289 -0.3704
vn -0.2601 0.9443 -0.2017
vn -0.6610 0.7357 0.1477
vn -0.7940 0.5118 0.3282
vn -0.8251 -0.0071 0.5650
vn -0.7232 -0.3019 0.6212
vn -0.5669 -0.5445 0.6182
vn -0.5669 -0.5444 0.6182
vn 0.5169 0.3296 0.7900
vn 0.5170 0.3296 0.7900
vn 0.5169 0.3296 0.7901
vn 0.5169 -0.7901 -0.3296
vn 0.5169 -0.7900 -0.3296
vn 0.5168 -0.7901 -0.3296
vn 0.5169 -0.7900 -0.3295
vn 0.5169 -0.7901 -0.3295
vt 0.369880 0.145027
vt 0.344488 0.146974
vt 0.347649 0.190911
vt 0.744145 0.515622
vt 0.699714 0.516596
vt 0.744145 0.519038
vt 0.713870 0.487789
vt 0.748040 0.498051
vt 0.747561 0.495114
vt 0.745119 0.503174
vt 0.709466 0.494635
vt 0.745598 0.504148
vt 0.337403 0.179691
vt 0.135739 0.314453
vt 0.135979 0.314453
vt 0.119561 0.315921
vt 0.120055 0.315427
vt 0.117733 0.326168
vt 0.119636 0.326662
vt 0.277827 0.064943
vt 0.312251 0.062007
vt 0.286860 0.066890
vt 0.422850 0.093750
vt 0.434564 0.089361
vt 0.426760 0.084477
vt 0.550287 0.402342
vt 0.547845 0.401848
vt 0.547365 0.402342
vt 0.627929 0.716552
vt 0.631344 0.715818
vt 0.625982 0.714350
vt 0.095338 0.554691
vt 0.097480 0.553462
vt 0.097779 0.564937
vt 0.617188 0.710200
vt 0.622072 0.711189
vt 0.620604 0.706305
vt 0.777027 0.120999
vt 0.785176 0.115681
vt 0.788082 0.097660
vt 0.046352 0.736086
vt 0.048644 0.724117
vt 0.053857 0.731937
vt 0.043641 0.732416
vt 0.058681 0.719967
vt 0.061917 0.725825
vt 0.037993 0.675536
vt 0.052464 0.676510
vt 0.048974 0.680420
vt 0.045169 0.667731
vt 0.030803 0.663822
vt 0.032556 0.661859
vt 0.013156 0.726079
vt 0.019748 0.731442
vt 0.017695 0.732671
vt 0.018130 0.723877
vt 0.012946 0.711189
vt 0.008018 0.713376
vt 0.031956 0.701422
vt 0.022848 0.708747
vt 0.022069 0.703609
vt 0.032526 0.709961
vt 0.046997 0.702141
vt 0.047026 0.710934
vt 0.057003 0.703369
vt 0.056913 0.710200
vt 0.066291 0.710200
vt 0.066351 0.703369
vt 0.059565 0.693842
vt 0.050202 0.689453
vt 0.035701 0.685798
vt 0.023193 0.696044
vt 0.020886 0.682622
vt 0.024122 0.674802
vt 0.033424 0.723638
vt 0.032900 0.733644
vt 0.022624 0.711189
vt 0.428228 0.530767
vt 0.423824 0.522708
vt 0.439703 0.508791
vt 0.445066 0.521734
vt 0.430175 0.536370
vt 0.568847 0.470217
vt 0.447028 0.527831
vt 0.434085 0.546631
vt 0.573236 0.482906
vt 0.450923 0.540534
vt 0.436527 0.553223
vt 0.590823 0.480958
vt 0.586419 0.471191
vt 0.592291 0.487310
vt 0.574704 0.488763
vt 0.574704 0.501466
vt 0.587887 0.497077
vt 0.453125 0.546137
vt 0.598148 0.497077
vt 0.597175 0.486321
vt 0.605474 0.493646
vt 0.602538 0.511713
vt 0.595707 0.509031
vt 0.593265 0.516117
vt 0.588381 0.514409
vt 0.586913 0.502934
vt 0.575199 0.507563
vt 0.577146 0.520027
vt 0.589355 0.522214
vt 0.457769 0.558106
vt 0.578614 0.525629
vt 0.595212 0.532954
vt 0.459716 0.563724
vt 0.583498 0.536864
vt 0.609863 0.542976
vt 0.595707 0.552489
vt 0.463866 0.575933
vt 0.468015 0.595452
vt 0.446773 0.593265
vt 0.445066 0.579828
vt 0.441650 0.569341
vt 0.439448 0.562495
vt 0.429681 0.560548
vt 0.437740 0.566405
vt 0.432857 0.551021
vt 0.430415 0.570315
vt 0.424558 0.552009
vt 0.420408 0.563484
vt 0.421637 0.555170
vt 0.865230 0.549313
vt 0.871582 0.547845
vt 0.869635 0.534917
vt 0.863777 0.535651
vt 0.863283 0.534423
vt 0.869140 0.533209
vt 0.865230 0.520027
vt 0.858894 0.521480
vt 0.829593 0.535651
vt 0.807617 0.521240
vt 0.806149 0.522948
vt 0.829098 0.537598
vt 0.885738 0.530273
vt 0.885738 0.530033
vt 0.878907 0.530767
vt 0.879402 0.533209
vt 0.831061 0.514154
vt 0.830566 0.512207
vt 0.807122 0.516596
vt 0.807617 0.518559
vt 0.874998 0.518064
vt 0.874024 0.517090
vt 0.865230 0.518304
vt 0.859373 0.519772
vt 0.831540 0.512447
vt 0.877439 0.513675
vt 0.874998 0.381834
vt 0.868646 0.374029
vt 0.874998 0.513181
vt 0.763665 0.510259
vt 0.773432 0.515862
vt 0.776862 0.515143
vt 0.780278 0.512447
vt 0.768069 0.497556
vt 0.780278 0.507084
vt 0.755860 0.491699
vt 0.759770 0.487789
vt 0.729974 0.455567
vt 0.734378 0.451657
vt 0.753418 0.488763
vt 0.805175 0.521000
vt 0.805669 0.518559
vt 0.782719 0.511713
vt 0.782719 0.507323
vt 0.513181 0.170898
vt 0.486815 0.170898
vt 0.487055 0.173340
vt 0.513181 0.173340
vt 0.480718 0.161625
vt 0.480464 0.166014
vt 0.486815 0.166014
vt 0.486815 0.161625
vt 0.513181 0.162104
vt 0.513181 0.166509
vt 0.480718 0.156741
vt 0.486815 0.156741
vt 0.513181 0.157715
vt 0.486576 0.140144
vt 0.480464 0.140144
vt 0.480718 0.150390
vt 0.487055 0.149896
vt 0.513675 0.152337
vt 0.609369 0.093750
vt 0.506350 0.096686
vt 0.522948 0.134271
vt 0.585939 0.129882
vt 0.611331 0.120609
vt 0.891596 0.185054
vt 0.833502 0.142091
vt 0.859868 0.209966
vt 0.881829 0.240241
vt 0.760743 0.096192
vt 0.789056 0.085451
vt 0.759770 0.085451
vt 0.731442 0.115231
vt 0.729495 0.086919
vt 0.649411 0.118647
vt 0.647463 0.091802
vt 0.774420 0.385744
vt 0.750482 0.412603
vt 0.763185 0.419929
vt 0.790524 0.395990
vt 0.797370 0.408694
vt 0.768548 0.429681
vt 0.339605 0.079593
vt 0.320550 0.082515
vt 0.284418 0.075684
vt 0.275385 0.107906
vt 0.329583 0.119636
vt 0.353267 0.113284
vt 0.274905 0.122077
vt 0.344488 0.136713
vt 0.260015 0.103022
vt 0.263910 0.122557
vt 0.275145 0.183107
vt 0.301510 0.184575
vt 0.283204 0.150884
vt 0.833982 0.667971
vt 0.838865 0.667477
vt 0.842775 0.645501
vt 0.836918 0.646729
vt 0.838386 0.631839
vt 0.706545 0.672360
vt 0.703130 0.648197
vt 0.707024 0.626221
vt 0.687505 0.650879
vt 0.687505 0.672121
vt 0.669919 0.671147
vt 0.670413 0.671881
vt 0.881829 0.546871
vt 0.885259 0.549807
vt 0.266606 0.194821
vt 0.250248 0.178717
vt 0.183601 0.226564
vt 0.234743 0.167482
vt 0.207614 0.246143
vt 0.194207 0.257813
vt 0.343754 0.193353
vt 0.301510 0.191900
vt 0.269527 0.195795
vt 0.756834 0.523682
vt 0.771484 0.526618
vt 0.774900 0.524176
vt 0.774420 0.519038
vt 0.763185 0.511473
vt 0.773432 0.516596
vt 0.743651 0.523682
vt 0.698725 0.522214
vt 0.745119 0.509031
vt 0.709466 0.501960
vt 0.600590 0.147454
vt 0.582524 0.147948
vt 0.567873 0.192379
vt 0.601069 0.192379
vt 0.614252 0.132324
vt 0.597175 0.230474
vt 0.564458 0.234369
vt 0.579108 0.260749
vt 0.620124 0.202147
vt 0.604006 0.243657
vt 0.598628 0.277827
vt 0.616214 0.233890
vt 0.664061 0.204588
vt 0.650384 0.247072
vt 0.738288 0.175287
vt 0.740011 0.169190
vt 0.725585 0.220707
vt 0.746827 0.152907
vt 0.753044 0.142975
vt 0.767799 0.129283
vt 0.674413 0.278441
vt 0.680000 0.277467
vt 0.666398 0.279639
vt 0.732835 0.267790
vt 0.745598 0.270996
vt 0.774900 0.271490
vt 0.672405 0.283534
vt 0.674802 0.318842
vt 0.684509 0.291653
vt 0.700283 0.302754
vt 0.702635 0.333987
vt 0.710994 0.299263
vt 0.706290 0.298964
vt 0.711908 0.295413
vt 0.714065 0.300177
vt 0.721465 0.300057
vt 0.728027 0.331051
vt 0.727532 0.354975
vt 0.764159 0.320805
vt 0.760414 0.309555
vt 0.768039 0.311217
vt 0.756834 0.344728
vt 0.786614 0.319831
vt 0.786240 0.315367
vt 0.791453 0.315457
vt 0.809459 0.338392
vt 0.805639 0.315996
vt 0.809474 0.338302
vt 0.809564 0.338377
vt 0.809549 0.336489
vt 0.818477 0.333927
vt 0.827046 0.331246
vt 0.837922 0.325778
vt 0.837727 0.327456
vt 0.834192 0.322123
vt 0.838311 0.324220
vt 0.766601 0.365236
vt 0.757807 0.352533
vt 0.732910 0.375977
vt 0.737300 0.394043
vt 0.671387 0.322273
vt 0.658878 0.328939
vt 0.688958 0.329104
vt 0.597175 0.280268
vt 0.587827 0.308311
vt 0.575094 0.307053
vt 0.550272 0.292492
vt 0.576667 0.262697
vt 0.550736 0.288163
vt 0.542692 0.284523
vt 0.532355 0.275669
vt 0.561522 0.236331
vt 0.529449 0.273602
vt 0.501841 0.278905
vt 0.860841 0.391601
vt 0.846191 0.399900
vt 0.859373 0.410162
vt 0.837397 0.411135
vt 0.835450 0.396979
vt 0.820799 0.378419
vt 0.792487 0.365730
vt 0.805085 0.350585
vt 0.823241 0.364262
vt 0.805175 0.350585
vt 0.854010 0.360847
vt 0.755860 0.526123
vt 0.770990 0.529060
vt 0.743157 0.526123
vt 0.749029 0.424812
vt 0.488283 0.288567
vt 0.506350 0.259760
vt 0.422356 0.248046
vt 0.442384 0.300297
vt 0.403316 0.308596
vt 0.362060 0.252435
vt 0.331546 0.258787
vt 0.292237 0.291998
vt 0.285886 0.268059
vt 0.279534 0.289556
vt 0.258307 0.286620
vt 0.548339 0.402342
vt 0.547845 0.403316
vt 0.548833 0.394537
vt 0.544429 0.395511
vt 0.545403 0.404305
vt 0.544429 0.405278
vt 0.543456 0.395511
vt 0.550781 0.403316
vt 0.549313 0.394537
vt 0.553223 0.392575
vt 0.553717 0.393069
vt 0.566900 0.453619
vt 0.563484 0.454593
vt 0.562990 0.452631
vt 0.566405 0.452151
vt 0.556159 0.403316
vt 0.557133 0.402836
vt 0.568353 0.445800
vt 0.565432 0.444826
vt 0.568353 0.452631
vt 0.466308 0.150884
vt 0.465573 0.153326
vt 0.473633 0.159183
vt 0.474367 0.156741
vt 0.477543 0.159183
vt 0.476314 0.162599
vt 0.553223 0.404305
vt 0.553717 0.403316
vt 0.562016 0.445320
vt 0.560054 0.447268
vt 0.561522 0.453619
vt 0.504882 0.412109
vt 0.504882 0.407720
vt 0.506829 0.407720
vt 0.506829 0.412109
vt 0.529299 0.458982
vt 0.528326 0.459956
vt 0.507323 0.418940
vt 0.509765 0.419434
vt 0.532715 0.458009
vt 0.531247 0.458009
vt 0.514154 0.417966
vt 0.515622 0.415525
vt 0.512207 0.409173
vt 0.510739 0.410641
vt 0.989252 0.439942
vt 0.979005 0.481452
vt 0.970706 0.482426
vt 0.986330 0.436527
vt 0.956550 0.475101
vt 0.978511 0.433591
vt 0.981941 0.435553
vt 0.963381 0.479011
vt 0.946783 0.473633
vt 0.977058 0.428228
vt 0.966796 0.488763
vt 0.960939 0.485347
vt 0.980473 0.431149
vt 0.983394 0.433111
vt 0.116205 0.231448
vt 0.116145 0.231448
vt 0.109314 0.245604
vt 0.132818 0.229980
vt 0.133178 0.230474
vt 0.139769 0.240721
vt 0.141477 0.272464
vt 0.106318 0.273932
vt 0.111022 0.302739
vt 0.152337 0.272464
vt 0.152217 0.256839
vt 0.157221 0.262202
vt 0.157221 0.272464
vt 0.157476 0.282231
vt 0.152712 0.287594
vt 0.141477 0.303712
vt 0.102229 0.309075
vt 0.112115 0.322273
vt 0.138795 0.324700
vt 0.137702 0.324700
vt 0.097899 0.244630
vt 0.096746 0.273932
vt 0.100101 0.304192
vt 0.106438 0.226564
vt 0.099667 0.241215
vt 0.134406 0.219733
vt 0.132563 0.219239
vt 0.114258 0.221186
vt 0.111996 0.221681
vt 0.148802 0.234369
vt 0.141237 0.224123
vt 0.160651 0.249993
vt 0.165280 0.255371
vt 0.168097 0.282231
vt 0.167962 0.272464
vt 0.168097 0.262697
vt 0.165655 0.289062
vt 0.161505 0.294440
vt 0.150510 0.309570
vt 0.144293 0.320310
vt 0.969732 0.640632
vt 0.981447 0.637936
vt 0.980473 0.633307
vt 0.968744 0.635749
vt 0.948236 0.620604
vt 0.955561 0.612065
vt 0.951666 0.608889
vt 0.944820 0.617922
vt 0.942379 0.629397
vt 0.938484 0.626716
vt 0.950678 0.663088
vt 0.949704 0.658444
vt 0.906246 0.671147
vt 0.907714 0.675776
vt 0.949704 0.640138
vt 0.950678 0.645261
vt 0.900883 0.652586
vt 0.901857 0.656736
vt 0.897468 0.658204
vt 0.901857 0.672600
vt 0.624514 0.718020
vt 0.625487 0.719488
vt 0.630371 0.718499
vt 0.617683 0.715339
vt 0.602058 0.746093
vt 0.605474 0.749508
vt 0.620604 0.715818
vt 0.616694 0.714110
vt 0.600096 0.743891
vt 0.928717 0.526618
vt 0.933106 0.540280
vt 0.952146 0.541254
vt 0.952640 0.526363
vt 0.971186 0.541508
vt 0.933106 0.514154
vt 0.976069 0.528326
vt 0.953119 0.511967
vt 0.972174 0.515862
vt 0.957524 0.562016
vt 0.968744 0.563229
vt 0.941899 0.559320
vt 0.963381 0.597894
vt 0.966796 0.578614
vt 0.957029 0.576906
vt 0.944341 0.593025
vt 0.925286 0.586419
vt 0.940431 0.575438
vt 0.988772 0.556399
vt 0.967770 0.572263
vt 0.988278 0.570075
vt 0.985836 0.582764
vt 0.601069 0.762092
vt 0.620124 0.764893
vt 0.615241 0.758916
vt 0.602538 0.757073
vt 0.611810 0.750857
vt 0.606927 0.750123
vt 0.623540 0.717046
vt 0.625487 0.714110
vt 0.621577 0.710934
vt 0.600590 0.755620
vt 0.597654 0.759770
vt 0.599122 0.753778
vt 0.595212 0.756354
vt 0.602058 0.748535
vt 0.600096 0.744879
vt 0.593265 0.742183
vt 0.585445 0.739741
vt 0.593265 0.738528
vt 0.585939 0.734618
vt 0.914066 0.174808
vt 0.946288 0.258787
vt 0.907220 0.253424
vt 0.246952 0.136713
vt 0.398687 0.084477
vt 0.413337 0.086424
vt 0.414551 0.079593
vt 0.624993 0.684569
vt 0.645501 0.659912
vt 0.639164 0.654534
vt 0.617683 0.678218
vt 0.634760 0.650384
vt 0.611810 0.672600
vt 0.606927 0.667477
vt 0.633307 0.646729
vt 0.531741 0.737554
vt 0.534183 0.748535
vt 0.527337 0.730963
vt 0.521000 0.723383
vt 0.513675 0.714844
vt 0.603511 0.662593
vt 0.507818 0.709466
vt 0.600590 0.656002
vt 0.504402 0.704103
vt 0.631839 0.639643
vt 0.598148 0.649665
vt 0.502440 0.699459
vt 0.595212 0.642340
vt 0.591797 0.639643
vt 0.624993 0.623285
vt 0.588861 0.634026
vt 0.476314 0.656496
vt 0.479490 0.663088
vt 0.475101 0.647943
vt 0.586913 0.630131
vt 0.476314 0.639898
vt 0.584966 0.624753
vt 0.478277 0.632318
vt 0.621098 0.615241
vt 0.584471 0.619136
vt 0.479490 0.624993
vt 0.584471 0.608155
vt 0.479011 0.617922
vt 0.586419 0.595452
vt 0.473873 0.607915
vt 0.592291 0.594733
vt 0.593265 0.607181
vt 0.617683 0.606447
vt 0.691400 0.598882
vt 0.693363 0.603032
vt 0.689947 0.594239
vt 0.724117 0.596441
vt 0.724117 0.603032
vt 0.724117 0.590583
vt 0.899895 0.616214
vt 0.898921 0.624019
vt 0.900883 0.608649
vt 0.724117 0.584232
vt 0.901857 0.601069
vt 0.688958 0.590089
vt 0.615720 0.596680
vt 0.723638 0.577880
vt 0.902351 0.593265
vt 0.902831 0.585700
vt 0.687985 0.585939
vt 0.614746 0.588381
vt 0.726559 0.570315
vt 0.903325 0.577880
vt 0.729974 0.563963
vt 0.904299 0.563724
vt 0.730963 0.551021
vt 0.720222 0.575438
vt 0.688479 0.580082
vt 0.614746 0.579828
vt 0.717780 0.571783
vt 0.689947 0.572263
vt 0.719728 0.559320
vt 0.615720 0.571289
vt 0.692389 0.554930
vt 0.617683 0.554930
vt 0.553223 0.403316
vt 0.554196 0.393549
vt 0.556159 0.448241
vt 0.550781 0.404784
vt 0.558106 0.454593
vt 0.519038 0.413577
vt 0.534662 0.457514
vt 0.515622 0.406731
vt 0.033604 0.571528
vt 0.059205 0.545897
vt 0.069092 0.555664
vt 0.043491 0.581296
vt 0.111262 0.438969
vt 0.122677 0.436527
vt 0.121703 0.438474
vt 0.119381 0.442384
vt 0.106438 0.453619
vt 0.112056 0.437995
vt 0.109314 0.486815
vt 0.114437 0.480464
vt 0.120729 0.450683
vt 0.102363 0.471685
vt 0.101015 0.489257
vt 0.067325 0.447268
vt 0.064209 0.460945
vt 0.112430 0.489752
vt 0.112969 0.491699
vt 0.109988 0.562990
vt 0.109194 0.554196
vt 0.129882 0.440916
vt 0.128669 0.444826
vt 0.099607 0.500492
vt 0.111876 0.500732
vt 0.110782 0.502934
vt 0.107052 0.504882
vt 0.096551 0.551515
vt 0.098513 0.502200
vt 0.095517 0.517585
vt 0.094723 0.536130
vt 0.084657 0.533449
vt 0.085211 0.519532
vt 0.105464 0.550047
vt 0.109809 0.552983
vt 0.109374 0.542722
vt 0.110408 0.512207
vt 0.112310 0.562495
vt 0.075324 0.485347
vt 0.091742 0.485347
vt 0.091802 0.489257
vt 0.075384 0.489752
vt 0.075444 0.497077
vt 0.091862 0.497077
vt 0.092716 0.228032
vt 0.075249 0.224123
vt 0.074216 0.224602
vt 0.069032 0.236331
vt 0.093630 0.229006
vt 0.062171 0.267086
vt 0.054786 0.249514
vt 0.086005 0.301765
vt 0.051416 0.264165
vt 0.048824 0.253424
vt 0.046637 0.263191
vt 0.048180 0.278815
vt 0.044435 0.272943
vt 0.055850 0.296881
vt 0.056554 0.310064
vt 0.055850 0.309570
vt 0.075249 0.313959
vt 0.073976 0.313959
vt 0.959471 0.663088
vt 0.970706 0.665035
vt 0.968744 0.653560
vt 0.960939 0.623285
vt 0.898442 0.638190
vt 0.080387 0.565432
vt 0.079653 0.555425
vt 0.060913 0.520027
vt 0.059595 0.535651
vt 0.049408 0.534662
vt 0.050966 0.517090
vt 0.062097 0.518559
vt 0.048030 0.588381
vt 0.958977 0.571783
vt 0.940431 0.568113
vt 0.921871 0.575438
vt 0.920403 0.562495
vt 0.924312 0.549313
vt 0.618162 0.758182
vt 0.614252 0.749763
vt 0.624514 0.764039
vt 0.358405 0.654788
vt 0.369386 0.650639
vt 0.367438 0.645021
vt 0.356937 0.650384
vt 0.367438 0.638909
vt 0.354735 0.642819
vt 0.363034 0.666009
vt 0.376471 0.665290
vt 0.372801 0.658204
vt 0.361821 0.661859
vt 0.349372 0.652826
vt 0.350825 0.656976
vt 0.423344 0.679686
vt 0.421382 0.678218
vt 0.420902 0.679446
vt 0.422850 0.681393
vt 0.424318 0.674323
vt 0.422116 0.674323
vt 0.421876 0.675536
vt 0.424318 0.675536
vt 0.419674 0.674562
vt 0.419674 0.675536
vt 0.421382 0.671387
vt 0.424078 0.669185
vt 0.428707 0.670892
vt 0.428468 0.674562
vt 0.447507 0.675536
vt 0.446773 0.679206
vt 0.483640 0.681888
vt 0.483160 0.686277
vt 0.026474 0.566900
vt 0.495848 0.458503
vt 0.497796 0.456540
vt 0.489257 0.448736
vt 0.486321 0.449709
vt 0.485602 0.445320
vt 0.484613 0.447268
vt 0.458982 0.410641
vt 0.458008 0.411135
vt 0.499998 0.454099
vt 0.491699 0.445800
vt 0.491205 0.463866
vt 0.493901 0.460945
vt 0.484374 0.452151
vt 0.482426 0.456061
vt 0.500492 0.458982
vt 0.497077 0.460945
vt 0.470217 0.394537
vt 0.476075 0.401368
vt 0.477288 0.400395
vt 0.468989 0.395990
vt 0.476314 0.402836
vt 0.468749 0.400395
vt 0.468989 0.401848
vt 0.458008 0.409667
vt 0.447268 0.409173
vt 0.447268 0.411135
vt 0.454593 0.416498
vt 0.453859 0.415045
vt 0.445320 0.417966
vt 0.446039 0.419434
vt 0.487549 0.443358
vt 0.488763 0.442878
vt 0.463626 0.407720
vt 0.464839 0.406731
vt 0.440676 0.416993
vt 0.444332 0.425292
vt 0.481932 0.447747
vt 0.438474 0.411615
vt 0.438474 0.410162
vt 0.590329 0.425292
vt 0.616694 0.415525
vt 0.616214 0.412603
vt 0.589355 0.419434
vt 0.587887 0.410162
vt 0.615241 0.407720
vt 0.615241 0.405758
vt 0.586913 0.405278
vt 0.618656 0.412109
vt 0.618162 0.410162
vt 0.615720 0.410641
vt 0.588381 0.414551
vt 0.583498 0.419434
vt 0.583498 0.414551
vt 0.480464 0.180665
vt 0.486815 0.180665
vt 0.480464 0.170898
vt 0.489497 0.149896
vt 0.488763 0.140623
vt 0.461424 0.400395
vt 0.124939 0.451657
vt 0.116999 0.481932
vt 0.115112 0.488284
vt 0.783199 0.518304
vt 0.785641 0.517585
vt 0.786614 0.520027
vt 0.785161 0.521974
vt 0.794928 0.527097
vt 0.793460 0.529060
vt 0.427239 0.679446
vt 0.426760 0.680420
vt 0.445800 0.684809
vt 0.444826 0.686277
vt 0.479984 0.696284
vt 0.477782 0.702396
vt 0.428228 0.676510
vt 0.446773 0.681154
vt 0.481452 0.692134
vt 0.815571 0.078110
vt 0.817908 0.076178
vt 0.812994 0.064448
vt 0.822057 0.072478
vt 0.822327 0.061932
vt 0.818852 0.058112
vt 0.872556 0.117194
vt 0.844723 0.140144
vt 0.824215 0.124025
vt 0.516596 0.159663
vt 0.519532 0.157715
vt 0.517585 0.163573
vt 0.520506 0.159663
vt 0.881349 0.437995
vt 0.364742 0.196784
vt 0.393309 0.116205
vt 0.399166 0.179691
vt 0.403570 0.175781
vt 0.437261 0.096686
vt 0.441890 0.097660
vt 0.255611 0.083983
vt 0.251956 0.080567
vt 0.263431 0.070306
vt 0.730469 0.219239
vt 0.493167 0.246099
vt 0.489752 0.242683
vt 0.451912 0.201173
vt 0.464360 0.200199
vt 0.488283 0.211914
vt 0.475341 0.229006
vt 0.458248 0.215329
vt 0.491699 0.209472
vt 0.495354 0.233890
vt 0.777836 0.474607
vt 0.778315 0.491699
vt 0.806149 0.467281
vt 0.846685 0.464360
vt 0.970212 0.397953
vt 0.964849 0.388186
vt 0.920403 0.462398
vt 0.901363 0.394537
vt 0.858400 0.491699
vt 0.812994 0.492673
vt 0.899895 0.356937
vt 0.944820 0.337403
vt 0.874998 0.334961
vt 0.857426 0.339845
vt 0.923339 0.309075
vt 0.862309 0.328609
vt 0.978031 0.308102
vt 0.941405 0.299803
vt 0.973627 0.340339
vt 0.989746 0.333987
vt 0.985357 0.299803
vt 0.972174 0.288088
vt 0.903804 0.300297
vt 0.903804 0.304686
vt 0.874024 0.296881
vt 0.885738 0.308102
vt 0.875492 0.315427
vt 0.843269 0.268554
vt 0.782719 0.274905
vt 0.785161 0.200199
vt 0.775394 0.176276
vt 0.749508 0.276853
vt 0.687011 0.284672
vt 0.430175 0.194342
vt 0.407720 0.188470
vt 0.411135 0.225591
vt 0.424558 0.228512
vt 0.427494 0.155768
vt 0.411135 0.184575
vt 0.430670 0.189458
vt 0.438714 0.158689
vt 0.235477 0.081061
vt 0.249274 0.080073
vt 0.219239 0.065917
vt 0.234009 0.062995
vt 0.245245 0.063475
vt 0.253424 0.064943
vt 0.219239 0.077152
vt 0.213996 0.106932
vt 0.232302 0.104491
vt 0.219973 0.116205
vt 0.718260 0.410162
vt 0.741209 0.405758
vt 0.717286 0.389654
vt 0.708013 0.411135
vt 0.709961 0.366704
vt 0.705077 0.384276
vt 0.675776 0.405758
vt 0.687505 0.351559
vt 0.681154 0.371093
vt 0.681648 0.350091
vt 0.619136 0.364262
vt 0.605953 0.386223
vt 0.614746 0.361326
vt 0.584471 0.374509
vt 0.562990 0.333014
vt 0.558106 0.340339
vt 0.559185 0.334602
vt 0.556638 0.340758
vt 0.560114 0.332384
vt 0.560578 0.331351
vt 0.574794 0.315367
vt 0.577491 0.311038
vt 0.291264 0.298829
vt 0.276119 0.292971
vt 0.267340 0.294919
vt 0.400395 0.321284
vt 0.389654 0.347649
vt 0.425292 0.322273
vt 0.516596 0.301271
vt 0.528535 0.302454
vt 0.522124 0.305046
vt 0.512836 0.310933
vt 0.501376 0.315427
vt 0.469918 0.321748
vt 0.442474 0.325014
vt 0.432767 0.335590
vt 0.423090 0.337403
vt 0.431359 0.338811
vt 0.429366 0.344473
vt 0.426086 0.351230
vt 0.419674 0.368157
vt 0.444137 0.366195
vt 0.449380 0.373340
vt 0.429936 0.382329
vt 0.452091 0.375692
vt 0.391841 0.368652
vt 0.382568 0.375483
vt 0.322752 0.331051
vt 0.344968 0.326662
vt 0.309809 0.337403
vt 0.373775 0.384276
vt 0.365236 0.395990
vt 0.303218 0.340818
vt 0.307368 0.334467
vt 0.266112 0.301271
vt 0.299803 0.337403
vt 0.254637 0.307128
vt 0.415045 0.103022
vt 0.366944 0.080567
vt 0.405023 0.122077
vt 0.366449 0.090334
vt 0.434085 0.107427
vt 0.427733 0.116699
vt 0.405023 0.133298
vt 0.412349 0.380366
vt 0.406012 0.397953
vt 0.429441 0.386718
vt 0.402582 0.394537
vt 0.397698 0.399421
vt 0.393549 0.396979
vt 0.398192 0.392096
vt 0.392335 0.411615
vt 0.400634 0.414057
vt 0.386957 0.409173
vt 0.394283 0.387691
vt 0.399421 0.384770
vt 0.380366 0.199225
vt 0.382568 0.109868
vt 0.440437 0.154300
vt 0.430175 0.151858
vt 0.431389 0.119141
vt 0.438235 0.110348
vt 0.257813 0.288088
vt 0.488523 0.229980
vt 0.515143 0.353027
vt 0.508791 0.321284
vt 0.456061 0.374509
vt 0.477288 0.132324
vt 0.538572 0.313479
vt 0.484374 0.335935
vt 0.621577 0.526618
vt 0.492193 0.542482
vt 0.682127 0.684569
vt 0.497077 0.693602
vt 0.727053 0.806523
vt 0.499998 0.771364
vt 0.502934 0.844363
vt 0.766106 0.903385
vt 0.084532 0.173343
vt 0.064877 0.185056
vt 0.066829 0.184080
vt 0.082520 0.170414
vt 0.343259 0.790893
vt 0.342535 0.789311
vt 0.333247 0.766609
vt 0.330807 0.769892
vt 0.136354 0.061519
vt 0.184819 0.050782
vt 0.183592 0.052246
vt 0.138055 0.064448
vt 0.171997 0.069831
vt 0.174319 0.071295
vt 0.069698 0.135748
vt 0.072878 0.137212
vt 0.106805 0.169926
vt 0.106317 0.173831
vt 0.147461 0.187984
vt 0.147461 0.191401
vt 0.166140 0.185544
vt 0.167116 0.188960
vt 0.187260 0.173831
vt 0.184686 0.171391
vt 0.196784 0.151366
vt 0.199949 0.152342
vt 0.200688 0.132317
vt 0.197509 0.132820
vt 0.179081 0.092770
vt 0.175177 0.094234
vt 0.160032 0.108402
vt 0.143438 0.133796
vt 0.100105 0.096186
vt 0.120174 0.152830
vt 0.096556 0.093258
vt 0.263914 0.801024
vt 0.262701 0.783691
vt 0.260009 0.784785
vt 0.259521 0.802000
vt 0.344975 0.686524
vt 0.345951 0.674322
vt 0.338142 0.672607
vt 0.331783 0.683107
vt 0.322510 0.708501
vt 0.335199 0.712154
vt 0.314213 0.727535
vt 0.327878 0.728999
vt 0.319581 0.703857
vt 0.285151 0.723142
vt 0.271974 0.723142
vt 0.130852 0.796631
vt 0.130128 0.804322
vt 0.139889 0.806023
vt 0.140865 0.794798
vt 0.162472 0.805905
vt 0.162960 0.795167
vt 0.160150 0.791145
vt 0.189448 0.759037
vt 0.185426 0.769404
vt 0.180175 0.794073
vt 0.178223 0.805298
vt 0.185174 0.804928
vt 0.184568 0.793585
vt 0.224973 0.802488
vt 0.193604 0.760989
vt 0.189448 0.768679
vt 0.229498 0.787477
vt 0.230105 0.782715
vt 0.233033 0.776740
vt 0.234379 0.771489
vt 0.195926 0.755620
vt 0.192140 0.753180
vt 0.198855 0.733894
vt 0.202996 0.735359
vt 0.298580 0.689703
vt 0.292975 0.688727
vt 0.292487 0.693844
vt 0.297604 0.694584
vt 0.329342 0.758667
vt 0.290032 0.777095
vt 0.293463 0.781857
vt 0.294188 0.786131
vt 0.298580 0.801024
vt 0.344487 0.800166
vt 0.237544 0.688727
vt 0.207891 0.696536
vt 0.207891 0.705572
vt 0.236938 0.695797
vt 0.242188 0.687751
vt 0.241818 0.695560
vt 0.203484 0.695072
vt 0.203853 0.704596
vt 0.153318 0.731439
vt 0.144281 0.728274
vt 0.142329 0.733643
vt 0.151484 0.737059
vt 0.339606 0.665774
vt 0.347652 0.666750
vt 0.193974 0.975377
vt 0.193486 0.973292
vt 0.200319 0.969166
vt 0.201901 0.970674
vt 0.159174 0.971148
vt 0.167604 0.972863
vt 0.167235 0.974875
vt 0.158819 0.972982
vt 0.173712 0.945532
vt 0.180664 0.940637
vt 0.182497 0.943151
vt 0.175413 0.948061
vt 0.191282 0.954465
vt 0.183710 0.959715
vt 0.181403 0.956609
vt 0.189330 0.951759
vt 0.190794 0.970157
vt 0.187378 0.964818
vt 0.194950 0.959745
vt 0.198603 0.965143
vt 0.192377 0.971547
vt 0.199224 0.967317
vt 0.177735 0.972523
vt 0.169187 0.974046
vt 0.182128 0.960780
vt 0.170902 0.956269
vt 0.172367 0.948815
vt 0.180782 0.973736
vt 0.184080 0.973248
vt 0.186653 0.971177
vt 0.185914 0.974505
vt 0.187496 0.973189
vt 0.162591 0.954657
vt 0.163818 0.947292
vt 0.164306 0.986514
vt 0.163449 0.989738
vt 0.154545 0.987431
vt 0.155403 0.984236
vt 0.165164 0.983290
vt 0.156128 0.981737
vt 0.161378 0.945429
vt 0.152223 0.951685
vt 0.150508 0.954583
vt 0.157355 0.971650
vt 0.149413 0.966977
vt 0.142462 0.962215
vt 0.144281 0.956062
vt 0.143926 0.965143
vt 0.146855 0.966918
vt 0.141841 0.965602
vt 0.140865 0.963738
vt 0.184080 0.828000
vt 0.176996 0.827512
vt 0.177972 0.811155
vt 0.185174 0.810430
vt 0.224603 0.806526
vt 0.258782 0.808715
vt 0.162354 0.812382
vt 0.139652 0.812501
vt 0.129758 0.811894
vt 0.349367 0.750237
vt 0.352784 0.758297
vt 0.362308 0.780881
vt 0.366701 0.791263
vt 0.183104 0.701417
vt 0.182734 0.693356
vt 0.177484 0.693120
vt 0.178223 0.700929
vt 0.124212 0.691168
vt 0.124937 0.696285
vt 0.271974 0.748048
vt 0.284915 0.748048
vt 0.284663 0.722906
vt 0.314213 0.748048
vt 0.328130 0.748048
vt 0.947751 0.029293
vt 0.981441 0.029293
vt 0.981441 0.034173
vt 0.947751 0.034173
vt 0.931157 0.029293
vt 0.931157 0.034173
vt 0.725095 0.029293
vt 0.725095 0.034173
vt 0.719238 0.029293
vt 0.719238 0.034173
vt 0.708989 0.029293
vt 0.708989 0.034173
vt 0.702141 0.029293
vt 0.702141 0.034173
vt 0.692380 0.029293
vt 0.692380 0.034173
vt 0.684571 0.029293
vt 0.684571 0.034173
vt 0.478273 0.029293
vt 0.478273 0.034173
vt 0.460451 0.029293
vt 0.460451 0.034173
vt 0.443606 0.029293
vt 0.443606 0.034173
vt 0.422605 0.029293
vt 0.422605 0.034173
vt 0.399164 0.029293
vt 0.399164 0.034173
vt 0.947751 0.024901
vt 0.981441 0.024901
vt 0.931157 0.024901
vt 0.725095 0.024901
vt 0.719238 0.024901
vt 0.708989 0.024901
vt 0.702141 0.024901
vt 0.692380 0.024901
vt 0.684571 0.024901
vt 0.478273 0.024901
vt 0.460451 0.024901
vt 0.443606 0.024901
vt 0.422605 0.024901
vt 0.399652 0.024901
vt 0.947751 0.020508
vt 0.981441 0.020508
vt 0.931157 0.020508
vt 0.725095 0.020508
vt 0.719238 0.020508
vt 0.708989 0.020508
vt 0.702141 0.020508
vt 0.692380 0.020508
vt 0.684571 0.020508
vt 0.478273 0.020508
vt 0.460451 0.020508
vt 0.443606 0.020508
vt 0.422605 0.020508
vt 0.399652 0.020508
vt 0.947269 0.181146
vt 0.946772 0.170902
vt 0.955564 0.165525
vt 0.964840 0.180662
vt 0.956061 0.186039
vt 0.964356 0.170405
vt 0.930994 0.165133
vt 0.937993 0.176266
vt 0.939785 0.159768
vt 0.948564 0.154391
vt 0.963871 0.160161
vt 0.956950 0.148949
vt 0.972650 0.154784
vt 0.965742 0.143571
vt 0.981442 0.149420
vt 0.974521 0.138207
vt 0.990234 0.144042
vt 0.983313 0.132830
vt 0.943275 0.087551
vt 0.952064 0.082183
vt 0.968276 0.108454
vt 0.959487 0.113822
vt 0.934487 0.092932
vt 0.950698 0.119203
vt 0.925698 0.098300
vt 0.941910 0.124571
vt 0.916964 0.104100
vt 0.933351 0.130195
vt 0.908175 0.109481
vt 0.924562 0.135563
vt 0.899387 0.114849
vt 0.915774 0.140931
vt 0.955084 0.799191
vt 0.955570 0.813233
vt 0.944821 0.831422
vt 0.944336 0.781134
vt 0.928705 0.831481
vt 0.928220 0.781487
vt 0.912604 0.831540
vt 0.912104 0.781855
vt 0.895753 0.781855
vt 0.896238 0.831849
vt 0.879402 0.781855
vt 0.879887 0.832157
vt 0.869138 0.814204
vt 0.864507 0.832334
vt 0.869138 0.800294
vt 0.859860 0.814336
vt 0.864007 0.781987
vt 0.849126 0.832525
vt 0.859860 0.800294
vt 0.848626 0.782104
vt 0.832525 0.782413
vt 0.833010 0.832452
vt 0.816409 0.782722
vt 0.816895 0.832393
vt 0.800544 0.832584
vt 0.800294 0.782590
vt 0.784178 0.832760
vt 0.784178 0.782472
vt 0.773444 0.814704
vt 0.768797 0.832702
vt 0.773444 0.800661
vt 0.764165 0.814571
vt 0.768797 0.782413
vt 0.753417 0.832643
vt 0.764165 0.800661
vt 0.753417 0.782354
vt 0.737301 0.782354
vt 0.737066 0.832334
vt 0.721185 0.782354
vt 0.720700 0.832025
vt 0.705084 0.781855
vt 0.704349 0.831908
vt 0.688968 0.781369
vt 0.687983 0.831790
vt 0.677734 0.813351
vt 0.672603 0.831422
vt 0.677734 0.799441
vt 0.667971 0.813233
vt 0.673823 0.781002
vt 0.657222 0.831055
vt 0.668456 0.799191
vt 0.658692 0.780634
vt 0.640871 0.830378
vt 0.642341 0.780340
vt 0.624505 0.829717
vt 0.625976 0.780031
vt 0.609860 0.779237
vt 0.608404 0.829290
vt 0.593744 0.778443
vt 0.592288 0.828864
vt 0.582025 0.810307
vt 0.576658 0.828246
vt 0.582525 0.796382
vt 0.572761 0.809940
vt 0.578613 0.777899
vt 0.561042 0.827643
vt 0.573246 0.796015
vt 0.563483 0.777340
vt 0.544926 0.826776
vt 0.547117 0.776796
vt 0.528810 0.825923
vt 0.530766 0.776252
vt 0.514768 0.775385
vt 0.512695 0.825379
vt 0.498784 0.774532
vt 0.496579 0.824835
vt 0.486565 0.806278
vt 0.481198 0.824158
vt 0.477302 0.805911
vt 0.465818 0.823482
vt 0.487065 0.792236
vt 0.483404 0.773797
vt 0.477787 0.791868
vt 0.468023 0.773076
vt 0.255122 0.843877
vt 0.261959 0.837275
vt 0.287838 0.848876
vt 0.281251 0.854743
vt 0.298822 0.883607
vt 0.317864 0.868771
vt 0.313482 0.893797
vt 0.296632 0.894900
vt 0.326172 0.883299
vt 0.329348 0.867683
vt 0.306145 0.918456
vt 0.319585 0.907222
vt 0.270267 0.919000
vt 0.273678 0.927191
vt 0.253901 0.947232
vt 0.248417 0.938998
vt 0.316409 0.925176
vt 0.334965 0.905708
vt 0.352787 0.879211
vt 0.339112 0.891239
vt 0.357419 0.847773
vt 0.350096 0.843627
vt 0.355228 0.816527
vt 0.367432 0.819585
vt 0.356933 0.890680
vt 0.341553 0.922970
vt 0.328863 0.954834
vt 0.336421 0.953614
vt 0.349611 0.978346
vt 0.339362 0.980655
vt 0.351316 0.915339
vt 0.386724 0.911192
vt 0.388665 0.902473
vt 0.412839 0.897400
vt 0.412603 0.907413
vt 0.170529 0.661619
vt 0.162353 0.662104
vt 0.163456 0.644532
vt 0.167235 0.644282
vt 0.176998 0.627931
vt 0.151737 0.629637
vt 0.151487 0.625240
vt 0.176763 0.623785
vt 0.165162 0.610110
vt 0.161383 0.610345
vt 0.166382 0.592774
vt 0.158206 0.593259
vt 0.230463 0.665280
vt 0.221434 0.665280
vt 0.223875 0.645753
vt 0.228154 0.645753
vt 0.240109 0.628416
vt 0.211921 0.628181
vt 0.211921 0.623535
vt 0.240241 0.623535
vt 0.228272 0.607419
vt 0.223993 0.607419
vt 0.230830 0.588377
vt 0.221684 0.588377
vt 0.126093 0.596435
vt 0.133783 0.596435
vt 0.131592 0.612786
vt 0.127931 0.612786
vt 0.117682 0.627446
vt 0.141355 0.627681
vt 0.141355 0.631843
vt 0.117608 0.631343
vt 0.127445 0.645018
vt 0.130974 0.645267
vt 0.125122 0.661133
vt 0.132812 0.661383
vt 0.190306 0.587157
vt 0.199466 0.587407
vt 0.197025 0.606934
vt 0.192747 0.606934
vt 0.180792 0.624270
vt 0.208980 0.624505
vt 0.208980 0.629152
vt 0.180792 0.629152
vt 0.192629 0.645018
vt 0.196893 0.645018
vt 0.190188 0.664309
vt 0.199216 0.664309
vt 0.095155 0.596920
vt 0.102786 0.596435
vt 0.101875 0.612786
vt 0.098331 0.613036
vt 0.089288 0.628181
vt 0.112800 0.626711
vt 0.113094 0.630622
vt 0.089538 0.632078
vt 0.100345 0.644782
vt 0.103948 0.644532
vt 0.099302 0.660883
vt 0.106933 0.660398
vt 0.033780 0.835687
vt 0.043367 0.848273
vt 0.058394 0.852787
vt 0.073422 0.857302
vt 0.024207 0.823114
vt 0.040838 0.765018
vt 0.032001 0.778134
vt 0.023693 0.807190
vt 0.023178 0.791265
vt 0.120667 0.820438
vt 0.088200 0.852052
vt 0.111815 0.833613
vt 0.102963 0.846803
vt 0.100463 0.763430
vt 0.120152 0.804572
vt 0.110050 0.776061
vt 0.119623 0.788692
vt 0.085421 0.758916
vt 0.055601 0.759710
vt 0.070378 0.754402
vt 0.176204 0.845332
vt 0.189335 0.835819
vt 0.205627 0.835760
vt 0.221920 0.835687
vt 0.163088 0.854861
vt 0.163088 0.916809
vt 0.158074 0.870359
vt 0.158074 0.901341
vt 0.153075 0.885857
vt 0.258298 0.885740
vt 0.235109 0.845274
vt 0.253298 0.870300
vt 0.248284 0.854861
vt 0.222052 0.935910
vt 0.253298 0.901238
vt 0.235168 0.926338
vt 0.248284 0.916751
vt 0.205745 0.935910
vt 0.176263 0.926367
vt 0.189453 0.935910
vt 0.325437 0.896356
vt 0.463994 0.977788
vt 0.448981 0.981449
vt 0.440674 0.966186
vt 0.457525 0.962216
vt 0.479007 0.974126
vt 0.452760 0.951923
vt 0.434321 0.955261
vt 0.474361 0.958246
vt 0.494873 0.973553
vt 0.447393 0.929205
vt 0.426999 0.930720
vt 0.471185 0.948585
vt 0.492065 0.957687
vt 0.510739 0.972979
vt 0.467773 0.927676
vt 0.447143 0.911839
vt 0.426763 0.910516
vt 0.489741 0.948144
vt 0.509768 0.957128
vt 0.528560 0.973053
vt 0.467523 0.913148
vt 0.452025 0.889401
vt 0.433601 0.885798
vt 0.487065 0.927426
vt 0.508298 0.947718
vt 0.527590 0.957217
vt 0.546382 0.973126
vt 0.486933 0.913119
vt 0.470464 0.893003
vt 0.456789 0.878167
vt 0.439703 0.874638
vt 0.463009 0.862492
vt 0.447996 0.859125
vt 0.478022 0.865845
vt 0.473876 0.881711
vt 0.494138 0.866389
vt 0.491579 0.882269
vt 0.510254 0.866948
vt 0.489139 0.892695
vt 0.509283 0.882813
vt 0.507813 0.892401
vt 0.527105 0.882534
vt 0.527825 0.866698
vt 0.506342 0.913089
vt 0.544926 0.882269
vt 0.545411 0.866462
vt 0.563483 0.865962
vt 0.526120 0.892092
vt 0.506342 0.927191
vt 0.562748 0.881740
vt 0.581540 0.865477
vt 0.525149 0.912839
vt 0.544441 0.891783
vt 0.525149 0.927088
vt 0.580569 0.881225
vt 0.598876 0.865227
vt 0.562498 0.891357
vt 0.543941 0.912604
vt 0.526605 0.947747
vt 0.598626 0.880946
vt 0.616212 0.864992
vt 0.543941 0.926999
vt 0.580569 0.890930
vt 0.562262 0.912354
vt 0.544926 0.947791
vt 0.562262 0.926970
vt 0.580569 0.912104
vt 0.598626 0.890680
vt 0.616697 0.880681
vt 0.545411 0.957305
vt 0.564453 0.973273
vt 0.562983 0.947909
vt 0.563483 0.957525
vt 0.582525 0.973421
vt 0.580569 0.926941
vt 0.634519 0.880431
vt 0.634283 0.864624
vt 0.581540 0.957731
vt 0.599861 0.973376
vt 0.581054 0.948026
vt 0.598626 0.911898
vt 0.616697 0.890445
vt 0.652340 0.880181
vt 0.652340 0.864257
vt 0.599361 0.957687
vt 0.617182 0.973347
vt 0.598626 0.926823
vt 0.599126 0.947953
vt 0.634519 0.890195
vt 0.616697 0.911678
vt 0.670412 0.880887
vt 0.670662 0.863948
vt 0.616697 0.926691
vt 0.617182 0.947879
vt 0.634769 0.911472
vt 0.652340 0.889960
vt 0.688483 0.881593
vt 0.688968 0.863654
vt 0.634769 0.926485
vt 0.617182 0.957643
vt 0.635504 0.973229
vt 0.670412 0.889857
vt 0.652825 0.911251
vt 0.706540 0.880431
vt 0.706540 0.863463
vt 0.635254 0.947703
vt 0.635254 0.957481
vt 0.653811 0.973112
vt 0.688483 0.889768
vt 0.670897 0.911104
vt 0.652825 0.926264
vt 0.724611 0.879270
vt 0.724126 0.863286
vt 0.742183 0.863213
vt 0.653325 0.957305
vt 0.671882 0.972965
vt 0.653325 0.947541
vt 0.670897 0.926088
vt 0.671382 0.957158
vt 0.689939 0.972803
vt 0.671147 0.947379
vt 0.688968 0.910957
vt 0.689453 0.956996
vt 0.707275 0.972671
vt 0.688968 0.947203
vt 0.688968 0.925897
vt 0.706540 0.889430
vt 0.707275 0.956819
vt 0.724611 0.972538
vt 0.707025 0.947026
vt 0.706790 0.925720
vt 0.706790 0.910707
vt 0.724611 0.889092
vt 0.725096 0.956628
vt 0.742918 0.972377
vt 0.725096 0.946835
vt 0.724611 0.910457
vt 0.724611 0.925544
vt 0.742433 0.879211
vt 0.760254 0.863154
vt 0.743168 0.956393
vt 0.761225 0.972215
vt 0.742918 0.946615
vt 0.742683 0.925323
vt 0.742683 0.910281
vt 0.742433 0.889004
vt 0.760254 0.879152
vt 0.778561 0.863036
vt 0.761225 0.956143
vt 0.779296 0.972024
vt 0.760739 0.946380
vt 0.760739 0.925117
vt 0.760254 0.888916
vt 0.778326 0.879093
vt 0.796882 0.862919
vt 0.760739 0.910090
vt 0.779046 0.955952
vt 0.797367 0.971832
vt 0.778811 0.946203
vt 0.778326 0.888827
vt 0.796382 0.879034
vt 0.778811 0.910001
vt 0.778811 0.924985
vt 0.796882 0.955746
vt 0.814939 0.971582
vt 0.814204 0.879034
vt 0.814204 0.862919
vt 0.796382 0.888739
vt 0.796882 0.946012
vt 0.796882 0.924867
vt 0.796882 0.909913
vt 0.814939 0.955467
vt 0.832525 0.971332
vt 0.814454 0.888710
vt 0.814939 0.945777
vt 0.814939 0.924676
vt 0.814939 0.909825
vt 0.833010 0.955173
vt 0.850582 0.970980
vt 0.832025 0.879034
vt 0.831540 0.862919
vt 0.833010 0.945527
vt 0.832525 0.888666
vt 0.850097 0.879181
vt 0.849847 0.862977
vt 0.833010 0.909722
vt 0.833010 0.924500
vt 0.868168 0.879328
vt 0.868168 0.863036
vt 0.850582 0.888739
vt 0.851317 0.909663
vt 0.851317 0.924279
vt 0.885989 0.879387
vt 0.885740 0.863154
vt 0.868653 0.888798
vt 0.903811 0.879461
vt 0.903326 0.863286
vt 0.919427 0.862669
vt 0.869624 0.909604
vt 0.886960 0.888857
vt 0.851082 0.945189
vt 0.921382 0.878873
vt 0.935543 0.862066
vt 0.869624 0.924073
vt 0.905267 0.888916
vt 0.888180 0.909546
vt 0.850832 0.954776
vt 0.868653 0.970627
vt 0.869138 0.944850
vt 0.868653 0.954379
vt 0.886475 0.970274
vt 0.888430 0.923823
vt 0.906737 0.909487
vt 0.886475 0.954040
vt 0.904296 0.969921
vt 0.887445 0.944542
vt 0.907222 0.923588
vt 0.923823 0.888489
vt 0.905767 0.944218
vt 0.904296 0.953702
vt 0.926264 0.909237
vt 0.938969 0.878299
vt 0.921868 0.954055
vt 0.920412 0.970303
vt 0.924323 0.944409
vt 0.926514 0.923617
vt 0.942380 0.888063
vt 0.956055 0.874329
vt 0.950438 0.858404
vt 0.939454 0.954408
vt 0.936528 0.970671
vt 0.951423 0.974185
vt 0.942865 0.944615
vt 0.945806 0.923647
vt 0.945806 0.909002
vt 0.960937 0.884710
vt 0.973141 0.870359
vt 0.965333 0.854743
vt 0.979493 0.881343
vt 0.966304 0.907472
vt 0.986816 0.905943
vt 0.966304 0.924897
vt 0.986816 0.926147
vt 0.961187 0.947718
vt 0.979493 0.950835
vt 0.956540 0.958143
vt 0.973626 0.961878
vt 0.966304 0.977714
vt 0.216549 0.361815
vt 0.216067 0.355953
vt 0.214847 0.353031
vt 0.181150 0.364746
vt 0.175657 0.357910
vt 0.179930 0.365720
vt 0.176876 0.357418
vt 0.165285 0.406253
vt 0.144531 0.410158
vt 0.165162 0.415037
vt 0.144531 0.401856
vt 0.211302 0.406253
vt 0.211302 0.414063
vt 0.183712 0.363280
vt 0.180668 0.354979
vt 0.179439 0.355953
vt 0.184941 0.362789
vt 0.186161 0.352048
vt 0.187863 0.354497
vt 0.190671 0.359375
vt 0.193848 0.348635
vt 0.191768 0.345704
vt 0.193356 0.343746
vt 0.195805 0.346677
vt 0.199218 0.333979
vt 0.204343 0.336910
vt 0.220095 0.368651
vt 0.219603 0.361815
vt 0.216918 0.368651
vt 0.220218 0.370116
vt 0.217041 0.370116
vt 0.208134 0.368169
vt 0.210451 0.369625
vt 0.207888 0.363280
vt 0.209959 0.361815
vt 0.206423 0.363280
vt 0.206792 0.368169
vt 0.199218 0.363772
vt 0.201298 0.362306
vt 0.204220 0.361815
vt 0.198122 0.369625
vt 0.204712 0.370116
vt 0.201781 0.370116
vt 0.197630 0.362789
vt 0.194576 0.363280
vt 0.194945 0.370116
vt 0.198122 0.371582
vt 0.195068 0.371582
vt 0.169189 0.372073
vt 0.159177 0.367677
vt 0.163696 0.375004
vt 0.164670 0.364254
vt 0.166873 0.363280
vt 0.171270 0.370608
vt 0.172366 0.370116
vt 0.167970 0.362306
vt 0.174560 0.368651
vt 0.170163 0.361333
vt 0.176876 0.367185
vt 0.172603 0.359867
vt 0.231932 0.401856
vt 0.231932 0.410158
vt 0.648923 0.693116
vt 0.718266 0.688227
vt 0.649415 0.686526
vt 0.717774 0.694581
vt 0.648923 0.699706
vt 0.717774 0.701171
vt 0.648923 0.712158
vt 0.717282 0.713869
vt 0.648441 0.724856
vt 0.717282 0.726321
vt 0.647949 0.737544
vt 0.716800 0.739010
vt 0.647949 0.749996
vt 0.716800 0.751585
vt 0.647458 0.762572
vt 0.716309 0.764160
vt 0.175174 0.342773
vt 0.175780 0.337402
vt 0.174683 0.339841
vt 0.176394 0.346195
vt 0.180422 0.336428
vt 0.180176 0.335445
vt 0.175534 0.336428
vt 0.172971 0.328127
vt 0.173709 0.334471
vt 0.181642 0.343746
vt 0.182247 0.338376
vt 0.182861 0.341307
vt 0.182861 0.344730
vt 0.179562 0.326661
vt 0.181273 0.333006
vt 0.178956 0.323730
vt 0.187986 0.325196
vt 0.172243 0.325196
vt 0.171506 0.328609
vt 0.170778 0.325688
vt 0.185915 0.322265
vt 0.188846 0.322265
vt 0.190917 0.342773
vt 0.183476 0.347651
vt 0.176876 0.349117
vt 0.175411 0.349609
vt 0.174929 0.346195
vt 0.197384 0.316894
vt 0.204220 0.315921
vt 0.200561 0.313481
vt 0.201053 0.320799
vt 0.218383 0.345704
vt 0.221560 0.341307
vt 0.223385 0.336428
vt 0.209959 0.327635
vt 0.226808 0.332032
vt 0.199218 0.325196
vt 0.197271 0.330566
vt 0.202641 0.322757
vt 0.213259 0.322757
vt 0.205808 0.317868
vt 0.230344 0.328127
vt 0.206546 0.312498
vt 0.216313 0.318852
vt 0.232670 0.323730
vt 0.219234 0.314455
vt 0.233644 0.320799
vt 0.220095 0.313481
vt 0.211670 0.309567
vt 0.221806 0.310550
vt 0.215452 0.305180
vt 0.210082 0.362306
vt 0.208985 0.353513
vt 0.208011 0.362306
vt 0.207151 0.353513
vt 0.206054 0.353513
vt 0.206669 0.362306
vt 0.204220 0.362789
vt 0.203738 0.353513
vt 0.201298 0.354005
vt 0.201412 0.362789
vt 0.199464 0.354005
vt 0.199341 0.362789
vt 0.218752 0.349117
vt 0.219112 0.355953
vt 0.215698 0.347651
vt 0.197384 0.349117
vt 0.194340 0.349117
vt 0.194340 0.357418
vt 0.197384 0.357418
vt 0.157834 0.368651
vt 0.159791 0.377444
vt 0.162354 0.375978
vt 0.155272 0.370116
vt 0.168575 0.317386
vt 0.170040 0.316894
vt 0.176517 0.315429
vt 0.177860 0.320317
vt 0.184573 0.319334
vt 0.187740 0.319826
vt 0.198604 0.353513
vt 0.196533 0.323239
vt 0.191040 0.324222
vt 0.191531 0.322757
vt 0.195682 0.322265
vt 0.189820 0.321773
vt 0.198244 0.317868
vt 0.196902 0.317868
vt 0.189083 0.319334
vt 0.194822 0.313481
vt 0.194340 0.314455
vt 0.190189 0.315429
vt 0.189206 0.314455
vt 0.451173 0.469242
vt 0.463871 0.454104
vt 0.464354 0.456052
vt 0.462888 0.457035
vt 0.447268 0.463871
vt 0.162354 0.458492
vt 0.162968 0.456052
vt 0.176148 0.470707
vt 0.179562 0.465327
vt 0.163819 0.459475
vt 0.376706 0.486818
vt 0.369625 0.496094
vt 0.378172 0.489750
vt 0.372556 0.498051
vt 0.371336 0.525149
vt 0.368651 0.525395
vt 0.372801 0.576168
vt 0.400391 0.559574
vt 0.397952 0.558837
vt 0.369625 0.572509
vt 0.400883 0.539549
vt 0.402102 0.539066
vt 0.387939 0.483396
vt 0.378663 0.489750
vt 0.388913 0.487301
vt 0.449462 0.466311
vt 0.461423 0.456052
vt 0.460694 0.454587
vt 0.443846 0.448734
vt 0.443600 0.450199
vt 0.376706 0.446777
vt 0.375978 0.449708
vt 0.386965 0.480465
vt 0.366703 0.444820
vt 0.361569 0.445803
vt 0.364254 0.442872
vt 0.377444 0.485353
vt 0.354979 0.420407
vt 0.353759 0.420899
vt 0.343018 0.402348
vt 0.342281 0.403322
vt 0.324704 0.390132
vt 0.323976 0.391598
vt 0.312016 0.388676
vt 0.323976 0.406253
vt 0.327144 0.425777
vt 0.364500 0.466311
vt 0.331058 0.443846
vt 0.367185 0.492681
vt 0.365720 0.526851
vt 0.399417 0.540522
vt 0.396732 0.558109
vt 0.367431 0.568112
vt 0.334225 0.527588
vt 0.333979 0.496094
vt 0.314701 0.528808
vt 0.362061 0.581547
vt 0.362306 0.582767
vt 0.329838 0.566164
vt 0.332523 0.466311
vt 0.324458 0.625248
vt 0.323976 0.625976
vt 0.326907 0.591305
vt 0.313963 0.497068
vt 0.313235 0.467285
vt 0.318360 0.625484
vt 0.318360 0.626222
vt 0.312498 0.626468
vt 0.315921 0.566410
vt 0.317140 0.594236
vt 0.312016 0.625484
vt 0.271000 0.585935
vt 0.307127 0.592042
vt 0.271482 0.584715
vt 0.263181 0.576168
vt 0.302003 0.567138
vt 0.264892 0.571535
vt 0.233767 0.564699
vt 0.295167 0.528808
vt 0.235109 0.563725
vt 0.229616 0.545411
vt 0.263427 0.530028
vt 0.231081 0.546385
vt 0.260250 0.528562
vt 0.257811 0.499025
vt 0.260250 0.495602
vt 0.250247 0.490232
vt 0.249632 0.488284
vt 0.293701 0.497068
vt 0.262207 0.468258
vt 0.264646 0.447751
vt 0.250492 0.452639
vt 0.239629 0.483887
vt 0.294193 0.467285
vt 0.294675 0.444820
vt 0.312990 0.445311
vt 0.298098 0.426269
vt 0.312744 0.425777
vt 0.312252 0.405270
vt 0.300783 0.406735
vt 0.312016 0.390132
vt 0.300046 0.392089
vt 0.299564 0.391116
vt 0.282469 0.404296
vt 0.281495 0.403814
vt 0.271482 0.422856
vt 0.270263 0.422364
vt 0.261715 0.445311
vt 0.259522 0.447268
vt 0.249632 0.450199
vt 0.182984 0.451656
vt 0.182615 0.449708
vt 0.165530 0.458009
vt 0.166136 0.457035
vt 0.364992 0.584469
vt 0.326661 0.627442
vt 0.318360 0.629881
vt 0.310059 0.627933
vt 0.268551 0.588138
vt 0.260014 0.580082
vt 0.231441 0.565427
vt 0.257565 0.528316
vt 0.228273 0.545165
vt 0.177860 0.467776
vt 0.238891 0.486818
vt 0.254880 0.500972
vt 0.248781 0.493163
vt 0.444820 0.445311
vt 0.377198 0.442872
vt 0.368651 0.441406
vt 0.367923 0.440433
vt 0.357910 0.417476
vt 0.344484 0.398925
vt 0.325196 0.386719
vt 0.312016 0.385254
vt 0.298826 0.387211
vt 0.280030 0.400391
vt 0.267086 0.419433
vt 0.257811 0.442872
vt 0.257328 0.443846
vt 0.249027 0.446285
vt 0.181642 0.446285
vt 0.248167 0.493163
vt 0.237672 0.490723
vt 0.021142 0.934062
vt 0.019671 0.918942
vt 0.025439 0.905116
vt 0.022629 0.949181
vt 0.031207 0.891290
vt 0.084653 0.869258
vt 0.043294 0.882355
vt 0.070024 0.871339
vt 0.055395 0.873406
vt 0.123410 0.963319
vt 0.068731 0.984638
vt 0.031802 0.960881
vt 0.054860 0.978617
vt 0.040990 0.972581
vt 0.083687 0.982750
vt 0.111027 0.972091
vt 0.098628 0.980862
vt 0.130249 0.905577
vt 0.128718 0.949404
vt 0.132137 0.920533
vt 0.134040 0.935489
vt 0.121180 0.893639
vt 0.098390 0.875487
vt 0.112127 0.881716
vt 0.944825 0.831422
vt 0.955083 0.799191
vt 0.955559 0.813225
vt 0.944335 0.781128
vt 0.928710 0.831482
vt 0.928219 0.781500
vt 0.912594 0.831541
vt 0.912104 0.781857
vt 0.895750 0.781857
vt 0.896241 0.831853
vt 0.879397 0.781857
vt 0.879888 0.832151
vt 0.869139 0.814206
vt 0.864500 0.832344
vt 0.869139 0.800291
vt 0.859862 0.814325
vt 0.864010 0.781975
vt 0.849128 0.832522
vt 0.859862 0.800291
vt 0.848638 0.782109
vt 0.832522 0.782407
vt 0.833013 0.832463
vt 0.816407 0.782719
vt 0.816897 0.832403
vt 0.800544 0.832582
vt 0.800291 0.782600
vt 0.784176 0.832760
vt 0.784176 0.782466
vt 0.773442 0.814697
vt 0.768804 0.832701
vt 0.773442 0.800663
vt 0.764165 0.814578
vt 0.768804 0.782407
vt 0.753417 0.832641
vt 0.764165 0.800663
vt 0.753417 0.782347
vt 0.737301 0.782347
vt 0.737063 0.832344
vt 0.721186 0.782347
vt 0.720710 0.832032
vt 0.705085 0.781857
vt 0.704342 0.831913
vt 0.688969 0.781366
vt 0.687988 0.831794
vt 0.677730 0.813359
vt 0.672601 0.831422
vt 0.677730 0.799444
vt 0.667963 0.813225
vt 0.673835 0.781009
vt 0.657229 0.831050
vt 0.668453 0.799191
vt 0.658686 0.780637
vt 0.640876 0.830381
vt 0.642333 0.780340
vt 0.624507 0.829712
vt 0.625979 0.780028
vt 0.609864 0.779240
vt 0.608392 0.829281
vt 0.593748 0.778437
vt 0.592291 0.828850
vt 0.582033 0.810296
vt 0.576666 0.828241
vt 0.582524 0.796381
vt 0.572756 0.809940
vt 0.578614 0.777887
vt 0.561041 0.827631
vt 0.573247 0.796024
vt 0.563480 0.777337
vt 0.544926 0.826784
vt 0.547126 0.776802
vt 0.528810 0.825921
vt 0.530758 0.776252
vt 0.514776 0.775389
vt 0.512695 0.825371
vt 0.498780 0.774542
vt 0.496579 0.824836
vt 0.486574 0.806268
vt 0.481207 0.824152
vt 0.477297 0.805911
vt 0.465820 0.823483
vt 0.487065 0.792233
vt 0.483393 0.773799
vt 0.477788 0.791877
vt 0.468021 0.773070
vt 0.255129 0.843866
vt 0.261968 0.837280
vt 0.287836 0.848876
vt 0.281250 0.854733
vt 0.298823 0.883604
vt 0.317867 0.868767
vt 0.313481 0.893803
vt 0.296637 0.894903
vt 0.326177 0.883307
vt 0.329344 0.867682
vt 0.306152 0.918452
vt 0.270264 0.919002
vt 0.273683 0.927179
vt 0.253910 0.947234
vt 0.248410 0.938998
vt 0.319577 0.907227
vt 0.316410 0.925171
vt 0.325434 0.896360
vt 0.334964 0.905696
vt 0.339111 0.891231
vt 0.352789 0.879204
vt 0.357427 0.847775
vt 0.350098 0.843628
vt 0.355227 0.816526
vt 0.367432 0.819573
vt 0.356937 0.890681
vt 0.341550 0.922971
vt 0.328853 0.954831
vt 0.336421 0.953611
vt 0.349607 0.978350
vt 0.339349 0.980654
vt 0.351317 0.915345
vt 0.386715 0.911197
vt 0.388677 0.902470
vt 0.412835 0.897400
vt 0.412597 0.907406
vt 0.170538 0.661615
vt 0.162361 0.662105
vt 0.163447 0.644533
vt 0.167238 0.644280
vt 0.177005 0.627927
vt 0.151732 0.629636
vt 0.151494 0.625251
vt 0.176752 0.623779
vt 0.165156 0.610102
vt 0.161380 0.610354
vt 0.166375 0.592767
vt 0.158199 0.593258
vt 0.230466 0.665287
vt 0.221441 0.665287
vt 0.223880 0.645752
vt 0.228146 0.645752
vt 0.240114 0.628417
vt 0.211912 0.628179
vt 0.211912 0.623541
vt 0.240233 0.623541
vt 0.228265 0.607426
vt 0.223999 0.607426
vt 0.230837 0.588381
vt 0.221679 0.588381
vt 0.126101 0.596439
vt 0.133787 0.596439
vt 0.131587 0.612792
vt 0.127930 0.612792
vt 0.117672 0.627436
vt 0.141355 0.627689
vt 0.141355 0.631837
vt 0.117612 0.631346
vt 0.127439 0.645023
vt 0.130978 0.645261
vt 0.125120 0.661139
vt 0.132806 0.661377
vt 0.190311 0.587162
vt 0.199469 0.587400
vt 0.197016 0.606935
vt 0.192749 0.606935
vt 0.180781 0.624270
vt 0.208983 0.624507
vt 0.208983 0.629146
vt 0.180781 0.629146
vt 0.192630 0.645023
vt 0.196897 0.645023
vt 0.190192 0.664306
vt 0.199216 0.664306
vt 0.095149 0.596930
vt 0.102790 0.596439
vt 0.101869 0.612792
vt 0.098330 0.613030
vt 0.089291 0.628179
vt 0.112796 0.626708
vt 0.113093 0.630618
vt 0.089544 0.632075
vt 0.100337 0.644771
vt 0.103950 0.644533
vt 0.099297 0.660886
vt 0.106938 0.660396
vt 0.123812 0.889804
vt 0.113836 0.877018
vt 0.133787 0.902589
vt 0.098940 0.870997
vt 0.136285 0.918556
vt 0.084043 0.864991
vt 0.138798 0.934508
vt 0.068166 0.867370
vt 0.133237 0.949627
vt 0.052273 0.869748
vt 0.127692 0.964747
vt 0.039592 0.879754
vt 0.114832 0.974692
vt 0.026911 0.889774
vt 0.101988 0.984623
vt 0.020875 0.904849
vt 0.085813 0.986868
vt 0.014839 0.919924
vt 0.069638 0.989128
vt 0.017069 0.935920
vt 0.054578 0.983107
vt 0.019299 0.951902
vt 0.039518 0.977101
vt 0.029408 0.964494
vt 0.463992 0.977785
vt 0.448976 0.981442
vt 0.440681 0.966189
vt 0.457525 0.962219
vt 0.479007 0.974128
vt 0.452752 0.951917
vt 0.434333 0.955262
vt 0.474369 0.958250
vt 0.494870 0.973548
vt 0.471187 0.948572
vt 0.447386 0.929200
vt 0.427003 0.930732
vt 0.492060 0.957685
vt 0.510747 0.972983
vt 0.467768 0.927669
vt 0.447148 0.911836
vt 0.426765 0.910528
vt 0.489741 0.948155
vt 0.509766 0.957120
vt 0.528558 0.973057
vt 0.487065 0.927431
vt 0.467530 0.913144
vt 0.452024 0.889402
vt 0.433589 0.885804
vt 0.508294 0.947724
vt 0.527591 0.957209
vt 0.546383 0.973131
vt 0.506347 0.927179
vt 0.486946 0.913115
vt 0.470459 0.893000
vt 0.456781 0.878178
vt 0.439699 0.874640
vt 0.463010 0.862493
vt 0.447995 0.859134
vt 0.478026 0.865838
vt 0.473878 0.881716
vt 0.494141 0.866389
vt 0.491584 0.882266
vt 0.510257 0.866939
vt 0.489131 0.892703
vt 0.509276 0.882816
vt 0.507819 0.892390
vt 0.527101 0.882534
vt 0.527829 0.866701
vt 0.506347 0.913085
vt 0.544926 0.882266
vt 0.545417 0.866448
vt 0.563480 0.865972
vt 0.526120 0.892093
vt 0.525153 0.912847
vt 0.562751 0.881746
vt 0.581543 0.865482
vt 0.544435 0.891781
vt 0.525153 0.927089
vt 0.580561 0.881226
vt 0.598877 0.865229
vt 0.562498 0.891365
vt 0.543945 0.912594
vt 0.526610 0.947754
vt 0.598639 0.880958
vt 0.616212 0.864991
vt 0.580561 0.890933
vt 0.562261 0.912356
vt 0.543945 0.927000
vt 0.544926 0.947784
vt 0.562261 0.926970
vt 0.580561 0.912104
vt 0.598639 0.890681
vt 0.616702 0.880675
vt 0.545417 0.957313
vt 0.564461 0.973280
vt 0.562989 0.947903
vt 0.563480 0.957521
vt 0.582524 0.973414
vt 0.580561 0.926941
vt 0.634528 0.880438
vt 0.634275 0.864619
vt 0.598639 0.911896
vt 0.616702 0.890443
vt 0.581543 0.957730
vt 0.599858 0.973384
vt 0.581052 0.948022
vt 0.652338 0.880185
vt 0.652338 0.864263
vt 0.598639 0.926822
vt 0.616702 0.911687
vt 0.634528 0.890205
vt 0.599368 0.957685
vt 0.617193 0.973340
vt 0.599115 0.947947
vt 0.670416 0.880884
vt 0.670654 0.863950
vt 0.616702 0.926703
vt 0.634765 0.911464
vt 0.652338 0.889952
vt 0.617193 0.957640
vt 0.635494 0.973235
vt 0.617193 0.947873
vt 0.688479 0.881597
vt 0.688969 0.863653
vt 0.634765 0.926480
vt 0.652828 0.911256
vt 0.670416 0.889863
vt 0.635256 0.957477
vt 0.653810 0.973117
vt 0.635256 0.947709
vt 0.706542 0.880438
vt 0.706542 0.863460
vt 0.652828 0.926272
vt 0.688479 0.889774
vt 0.670891 0.911108
vt 0.653319 0.957313
vt 0.671873 0.972968
vt 0.653319 0.947546
vt 0.724605 0.879278
vt 0.724114 0.863281
vt 0.742192 0.863222
vt 0.670891 0.926093
vt 0.706542 0.889432
vt 0.688969 0.910944
vt 0.671382 0.957150
vt 0.689936 0.972804
vt 0.671144 0.947367
vt 0.742430 0.879204
vt 0.760255 0.863162
vt 0.724605 0.889105
vt 0.688969 0.925900
vt 0.706780 0.910706
vt 0.689460 0.957001
vt 0.707270 0.972671
vt 0.688969 0.947204
vt 0.760255 0.879144
vt 0.778571 0.863044
vt 0.742430 0.889001
vt 0.724605 0.910468
vt 0.706780 0.925722
vt 0.707270 0.956823
vt 0.724605 0.972537
vt 0.707032 0.947026
vt 0.778318 0.879085
vt 0.796872 0.862910
vt 0.760255 0.888912
vt 0.742683 0.910275
vt 0.724605 0.925543
vt 0.725095 0.956629
vt 0.742921 0.972373
vt 0.725095 0.946832
vt 0.742683 0.925320
vt 0.760746 0.910097
vt 0.778318 0.888822
vt 0.743159 0.956392
vt 0.761236 0.972210
vt 0.742921 0.946609
vt 0.760746 0.925112
vt 0.761236 0.956139
vt 0.779299 0.972016
vt 0.760746 0.946386
vt 0.778809 0.910007
vt 0.796381 0.879025
vt 0.779047 0.955946
vt 0.797362 0.971838
vt 0.778809 0.924993
vt 0.778809 0.946193
vt 0.796381 0.888733
vt 0.814206 0.879025
vt 0.814206 0.862910
vt 0.796872 0.955752
vt 0.814935 0.971585
vt 0.796872 0.909918
vt 0.796872 0.946015
vt 0.796872 0.924859
vt 0.832032 0.879025
vt 0.831541 0.862910
vt 0.814459 0.888703
vt 0.814935 0.955455
vt 0.832522 0.971333
vt 0.814935 0.909814
vt 0.814935 0.924681
vt 0.814935 0.945777
vt 0.850095 0.879174
vt 0.849857 0.862969
vt 0.832522 0.888674
vt 0.833013 0.955172
vt 0.850585 0.970976
vt 0.833013 0.909725
vt 0.833013 0.924502
vt 0.833013 0.945524
vt 0.868158 0.879337
vt 0.868158 0.863044
vt 0.850585 0.888733
vt 0.850823 0.954771
vt 0.868648 0.970634
vt 0.851314 0.909666
vt 0.851314 0.924279
vt 0.851076 0.945197
vt 0.885983 0.879397
vt 0.885745 0.863162
vt 0.868648 0.888793
vt 0.868648 0.954370
vt 0.886473 0.970277
vt 0.869630 0.909606
vt 0.869139 0.944855
vt 0.869630 0.924071
vt 0.903808 0.879456
vt 0.903317 0.863281
vt 0.919433 0.862672
vt 0.886964 0.888852
vt 0.886473 0.954043
vt 0.904299 0.969920
vt 0.888183 0.909547
vt 0.888421 0.923833
vt 0.887455 0.944528
vt 0.921380 0.878877
vt 0.935548 0.862062
vt 0.905280 0.888912
vt 0.907227 0.923581
vt 0.905756 0.944216
vt 0.923833 0.888495
vt 0.938968 0.878297
vt 0.926272 0.909234
vt 0.956050 0.874327
vt 0.950445 0.858405
vt 0.942387 0.888064
vt 0.926509 0.923610
vt 0.904299 0.953701
vt 0.973146 0.870358
vt 0.965326 0.854733
vt 0.960941 0.884704
vt 0.979494 0.881344
vt 0.945806 0.908997
vt 0.966308 0.907465
vt 0.986809 0.905949
vt 0.924309 0.944409
vt 0.921871 0.954057
vt 0.920414 0.970292
vt 0.945806 0.923640
vt 0.966308 0.924889
vt 0.986809 0.926153
vt 0.942878 0.944617
vt 0.939458 0.954414
vt 0.936530 0.970678
vt 0.951411 0.974187
vt 0.961179 0.947724
vt 0.979494 0.950831
vt 0.956540 0.958146
vt 0.966308 0.977710
vt 0.973637 0.961877
vt 0.821503 0.165774
vt 0.810452 0.165774
vt 0.710987 0.165774
vt 0.799400 0.058942
vt 0.799400 0.055258
vt 0.803084 0.051574
vt 0.806768 0.055258
vt 0.932019 0.069994
vt 0.939387 0.073677
vt 0.939387 0.077361
vt 0.932019 0.073677
vt 0.884129 0.058942
vt 0.884129 0.051574
vt 0.887813 0.051574
vt 0.887813 0.058942
vt 0.884129 0.022103
vt 0.884129 0.029471
vt 0.913600 0.081045
vt 0.913600 0.073677
vt 0.850974 0.036839
vt 0.854658 0.044207
vt 0.850974 0.044207
vt 0.902548 0.062626
vt 0.906232 0.062626
vt 0.803084 0.055258
vt 0.832555 0.040523
vt 0.836239 0.044207
vt 0.935703 0.069994
vt 0.935703 0.073677
vt 0.917284 0.022103
vt 0.920968 0.047890
vt 0.884129 0.084729
vt 0.887813 0.084729
vt 0.825187 0.073677
vt 0.821503 0.073677
vt 0.817819 0.047890
vt 0.821503 0.047890
vt 0.913600 0.047890
vt 0.913600 0.077361
vt 0.909916 0.077361
vt 0.909916 0.047890
vt 0.887813 0.081045
vt 0.887813 0.088413
vt 0.884129 0.088413
vt 0.884129 0.081045
vt 0.913600 0.044207
vt 0.913600 0.051574
vt 0.832555 0.044207
vt 0.891497 0.058942
vt 0.854658 0.066310
vt 0.858342 0.073677
vt 0.854658 0.077361
vt 0.710987 0.162090
vt 0.810452 0.162090
vt 0.821503 0.162090
vt 0.828871 0.165774
vt 0.828871 0.162090
vt 0.836239 0.165774
vt 0.836239 0.162090
vt 0.714671 0.154723
vt 0.714671 0.151039
vt 0.839922 0.143671
vt 0.839922 0.147355
vt 0.850974 0.151039
vt 0.850974 0.147355
vt 0.858342 0.158406
vt 0.858342 0.154723
vt 0.862026 0.169458
vt 0.865710 0.165774
vt 0.865710 0.180510
vt 0.865710 0.195245
vt 0.862026 0.195245
vt 0.858342 0.206297
vt 0.858342 0.202613
vt 0.850974 0.213665
vt 0.847290 0.209981
vt 0.839922 0.213665
vt 0.839922 0.217348
vt 0.828871 0.209981
vt 0.828871 0.213665
vt 0.714671 0.180510
vt 0.714671 0.184193
vt 0.707303 0.187877
vt 0.707303 0.184193
vt 0.718355 0.184193
vt 0.718355 0.187877
vt 0.725722 0.184193
vt 0.725722 0.187877
vt 0.736774 0.184193
vt 0.736774 0.187877
vt 0.744142 0.184193
vt 0.744142 0.187877
vt 0.777297 0.151039
vt 0.876761 0.151039
vt 0.876761 0.154723
vt 0.777297 0.154723
vt 0.769929 0.151039
vt 0.769929 0.154723
vt 0.758877 0.151039
vt 0.758877 0.154723
vt 0.751510 0.151039
vt 0.751510 0.154723
vt 0.869393 0.169458
vt 0.758877 0.198929
vt 0.755193 0.198929
vt 0.747826 0.202613
vt 0.736774 0.202613
vt 0.736774 0.198929
vt 0.729406 0.191561
vt 0.725722 0.195245
vt 0.722039 0.180510
vt 0.722039 0.169458
vt 0.718355 0.169458
vt 0.722039 0.154723
vt 0.725722 0.143671
vt 0.729406 0.143671
vt 0.736774 0.136303
vt 0.747826 0.132619
vt 0.747826 0.136303
vt 0.873077 0.139987
vt 0.747826 0.151039
vt 0.747826 0.154723
vt 0.744142 0.154723
vt 0.744142 0.151039
vt 0.725722 0.151039
vt 0.725722 0.154723
vt 0.722039 0.151039
vt 0.707303 0.165774
vt 0.707303 0.162090
vt 0.766245 0.151039
vt 0.880445 0.151039
vt 0.880445 0.154723
vt 0.766245 0.154723
vt 0.740458 0.151039
vt 0.740458 0.154723
vt 0.733090 0.154723
vt 0.733090 0.151039
vt 0.707303 0.154723
vt 0.707303 0.151039
vt 0.959487 0.113821
vt 0.968271 0.108455
vt 0.983316 0.132831
vt 0.974532 0.138197
vt 0.950703 0.119201
vt 0.965734 0.143577
vt 0.941905 0.124568
vt 0.956950 0.148944
vt 0.933362 0.130188
vt 0.948567 0.154390
vt 0.924564 0.135568
vt 0.939783 0.159770
vt 0.915780 0.140934
vt 0.930985 0.165137
vt 0.968256 0.763670
vt 0.967282 0.770998
vt 0.966802 0.763917
vt 0.971193 0.770271
vt 0.976559 0.765255
vt 0.969725 0.762943
vt 0.970699 0.761722
vt 0.974116 0.768308
vt 0.971193 0.760253
vt 0.978027 0.761722
vt 0.978027 0.759643
vt 0.971193 0.759526
vt 0.978027 0.757694
vt 0.942870 0.751588
vt 0.947261 0.742922
vt 0.946781 0.750003
vt 0.942870 0.740974
vt 0.942870 0.762085
vt 0.947261 0.757084
vt 0.946781 0.760501
vt 0.942376 0.756837
vt 0.947261 0.753289
vt 0.943365 0.709234
vt 0.947756 0.700438
vt 0.947756 0.707519
vt 0.943844 0.698489
vt 0.746586 0.765386
vt 0.746586 0.759279
vt 0.747066 0.753173
vt 0.747066 0.741454
vt 0.943365 0.730462
vt 0.747560 0.729982
vt 0.943365 0.719732
vt 0.747560 0.718263
vt 0.747560 0.706544
vt 0.748040 0.694825
vt 0.958980 0.732178
vt 0.961917 0.729255
vt 0.952641 0.724602
vt 0.953121 0.729255
vt 0.946781 0.732905
vt 0.946781 0.739506
vt 0.955563 0.734373
vt 0.953121 0.732905
vt 0.955563 0.737543
vt 0.950198 0.734620
vt 0.958980 0.738764
vt 0.950198 0.737790
vt 0.954589 0.738764
vt 0.952641 0.742428
vt 0.956058 0.740727
vt 0.952641 0.739258
vt 0.968256 0.760501
vt 0.966802 0.761358
vt 0.969725 0.761228
vt 0.966802 0.762943
vt 0.965334 0.763670
vt 0.963386 0.770388
vt 0.399658 0.838258
vt 0.387212 0.835816
vt 0.385496 0.844481
vt 0.397710 0.846807
vt 0.414546 0.840948
vt 0.412845 0.849483
vt 0.424070 0.827630
vt 0.438958 0.838258
vt 0.424070 0.773804
vt 0.451899 0.774051
vt 0.451419 0.835699
vt 0.456784 0.825202
vt 0.439453 0.709467
vt 0.424070 0.719964
vt 0.452640 0.712404
vt 0.457758 0.722901
vt 0.414794 0.827761
vt 0.416015 0.773921
vt 0.386470 0.774299
vt 0.381832 0.824824
vt 0.398189 0.709961
vt 0.414314 0.719964
vt 0.385744 0.712651
vt 0.380611 0.723876
vt 0.381832 0.713872
vt 0.373777 0.713872
vt 0.372556 0.724370
vt 0.377194 0.774415
vt 0.373777 0.824460
vt 0.383301 0.834841
vt 0.375493 0.834841
vt 0.413092 0.707024
vt 0.411130 0.698489
vt 0.395994 0.701412
vt 0.384028 0.704102
vt 0.419926 0.609856
vt 0.422601 0.597905
vt 0.412598 0.592045
vt 0.402828 0.599606
vt 0.414314 0.621822
vt 0.396241 0.613520
vt 0.398189 0.620848
vt 0.418705 0.629150
vt 0.426265 0.619627
vt 0.403816 0.632087
vt 0.397942 0.627929
vt 0.396241 0.635984
vt 0.394293 0.633061
vt 0.382080 0.644039
vt 0.381353 0.639895
vt 0.375726 0.641364
vt 0.369387 0.650640
vt 0.390134 0.650640
vt 0.400385 0.644286
vt 0.410155 0.637452
vt 0.425044 0.635984
vt 0.416015 0.644780
vt 0.406012 0.652341
vt 0.395267 0.659174
vt 0.433346 0.626460
vt 0.436530 0.608155
vt 0.441401 0.617184
vt 0.449456 0.607428
vt 0.456537 0.614262
vt 0.448249 0.623538
vt 0.440674 0.632567
vt 0.432125 0.642338
vt 0.422848 0.651367
vt 0.412351 0.659916
vt 0.401126 0.666997
vt 0.385017 0.665775
vt 0.391109 0.673583
vt 0.372803 0.658200
vt 0.361811 0.661864
vt 0.358395 0.654783
vt 0.120295 0.388186
vt 0.119146 0.371088
vt 0.111876 0.371582
vt 0.113214 0.388186
vt 0.113156 0.390134
vt 0.120237 0.390134
vt 0.099489 0.391109
vt 0.099358 0.389655
vt 0.097351 0.373051
vt 0.085691 0.391603
vt 0.085749 0.393072
vt 0.083248 0.374999
vt 0.072082 0.393551
vt 0.072445 0.395020
vt 0.058749 0.396488
vt 0.059083 0.398437
vt 0.069392 0.376947
vt 0.074582 0.361811
vt 0.090387 0.363280
vt 0.085822 0.350587
vt 0.079831 0.346676
vt 0.066222 0.348639
vt 0.061221 0.353509
vt 0.059534 0.367191
vt 0.055143 0.380364
vt 0.041447 0.383795
vt 0.044951 0.399905
vt 0.045750 0.401853
vt 0.038204 0.402828
vt 0.039150 0.404790
vt 0.031763 0.406244
vt 0.032956 0.408207
vt 0.025904 0.410650
vt 0.027329 0.412104
vt 0.367438 0.645013
vt 0.356941 0.650393
vt 0.367438 0.638921
vt 0.354731 0.642817
vt 0.363033 0.666023
vt 0.376467 0.665281
vt 0.349366 0.652835
vt 0.350834 0.656979
vt 0.420900 0.679443
vt 0.422848 0.681391
vt 0.423343 0.679690
vt 0.421380 0.678221
vt 0.421874 0.675531
vt 0.424317 0.675531
vt 0.424317 0.674310
vt 0.422121 0.674310
vt 0.419679 0.674557
vt 0.419679 0.675531
vt 0.445806 0.684808
vt 0.479974 0.696294
vt 0.481443 0.692136
vt 0.446781 0.681158
vt 0.427239 0.679443
vt 0.428228 0.676520
vt 0.483159 0.686276
vt 0.446781 0.679195
vt 0.428461 0.674557
vt 0.483638 0.681885
vt 0.447508 0.675531
vt 0.428708 0.670893
vt 0.424070 0.669192
vt 0.421380 0.671388
vt 0.444818 0.686276
vt 0.477779 0.702386
vt 0.426760 0.680417
vt 0.680664 0.513183
vt 0.689446 0.516352
vt 0.689446 0.515131
vt 0.680664 0.511961
vt 0.671882 0.510740
vt 0.671882 0.509766
vt 0.663086 0.509766
vt 0.662591 0.508545
vt 0.653809 0.509519
vt 0.653809 0.508545
vt 0.645013 0.510493
vt 0.644533 0.509519
vt 0.635737 0.512456
vt 0.635737 0.511482
vt 0.627435 0.515131
vt 0.626955 0.514404
vt 0.619147 0.518795
vt 0.619147 0.517574
vt 0.625486 0.533451
vt 0.632814 0.530034
vt 0.628423 0.536373
vt 0.634283 0.533204
vt 0.639648 0.527839
vt 0.640622 0.531008
vt 0.646976 0.526123
vt 0.647456 0.529540
vt 0.654304 0.525396
vt 0.654783 0.528813
vt 0.661617 0.525396
vt 0.661137 0.528813
vt 0.668451 0.526370
vt 0.667971 0.529787
vt 0.675779 0.528071
vt 0.674805 0.531255
vt 0.682612 0.531255
vt 0.680170 0.533931
vt 0.700685 0.544675
vt 0.697748 0.538089
vt 0.695800 0.538569
vt 0.698737 0.545650
vt 0.708013 0.541506
vt 0.705076 0.534905
vt 0.705076 0.534672
vt 0.687497 0.541259
vt 0.690435 0.547845
vt 0.695320 0.537842
vt 0.687018 0.540532
vt 0.697748 0.537347
vt 0.700685 0.545170
vt 0.699216 0.546144
vt 0.690914 0.548587
vt 0.045343 0.225590
vt 0.039978 0.219236
vt 0.037536 0.222653
vt 0.043279 0.229007
vt 0.029161 0.229487
vt 0.035093 0.236335
vt 0.052308 0.221185
vt 0.047001 0.214846
vt 0.036736 0.196293
vt 0.030077 0.202152
vt 0.038175 0.210455
vt 0.044253 0.203606
vt 0.025482 0.227539
vt 0.025177 0.212897
vt 0.025700 0.203127
vt 0.095330 0.416015
vt 0.090518 0.421380
vt 0.081547 0.408207
vt 0.096188 0.401853
vt 0.083917 0.423823
vt 0.076836 0.423343
vt 0.070744 0.419926
vt 0.065612 0.407233
vt 0.459721 0.624265
vt 0.450197 0.628656
vt 0.457031 0.628903
vt 0.446039 0.633541
vt 0.460695 0.634283
vt 0.443117 0.643065
vt 0.466060 0.633294
vt 0.447260 0.639895
vt 0.458979 0.640375
vt 0.452640 0.648197
vt 0.462890 0.644039
vt 0.452887 0.643065
vt 0.657721 0.536126
vt 0.665034 0.533204
vt 0.665034 0.539063
vt 0.650393 0.532957
vt 0.660643 0.543207
vt 0.650393 0.539063
vt 0.654783 0.543207
vt 0.658200 0.498541
vt 0.648444 0.502438
vt 0.648444 0.494136
vt 0.654304 0.488276
vt 0.668451 0.502685
vt 0.662591 0.488276
vt 0.668451 0.494630
vt 0.736816 0.742922
vt 0.736816 0.746092
vt 0.744144 0.739506
vt 0.732425 0.741454
vt 0.730956 0.744144
vt 0.744623 0.731203
vt 0.729488 0.738284
vt 0.737310 0.723396
vt 0.726565 0.739506
vt 0.737310 0.726565
vt 0.729488 0.729982
vt 0.726565 0.728034
vt 0.039280 0.038088
vt 0.037594 0.103022
vt 0.043002 0.103022
vt 0.045721 0.038088
vt 0.052191 0.038568
vt 0.047946 0.103022
vt 0.058720 0.039062
vt 0.054053 0.103516
vt 0.065248 0.039557
vt 0.058894 0.104010
vt 0.071718 0.040036
vt 0.064143 0.104490
vt 0.078188 0.041011
vt 0.069464 0.105464
vt 0.084600 0.041999
vt 0.074830 0.105959
vt 0.050505 0.110350
vt 0.058385 0.109376
vt 0.056393 0.116209
vt 0.049952 0.118652
vt 0.043948 0.115235
vt 0.042843 0.108401
s 1
usemtl マテリアル.001
f 1/1/1 3/2/2 2/3/3
f 4/4/4 6/5/4 5/6/4
f 7/7/5 9/8/5 8/9/5
f 10/10/6 12/11/6 11/12/6
f 13/13/7 2/3/7 3/2/7
f 14/14/8 16/15/9 15/16/10
f 17/17/11 19/18/12 18/19/11
f 20/20/13 22/21/13 21/22/13
f 23/23/14 13/24/14 24/25/14
f 25/26/15 27/27/15 26/28/15
f 18/19/11 15/16/11 17/17/11
f 28/29/16 30/30/16 29/31/16
f 31/32/17 33/33/17 32/34/17
f 30/35/18 34/36/18 29/37/18
f 35/4/19 37/6/19 36/5/19
f 38/7/20 40/9/20 39/8/20
f 41/10/21 43/12/21 42/11/21
f 44/28/22 46/27/22 45/26/22
f 47/29/23 49/31/23 48/30/23
f 48/35/24 49/37/24 50/36/24
f 51/38/25 53/39/26 52/40/27
f 54/1/28 56/3/29 55/2/30
f 57/13/31 55/2/31 56/3/31
f 58/20/32 60/22/32 59/21/32
f 61/23/33 62/25/33 57/24/33
f 63/38/34 65/40/35 64/39/36
f 66/41/37 68/42/37 67/43/37
f 68/42/37 66/41/37 69/44/37
f 70/45/38 67/43/38 68/42/38
f 67/43/38 70/45/38 71/46/38
f 72/47/39 69/48/40 66/49/41
f 69/48/40 72/47/39 73/50/42
f 74/51/43 73/50/42 72/47/39
f 73/50/42 74/51/43 75/52/44
f 76/53/45 75/54/46 74/55/47
f 75/54/46 76/53/45 77/56/45
f 76/53/45 78/57/48 77/56/45
f 78/57/48 76/53/45 79/58/48
f 80/59/49 78/60/50 79/61/51
f 78/60/50 80/59/49 81/62/52
f 82/63/53 81/62/52 80/59/49
f 81/62/52 82/63/53 83/64/54
f 84/65/55 83/64/54 82/63/53
f 83/64/54 84/65/55 85/66/55
f 84/65/56 70/67/56 85/66/56
f 70/67/56 84/65/56 71/68/56
f 82/63/57 71/69/58 84/65/58
f 71/69/58 82/63/57 67/70/59
f 82/63/57 86/71/60 67/70/59
f 86/71/60 82/63/57 80/59/61
f 79/72/62 86/71/60 80/59/61
f 86/71/60 79/72/62 76/73/63
f 74/74/64 86/71/60 76/73/63
f 86/71/60 74/74/64 72/47/65
f 72/47/65 67/70/59 86/71/60
f 67/70/59 72/47/65 66/49/66
f 68/42/67 85/66/68 70/45/68
f 85/66/68 68/42/67 83/64/69
f 87/75/70 83/64/69 68/42/67
f 69/44/71 87/75/70 68/42/67
f 83/64/69 87/75/70 81/62/72
f 87/75/70 69/44/71 73/76/73
f 77/56/74 81/62/72 87/75/70
f 73/76/73 77/56/74 87/75/70
f 81/62/72 77/56/74 78/77/75
f 77/56/74 73/76/73 75/54/76
f 88/78/77 90/79/78 89/80/79
f 89/80/79 91/81/80 88/78/77
f 92/82/81 88/78/77 91/81/80
f 91/81/80 89/80/79 93/83/82
f 91/81/80 94/84/83 92/82/81
f 95/85/84 92/82/81 94/84/83
f 93/83/82 96/86/85 91/81/80
f 94/84/83 91/81/80 96/86/85
f 94/84/83 97/87/86 95/85/84
f 98/88/87 95/85/84 97/87/86
f 99/89/88 96/86/85 93/83/82
f 93/83/82 100/90/89 99/89/88
f 96/86/85 99/89/88 101/91/90
f 96/86/85 102/92/91 94/84/83
f 97/87/86 94/84/83 102/92/91
f 101/91/90 102/92/91 96/86/85
f 102/92/91 103/93/92 97/87/86
f 102/92/91 101/91/90 104/94/93
f 104/94/93 103/93/92 102/92/91
f 97/87/86 105/95/94 98/88/87
f 105/95/94 97/87/86 103/93/92
f 101/91/90 106/96/95 104/94/93
f 101/91/90 99/97/96 106/96/95
f 100/98/97 106/96/95 99/97/96
f 106/96/95 100/98/97 107/99/98
f 106/96/95 107/99/98 108/100/99
f 104/94/93 106/96/95 108/100/99
f 109/101/100 108/100/99 107/99/98
f 109/101/100 110/102/101 108/100/99
f 111/103/102 104/94/93 108/100/99
f 103/93/92 104/94/93 111/103/102
f 111/103/102 108/100/99 110/102/101
f 111/103/102 112/104/103 103/93/92
f 112/104/103 111/103/102 110/102/101
f 103/93/92 112/104/103 105/95/94
f 110/102/101 113/105/104 112/104/103
f 113/105/104 110/102/101 109/106/105
f 114/107/106 105/95/94 112/104/103
f 112/104/103 113/105/104 114/107/106
f 109/106/105 115/108/107 113/105/104
f 115/108/107 109/106/105 107/109/108
f 113/105/104 115/108/107 116/110/109
f 116/110/109 114/107/106 113/105/104
f 107/109/108 117/111/110 115/108/107
f 116/110/109 115/108/107 117/111/110
f 117/111/110 107/109/108 100/112/111
f 100/112/111 93/113/112 117/111/110
f 118/114/113 117/111/110 93/113/112
f 117/111/110 118/114/113 116/110/109
f 93/113/112 89/115/114 118/114/113
f 118/114/113 89/115/114 90/116/115
f 90/116/115 119/117/116 118/114/113
f 116/110/109 118/114/113 119/117/116
f 119/117/116 120/118/117 116/110/109
f 114/107/106 116/110/109 120/118/117
f 120/118/117 121/119/118 114/107/106
f 105/95/94 114/107/106 121/119/118
f 121/119/118 98/88/87 105/95/94
f 121/119/118 122/120/119 98/88/87
f 120/121/120 122/120/119 121/119/118
f 98/88/87 122/120/119 95/122/119
f 119/123/119 122/120/119 120/121/120
f 95/122/119 122/120/119 92/124/119
f 119/123/119 90/125/119 122/120/119
f 92/124/119 122/120/119 88/126/119
f 88/126/119 122/120/119 90/125/119
f 123/127/121 125/128/122 124/129/123
f 124/129/123 126/130/124 123/127/123
f 127/131/125 129/132/126 128/133/125
f 128/133/125 130/134/127 127/131/125
f 131/135/128 133/136/128 132/137/128
f 132/137/128 134/138/128 131/135/128
f 10/139/129 11/140/130 135/141/131
f 135/141/131 136/142/132 10/139/129
f 124/129/133 136/142/132 135/141/131
f 135/141/131 129/132/134 124/129/133
f 126/130/135 124/129/133 129/132/134
f 129/132/134 127/131/136 126/130/135
f 134/138/137 126/130/135 127/131/138
f 127/131/138 131/135/139 134/138/137
f 137/143/140 139/144/140 138/145/140
f 138/145/140 140/146/140 137/143/140
f 128/133/141 142/147/142 141/148/143
f 141/148/143 125/149/144 128/133/141
f 130/134/145 128/133/141 125/149/144
f 125/149/144 123/150/146 130/134/145
f 137/143/147 130/134/145 123/150/146
f 123/150/146 139/151/148 137/143/147
f 137/143/149 140/146/150 133/136/150
f 133/136/150 131/135/151 137/143/149
f 130/134/152 137/143/149 131/135/151
f 131/135/151 127/131/153 130/134/152
f 11/140/154 143/152/155 142/147/156
f 11/140/154 142/147/156 135/141/157
f 129/132/158 135/141/157 142/147/156
f 142/147/156 128/133/159 129/132/158
f 144/153/160 146/154/161 145/154/162
f 145/154/162 147/153/163 144/153/160
f 143/152/164 148/155/165 141/148/166
f 141/148/166 142/147/167 143/152/164
f 148/156/168 150/157/169 149/158/170
f 148/156/168 149/158/170 151/159/171
f 151/159/171 152/160/172 148/156/168
f 152/160/172 151/159/171 153/161/173
f 9/8/174 148/156/168 152/160/172
f 148/156/168 9/8/174 10/10/175
f 10/10/175 9/8/174 7/7/176
f 7/7/176 12/11/177 10/10/175
f 152/160/172 4/162/178 9/8/174
f 154/163/179 4/162/178 152/160/172
f 6/164/180 4/162/178 154/163/179
f 154/163/179 155/165/181 6/164/180
f 4/162/182 5/166/183 8/9/184
f 8/9/184 9/8/185 4/162/182
f 132/167/186 133/136/186 140/146/186
f 140/146/186 138/168/186 132/167/186
f 153/161/187 151/159/188 156/169/187
f 156/169/187 157/170/189 153/161/187
f 158/171/190 160/172/191 159/173/191
f 159/173/191 161/174/190 158/171/190
f 162/175/192 164/176/193 163/177/194
f 163/177/194 165/178/195 162/175/192
f 166/179/196 165/178/195 163/177/194
f 163/177/194 167/180/196 166/179/196
f 168/181/197 162/175/198 165/178/198
f 165/178/198 169/182/198 168/181/197
f 170/183/198 169/182/198 165/178/198
f 165/178/198 166/179/198 170/183/198
f 171/184/199 173/185/199 172/186/200
f 172/186/200 159/187/201 171/184/199
f 159/187/201 172/186/200 168/181/202
f 168/181/202 169/182/202 159/187/201
f 161/188/202 159/187/201 169/182/202
f 169/182/202 170/183/202 161/188/202
f 174/189/203 176/190/204 175/191/205
f 175/191/205 3/192/206 174/189/203
f 174/189/203 3/192/206 1/193/207
f 177/194/208 179/195/209 178/196/208
f 178/196/208 180/197/210 177/194/208
f 181/198/211 52/40/212 182/199/213
f 182/199/213 183/200/214 181/198/211
f 184/201/215 181/198/211 183/200/214
f 183/200/214 185/202/216 184/201/215
f 186/203/217 184/201/215 185/202/216
f 185/202/216 187/204/218 186/203/217
f 186/203/217 187/204/218 174/189/219
f 174/189/219 1/193/220 186/203/217
f 188/205/221 190/206/222 189/207/221
f 189/207/221 191/208/223 188/205/221
f 192/209/224 191/208/225 189/207/226
f 189/207/226 193/210/227 192/209/224
f 194/211/228 21/22/229 22/21/230
f 21/22/229 194/211/228 195/212/231
f 195/212/231 196/213/232 21/22/229
f 197/214/233 196/213/232 195/212/231
f 198/215/234 195/212/231 194/211/228
f 195/212/231 198/215/234 197/214/233
f 194/211/228 199/216/235 198/215/234
f 200/217/236 197/214/233 198/215/234
f 199/216/235 201/218/237 198/215/234
f 198/215/234 201/218/237 200/217/238
f 21/22/239 196/213/240 20/20/241
f 202/219/242 20/20/241 196/213/240
f 196/213/240 197/214/243 202/219/242
f 202/219/242 197/214/243 200/217/244
f 200/217/244 145/220/245 202/219/242
f 203/221/246 204/222/247 175/223/248
f 3/2/249 175/223/248 204/222/247
f 204/222/247 13/13/250 3/2/249
f 205/224/251 207/225/252 206/226/253
f 206/226/253 208/227/254 205/224/251
f 208/227/254 206/226/253 209/228/255
f 210/229/256 205/224/251 208/227/254
f 211/230/257 208/227/254 209/228/255
f 208/227/254 211/230/257 210/229/256
f 209/228/255 212/231/258 211/230/257
f 213/232/259 211/230/257 212/231/258
f 214/233/260 210/229/256 211/230/257
f 211/230/257 213/232/259 214/233/260
f 214/233/260 213/232/259 215/234/261
f 215/234/261 216/235/262 214/233/260
f 136/142/263 124/129/264 125/128/265
f 125/128/265 141/236/266 136/142/263
f 136/142/263 141/236/266 148/237/267
f 148/237/267 10/139/268 136/142/263
f 217/238/269 203/221/270 218/239/271
f 217/238/269 218/239/271 219/240/272
f 220/241/273 219/240/272 218/239/271
f 219/240/272 221/242/274 217/238/269
f 219/240/272 222/243/274 221/242/274
f 24/244/275 13/13/276 204/222/277
f 204/222/277 223/245/278 24/244/275
f 223/245/278 204/222/277 203/221/279
f 203/221/279 224/246/280 223/245/278
f 224/246/280 203/221/279 217/238/281
f 225/247/282 157/248/283 156/249/284
f 225/247/282 156/249/284 226/250/285
f 226/250/285 143/251/286 225/247/282
f 143/251/286 226/250/285 227/252/287
f 5/6/288 225/247/282 143/251/286
f 225/247/282 5/6/288 228/253/289
f 155/254/290 228/253/289 5/6/288
f 5/6/288 6/5/291 155/254/290
f 143/251/286 8/255/292 5/6/288
f 11/12/293 8/255/292 143/251/286
f 7/256/294 8/255/292 11/12/293
f 11/12/293 12/11/295 7/256/294
f 229/257/296 24/258/297 223/259/298
f 223/259/298 230/260/299 229/257/296
f 229/257/296 230/260/299 231/261/300
f 232/262/301 230/260/299 223/259/298
f 223/259/298 224/263/302 232/262/301
f 232/262/301 224/263/302 233/264/303
f 230/260/299 234/265/304 231/261/300
f 234/265/304 230/260/299 232/262/301
f 233/264/303 235/266/305 232/262/301
f 233/264/303 236/267/306 235/266/305
f 232/262/301 237/268/307 234/265/304
f 237/268/307 232/262/301 235/266/305
f 238/269/308 231/261/300 234/265/304
f 237/268/307 238/269/308 234/265/304
f 235/266/305 239/270/309 237/268/307
f 237/268/307 239/270/309 238/269/308
f 238/269/308 240/271/310 231/261/300
f 186/203/311 231/261/300 240/271/310
f 240/271/310 184/201/312 186/203/311
f 184/201/312 240/271/310 241/272/313
f 242/273/314 240/271/310 238/269/308
f 239/270/309 242/273/314 238/269/308
f 184/201/312 241/272/313 181/198/315
f 181/198/315 241/272/313 243/274/316
f 181/198/315 243/274/316 244/275/317
f 244/275/317 51/276/25 181/198/315
f 51/276/25 52/40/27 181/198/315
f 239/270/309 235/266/305 245/277/318
f 239/270/309 245/277/318 246/278/319
f 247/279/320 245/277/318 235/266/305
f 246/278/319 248/280/321 239/270/309
f 242/273/314 239/270/309 248/280/321
f 242/273/314 248/280/321 249/281/322
f 249/281/322 250/282/323 242/273/314
f 247/279/320 235/266/305 236/267/306
f 236/267/306 251/283/324 247/279/320
f 252/284/325 251/283/324 236/267/306
f 252/284/325 253/285/326 251/283/324
f 254/286/327 253/285/326 252/284/325
f 254/286/327 252/284/325 255/287/328
f 255/287/328 256/288/329 254/286/327
f 256/288/329 257/289/330 254/286/327
f 257/289/330 256/288/329 258/290/331
f 256/288/329 259/291/332 258/290/331
f 259/291/332 256/288/329 255/287/328
f 258/290/331 259/291/332 260/292/333
f 259/291/332 255/287/328 261/293/334
f 260/292/333 259/291/332 261/293/334
f 255/287/328 262/294/335 261/293/334
f 260/292/333 261/293/334 263/295/336
f 264/296/337 260/292/333 263/295/336
f 265/297/338 264/296/337 263/295/336
f 261/293/334 262/294/335 266/298/339
f 266/298/339 263/295/336 261/293/334
f 267/299/340 265/297/338 263/295/336
f 267/299/340 263/295/336 266/298/339
f 267/299/340 268/300/341 265/297/338
f 269/301/342 268/300/341 267/299/340
f 270/302/343 267/299/340 266/298/339
f 269/301/342 267/299/340 271/303/344
f 270/302/343 272/304/345 267/299/340
f 272/304/345 270/302/343 273/305/346
f 267/299/340 272/304/345 274/306/347
f 274/306/347 275/307/347 267/299/340
f 267/299/340 275/307/347 276/308/348
f 277/309/349 271/303/344 267/299/340
f 276/308/348 277/309/349 267/299/340
f 276/308/348 278/310/350 277/309/349
f 279/311/344 271/303/344 277/309/349
f 277/309/349 280/312/351 279/311/344
f 281/313/352 266/314/353 262/294/335
f 262/294/335 282/315/354 281/313/352
f 188/205/355 281/313/352 282/315/354
f 282/315/354 190/316/356 188/205/355
f 283/317/357 285/318/358 284/319/359
f 285/318/358 283/317/357 286/320/360
f 286/320/360 287/321/361 285/318/358
f 288/322/362 287/321/361 286/320/360
f 288/322/362 286/320/360 289/323/363
f 290/324/364 289/323/363 286/320/360
f 290/324/364 291/325/365 289/323/363
f 290/324/364 292/326/366 291/325/365
f 293/327/367 292/326/366 290/324/364
f 293/327/367 290/324/364 217/328/368
f 217/328/368 294/329/369 293/327/367
f 217/328/368 221/330/370 294/329/369
f 201/331/371 199/332/372 295/333/373
f 296/334/374 295/333/373 199/332/372
f 199/332/372 194/335/375 296/334/374
f 192/209/376 296/334/374 194/335/375
f 192/209/376 194/335/375 22/336/377
f 191/208/378 192/209/376 22/336/377
f 22/336/377 297/337/379 191/208/378
f 297/337/379 188/205/380 191/208/378
f 188/205/380 297/337/379 281/313/381
f 266/314/382 281/313/381 297/337/379
f 297/337/379 270/338/383 266/314/382
f 297/337/379 22/336/377 20/339/384
f 297/337/379 273/340/385 270/338/383
f 20/339/384 273/340/385 297/337/379
f 20/339/384 202/341/386 273/340/385
f 152/342/387 153/343/388 157/248/389
f 157/248/389 225/247/390 152/342/387
f 154/344/391 152/342/387 225/247/390
f 225/247/390 228/253/392 154/344/391
f 154/344/391 228/253/392 155/254/393
f 189/207/394 190/206/395 298/345/396
f 298/345/396 193/210/397 189/207/394
f 222/346/398 219/347/399 299/348/400
f 299/348/400 300/349/401 222/346/398
f 301/350/402 300/349/401 299/348/400
f 299/348/400 302/351/403 301/350/402
f 303/352/404 301/350/402 302/351/403
f 304/353/405 301/350/402 303/352/404
f 303/352/404 305/354/406 304/353/405
f 304/353/405 305/354/406 306/355/407
f 306/355/407 305/354/406 307/356/408
f 27/27/409 309/357/410 308/358/409
f 308/358/409 26/28/411 27/27/409
f 310/359/412 25/26/413 311/360/414
f 26/28/415 311/360/414 25/26/413
f 311/360/414 26/28/415 312/361/416
f 313/362/417 314/363/418 311/360/417
f 311/360/417 312/361/419 313/362/417
f 315/364/420 25/26/421 310/359/422
f 310/359/422 316/365/423 315/364/420
f 311/366/424 314/367/424 316/365/425
f 316/365/425 310/359/426 311/366/424
f 317/368/427 319/369/427 318/370/427
f 318/370/427 320/371/428 317/368/427
f 313/372/429 312/373/430 321/374/431
f 321/374/431 322/375/432 313/372/429
f 320/371/433 322/375/432 321/374/431
f 321/374/431 317/376/434 320/371/433
f 173/377/435 324/378/435 323/379/436
f 323/379/436 172/380/437 173/377/435
f 172/380/437 323/379/436 325/381/436
f 168/181/435 172/380/437 325/381/436
f 323/379/436 164/382/438 325/381/436
f 162/175/439 168/181/435 325/381/436
f 164/382/438 162/175/439 325/381/436
f 26/383/440 308/384/441 326/385/442
f 326/385/442 327/386/443 26/383/440
f 319/387/444 327/386/443 326/385/442
f 326/385/442 318/370/445 319/387/444
f 328/388/446 330/389/446 329/390/446
f 329/390/446 331/391/447 328/388/446
f 309/392/448 27/393/449 332/394/450
f 332/394/450 333/395/451 309/392/448
f 331/391/452 333/395/451 332/394/450
f 332/394/450 328/388/452 331/391/452
f 25/396/453 315/397/454 334/398/455
f 334/398/455 335/399/456 25/396/453
f 330/400/457 335/399/456 334/398/455
f 334/398/455 329/401/457 330/400/457
f 336/402/458 338/403/459 337/404/458
f 337/404/458 339/405/460 336/402/458
f 340/406/461 342/407/462 341/408/461
f 341/408/461 343/409/463 340/406/461
f 340/406/464 338/410/464 336/411/465
f 336/411/465 342/407/466 340/406/464
f 337/404/467 338/412/467 340/413/468
f 340/413/468 343/409/468 337/404/467
f 341/408/469 339/405/469 337/404/470
f 337/404/470 343/409/470 341/408/469
f 336/414/471 339/415/472 341/408/471
f 341/408/471 342/407/473 336/414/471
f 344/416/474 346/417/475 345/418/476
f 347/419/476 344/416/474 345/418/476
f 348/420/476 347/419/476 345/418/476
f 349/421/476 348/420/476 345/418/476
f 350/422/477 349/421/476 345/418/476
f 345/418/476 351/423/477 350/422/477
f 350/422/477 351/423/477 352/424/476
f 349/421/476 350/422/477 353/425/477
f 353/425/477 354/426/476 349/421/476
f 355/427/476 354/426/476 353/425/477
f 353/425/477 356/428/476 355/427/476
f 357/429/477 356/428/476 353/425/477
f 353/425/477 358/430/477 357/429/477
f 358/430/477 353/425/477 350/422/477
f 350/422/477 359/431/476 358/430/477
f 352/424/476 359/431/476 350/422/477
f 359/431/476 352/424/476 17/17/478
f 359/431/476 17/17/478 15/16/10
f 16/15/9 359/431/476 15/16/10
f 360/432/479 19/433/480 17/17/479
f 17/17/479 352/424/481 360/432/479
f 361/434/482 16/15/483 14/14/484
f 14/14/484 362/435/485 361/434/482
f 362/435/485 14/14/484 15/16/486
f 15/16/486 18/19/487 362/435/485
f 345/418/488 364/436/488 363/437/489
f 363/437/489 351/423/490 345/418/488
f 351/423/490 363/437/489 360/438/491
f 360/438/491 352/424/492 351/423/490
f 345/418/493 346/417/493 365/439/493
f 365/439/493 364/440/493 345/418/493
f 348/420/494 367/441/495 366/442/496
f 366/442/496 347/419/497 348/420/494
f 344/416/498 347/419/497 366/442/496
f 366/442/496 368/443/499 344/416/498
f 344/416/498 368/443/499 365/444/500
f 365/444/500 346/417/501 344/416/498
f 369/445/502 367/446/503 348/420/504
f 348/420/504 349/421/502 369/445/502
f 369/445/502 349/421/502 354/426/505
f 354/426/505 370/447/506 369/445/502
f 370/447/506 354/426/505 355/427/507
f 355/427/507 371/448/508 370/447/506
f 357/429/509 373/449/510 372/450/511
f 372/450/511 356/428/511 357/429/509
f 356/428/511 372/450/511 371/451/511
f 371/451/511 355/427/512 356/428/511
f 373/452/513 357/429/514 358/430/515
f 358/430/515 374/453/516 373/452/513
f 374/453/516 358/430/515 359/431/517
f 359/431/517 375/454/517 374/453/516
f 361/455/518 375/454/517 359/431/517
f 359/431/517 16/15/518 361/455/518
f 376/456/519 378/457/519 377/458/519
f 377/458/519 379/459/519 376/456/519
f 380/460/520 377/461/521 378/462/522
f 378/462/522 381/463/523 380/460/520
f 382/464/524 380/460/520 381/463/523
f 381/463/523 383/465/524 382/464/524
f 382/466/525 383/467/525 384/468/525
f 384/468/525 385/469/525 382/466/525
f 376/456/526 379/459/526 386/470/527
f 386/470/527 387/471/528 376/456/526
f 387/471/528 386/470/527 388/472/529
f 388/472/529 389/473/529 387/471/528
f 389/473/530 388/474/530 385/475/531
f 385/475/531 384/468/531 389/473/530
f 390/476/532 391/477/533 30/478/534
f 30/478/534 28/29/535 390/476/532
f 391/479/536 393/480/537 392/481/538
f 392/481/538 394/482/539 391/479/536
f 391/479/536 394/482/539 34/36/540
f 34/36/540 30/35/541 391/479/536
f 390/483/542 395/484/543 393/480/544
f 393/480/544 391/479/545 390/483/542
f 396/485/546 398/486/547 397/487/548
f 397/487/548 399/488/549 396/485/546
f 399/488/549 397/487/548 400/489/550
f 401/490/551 396/485/546 399/488/549
f 400/489/550 402/491/552 399/488/549
f 399/488/549 403/492/553 401/490/551
f 399/488/549 402/491/552 404/493/554
f 404/493/554 403/492/553 399/488/549
f 405/494/555 406/495/556 400/489/557
f 400/489/557 397/487/558 405/494/555
f 405/494/555 397/487/558 398/486/559
f 398/486/559 407/496/560 405/494/555
f 404/497/561 409/498/562 408/499/563
f 408/499/563 403/500/564 404/497/561
f 401/501/565 403/500/564 408/499/563
f 408/499/563 410/502/566 401/501/565
f 400/503/567 406/495/568 411/504/569
f 411/504/569 402/505/570 400/503/567
f 402/505/570 411/504/569 409/498/571
f 409/498/571 404/506/572 402/505/570
f 412/507/573 414/508/574 413/509/575
f 413/509/575 415/510/576 412/507/573
f 415/510/576 413/509/575 395/511/577
f 395/511/577 416/512/578 415/510/576
f 417/513/579 416/512/578 395/511/577
f 395/511/577 390/476/580 417/513/579
f 417/513/579 390/476/580 28/29/581
f 28/29/581 29/31/582 417/513/579
f 29/514/583 34/515/584 394/482/585
f 394/482/585 417/513/586 29/514/583
f 417/513/586 394/482/585 392/481/587
f 392/481/587 416/512/588 417/513/586
f 415/510/589 416/512/588 392/481/587
f 392/481/587 418/516/590 415/510/589
f 415/510/589 418/516/590 419/517/591
f 419/517/591 412/507/592 415/510/589
f 419/517/591 418/516/590 420/518/593
f 420/518/593 421/519/594 419/517/591
f 420/518/593 418/516/590 392/520/595
f 392/520/596 393/521/597 422/522/598
f 422/522/598 420/518/599 392/520/596
f 420/518/599 422/522/598 423/523/600
f 423/523/600 421/519/601 420/518/599
f 424/524/602 425/525/603 423/523/604
f 423/523/605 422/522/606 424/524/607
f 393/521/608 424/524/607 422/522/606
f 426/526/609 177/194/610 427/527/611
f 428/528/612 427/527/611 177/194/610
f 180/197/613 428/528/612 177/194/610
f 176/529/614 220/241/615 218/239/616
f 176/529/614 218/239/616 203/221/617
f 203/221/617 175/223/618 176/529/614
f 233/264/619 224/263/620 217/328/621
f 217/328/621 290/324/622 233/264/619
f 236/267/623 233/264/619 290/324/622
f 290/324/622 286/320/624 236/267/623
f 236/267/623 286/320/624 283/317/625
f 283/317/625 252/284/626 236/267/623
f 284/319/627 252/284/626 283/317/625
f 252/284/626 284/319/627 255/287/628
f 231/530/629 429/531/630 229/532/631
f 229/532/631 429/531/630 23/23/632
f 23/23/632 24/25/633 229/532/631
f 430/89/634 432/90/635 431/83/636
f 431/83/636 433/86/637 430/89/634
f 434/91/638 430/89/634 433/86/637
f 435/81/639 433/86/637 431/83/636
f 431/83/636 436/80/640 435/81/639
f 437/78/641 435/81/639 436/80/640
f 436/80/640 438/79/642 437/78/641
f 435/81/639 437/78/641 439/82/643
f 439/82/643 440/84/644 435/81/639
f 433/86/637 435/81/639 440/84/644
f 440/84/644 439/82/643 441/85/645
f 440/84/644 442/92/646 433/86/637
f 433/86/637 442/92/646 434/91/638
f 441/85/645 443/87/647 440/84/644
f 442/92/646 440/84/644 443/87/647
f 443/87/647 441/85/645 444/88/648
f 445/94/649 434/91/638 442/92/646
f 443/87/647 446/93/650 442/92/646
f 442/92/646 446/93/650 445/94/649
f 444/88/648 447/95/651 443/87/647
f 446/93/650 443/87/647 447/95/651
f 434/91/638 445/94/649 448/96/652
f 434/91/638 448/96/652 430/97/653
f 432/98/654 430/97/653 448/96/652
f 449/99/655 432/98/654 448/96/652
f 450/100/656 449/99/655 448/96/652
f 450/100/656 448/96/652 445/94/649
f 451/101/657 449/99/655 450/100/656
f 451/101/657 450/100/656 452/102/658
f 453/103/659 450/100/656 445/94/649
f 453/103/659 445/94/649 446/93/650
f 453/103/659 452/102/658 450/100/656
f 446/93/650 454/104/660 453/103/659
f 452/102/658 453/103/659 454/104/660
f 447/95/651 454/104/660 446/93/650
f 454/104/660 455/105/661 452/102/658
f 451/106/662 452/102/658 455/105/661
f 454/104/660 447/95/651 456/107/663
f 456/107/663 455/105/661 454/104/660
f 455/105/661 457/108/664 451/106/662
f 449/109/665 451/106/662 457/108/664
f 458/110/666 457/108/664 455/105/661
f 455/105/661 456/107/663 458/110/666
f 457/108/664 459/111/667 449/109/665
f 459/111/667 457/108/664 458/110/666
f 432/112/668 449/109/665 459/111/667
f 459/111/667 431/113/669 432/112/668
f 431/113/669 459/111/667 460/114/670
f 458/110/666 460/114/670 459/111/667
f 460/114/670 436/115/671 431/113/669
f 438/116/672 436/115/671 460/114/670
f 460/114/670 461/117/673 438/116/672
f 461/117/673 460/114/670 458/110/666
f 458/110/666 462/118/674 461/117/673
f 462/118/674 458/110/666 456/107/663
f 456/107/663 463/119/675 462/118/674
f 463/119/675 456/107/663 447/95/651
f 447/95/651 444/88/648 463/119/675
f 463/119/675 444/88/648 464/120/676
f 462/121/677 463/119/675 464/120/676
f 444/88/648 441/122/676 464/120/676
f 461/123/676 462/121/677 464/120/676
f 441/122/676 439/124/676 464/120/676
f 461/123/676 464/120/676 438/125/676
f 439/124/676 437/126/676 464/120/676
f 437/126/676 438/125/676 464/120/676
f 465/533/678 467/534/679 466/535/680
f 466/535/680 468/536/681 465/533/678
f 468/536/681 466/535/680 469/537/682
f 469/537/682 470/538/683 468/536/681
f 471/539/684 470/538/683 469/537/682
f 469/537/682 472/540/685 471/539/684
f 473/541/686 468/536/681 470/538/683
f 474/533/687 468/536/681 473/541/686
f 473/541/686 475/542/688 474/533/687
f 470/538/683 476/543/689 473/541/686
f 477/544/690 476/543/689 470/538/683
f 470/538/683 471/539/684 477/544/690
f 478/545/691 477/544/690 471/539/684
f 471/539/684 479/546/692 478/545/691
f 472/540/685 479/546/692 471/539/684
f 480/547/693 478/545/691 479/546/692
f 481/548/694 479/546/692 472/540/685
f 479/546/692 481/548/694 480/547/693
f 482/549/695 480/547/693 481/548/694
f 472/540/685 483/550/696 481/548/694
f 481/548/694 484/551/697 482/549/695
f 483/550/696 484/551/697 481/548/694
f 475/552/698 482/549/695 484/551/697
f 484/551/697 474/553/699 475/552/698
f 483/550/696 474/553/699 484/551/697
f 483/550/696 485/554/700 474/553/699
f 483/550/696 486/555/701 485/554/700
f 486/555/701 487/556/702 485/554/700
f 485/554/700 487/556/702 488/557/703
f 488/557/703 489/558/704 485/554/700
f 490/559/705 488/557/703 487/556/702
f 487/556/702 491/560/706 490/559/705
f 486/555/701 491/560/706 487/556/702
f 492/561/707 490/559/705 491/560/706
f 491/560/706 493/562/708 492/561/707
f 494/563/709 492/561/707 493/562/708
f 491/560/706 486/555/701 495/564/710
f 495/564/710 493/562/708 491/560/706
f 493/562/708 496/565/711 494/563/709
f 496/565/711 493/562/708 495/564/710
f 497/566/712 494/563/709 496/565/711
f 496/565/711 465/567/713 497/566/712
f 465/567/713 498/568/714 497/566/712
f 498/568/714 465/567/713 485/569/715
f 485/569/715 489/570/716 498/568/714
f 474/571/717 485/569/715 465/567/713
f 465/567/713 468/572/718 474/571/717
f 467/573/719 465/567/713 496/565/711
f 495/564/710 467/573/719 496/565/711
f 499/574/720 495/564/710 486/555/701
f 486/555/701 500/575/721 499/574/720
f 501/576/722 467/573/719 495/564/710
f 495/564/710 499/574/720 501/576/722
f 502/577/723 499/574/720 500/575/721
f 500/575/721 503/578/724 502/577/723
f 499/574/720 502/577/723 504/579/725
f 504/579/725 501/576/722 499/574/720
f 505/580/726 502/577/723 503/578/724
f 504/579/725 502/577/723 505/580/726
f 503/578/724 506/581/727 505/580/726
f 505/580/726 507/582/728 504/579/725
f 508/583/729 504/579/725 507/582/728
f 501/576/722 504/579/725 508/583/729
f 507/582/728 509/584/730 508/583/729
f 467/573/719 501/576/722 510/585/731
f 508/583/729 510/585/731 501/576/722
f 510/585/731 466/586/732 467/573/719
f 511/587/733 508/583/729 509/584/730
f 510/585/731 508/583/729 511/587/733
f 509/584/730 512/588/734 511/587/733
f 511/587/733 512/588/734 513/589/735
f 466/586/732 510/585/731 514/590/736
f 511/587/733 514/590/736 510/585/731
f 514/590/736 469/591/737 466/586/732
f 513/589/735 515/592/738 511/587/733
f 515/592/738 513/589/735 516/593/739
f 516/593/739 517/594/740 515/592/738
f 517/594/740 516/593/739 506/595/741
f 506/595/742 503/596/743 517/594/744
f 514/590/736 511/587/733 515/597/745
f 469/591/737 514/590/736 518/598/746
f 515/597/745 518/598/746 514/590/736
f 518/598/746 472/599/747 469/591/737
f 518/598/746 515/597/745 517/600/748
f 472/599/747 518/598/746 519/601/749
f 517/600/748 519/601/749 518/598/746
f 519/601/749 517/600/748 503/602/750
f 519/601/749 483/603/751 472/599/747
f 503/602/750 500/604/752 519/601/749
f 483/603/751 519/601/749 500/604/752
f 500/604/752 486/605/753 483/603/751
f 520/127/754 522/130/755 521/129/756
f 521/129/756 523/128/757 520/127/754
f 524/131/758 526/134/759 525/133/758
f 525/133/758 527/132/760 524/131/758
f 528/143/761 530/146/762 529/145/762
f 529/145/762 531/144/761 528/143/761
f 528/143/763 531/151/764 520/150/765
f 520/150/766 526/134/767 528/143/768
f 526/134/767 520/150/766 523/149/769
f 523/149/769 525/133/770 526/134/767
f 525/133/770 523/149/769 532/148/771
f 532/148/771 533/147/772 525/133/770
f 526/134/773 524/131/774 534/135/775
f 534/135/775 528/143/776 526/134/773
f 528/143/776 534/135/775 535/136/777
f 535/136/777 530/146/778 528/143/776
f 527/132/779 525/133/780 533/147/781
f 533/147/781 536/141/782 527/132/779
f 43/140/783 536/141/782 533/147/781
f 43/140/783 533/147/781 537/152/784
f 315/364/785 316/365/786 309/606/787
f 309/606/787 316/365/786 314/607/788
f 314/607/788 308/384/789 309/606/787
f 308/384/789 314/607/788 313/372/790
f 321/608/791 312/609/792 26/383/793
f 26/383/793 327/386/794 321/608/791
f 321/608/791 327/386/794 319/387/795
f 319/387/795 317/610/795 321/608/791
f 538/137/796 535/136/796 534/135/797
f 534/135/798 539/138/799 538/137/796
f 539/138/799 534/135/798 524/131/800
f 524/131/800 522/130/801 539/138/799
f 522/130/801 524/131/800 527/132/802
f 527/132/802 521/129/803 522/130/801
f 521/129/803 527/132/802 536/141/804
f 536/141/804 540/142/805 521/129/803
f 41/139/806 540/142/805 536/141/804
f 536/141/804 43/140/807 41/139/806
f 326/385/808 308/384/809 313/372/810
f 313/372/810 322/375/811 326/385/808
f 326/385/808 322/375/811 320/371/812
f 320/371/812 318/370/812 326/385/808
f 540/142/813 41/139/814 541/237/815
f 541/237/815 532/236/816 540/142/813
f 540/142/813 532/236/816 523/128/817
f 523/128/817 521/129/818 540/142/813
f 537/152/819 533/147/820 532/148/821
f 532/148/821 541/155/822 537/152/819
f 537/251/823 543/252/824 542/250/825
f 544/247/826 537/251/823 542/250/825
f 542/250/825 545/249/827 544/247/826
f 544/247/826 545/249/827 546/248/828
f 537/251/823 544/247/826 37/6/829
f 544/247/826 547/253/830 37/6/829
f 37/6/829 547/253/830 548/254/831
f 548/254/831 36/5/832 37/6/829
f 37/6/829 40/255/833 537/251/823
f 43/12/834 537/251/823 40/255/833
f 43/12/834 40/255/833 38/256/835
f 38/256/835 42/11/836 43/12/834
f 549/160/837 551/161/838 550/159/839
f 541/156/840 549/160/837 550/159/839
f 550/159/839 552/158/841 541/156/840
f 541/156/840 552/158/841 553/157/842
f 549/160/837 541/156/840 39/8/843
f 541/156/840 41/10/844 39/8/843
f 38/7/845 39/8/843 41/10/844
f 41/10/844 42/11/846 38/7/845
f 39/8/843 35/162/847 549/160/837
f 554/163/848 549/160/837 35/162/847
f 554/163/848 35/162/847 36/164/849
f 36/164/849 548/165/850 554/163/848
f 332/611/851 27/612/852 25/396/853
f 25/396/853 335/399/854 332/611/851
f 332/611/851 335/399/854 330/400/855
f 330/400/855 328/613/855 332/611/851
f 35/162/856 39/8/857 40/9/858
f 40/9/858 37/166/183 35/162/856
f 538/167/859 529/168/859 530/146/859
f 530/146/859 535/136/859 538/167/859
f 554/344/860 548/254/861 547/253/862
f 554/344/860 547/253/862 544/247/863
f 544/247/863 549/342/864 554/344/860
f 549/342/864 544/247/863 546/248/865
f 546/248/865 551/343/866 549/342/864
f 551/161/867 546/170/868 545/169/867
f 545/169/867 550/159/869 551/161/867
f 555/614/870 557/615/870 556/616/870
f 556/616/870 558/617/870 555/614/870
f 32/618/871 560/619/872 559/620/871
f 559/620/871 561/621/873 32/618/871
f 562/622/874 32/623/875 561/621/876
f 562/622/874 561/621/876 563/624/877
f 564/625/878 563/624/877 561/621/876
f 561/621/876 565/626/878 564/625/878
f 562/622/874 563/624/877 566/627/879
f 563/624/877 567/628/880 566/627/879
f 568/629/881 562/622/874 566/627/879
f 566/627/882 569/630/881 568/629/881
f 570/631/883 571/632/884 567/628/885
f 567/628/885 563/624/886 570/631/883
f 334/398/887 315/397/888 309/392/889
f 309/392/889 333/395/890 334/398/887
f 334/398/887 333/395/890 331/391/891
f 331/391/891 329/401/891 334/398/887
f 560/633/892 32/34/892 33/33/892
f 33/33/892 572/634/892 560/633/892
f 573/635/893 574/636/893 561/621/893
f 561/621/893 559/620/894 573/635/893
f 575/637/895 577/638/896 576/639/897
f 576/639/897 578/640/898 575/637/895
f 33/33/899 575/637/895 578/640/898
f 575/637/895 33/33/899 31/641/900
f 579/642/901 575/637/895 31/641/900
f 580/643/902 579/642/901 31/641/900
f 581/644/902 580/643/902 31/641/900
f 580/643/902 581/644/902 556/645/903
f 556/645/903 557/646/903 580/643/902
f 578/640/898 574/647/904 33/33/899
f 572/634/905 33/33/899 574/647/904
f 574/647/904 573/648/906 572/634/905
f 582/649/907 574/647/904 578/640/898
f 578/640/898 583/650/907 582/649/907
f 577/638/908 575/637/908 567/628/908
f 567/628/908 571/632/909 577/638/908
f 560/633/910 572/634/911 573/648/910
f 573/648/910 559/651/910 560/633/910
f 577/652/912 571/653/913 570/654/914
f 570/654/914 576/655/914 577/652/912
f 578/656/915 576/655/914 570/654/914
f 570/654/914 563/657/915 578/656/915
f 368/658/916 366/659/917 367/660/918
f 368/658/916 367/660/918 369/661/919
f 364/436/919 368/658/916 369/661/919
f 364/436/919 365/662/920 368/658/916
f 364/436/919 369/661/919 584/663/919
f 584/663/919 363/437/921 364/436/919
f 584/663/919 369/661/919 370/664/921
f 360/665/919 363/437/921 584/663/919
f 370/664/921 585/666/921 584/663/919
f 585/666/921 370/664/921 371/667/921
f 371/667/921 372/668/922 585/666/921
f 374/669/921 585/666/921 372/668/922
f 372/668/922 373/670/923 374/669/921
f 585/666/921 374/669/921 375/671/919
f 375/671/919 584/663/919 585/666/921
f 584/663/919 375/671/919 360/665/919
f 360/665/919 375/671/919 362/672/924
f 375/671/919 361/673/925 362/672/924
f 19/674/919 360/665/919 362/672/924
f 18/675/926 19/674/919 362/672/924
f 383/467/908 381/676/909 378/677/908
f 378/677/908 376/678/908 383/467/908
f 387/471/908 383/467/908 376/678/908
f 384/468/908 383/467/908 387/471/908
f 387/471/908 389/473/908 384/468/908
f 379/679/892 377/461/892 380/460/892
f 380/460/892 382/464/892 379/679/892
f 379/679/892 382/464/892 386/470/892
f 388/472/892 386/470/892 382/464/892
f 382/464/892 385/680/892 388/472/892
f 32/34/927 562/681/928 581/682/929
f 581/682/929 31/32/930 32/34/927
f 579/683/931 580/684/932 566/685/933
f 566/685/933 567/686/934 579/683/931
f 575/687/935 579/683/931 567/686/934
f 556/616/936 581/682/937 562/681/938
f 558/617/939 556/616/936 562/681/938
f 562/681/940 568/688/941 558/617/939
f 411/504/942 406/495/943 405/494/944
f 405/494/944 586/689/945 411/504/942
f 409/498/946 411/504/942 586/689/945
f 586/689/945 408/499/947 409/498/946
f 587/690/948 586/689/945 405/494/944
f 408/499/947 586/689/945 587/690/948
f 587/690/948 410/502/949 408/499/947
f 401/691/950 410/502/949 587/690/948
f 405/494/944 407/496/951 587/690/948
f 587/690/948 396/692/952 401/691/950
f 396/692/952 587/690/948 407/496/951
f 407/496/951 398/693/953 396/692/952
f 588/42/954 590/44/954 589/41/954
f 589/41/954 591/43/954 588/42/954
f 591/43/955 593/46/955 592/45/955
f 592/45/955 588/42/955 591/43/955
f 594/50/956 596/52/957 595/51/958
f 595/51/958 597/47/959 594/50/956
f 590/48/960 594/50/956 597/47/959
f 597/47/959 589/49/961 590/48/960
f 424/694/962 393/695/963 395/511/964
f 395/511/964 413/509/965 424/694/962
f 425/696/966 424/694/962 413/509/965
f 413/509/967 414/508/968 425/696/966
f 598/57/969 600/58/969 599/53/970
f 599/53/970 601/56/970 598/57/969
f 596/54/971 601/56/970 599/53/970
f 599/53/970 595/55/972 596/54/971
f 592/67/973 593/68/973 602/65/973
f 602/65/973 603/66/973 592/67/973
f 601/56/974 596/54/975 594/76/976
f 594/76/976 604/75/977 601/56/974
f 604/75/977 594/76/976 590/44/978
f 590/44/978 588/42/979 604/75/977
f 601/56/974 604/75/977 605/62/980
f 605/62/980 598/77/981 601/56/974
f 606/64/982 605/62/980 604/75/977
f 604/75/977 588/42/979 606/64/982
f 603/66/983 606/64/982 588/42/979
f 588/42/979 592/45/983 603/66/983
f 46/27/984 44/28/985 607/358/986
f 607/358/986 608/357/987 46/27/984
f 609/360/988 610/361/989 44/28/990
f 45/26/991 609/360/988 44/28/990
f 611/359/992 609/360/988 45/26/991
f 612/362/993 610/361/994 609/360/993
f 609/360/993 613/363/995 612/362/993
f 614/364/996 615/365/997 611/359/996
f 611/359/996 45/26/998 614/364/996
f 609/366/999 611/359/1000 615/365/1001
f 615/365/1001 613/367/1002 609/366/999
f 616/368/1003 618/371/1003 617/370/1003
f 617/370/1003 619/369/1003 616/368/1003
f 620/608/1004 616/610/1005 619/387/1005
f 619/387/1005 621/386/1006 620/608/1004
f 620/608/1004 621/386/1006 44/383/1007
f 44/383/1007 610/609/1008 620/608/1004
f 618/371/1009 616/376/1010 620/374/1011
f 620/374/1011 622/375/1012 618/371/1009
f 612/372/1013 622/375/1012 620/374/1011
f 620/374/1011 610/373/1014 612/372/1013
f 623/385/1015 617/370/1016 618/371/1016
f 618/371/1016 622/375/1017 623/385/1015
f 623/385/1015 622/375/1017 612/372/1018
f 612/372/1018 607/384/1019 623/385/1015
f 619/387/1020 617/370/1020 623/385/1021
f 623/385/1021 621/386/1022 619/387/1020
f 44/383/1023 621/386/1022 623/385/1021
f 623/385/1021 607/384/1024 44/383/1023
f 624/388/1025 626/391/1025 625/390/1025
f 625/390/1025 627/389/1026 624/388/1025
f 628/611/1027 624/613/1028 627/400/1028
f 627/400/1028 629/399/1029 628/611/1027
f 628/611/1027 629/399/1029 45/396/1030
f 45/396/1030 46/612/1031 628/611/1027
f 626/391/1032 624/388/1032 628/394/1033
f 628/394/1033 630/395/1034 626/391/1032
f 608/392/1035 630/395/1034 628/394/1033
f 628/394/1033 46/393/1036 608/392/1035
f 631/398/1037 625/401/1038 626/391/1038
f 626/391/1038 630/395/1039 631/398/1037
f 631/398/1037 630/395/1039 608/392/1040
f 608/392/1040 614/397/1041 631/398/1037
f 627/400/1042 625/401/1042 631/398/1043
f 631/398/1043 629/399/1044 627/400/1042
f 45/396/1045 629/399/1044 631/398/1043
f 631/398/1043 614/397/1046 45/396/1045
f 632/402/1047 634/405/1048 633/404/1047
f 633/404/1047 635/403/1049 632/402/1047
f 636/406/1050 638/409/1051 637/408/1050
f 637/408/1050 639/407/1052 636/406/1050
f 636/406/1053 639/407/1054 632/411/1054
f 632/411/1054 635/410/1053 636/406/1053
f 633/404/1055 638/409/1055 636/413/1055
f 636/413/1055 635/412/1055 633/404/1055
f 637/408/1056 638/409/1056 633/404/1056
f 633/404/1056 634/405/1057 637/408/1056
f 632/414/1058 639/407/1059 637/408/1058
f 637/408/1058 634/415/1060 632/414/1058
f 640/476/1061 47/29/1062 48/478/1063
f 48/478/1063 641/477/1064 640/476/1061
f 640/483/1065 641/479/1066 642/480/1067
f 642/480/1067 643/484/1068 640/483/1065
f 644/487/1069 646/486/1070 645/485/1071
f 645/485/1071 647/488/1072 644/487/1069
f 647/488/1072 645/485/1071 648/490/1073
f 649/489/1074 644/487/1069 647/488/1072
f 648/490/1073 650/492/1075 647/488/1072
f 647/488/1072 651/491/1076 649/489/1074
f 647/488/1072 650/492/1075 652/493/1077
f 652/493/1077 651/491/1076 647/488/1072
f 648/501/1078 654/502/1079 653/499/1080
f 653/499/1080 650/500/1081 648/501/1078
f 652/497/1082 650/500/1081 653/499/1080
f 653/499/1080 655/498/1083 652/497/1082
f 645/692/1084 646/693/1085 656/496/1086
f 656/496/1086 657/690/1087 645/692/1084
f 648/691/1088 645/692/1084 657/690/1087
f 657/690/1087 654/502/1089 648/691/1088
f 653/499/1090 654/502/1089 657/690/1087
f 657/690/1087 656/496/1086 658/494/1091
f 657/690/1087 659/689/1092 653/499/1090
f 658/494/1091 659/689/1092 657/690/1087
f 655/498/1093 653/499/1090 659/689/1092
f 659/689/1092 660/504/1094 655/498/1093
f 660/504/1094 659/689/1092 658/494/1091
f 658/494/1091 661/495/1095 660/504/1094
f 662/518/1096 664/519/1097 663/523/1098
f 663/523/1098 665/522/1099 662/518/1100
f 666/520/1101 662/518/1100 665/522/1099
f 665/522/1099 642/521/1102 666/520/1101
f 667/696/1103 669/508/1104 668/509/1105
f 668/509/1105 670/694/1106 667/696/1103
f 670/694/1106 668/509/1105 643/511/1107
f 643/511/1107 642/695/1108 670/694/1106
f 671/697/1109 673/698/1110 672/699/1109
f 672/699/1109 674/700/1109 671/697/1109
f 674/700/1111 672/699/1112 675/701/1111
f 675/701/1111 676/702/1113 674/700/1111
f 676/703/1114 675/704/1115 677/705/1116
f 677/705/1116 678/706/1117 676/703/1114
f 678/706/1118 677/705/1119 673/698/1118
f 673/698/1118 671/697/1120 678/706/1118
f 676/707/1121 678/708/1122 671/697/1123
f 671/697/1123 674/700/1124 676/707/1121
f 679/709/1125 681/710/1126 680/711/1125
f 680/711/1125 682/712/1127 679/709/1125
f 683/713/1128 685/714/1129 684/715/1130
f 684/715/1130 686/716/1131 683/713/1128
f 684/715/1132 685/714/1133 680/717/1134
f 680/717/1134 681/718/1135 684/715/1132
f 680/719/1136 685/714/1137 683/713/1138
f 683/713/1138 682/720/1139 680/719/1136
f 687/721/1140 682/720/1139 683/713/1138
f 683/713/1138 688/722/1141 687/721/1140
f 689/723/1142 687/721/1140 688/722/1141
f 688/722/1141 690/724/1143 689/723/1142
f 691/725/1144 689/723/1142 690/724/1143
f 690/724/1143 692/726/1145 691/725/1144
f 693/233/1146 695/235/1147 694/234/1148
f 694/234/1148 696/232/1149 693/233/1146
f 693/233/1146 696/232/1149 697/230/1150
f 696/232/1149 698/231/1151 697/230/1150
f 697/230/1150 699/229/1152 693/233/1146
f 697/230/1150 698/231/1151 700/228/1153
f 699/229/1152 697/230/1150 701/227/1154
f 700/228/1153 701/227/1154 697/230/1150
f 701/227/1154 702/224/1155 699/229/1152
f 701/227/1154 700/228/1153 703/226/1156
f 702/224/1155 701/227/1154 703/226/1156
f 703/226/1156 704/225/1157 702/224/1155
f 557/615/1158 555/614/908 569/727/1159
f 569/727/1160 566/685/1161 557/615/1162
f 557/615/1162 566/685/1161 580/684/1163
f 705/728/1164 707/729/1165 706/730/1166
f 706/730/1166 708/731/1167 705/728/1164
f 706/730/1168 709/732/1169 708/733/1170
f 708/733/1170 709/732/1169 710/734/1171
f 710/734/1171 711/735/1172 708/733/1170
f 606/64/1173 603/66/1174 602/65/1174
f 602/65/1174 712/63/1175 606/64/1173
f 605/62/1176 606/64/1173 712/63/1175
f 712/63/1175 713/59/1177 605/62/1176
f 598/60/1178 605/62/1176 713/59/1177
f 713/59/1177 600/61/1179 598/60/1178
f 712/63/1180 602/65/1181 593/69/1181
f 593/69/1181 591/70/1182 712/63/1180
f 712/63/1180 591/70/1182 714/71/1183
f 714/71/1183 713/59/1184 712/63/1180
f 600/72/1185 713/59/1184 714/71/1183
f 714/71/1183 599/73/1186 600/72/1185
f 595/74/1187 599/73/1186 714/71/1183
f 714/71/1183 597/47/1188 595/74/1187
f 597/47/1188 714/71/1183 591/70/1182
f 591/70/1182 589/49/1189 597/47/1188
f 707/729/1190 716/736/1191 715/737/1190
f 715/737/1190 706/730/1192 707/729/1190
f 716/738/1193 718/739/1193 717/740/1193
f 717/740/1193 715/741/1193 716/738/1193
f 718/739/1194 705/728/1195 708/731/1196
f 708/731/1196 717/740/1197 718/739/1194
f 716/742/1198 707/729/1198 705/728/1198
f 705/728/1198 718/743/1199 716/742/1198
f 719/744/1200 721/745/1200 720/746/1201
f 721/745/1200 719/744/1200 722/747/1202
f 720/748/1203 721/745/1204 723/749/1205
f 723/749/1205 724/750/1206 720/748/1203
f 711/735/1207 710/751/1207 725/752/1208
f 725/752/1208 726/753/1208 711/735/1207
f 727/754/1209 728/755/1209 724/756/1209
f 724/756/1209 723/757/1209 727/754/1209
f 729/758/1210 715/737/1211 717/759/1212
f 727/760/1213 729/758/1210 717/759/1212
f 717/759/1212 728/761/1213 727/760/1213
f 719/762/1214 720/763/1215 724/756/1216
f 724/756/1216 726/753/1217 719/762/1214
f 726/753/1217 724/756/1216 728/755/1218
f 728/755/1218 711/735/1219 726/753/1217
f 708/733/1220 711/735/1219 728/755/1218
f 728/755/1218 717/764/1198 708/733/1220
f 614/364/1221 608/606/1222 615/365/1223
f 613/607/1224 615/365/1223 608/606/1222
f 608/606/1222 607/384/1225 613/607/1224
f 607/384/1225 612/372/1226 613/607/1224
f 719/765/1227 726/753/1228 725/752/1229
f 725/752/1229 722/766/1230 719/765/1227
f 730/767/1231 732/768/1232 731/769/1233
f 731/769/1233 733/770/1234 730/767/1231
f 734/771/1235 735/772/1236 732/773/1235
f 732/773/1235 730/774/1237 734/771/1235
f 731/769/1238 732/775/1239 735/776/1240
f 735/776/1240 736/777/1241 731/769/1238
f 733/770/1242 731/769/1243 736/777/1244
f 736/777/1244 737/778/1245 733/770/1242
f 730/779/1246 733/770/1247 737/778/1248
f 737/778/1248 734/780/1249 730/779/1246
f 734/771/1250 737/778/1251 736/777/1252
f 736/777/1252 735/772/1253 734/771/1250
f 324/781/1254 738/782/1254 160/172/1255
f 160/172/1255 323/783/1256 324/781/1254
f 164/176/1257 323/783/1256 160/172/1255
f 160/172/1255 163/177/1257 164/176/1257
f 163/177/1257 160/172/1255 158/171/1258
f 158/171/1258 167/180/1258 163/177/1257
f 159/187/1259 160/784/1259 738/785/1259
f 738/785/1259 171/184/1259 159/187/1259
f 739/728/1260 741/731/1261 740/730/1262
f 740/730/1262 742/729/1263 739/728/1260
f 741/733/1264 744/735/1265 743/734/1266
f 743/734/1266 745/732/1267 741/733/1264
f 740/730/1268 741/733/1264 745/732/1267
f 742/729/1269 740/730/1270 746/737/1269
f 746/737/1269 747/736/1271 742/729/1269
f 747/738/1272 746/741/1272 748/740/1272
f 748/740/1272 749/739/1272 747/738/1272
f 749/739/1273 748/740/1274 741/731/1273
f 741/731/1273 739/728/1275 749/739/1273
f 747/742/1276 749/743/1277 739/728/1276
f 739/728/1276 742/729/777 747/742/1276
f 750/745/1278 752/747/1279 751/744/1278
f 751/744/1278 753/746/1280 750/745/1278
f 753/748/1281 755/750/1282 754/749/1283
f 754/749/1283 750/745/1284 753/748/1281
f 744/735/1285 757/753/1286 756/752/1286
f 756/752/1286 743/751/1285 744/735/1285
f 758/754/1287 754/757/1287 755/756/1287
f 755/756/1287 759/755/1287 758/754/1287
f 758/760/1288 759/761/1288 748/759/1289
f 748/759/1289 760/758/1290 758/760/1288
f 760/758/1290 748/759/1289 746/737/1291
f 746/737/1292 740/730/1293 745/732/1294
f 745/732/1294 760/758/1295 746/737/1292
f 758/760/1296 760/758/1295 745/732/1294
f 745/732/1294 743/734/1297 758/760/1296
f 754/749/1298 758/760/1296 743/734/1297
f 743/734/1297 756/786/1299 754/749/1298
f 756/786/1299 752/747/1300 754/749/1298
f 750/745/1301 754/749/1298 752/747/1300
f 741/733/1302 748/764/1276 759/755/1303
f 759/755/1303 744/735/1304 741/733/1302
f 757/753/1305 744/735/1304 759/755/1303
f 759/755/1303 755/756/1306 757/753/1305
f 755/756/1306 751/762/1307 757/753/1305
f 751/762/1307 755/756/1306 753/763/1308
f 751/765/1309 752/766/1310 756/752/1309
f 756/752/1309 757/753/1311 751/765/1309
f 761/767/1312 763/770/1313 762/769/1314
f 762/769/1314 764/768/1315 761/767/1312
f 765/771/1316 761/774/1317 764/773/1316
f 764/773/1316 766/772/1318 765/771/1316
f 762/769/1319 767/777/1320 766/776/1321
f 766/776/1321 764/775/1322 762/769/1319
f 763/770/1323 768/778/1324 767/777/1325
f 767/777/1325 762/769/1326 763/770/1323
f 761/779/1327 765/780/1328 768/778/1329
f 768/778/1329 763/770/1330 761/779/1327
f 765/771/1331 766/772/1332 767/777/1333
f 767/777/1333 768/778/1334 765/771/1331
f 769/785/1335 771/784/1335 770/187/1335
f 770/187/1336 772/184/1336 769/785/1336
f 773/171/1337 774/174/1337 770/173/1338
f 770/173/1338 771/172/1338 773/171/1337
f 775/179/1339 777/180/1339 776/177/1339
f 776/177/1339 778/178/1339 775/179/1339
f 779/175/1340 778/178/1339 776/177/1339
f 776/177/1339 780/176/1341 779/175/1340
f 641/479/1342 48/35/1343 50/36/1344
f 50/36/1344 781/482/1345 641/479/1342
f 641/479/1342 781/482/1345 666/481/1346
f 666/481/1346 642/480/1347 641/479/1342
f 782/183/1348 775/179/1348 778/178/1348
f 778/178/1348 783/182/1348 782/183/1348
f 784/181/1348 783/182/1348 778/178/1348
f 778/178/1348 779/175/1348 784/181/1348
f 658/494/1349 656/496/1350 646/486/1351
f 646/486/1351 644/487/1352 658/494/1349
f 658/494/1349 644/487/1352 649/489/1353
f 649/489/1353 661/495/1354 658/494/1349
f 774/188/1355 782/183/1355 783/182/1355
f 783/182/1355 770/187/1356 774/188/1355
f 770/187/1356 783/182/1355 784/181/1355
f 784/181/1355 785/186/1357 770/187/1356
f 772/184/1358 770/187/1356 785/186/1357
f 785/186/1359 786/185/1358 772/184/1358
f 651/505/1360 652/506/1361 655/498/1362
f 655/498/1362 660/504/1363 651/505/1360
f 649/503/1364 651/505/1360 660/504/1363
f 660/504/1363 661/495/1365 649/503/1364
f 662/518/1366 666/520/1367 787/516/1368
f 662/518/1366 787/516/1368 788/517/1369
f 788/517/1369 664/519/1370 662/518/1366
f 788/517/1369 787/516/1368 789/510/1371
f 789/510/1371 790/507/1372 788/517/1369
f 789/510/1371 787/516/1368 666/481/1373
f 666/481/1373 791/512/1374 789/510/1371
f 792/513/1375 791/512/1374 666/481/1373
f 666/481/1373 781/482/1376 792/513/1375
f 49/514/1377 792/513/1375 781/482/1376
f 781/482/1376 50/515/1378 49/514/1377
f 792/513/1379 49/31/1380 47/29/1380
f 47/29/1380 640/476/1381 792/513/1379
f 792/513/1379 640/476/1381 643/511/1382
f 643/511/1382 791/512/1383 792/513/1379
f 789/510/1384 791/512/1383 643/511/1382
f 643/511/1382 668/509/1385 789/510/1384
f 790/507/1386 789/510/1384 668/509/1385
f 668/509/1387 669/508/1388 790/507/1386
f 642/521/1389 665/522/1390 670/524/1391
f 670/524/1391 665/522/1390 663/523/1392
f 663/523/1392 667/525/1393 670/524/1391
f 582/787/1394 564/625/1394 565/626/1394
f 582/787/1394 583/788/1394 564/625/1394
f 565/626/1395 561/621/1396 574/636/1395
f 574/636/1395 582/787/1397 565/626/1395
f 583/788/1398 578/789/1398 563/624/1398
f 563/624/1398 564/625/1399 583/788/1398
f 776/177/1400 777/180/1400 773/171/1400
f 773/171/1400 771/172/1401 776/177/1400
f 780/176/1402 776/177/1400 771/172/1401
f 771/172/1401 793/783/1403 780/176/1402
f 794/781/1404 793/783/1403 771/172/1401
f 771/172/1405 769/782/1406 794/781/1406
f 793/379/1407 794/378/1407 786/377/1407
f 786/377/1408 785/380/1409 793/379/1410
f 785/380/1409 795/381/1411 793/379/1410
f 784/181/1412 795/381/1411 785/380/1409
f 793/379/1410 795/381/1411 780/382/1412
f 779/175/1407 795/381/1411 784/181/1412
f 780/382/1412 795/381/1411 779/175/1407
f 552/790/1413 550/159/1414 545/169/1415
f 545/169/1415 542/791/1416 552/790/1413
f 552/790/1413 542/791/1416 543/792/1417
f 543/792/1417 553/793/1418 552/790/1413
f 553/793/1418 543/792/1417 537/794/1419
f 537/794/1419 541/795/1420 553/793/1418
f 721/745/1421 722/747/1422 723/749/1423
f 725/786/1424 723/749/1423 722/747/1422
f 723/749/1423 725/786/1424 710/734/1425
f 710/734/1425 727/760/1426 723/749/1423
f 727/760/1426 710/734/1425 709/732/1427
f 709/732/1427 729/758/1428 727/760/1426
f 715/737/1429 729/758/1428 709/732/1427
f 709/732/1427 706/730/1430 715/737/1429
f 150/793/1431 148/795/1432 143/794/1433
f 143/794/1433 227/792/1434 150/793/1431
f 149/790/1435 150/793/1431 227/792/1434
f 227/792/1434 226/791/1436 149/790/1435
f 149/790/1435 226/791/1436 156/169/1437
f 156/169/1437 151/159/1438 149/790/1435
f 796/796/1439 679/709/1440 682/712/1441
f 682/712/1441 687/797/1442 796/796/1439
f 797/798/1443 796/796/1439 687/797/1442
f 687/797/1442 689/799/1444 797/798/1443
f 798/800/1445 797/798/1443 689/799/1444
f 689/799/1444 691/801/1446 798/800/1445
f 688/722/1447 683/713/1448 686/716/1449
f 686/716/1449 799/802/1450 688/722/1447
f 690/724/1451 688/722/1447 799/802/1450
f 799/802/1450 800/803/1452 690/724/1451
f 692/726/1453 690/724/1451 800/803/1452
f 800/803/1452 801/804/1454 692/726/1453
f 686/716/1455 684/715/1456 681/710/1457
f 681/710/1457 679/709/1458 686/716/1455
f 799/802/1459 686/716/1455 679/709/1458
f 679/709/1458 796/796/1460 799/802/1459
f 800/803/1461 799/802/1459 796/796/1460
f 796/796/1460 797/798/1462 800/803/1461
f 801/804/1463 800/803/1461 797/798/1462
f 797/798/1462 798/800/1464 801/804/1463
f 798/800/1465 691/801/1465 692/726/1465
f 692/726/1465 801/804/1466 798/800/1465
f 677/705/1467 675/704/1468 672/699/1467
f 672/699/1467 673/698/1469 677/705/1467
f 53/805/1470 802/806/1471 52/807/1472
f 52/807/1472 802/806/1471 803/808/1473
f 804/809/1474 52/807/1472 803/808/1473
f 804/809/1474 182/810/1474 52/807/1472
f 805/811/1475 804/809/1474 803/808/1473
f 802/806/1471 805/811/1475 803/808/1473
f 802/806/1471 806/812/1476 805/811/1475
f 802/806/1471 807/813/1477 806/812/1476
f 426/526/1478 805/811/1475 806/812/1476
f 807/813/1477 179/195/1479 806/812/1476
f 806/812/1476 177/194/1480 426/526/1478
f 177/194/1480 806/812/1476 179/195/1479
f 808/153/1481 810/154/1482 809/154/1483
f 810/154/1482 808/153/1481 811/153/1484
f 174/189/203 812/191/1485 176/190/204
f 812/191/1485 174/189/203 55/192/1486
f 174/189/203 54/193/1487 55/192/1486
f 813/194/1488 815/196/1488 814/195/1489
f 815/196/1488 813/194/1488 816/197/1490
f 817/198/1491 182/199/213 65/40/1492
f 182/199/213 817/198/1491 183/200/214
f 818/201/1493 183/200/214 817/198/1491
f 183/200/214 818/201/1493 185/202/216
f 819/203/1494 185/202/216 818/201/1493
f 185/202/216 819/203/1494 187/204/218
f 819/203/1494 174/189/219 187/204/218
f 174/189/219 819/203/1494 54/193/1495
f 820/205/1496 822/207/1497 821/206/1498
f 822/207/1497 820/205/1496 823/208/1499
f 192/209/224 822/207/1500 823/208/1501
f 822/207/1500 192/209/224 193/210/227
f 824/211/1502 59/21/1503 60/22/1504
f 60/22/1504 825/212/1505 824/211/1502
f 825/212/1505 60/22/1504 826/213/1506
f 827/214/1507 825/212/1505 826/213/1506
f 828/215/1508 824/211/1502 825/212/1505
f 825/212/1505 827/214/1507 828/215/1508
f 824/211/1502 828/215/1508 829/216/1509
f 830/217/1510 828/215/1508 827/214/1507
f 829/216/1509 828/215/1508 831/218/1511
f 828/215/1508 830/217/1510 831/218/1512
f 60/22/1513 58/20/1514 826/213/1515
f 832/219/1516 826/213/1515 58/20/1514
f 826/213/1515 832/219/1516 827/214/1517
f 832/219/1516 830/217/1518 827/214/1517
f 830/217/1519 832/219/1516 810/220/1520
f 833/221/1521 812/223/1522 834/222/1523
f 55/2/1524 834/222/1523 812/223/1522
f 834/222/1523 55/2/1524 57/13/1525
f 835/238/1526 836/239/1527 833/221/1528
f 835/238/1526 219/240/272 836/239/1527
f 220/241/273 836/239/1527 219/240/272
f 219/240/272 835/238/1526 837/242/1529
f 219/240/272 837/242/1529 838/243/1529
f 62/244/1530 834/222/1531 57/13/1532
f 834/222/1531 62/244/1530 839/245/1533
f 839/245/1533 833/221/1534 834/222/1531
f 833/221/1534 839/245/1533 840/246/1535
f 840/246/1535 835/238/1536 833/221/1534
f 841/257/1537 839/259/1538 62/258/1539
f 839/259/1538 841/257/1537 842/260/1540
f 841/257/1537 843/261/1541 842/260/1540
f 844/262/1542 839/259/1538 842/260/1540
f 839/259/1538 844/262/1542 840/263/1543
f 844/262/1542 845/264/1544 840/263/1543
f 842/260/1540 843/261/1541 846/265/1545
f 846/265/1545 844/262/1542 842/260/1540
f 845/264/1544 844/262/1542 847/266/1546
f 845/264/1544 847/266/1546 848/267/1547
f 844/262/1542 846/265/1545 849/268/1548
f 849/268/1548 847/266/1546 844/262/1542
f 850/269/1549 846/265/1545 843/261/1541
f 849/268/1548 846/265/1545 850/269/1549
f 847/266/1546 849/268/1548 851/270/1550
f 849/268/1548 850/269/1549 851/270/1550
f 850/269/1549 843/261/1541 852/271/1551
f 819/203/1552 852/271/1551 843/261/1541
f 852/271/1551 819/203/1552 818/201/1553
f 818/201/1553 853/272/1554 852/271/1551
f 854/273/1555 850/269/1549 852/271/1551
f 851/270/1550 850/269/1549 854/273/1555
f 818/201/1553 817/198/1556 853/272/1554
f 817/198/1556 855/274/1557 853/272/1554
f 817/198/1556 856/275/1558 855/274/1557
f 856/275/1558 817/198/1556 63/276/34
f 63/276/34 817/198/1556 65/40/35
f 851/270/1550 857/277/1559 847/266/1546
f 851/270/1550 858/278/1560 857/277/1559
f 859/279/1561 847/266/1546 857/277/1559
f 858/278/1560 851/270/1550 860/280/1562
f 854/273/1555 860/280/1562 851/270/1550
f 854/273/1555 861/281/1563 860/280/1562
f 861/281/1563 854/273/1555 862/282/1564
f 859/279/1561 848/267/1547 847/266/1546
f 848/267/1547 859/279/1561 863/283/1565
f 864/284/1566 848/267/1547 863/283/1565
f 864/284/1566 863/283/1565 865/285/1567
f 866/286/1568 864/284/1566 865/285/1567
f 866/286/1568 867/287/1569 864/284/1566
f 867/287/1569 866/286/1568 868/288/1570
f 868/288/1570 866/286/1568 869/289/1571
f 869/289/1571 870/290/1572 868/288/1570
f 868/288/1570 870/290/1572 871/291/1573
f 871/291/1573 867/287/1569 868/288/1570
f 870/290/1572 872/292/1574 871/291/1573
f 871/291/1573 873/293/1575 867/287/1569
f 872/292/1574 873/293/1575 871/291/1573
f 867/287/1569 873/293/1575 874/294/1576
f 872/292/1574 875/295/1577 873/293/1575
f 876/296/1578 875/295/1577 872/292/1574
f 877/297/1579 875/295/1577 876/296/1578
f 873/293/1575 878/298/1580 874/294/1576
f 878/298/1580 873/293/1575 875/295/1577
f 879/299/1581 875/295/1577 877/297/1579
f 879/299/1581 878/298/1580 875/295/1577
f 879/299/1581 877/297/1579 880/300/1582
f 881/301/1583 879/299/1581 880/300/1582
f 882/302/1584 878/298/1580 879/299/1581
f 881/301/1583 883/303/1585 879/299/1581
f 882/302/1584 879/299/1581 884/304/1586
f 884/304/1586 885/305/1587 882/302/1584
f 879/299/1581 886/306/1588 884/304/1586
f 886/306/1588 879/299/1581 887/307/1588
f 879/299/1581 888/308/1589 887/307/1588
f 889/309/1590 879/299/1581 883/303/1585
f 888/308/1589 879/299/1581 889/309/1590
f 888/308/1589 889/309/1590 890/310/1591
f 891/311/1592 889/309/1590 883/303/1585
f 889/309/1590 891/311/1592 892/312/1593
f 893/313/1594 874/294/1576 878/314/1595
f 874/294/1576 893/313/1594 894/315/1596
f 820/205/1597 894/315/1596 893/313/1594
f 894/315/1596 820/205/1597 821/316/1598
f 895/317/1599 897/319/1600 896/318/1601
f 896/318/1601 898/320/1602 895/317/1599
f 898/320/1602 896/318/1601 899/321/1603
f 900/322/1604 898/320/1602 899/321/1603
f 900/322/1604 901/323/1605 898/320/1602
f 902/324/1606 898/320/1602 901/323/1605
f 902/324/1606 901/323/1605 903/325/1607
f 902/324/1606 903/325/1607 904/326/1608
f 905/327/1609 902/324/1606 904/326/1608
f 835/328/1610 902/324/1606 905/327/1609
f 905/327/1609 906/329/1611 835/328/1610
f 906/329/1611 837/330/1610 835/328/1610
f 831/331/1612 295/333/373 829/332/1613
f 296/334/374 829/332/1613 295/333/373
f 829/332/1613 296/334/374 824/335/1614
f 192/209/376 824/335/1614 296/334/374
f 192/209/376 59/336/1615 824/335/1614
f 823/208/1616 59/336/1615 192/209/376
f 59/336/1615 823/208/1616 907/337/1617
f 907/337/1617 823/208/1616 820/205/1618
f 820/205/1618 893/313/1619 907/337/1617
f 878/314/1620 907/337/1617 893/313/1619
f 907/337/1617 878/314/1620 882/338/1621
f 907/337/1617 58/339/1622 59/336/1615
f 907/337/1617 882/338/1621 885/340/1623
f 58/339/1622 907/337/1617 885/340/1623
f 58/339/1622 885/340/1623 832/341/1624
f 822/207/1625 298/345/396 821/206/1626
f 298/345/396 822/207/1625 193/210/397
f 838/346/1627 299/348/400 219/347/399
f 299/348/400 838/346/1627 908/349/1628
f 909/350/1629 299/348/400 908/349/1628
f 299/348/400 909/350/1629 302/351/403
f 303/352/404 302/351/403 909/350/1629
f 910/353/1630 303/352/404 909/350/1629
f 303/352/404 910/353/1630 305/354/406
f 910/353/1630 911/355/1631 305/354/406
f 911/355/1631 307/356/408 305/354/406
f 426/526/609 427/527/611 813/194/1632
f 912/528/1633 813/194/1632 427/527/611
f 816/197/1634 813/194/1632 912/528/1633
f 176/529/614 836/239/1635 220/241/615
f 176/529/614 833/221/1636 836/239/1635
f 833/221/1636 176/529/614 812/223/1637
f 845/264/1638 835/328/1639 840/263/1640
f 835/328/1639 845/264/1638 902/324/1641
f 848/267/1642 902/324/1641 845/264/1638
f 902/324/1641 848/267/1642 898/320/1643
f 848/267/1642 895/317/1644 898/320/1643
f 895/317/1644 848/267/1642 864/284/1645
f 897/319/1646 895/317/1644 864/284/1645
f 864/284/1645 867/287/1647 897/319/1646
f 843/530/1648 841/532/1649 913/531/1650
f 841/532/1649 61/23/1651 913/531/1650
f 61/23/1651 841/532/1649 62/25/1652
f 64/805/1653 65/807/1654 914/806/1655
f 65/807/1654 915/808/1656 914/806/1655
f 804/809/1474 915/808/1656 65/807/1654
f 804/809/1474 65/807/1654 182/810/1474
f 805/811/1475 915/808/1656 804/809/1474
f 914/806/1655 915/808/1656 805/811/1475
f 914/806/1655 805/811/1475 916/812/1657
f 914/806/1655 916/812/1657 917/813/1658
f 426/526/1478 916/812/1657 805/811/1475
f 917/813/1658 916/812/1657 814/195/1659
f 916/812/1657 426/526/1478 813/194/1660
f 813/194/1660 814/195/1659 916/812/1657
f 782/183/1661 918/814/1662 775/179/1663
f 774/815/1664 918/814/1662 782/183/1661
f 775/179/1663 918/814/1662 777/816/1665
f 774/815/1664 773/817/1335 918/814/1662
f 777/816/1665 918/814/1662 773/817/1335
f 170/183/1666 166/179/1667 919/814/1668
f 161/815/1669 170/183/1666 919/814/1668
f 166/179/1667 167/816/1670 919/814/1668
f 161/815/1669 919/814/1668 158/817/1259
f 167/816/1670 158/817/1259 919/814/1668
f 920/818/1671 145/154/1671 146/154/1671
f 144/153/1672 921/818/1672 146/154/1672
f 2/3/3 922/819/1673 1/1/1
f 923/820/1674 925/821/1674 924/822/1674
f 13/24/1675 926/823/1675 2/824/1675
f 920/818/1676 147/153/1676 145/154/1676
f 927/825/1677 929/826/1677 928/827/1677
f 930/828/1678 240/271/1678 242/273/1678
f 931/829/1679 933/830/1679 932/830/1679
f 144/831/1680 935/832/1680 934/832/1680
f 935/832/1681 937/833/1681 936/833/1681
f 938/834/1682 940/835/1682 939/835/1682
f 939/835/1683 941/834/1683 938/834/1683
f 147/831/1684 939/835/1684 940/835/1684
f 941/834/1685 932/830/1686 933/830/1686
f 933/830/1687 938/834/1687 941/834/1687
f 940/835/1688 144/831/1689 147/831/1690
f 934/832/1691 147/831/163 144/831/1692
f 936/833/1693 934/832/1694 935/832/1693
f 942/836/1695 936/833/1696 937/833/1697
f 932/830/1698 943/829/1699 931/829/1700
f 944/830/1701 931/829/1700 943/829/1699
f 945/834/1702 946/830/1702 944/830/1702
f 946/830/1703 945/834/1703 947/834/1703
f 948/835/1704 947/834/1705 945/834/1705
f 947/834/1706 948/835/1706 949/835/1706
f 811/831/1707 949/835/1707 948/835/1707
f 949/835/1708 811/831/1709 808/831/1710
f 950/832/1711 808/831/1712 811/831/1713
f 951/833/1714 952/832/1714 950/832/1715
f 953/836/1716 954/833/1717 951/833/1718
f 937/833/1719 955/836/1719 942/836/1719
f 295/837/1720 942/836/1721 955/836/1721
f 802/806/1471 53/805/1470 807/813/1477
f 956/818/1722 809/154/1722 810/154/1722
f 808/153/1723 809/154/1723 957/818/1723
f 56/3/29 54/1/28 958/819/1724
f 959/820/1725 961/822/1725 960/821/1725
f 57/24/1726 56/824/1726 962/823/1726
f 956/818/1727 810/154/1727 811/153/1727
f 963/825/1728 965/827/1728 964/826/1728
f 966/828/1729 854/273/1729 852/271/1729
f 931/829/1730 944/830/1730 946/830/1730
f 808/831/1731 950/832/1731 952/832/1731
f 952/832/1732 951/833/1732 954/833/1732
f 954/833/1733 953/836/1733 967/836/1733
f 295/837/1734 967/836/1735 953/836/1735
f 914/806/1655 917/813/1658 64/805/1653
f 968/838/1736 970/839/1737 969/839/1736
f 969/839/1736 971/838/1738 968/838/1736
f 972/840/1739 968/838/1740 971/838/1741
f 971/838/1741 973/840/1742 972/840/1739
f 974/841/1743 972/840/1739 973/840/1742
f 973/840/1742 975/841/1744 974/841/1743
f 921/818/1745 974/841/1743 975/841/1744
f 975/841/1744 920/818/1746 921/818/1745
f 146/154/1747 921/818/1745 920/818/1746
f 976/842/1748 977/843/1749 936/843/1696
f 936/843/1696 942/842/1750 976/842/1748
f 978/844/1751 942/842/1752 936/843/1753
f 978/844/1751 936/843/1753 934/845/1754
f 934/845/1755 936/843/1756 977/843/1757
f 977/843/1757 979/845/1758 934/845/1755
f 147/153/163 934/845/1755 979/845/1758
f 979/845/1758 144/153/1759 147/153/163
f 147/153/1760 920/818/1761 934/845/1754
f 978/844/1751 934/845/1754 920/818/1761
f 980/846/1762 978/844/1751 920/818/1761
f 980/846/1762 920/818/1761 975/841/1763
f 980/846/1762 975/841/1763 973/840/1764
f 973/840/1764 981/847/1765 980/846/1762
f 981/847/1765 973/840/1764 971/838/1766
f 971/838/1766 969/839/1767 981/847/1765
f 147/153/1768 934/845/1769 939/848/1770
f 939/848/1771 145/154/1772 147/153/1773
f 941/849/1774 939/848/1770 934/845/1769
f 934/845/1769 936/843/1775 941/849/1774
f 982/850/1776 145/154/1772 939/848/1771
f 982/850/1776 939/848/1771 941/849/1777
f 202/341/1778 145/154/1772 982/850/1776
f 982/850/1776 983/851/1779 202/341/1778
f 273/305/346 202/341/1778 983/851/1779
f 941/849/1777 984/852/1780 982/850/1776
f 983/851/1779 982/850/1776 928/853/1781
f 984/852/1780 941/849/1777 932/854/1782
f 932/854/1782 985/855/1783 984/852/1780
f 936/843/1775 986/856/1784 941/849/1774
f 986/856/1784 932/854/1785 941/849/1774
f 295/857/1786 986/856/1784 936/843/1775
f 932/854/1785 986/856/1784 295/857/1786
f 936/843/1775 942/842/1787 295/857/1786
f 295/857/1786 943/858/1788 932/854/1785
f 932/854/1782 943/858/1789 427/859/1790
f 427/859/1790 985/855/1783 932/854/1782
f 985/855/1783 427/859/1790 428/860/1791
f 428/860/1791 987/861/1792 985/855/1783
f 987/861/1792 428/860/1791 180/862/1793
f 180/862/1793 988/863/1794 987/861/1792
f 180/862/1793 989/864/1795 988/863/1794
f 989/864/1795 180/862/1793 928/853/1781
f 178/865/1796 928/853/1781 180/862/1793
f 280/312/351 928/853/1781 178/865/1796
f 280/312/351 277/309/349 928/853/1781
f 928/853/1781 277/309/349 278/310/350
f 178/865/1796 279/311/344 280/312/351
f 928/853/1781 278/310/350 983/851/1779
f 276/308/348 983/851/1779 278/310/350
f 983/851/1779 276/308/348 275/307/347
f 275/307/347 273/305/346 983/851/1779
f 275/307/347 274/306/347 273/305/346
f 272/304/345 273/305/346 274/306/347
f 178/865/1796 271/303/344 279/311/344
f 178/865/1796 269/301/342 271/303/344
f 990/866/1797 269/301/342 178/865/1796
f 990/866/1797 268/300/341 269/301/342
f 265/297/338 268/300/341 990/866/1797
f 990/866/1797 178/865/1796 179/867/1798
f 990/866/1797 264/296/337 265/297/338
f 179/867/1798 930/828/1799 990/866/1797
f 807/868/1800 930/828/1799 179/867/1798
f 807/868/1800 51/38/25 930/828/1799
f 807/868/1800 53/39/26 51/38/25
f 990/866/1797 991/869/1801 264/296/337
f 260/292/333 264/296/337 991/869/1801
f 260/292/333 991/869/1801 258/290/331
f 991/869/1801 992/870/1802 258/290/331
f 257/289/330 258/290/331 992/870/1802
f 992/870/1802 254/286/327 257/289/330
f 992/870/1802 253/285/326 254/286/327
f 251/283/324 253/285/326 992/870/1802
f 245/277/318 251/283/324 992/870/1802
f 245/277/318 247/279/320 251/283/324
f 246/278/319 245/277/318 992/870/1802
f 992/870/1802 248/280/321 246/278/319
f 992/870/1802 249/281/322 248/280/321
f 993/844/1803 976/842/1804 942/842/1805
f 942/842/1805 978/844/1751 993/844/1803
f 994/846/1806 993/844/1803 978/844/1751
f 978/844/1751 980/846/1807 994/846/1806
f 995/847/1808 994/846/1806 980/846/1807
f 980/846/1807 981/847/1809 995/847/1808
f 970/839/1810 995/847/1808 981/847/1809
f 981/847/1809 969/839/1811 970/839/1810
f 970/839/1812 968/838/1813 995/847/1814
f 972/840/1815 995/847/1814 968/838/1813
f 995/847/1814 972/840/1815 994/846/1816
f 974/841/1817 994/846/1816 972/840/1815
f 974/841/1817 921/818/1818 994/846/1816
f 993/844/1819 994/846/1816 921/818/1818
f 921/818/1818 979/845/1820 993/844/1819
f 921/818/1818 144/153/1821 979/845/1820
f 977/843/1822 993/844/1819 979/845/1820
f 976/842/1823 993/844/1819 977/843/1822
f 996/871/1824 998/872/1825 997/873/1826
f 997/873/1826 999/874/1827 996/871/1824
f 1000/875/1828 1002/876/1828 1001/877/1829
f 1001/877/1829 1003/878/1829 1000/875/1828
f 927/825/1830 1005/879/1831 1004/880/1830
f 1004/880/1830 929/826/1832 927/825/1830
f 1004/880/1833 1005/879/1834 985/881/1835
f 985/881/1835 987/882/1836 1004/880/1833
f 987/882/1836 988/883/1837 1004/880/1833
f 929/826/1838 1004/880/1833 988/883/1837
f 988/883/1837 989/884/1839 929/826/1838
f 989/884/1839 928/827/1840 929/826/1838
f 984/885/1841 985/881/1842 1005/879/1843
f 982/886/1844 984/885/1841 1005/879/1843
f 1005/879/1843 927/887/1845 982/886/1844
f 928/888/1846 982/886/1844 927/887/1845
f 250/282/1847 990/866/1848 930/828/1849
f 930/828/1849 242/273/1850 250/282/1847
f 1006/889/1851 298/890/1852 190/316/356
f 1006/889/1851 190/316/356 282/315/354
f 282/315/354 1007/891/1853 1006/889/1851
f 1008/892/1854 1006/889/1851 1007/891/1853
f 1009/893/1855 1007/891/1853 282/315/354
f 282/315/354 262/294/335 1009/893/1855
f 1007/891/1853 1010/894/1856 1008/892/1854
f 1007/891/1853 1009/893/1855 1010/894/1856
f 1011/895/1857 1008/892/1854 1010/894/1856
f 1012/896/1858 1009/893/1855 262/294/335
f 1010/894/1856 1009/893/1855 1012/896/1858
f 262/294/335 255/287/328 1012/896/1858
f 1012/896/1858 255/287/328 284/319/359
f 1010/894/1856 1013/897/1859 1011/895/1857
f 1012/896/1858 1013/897/1859 1010/894/1856
f 284/319/359 1014/898/1860 1012/896/1858
f 1013/897/1859 1012/896/1858 1014/898/1860
f 1014/898/1860 284/319/359 285/318/358
f 1011/895/1857 1013/897/1859 1015/899/1861
f 1014/898/1860 1015/899/1861 1013/897/1859
f 1011/895/1857 1015/899/1861 1016/900/1862
f 285/318/358 1017/901/1863 1014/898/1860
f 1014/898/1860 1017/901/1863 1015/899/1861
f 1016/900/1862 1015/899/1861 1017/901/1863
f 1017/901/1863 285/318/358 287/321/361
f 1017/901/1863 1018/902/1864 1016/900/1862
f 1018/902/1864 1017/901/1863 287/321/361
f 287/321/361 1019/903/1865 1018/902/1864
f 1020/904/1866 1018/902/1864 1019/903/1865
f 1021/905/1867 1020/904/1866 1019/903/1865
f 1021/905/1867 1022/906/1868 1020/904/1866
f 1019/903/1865 1023/907/1869 1021/905/1867
f 1024/908/1870 1023/907/1869 1019/903/1865
f 1024/908/1870 1019/903/1865 1025/909/1871
f 1025/909/1871 1019/903/1865 287/321/361
f 287/321/361 1026/910/1872 1025/909/1871
f 287/321/361 288/322/362 1026/910/1872
f 1027/911/1873 1029/912/1874 1028/913/1875
f 306/355/1876 1029/912/1874 1027/911/1873
f 1029/912/1874 306/355/1876 307/356/1877
f 1027/911/1873 304/353/1878 306/355/1876
f 304/353/1878 1027/911/1873 1030/914/1879
f 1031/915/1880 1030/914/1879 1027/911/1873
f 1030/914/1879 301/350/1881 304/353/1878
f 301/350/1881 1030/914/1879 1032/916/1882
f 1032/916/1882 1030/914/1879 1031/915/1880
f 1032/916/1882 300/349/1883 301/350/1881
f 300/349/1883 1032/916/1882 1033/917/1884
f 1033/917/1884 222/346/1885 300/349/1883
f 1033/917/1884 293/327/367 222/346/1885
f 1033/917/1884 292/326/366 293/327/367
f 293/327/367 221/330/370 222/346/1885
f 293/327/367 294/329/369 221/330/370
f 289/323/363 292/326/366 1033/917/1884
f 289/323/363 291/325/365 292/326/366
f 1033/917/1884 1034/918/1886 289/323/363
f 1035/919/1887 1034/918/1886 1033/917/1884
f 1033/917/1884 1036/920/1888 1035/919/1887
f 1037/921/1889 1036/920/1888 1033/917/1884
f 1037/921/1889 1033/917/1884 1038/922/1890
f 1032/916/1882 1038/922/1890 1033/917/1884
f 1039/923/1891 1038/922/1890 1032/916/1882
f 1032/916/1882 1040/924/1892 1039/923/1891
f 1032/916/1882 1041/925/1893 1040/924/1892
f 1042/926/1894 1040/924/1892 1041/925/1893
f 1041/925/1893 1043/927/1895 1042/926/1894
f 1044/928/1896 1043/927/1895 1041/925/1893
f 1031/915/1880 1041/925/1893 1032/916/1882
f 1044/928/1896 1041/925/1893 1045/929/1897
f 1031/915/1880 1045/929/1897 1041/925/1893
f 1045/929/1897 1046/930/1898 1044/928/1896
f 1045/929/1897 1047/931/1899 1046/930/1898
f 1048/932/1900 1047/931/1899 1045/929/1897
f 1048/932/1900 1049/933/1901 1047/931/1899
f 1050/934/1902 1031/915/1880 1051/935/1903
f 1052/936/1904 1051/935/1903 1031/915/1880
f 1031/915/1880 1053/937/1905 1052/936/1904
f 1027/911/1873 1053/937/1905 1031/915/1880
f 1052/936/1904 1053/937/1905 1027/911/1873
f 1051/935/1903 1052/936/1904 1054/938/1906
f 1054/938/1906 1055/939/1907 1051/935/1903
f 1056/940/1908 1055/939/1907 1054/938/1906
f 1054/938/1906 1057/941/1909 1056/940/1908
f 1058/942/1910 1052/936/1904 1027/911/1873
f 1052/936/1904 1058/942/1910 1054/938/1906
f 1057/941/1909 1054/938/1906 1058/942/1910
f 1027/911/1873 1028/943/1911 1058/942/1910
f 1058/942/1910 1059/944/1912 1057/941/1909
f 1058/942/1910 1028/943/1911 1060/945/1913
f 1060/945/1913 1059/944/1912 1058/942/1910
f 23/23/1914 429/531/1915 231/530/1916
f 231/530/1916 1061/946/1917 23/23/1914
f 1061/946/1917 231/530/1916 186/947/1918
f 186/947/1918 924/948/1919 1061/946/1917
f 186/947/1918 923/949/1920 924/948/1919
f 1062/950/1921 23/23/1914 1061/946/1917
f 23/23/1914 1062/950/1921 926/823/1922
f 926/823/1922 13/24/1923 23/23/1914
f 1061/946/1917 1063/951/1924 1062/950/1921
f 924/948/1919 1063/951/1924 1061/946/1917
f 924/948/1919 1000/875/1925 1063/951/1924
f 1002/952/1926 1000/875/1925 924/948/1919
f 1050/953/1927 1045/954/1928 1031/955/1929
f 1064/956/1930 1045/954/1928 1050/953/1927
f 1064/956/1930 1065/957/1931 1045/954/1928
f 1066/958/1932 1065/957/1931 1064/956/1930
f 1064/956/1930 1067/959/1933 1066/958/1932
f 1045/954/1928 1065/957/1931 1068/960/1934
f 1068/960/1934 1065/957/1931 1066/958/1932
f 1068/960/1934 1048/961/1935 1045/954/1928
f 1066/958/1932 1069/962/1936 1068/960/1934
f 1069/962/1936 1066/958/1932 1055/939/1937
f 1055/939/1937 1056/940/1938 1069/962/1936
f 1051/935/1939 1055/939/1937 1066/958/1932
f 1066/958/1932 1067/963/1940 1051/935/1939
f 1050/934/1941 1051/935/1939 1067/963/1940
f 1067/963/1940 1064/964/1942 1050/934/1941
f 1070/965/1943 1/1/1944 922/819/1945
f 1/1/1944 1070/965/1943 925/821/1946
f 1/1/1944 925/821/1946 923/820/1947
f 1/1/1944 923/820/1947 186/966/1948
f 1070/965/1943 998/872/1949 925/821/1946
f 997/873/1950 998/872/1949 1070/965/1943
f 998/872/1951 996/871/1952 1001/877/1953
f 1001/877/1953 1002/876/1954 998/872/1951
f 925/821/1955 998/872/1951 1002/876/1954
f 1002/876/1954 924/822/1956 925/821/1955
f 1000/875/1957 1003/878/1958 999/967/1959
f 999/967/1959 997/968/1960 1000/875/1957
f 1063/951/1961 1000/875/1957 997/968/1960
f 997/968/1960 1070/969/1962 1063/951/1961
f 1062/950/1963 1063/951/1961 1070/969/1962
f 1070/969/1962 922/970/1964 1062/950/1963
f 926/823/1965 1062/950/1963 922/970/1964
f 922/970/1964 2/824/1966 926/823/1965
f 992/870/1967 991/869/1968 249/281/1969
f 249/281/1969 991/869/1968 990/866/1970
f 990/866/1970 250/282/1971 249/281/1969
f 1060/971/1972 1028/913/1973 307/356/1974
f 1029/912/1975 307/356/1974 1028/913/1973
f 1071/837/1976 955/836/1977 937/833/1978
f 937/833/1978 1072/972/1979 1071/837/1976
f 1071/837/1976 1072/972/1979 933/830/1980
f 933/830/1980 931/829/1981 1071/837/1976
f 938/834/1982 933/830/1980 1072/972/1979
f 938/834/1982 1072/972/1979 937/833/1978
f 938/834/1982 937/833/1978 935/832/1983
f 935/832/1983 940/835/1984 938/834/1982
f 935/832/1983 144/831/1985 940/835/1984
f 930/828/1799 51/276/25 240/271/310
f 241/272/313 240/271/310 51/276/25
f 243/274/316 241/272/313 51/276/25
f 244/275/317 243/274/316 51/276/25
f 955/836/1986 1071/837/1987 295/837/1987
f 967/836/1988 295/837/1987 1071/837/1987
f 1073/838/1989 1075/839/1989 1074/839/1990
f 1075/839/1989 1073/838/1989 1076/838/1991
f 1077/840/1992 1076/838/1993 1073/838/1994
f 1076/838/1993 1077/840/1992 1078/840/1995
f 1079/841/1996 1078/840/1995 1077/840/1992
f 1078/840/1995 1079/841/1996 1080/841/1997
f 957/818/1998 1080/841/1997 1079/841/1996
f 1080/841/1997 957/818/1998 956/818/1999
f 809/154/2000 956/818/1999 957/818/1998
f 1081/842/2001 951/843/2002 1082/843/2003
f 951/843/2002 1081/842/2004 953/842/2005
f 1083/844/2006 951/843/2007 953/842/2008
f 1083/844/2006 950/845/2009 951/843/2007
f 950/845/2010 1082/843/2011 951/843/2012
f 1082/843/2011 950/845/2010 1084/845/2013
f 811/153/1713 1084/845/2013 950/845/2010
f 1084/845/2013 811/153/1713 808/153/2014
f 811/153/2015 950/845/2009 956/818/2016
f 1083/844/2006 956/818/2016 950/845/2009
f 1085/846/2017 956/818/2016 1083/844/2006
f 1085/846/2017 1080/841/2018 956/818/2016
f 1085/846/2017 1078/840/2019 1080/841/2018
f 1078/840/2019 1085/846/2017 1086/847/2020
f 1086/847/2020 1076/838/2021 1078/840/2019
f 1076/838/2021 1086/847/2020 1075/839/2022
f 811/153/2023 948/848/2024 950/845/2025
f 948/848/2026 811/153/2027 810/154/2028
f 945/849/2029 950/845/2025 948/848/2024
f 950/845/2025 945/849/2029 951/843/2030
f 1087/850/2031 948/848/2032 810/154/2033
f 1087/850/2031 945/849/2034 948/848/2032
f 832/341/2035 1087/850/2031 810/154/2033
f 1087/850/2031 832/341/2035 1088/851/2036
f 885/305/1587 1088/851/2036 832/341/2035
f 945/849/2034 1087/850/2031 1089/852/2037
f 1088/851/2036 965/853/2038 1087/850/2031
f 1089/852/2037 944/854/2039 945/849/2034
f 944/854/2039 1089/852/2037 1090/855/2040
f 951/843/2030 945/849/2029 1091/856/2041
f 1091/856/2041 945/849/2029 944/854/2042
f 295/857/1786 951/843/2030 1091/856/2041
f 944/854/2042 295/857/1786 1091/856/2041
f 951/843/2030 295/857/1786 953/842/2043
f 295/857/1786 944/854/2042 943/858/1788
f 944/854/2039 427/859/1790 943/858/1789
f 427/859/1790 944/854/2039 1090/855/2040
f 1090/855/2040 912/860/2044 427/859/1790
f 912/860/2044 1090/855/2040 1092/861/2045
f 1092/861/2045 816/862/2046 912/860/2044
f 816/862/2046 1092/861/2045 1093/863/2047
f 816/862/2046 1093/863/2047 1094/864/2048
f 1094/864/2048 965/853/2038 816/862/2046
f 815/865/2049 816/862/2046 965/853/2038
f 892/312/1593 815/865/2049 965/853/2038
f 892/312/1593 965/853/2038 889/309/1590
f 965/853/2038 890/310/1591 889/309/1590
f 815/865/2049 892/312/1593 891/311/1592
f 965/853/2038 1088/851/2036 890/310/1591
f 888/308/1589 890/310/1591 1088/851/2036
f 1088/851/2036 887/307/1588 888/308/1589
f 887/307/1588 1088/851/2036 885/305/1587
f 887/307/1588 885/305/1587 886/306/1588
f 884/304/1586 886/306/1588 885/305/1587
f 815/865/2049 891/311/1592 883/303/1585
f 815/865/2049 883/303/1585 881/301/1583
f 1095/866/2050 815/865/2049 881/301/1583
f 1095/866/2050 881/301/1583 880/300/1582
f 877/297/1579 1095/866/2050 880/300/1582
f 1095/866/2050 814/867/2051 815/865/2049
f 1095/866/2050 877/297/1579 876/296/1578
f 814/867/2051 1095/866/2050 966/828/2052
f 917/868/2053 814/867/2051 966/828/2052
f 917/868/2053 966/828/2052 63/38/34
f 917/868/2053 63/38/34 64/39/36
f 1095/866/2050 876/296/1578 1096/869/2054
f 872/292/1574 1096/869/2054 876/296/1578
f 872/292/1574 870/290/1572 1096/869/2054
f 1096/869/2054 870/290/1572 1097/870/2055
f 869/289/1571 1097/870/2055 870/290/1572
f 1097/870/2055 869/289/1571 866/286/1568
f 1097/870/2055 866/286/1568 865/285/1567
f 863/283/1565 1097/870/2055 865/285/1567
f 857/277/1559 1097/870/2055 863/283/1565
f 857/277/1559 863/283/1565 859/279/1561
f 858/278/1560 1097/870/2055 857/277/1559
f 1097/870/2055 858/278/1560 860/280/1562
f 1097/870/2055 860/280/1562 861/281/1563
f 1098/844/2056 953/842/2057 1081/842/2058
f 953/842/2057 1098/844/2056 1083/844/2059
f 1099/846/2060 1083/844/2059 1098/844/2056
f 1083/844/2059 1099/846/2060 1085/846/2061
f 1100/847/2062 1085/846/2061 1099/846/2060
f 1085/846/2061 1100/847/2062 1086/847/2063
f 1074/839/2064 1086/847/2063 1100/847/2062
f 1086/847/2063 1074/839/2064 1075/839/2065
f 1074/839/2066 1100/847/2067 1073/838/2068
f 1077/840/2069 1073/838/2068 1100/847/2067
f 1100/847/2067 1099/846/2070 1077/840/2069
f 1079/841/2071 1077/840/2069 1099/846/2070
f 1079/841/2071 1099/846/2070 957/818/2072
f 1098/844/2073 957/818/2072 1099/846/2070
f 957/818/2072 1098/844/2073 1084/845/2074
f 957/818/2072 1084/845/2074 808/153/2075
f 1082/843/2076 1084/845/2074 1098/844/2073
f 1081/842/2077 1082/843/2076 1098/844/2073
f 996/871/1824 1102/873/2078 1101/872/2079
f 1102/873/2078 996/871/1824 999/874/1827
f 1103/875/2080 1001/877/1829 1104/876/2080
f 1001/877/1829 1103/875/2080 1003/878/1829
f 963/825/2081 1106/880/2082 1105/879/2083
f 1106/880/2082 963/825/2081 964/826/2084
f 1106/880/2085 1090/881/2086 1105/879/2087
f 1090/881/2086 1106/880/2085 1092/882/2088
f 1092/882/2088 1106/880/2085 1093/883/2089
f 964/826/2090 1093/883/2089 1106/880/2085
f 1093/883/2089 964/826/2090 1094/884/2091
f 1094/884/2091 964/826/2090 965/827/2092
f 1089/885/2093 1105/879/2094 1090/881/2095
f 1087/886/2096 1105/879/2094 1089/885/2093
f 1105/879/2094 1087/886/2096 963/887/2097
f 965/888/2098 963/887/2097 1087/886/2096
f 862/282/2099 966/828/2100 1095/866/2101
f 966/828/2100 862/282/2099 854/273/2102
f 1006/889/1851 821/316/1598 298/890/1852
f 1006/889/1851 894/315/1596 821/316/1598
f 894/315/1596 1006/889/1851 1107/891/2103
f 1008/892/1854 1107/891/2103 1006/889/1851
f 1108/893/2104 894/315/1596 1107/891/2103
f 894/315/1596 1108/893/2104 874/294/1576
f 1107/891/2103 1008/892/1854 1109/894/2105
f 1107/891/2103 1109/894/2105 1108/893/2104
f 1011/895/1857 1109/894/2105 1008/892/1854
f 1110/896/2106 874/294/1576 1108/893/2104
f 1109/894/2105 1110/896/2106 1108/893/2104
f 874/294/1576 1110/896/2106 867/287/1569
f 1110/896/2106 897/319/1600 867/287/1569
f 1109/894/2105 1011/895/1857 1111/897/2107
f 1110/896/2106 1109/894/2105 1111/897/2107
f 897/319/1600 1110/896/2106 1112/898/2108
f 1111/897/2107 1112/898/2108 1110/896/2106
f 1112/898/2108 896/318/1601 897/319/1600
f 1011/895/1857 1113/899/2109 1111/897/2107
f 1112/898/2108 1111/897/2107 1113/899/2109
f 1011/895/1857 1016/900/1862 1113/899/2109
f 896/318/1601 1112/898/2108 1114/901/2110
f 1112/898/2108 1113/899/2109 1114/901/2110
f 1016/900/1862 1114/901/2110 1113/899/2109
f 1114/901/2110 899/321/1603 896/318/1601
f 1114/901/2110 1016/900/1862 1018/902/1864
f 1018/902/1864 899/321/1603 1114/901/2110
f 899/321/1603 1018/902/1864 1115/903/2111
f 1020/904/1866 1115/903/2111 1018/902/1864
f 1116/905/2112 1115/903/2111 1020/904/1866
f 1116/905/2112 1020/904/1866 1022/906/1868
f 1115/903/2111 1116/905/2112 1117/907/2113
f 1118/908/2114 1115/903/2111 1117/907/2113
f 1118/908/2114 1119/909/2115 1115/903/2111
f 1119/909/2115 899/321/1603 1115/903/2111
f 899/321/1603 1119/909/2115 1120/910/2115
f 899/321/1603 1120/910/2115 900/322/1604
f 1121/911/2116 1123/913/2117 1122/912/2118
f 911/355/2119 1121/911/2116 1122/912/2118
f 1122/912/2118 307/356/2120 911/355/2119
f 1121/911/2116 911/355/2119 910/353/2121
f 910/353/2121 1124/914/2122 1121/911/2116
f 1125/915/2123 1121/911/2116 1124/914/2122
f 1124/914/2122 910/353/2121 909/350/2124
f 909/350/2124 1126/916/2125 1124/914/2122
f 1126/916/2125 1125/915/2123 1124/914/2122
f 1126/916/2125 909/350/2124 908/349/2126
f 908/349/2126 1127/917/2127 1126/916/2125
f 1127/917/2127 908/349/2126 838/346/2128
f 905/327/1609 1127/917/2127 838/346/2128
f 905/327/1609 904/326/1608 1127/917/2127
f 905/327/1609 838/346/2128 837/330/1610
f 905/327/1609 837/330/1610 906/329/1611
f 901/323/1605 1127/917/2127 904/326/1608
f 901/323/1605 904/326/1608 903/325/1607
f 1127/917/2127 901/323/1605 1128/918/2129
f 1129/919/2130 1127/917/2127 1128/918/2129
f 1127/917/2127 1129/919/2130 1130/920/2131
f 1131/921/2132 1127/917/2127 1130/920/2131
f 1131/921/2132 1132/922/2133 1127/917/2127
f 1126/916/2125 1127/917/2127 1132/922/2133
f 1133/923/2134 1126/916/2125 1132/922/2133
f 1126/916/2125 1133/923/2134 1134/924/2135
f 1126/916/2125 1134/924/2135 1135/925/2136
f 1136/926/2137 1135/925/2136 1134/924/2135
f 1135/925/2136 1136/926/2137 1137/927/2138
f 1138/928/2139 1135/925/2136 1137/927/2138
f 1125/915/2123 1126/916/2125 1135/925/2136
f 1138/928/2139 1139/929/2140 1135/925/2136
f 1125/915/2123 1135/925/2136 1139/929/2140
f 1139/929/2140 1138/928/2139 1140/930/2141
f 1139/929/2140 1140/930/2141 1141/931/2142
f 1048/932/1900 1139/929/2140 1141/931/2142
f 1048/932/1900 1141/931/2142 1049/933/1901
f 1142/934/2143 1143/935/2144 1125/915/2123
f 1144/936/2145 1125/915/2123 1143/935/2144
f 1125/915/2123 1144/936/2145 1145/937/2146
f 1121/911/2116 1125/915/2123 1145/937/2146
f 1144/936/2145 1121/911/2116 1145/937/2146
f 1143/935/2144 1146/938/2147 1144/936/2145
f 1146/938/2147 1143/935/2144 1147/939/2148
f 1056/940/1908 1146/938/2147 1147/939/2148
f 1146/938/2147 1056/940/1908 1057/941/1909
f 1148/942/2149 1121/911/2116 1144/936/2145
f 1144/936/2145 1146/938/2147 1148/942/2149
f 1057/941/1909 1148/942/2149 1146/938/2147
f 1121/911/2116 1148/942/2149 1123/943/2150
f 1148/942/2149 1057/941/1909 1059/944/1912
f 1148/942/2149 1060/945/1913 1123/943/2150
f 1060/945/1913 1148/942/2149 1059/944/1912
f 61/23/2151 843/530/2152 913/531/2153
f 843/530/2152 61/23/2151 1149/946/2154
f 1149/946/2154 819/947/2155 843/530/2152
f 819/947/2155 1149/946/2154 961/948/2156
f 819/947/2155 961/948/2156 959/949/2157
f 1150/950/2158 1149/946/2154 61/23/2151
f 61/23/2151 962/823/2159 1150/950/2158
f 962/823/2159 61/23/2151 57/24/2160
f 1149/946/2154 1150/950/2158 1151/951/2161
f 961/948/2156 1149/946/2154 1151/951/2161
f 961/948/2156 1151/951/2161 1103/875/2162
f 1104/952/2163 961/948/2156 1103/875/2162
f 1142/953/2164 1125/955/2165 1139/954/2166
f 1152/956/2167 1142/953/2164 1139/954/2166
f 1152/956/2167 1139/954/2166 1153/957/2168
f 1154/958/2169 1152/956/2167 1153/957/2168
f 1152/956/2167 1154/958/2169 1155/959/2170
f 1139/954/2166 1068/960/1934 1153/957/2168
f 1068/960/1934 1154/958/2169 1153/957/2168
f 1068/960/1934 1139/954/2166 1048/961/1935
f 1154/958/2169 1068/960/1934 1069/962/1936
f 1069/962/1936 1147/939/2171 1154/958/2169
f 1147/939/2171 1069/962/1936 1056/940/1938
f 1143/935/2172 1154/958/2169 1147/939/2171
f 1154/958/2169 1143/935/2172 1155/963/2173
f 1142/934/2174 1155/963/2173 1143/935/2172
f 1155/963/2173 1142/934/2174 1152/964/2175
f 1156/965/2176 958/819/2177 54/1/2178
f 54/1/2178 960/821/2179 1156/965/2176
f 54/1/2178 959/820/2180 960/821/2179
f 54/1/2178 819/966/2181 959/820/2180
f 1156/965/2176 960/821/2179 1101/872/2182
f 1102/873/2183 1156/965/2176 1101/872/2182
f 1101/872/2184 1001/877/1953 996/871/1952
f 1001/877/1953 1101/872/2184 1104/876/2185
f 960/821/2186 1104/876/2185 1101/872/2184
f 1104/876/2185 960/821/2186 961/822/2187
f 1103/875/2188 999/967/1959 1003/878/1958
f 999/967/1959 1103/875/2188 1102/968/2189
f 1151/951/2190 1102/968/2189 1103/875/2188
f 1102/968/2189 1151/951/2190 1156/969/2191
f 1150/950/2192 1156/969/2191 1151/951/2190
f 1156/969/2191 1150/950/2192 958/970/2193
f 962/823/2194 958/970/2193 1150/950/2192
f 958/970/2193 962/823/2194 56/824/2195
f 1097/870/2196 861/281/2197 1096/869/2198
f 861/281/2197 1095/866/2199 1096/869/2198
f 1095/866/2199 861/281/2197 862/282/2200
f 1060/971/1972 307/356/1974 1123/913/2201
f 1122/912/2202 1123/913/2201 307/356/1974
f 1071/837/1976 954/833/2203 967/836/2204
f 954/833/2203 1071/837/1976 1157/972/2205
f 1071/837/1976 946/830/2206 1157/972/2205
f 946/830/2206 1071/837/1976 931/829/1981
f 947/834/2207 1157/972/2205 946/830/2206
f 947/834/2207 954/833/2203 1157/972/2205
f 947/834/2207 952/832/2208 954/833/2203
f 952/832/2208 947/834/2207 949/835/2209
f 952/832/2208 949/835/2209 808/831/2210
f 966/828/2052 852/271/1551 63/276/34
f 853/272/1554 63/276/34 852/271/1551
f 855/274/1557 63/276/34 853/272/1554
f 856/275/1558 63/276/34 855/274/1557
f 1158/973/2211 1022/906/1868 1021/905/1867
f 1021/905/1867 1159/974/2212 1158/973/2211
f 1021/905/1867 1023/907/1869 1159/974/2212
f 1159/974/2212 1023/907/1869 1035/919/1887
f 1024/908/1870 1035/919/1887 1023/907/1869
f 1036/920/1888 1159/974/2212 1035/919/1887
f 1035/919/1887 1024/908/1870 1034/918/1886
f 1159/974/2212 1036/920/1888 1037/921/1889
f 1025/909/1871 1034/918/1886 1024/908/1870
f 1159/974/2212 1037/921/1889 1038/922/1890
f 288/322/362 1034/918/1886 1025/909/1871
f 289/323/363 1034/918/1886 288/322/362
f 1025/909/1871 1026/910/1872 288/322/362
f 1038/922/1890 1040/924/1892 1159/974/2212
f 1158/973/2211 1159/974/2212 1040/924/1892
f 1038/922/1890 1039/923/1891 1040/924/1892
f 1158/973/2211 1040/924/1892 1042/926/1894
f 1042/926/1894 1160/975/2213 1158/973/2211
f 1042/926/1894 1043/927/1895 1160/975/2213
f 1043/927/1895 1046/930/1898 1160/975/2213
f 1043/927/1895 1044/928/1896 1046/930/1898
f 1047/931/1899 1160/975/2213 1046/930/1898
f 1047/931/1899 1049/933/1901 1160/975/2213
f 1158/973/2211 1116/905/2112 1022/906/1868
f 1116/905/2112 1158/973/2211 1161/974/2214
f 1116/905/2112 1161/974/2214 1117/907/2113
f 1161/974/2214 1129/919/2130 1117/907/2113
f 1118/908/2114 1117/907/2113 1129/919/2130
f 1130/920/2131 1129/919/2130 1161/974/2214
f 1129/919/2130 1128/918/2129 1118/908/2114
f 1161/974/2214 1131/921/2132 1130/920/2131
f 1119/909/2115 1118/908/2114 1128/918/2129
f 1161/974/2214 1132/922/2133 1131/921/2132
f 900/322/1604 1119/909/2115 1128/918/2129
f 901/323/1605 900/322/1604 1128/918/2129
f 1119/909/2115 900/322/1604 1120/910/2115
f 1132/922/2133 1161/974/2214 1134/924/2135
f 1158/973/2211 1134/924/2135 1161/974/2214
f 1132/922/2133 1134/924/2135 1133/923/2134
f 1158/973/2211 1136/926/2137 1134/924/2135
f 1136/926/2137 1158/973/2211 1160/975/2213
f 1136/926/2137 1160/975/2213 1137/927/2138
f 1137/927/2138 1160/975/2213 1140/930/2141
f 1137/927/2138 1140/930/2141 1138/928/2139
f 1141/931/2142 1140/930/2141 1160/975/2213
f 1141/931/2142 1160/975/2213 1049/933/1901
f 295/976/2215 942/977/2216 1162/978/2217
f 1162/978/2217 942/977/2216 978/979/2218
f 978/979/2218 1163/980/2219 1162/978/2217
f 1163/980/2219 978/979/2218 980/981/2220
f 980/981/2220 1164/982/2221 1163/980/2219
f 1164/982/2221 980/981/2220 981/983/2222
f 981/983/2222 1165/984/2223 1164/982/2221
f 1166/985/2224 1165/984/2223 981/983/2222
f 981/983/2222 969/986/2225 1166/985/2224
f 295/976/2215 1162/978/2217 953/977/2226
f 1162/978/2217 1083/979/2227 953/977/2226
f 1083/979/2227 1162/978/2217 1163/980/2219
f 1163/980/2219 1085/981/2228 1083/979/2227
f 1085/981/2228 1163/980/2219 1164/982/2221
f 1164/982/2221 1086/983/2229 1085/981/2228
f 1086/983/2229 1164/982/2221 1165/984/2223
f 1166/985/2224 1086/983/2229 1165/984/2223
f 1086/983/2229 1166/985/2224 1075/986/2230
f 1167/987/2231 1169/988/2231 1168/989/2231
f 1168/989/2232 1170/990/2232 1167/987/2232
f 1171/991/2233 1173/992/2233 1172/993/2233
f 1172/993/2234 1174/994/2234 1171/991/2234
f 1175/991/2235 1177/994/2235 1176/993/2235
f 1176/993/2236 1178/992/2236 1175/991/2236
f 1179/995/2237 1181/996/2238 1180/997/2239
f 1180/997/2239 1182/998/2240 1179/995/2237
f 1183/999/2241 1180/997/2242 1181/996/2243
f 1181/996/2243 1184/1000/2244 1183/999/2241
f 1169/988/2245 1186/1001/2246 1185/1002/2247
f 1185/1002/2247 1168/989/2248 1169/988/2245
f 1167/987/2249 1170/990/2250 1187/1003/2251
f 1187/1003/2252 1188/1004/2253 1167/987/2254
f 1188/1004/2253 1187/1003/2252 1189/1005/2255
f 1189/1005/2255 1190/1006/2256 1188/1004/2253
f 1190/1006/2256 1189/1005/2255 1191/1007/2257
f 1191/1007/2257 1192/1008/2258 1190/1006/2256
f 1193/1009/2259 1192/1008/2258 1191/1007/2257
f 1191/1007/2257 1194/1010/2260 1193/1009/2259
f 1193/1009/2259 1194/1010/2260 1195/1011/2261
f 1195/1011/2261 1196/1012/2262 1193/1009/2259
f 1197/1013/2263 1196/1012/2262 1195/1011/2261
f 1195/1011/2261 1198/1014/2264 1197/1013/2263
f 1199/1015/2265 1197/1013/2263 1198/1014/2264
f 1198/1014/2264 1200/1016/2266 1199/1015/2265
f 1184/1000/2267 1199/1015/2265 1200/1016/2266
f 1200/1016/2266 1183/999/2268 1184/1000/2267
f 1180/997/2269 1183/999/2270 1182/998/2271
f 1182/998/2271 1183/999/2270 1200/1016/2272
f 1200/1016/2272 1201/1017/2273 1182/998/2271
f 1201/1017/2273 1200/1016/2272 1198/1014/2274
f 1201/1017/2273 1198/1014/2274 1195/1011/2275
f 1201/1017/2273 1195/1011/2275 1194/1010/2276
f 1182/998/2271 1201/1017/2273 1202/1018/2277
f 1194/1010/2276 1202/1018/2277 1201/1017/2273
f 1202/1018/2277 1203/1019/2278 1182/998/2271
f 1185/1002/2279 1203/1019/2278 1202/1018/2277
f 1204/1020/2280 1202/1018/2277 1194/1010/2276
f 1202/1018/2277 1204/1020/2280 1185/1002/2279
f 1194/1010/2276 1191/1007/2281 1204/1020/2280
f 1204/1020/2280 1191/1007/2281 1189/1005/2282
f 1187/1003/2283 1204/1020/2280 1189/1005/2282
f 1204/1020/2280 1187/1003/2283 1170/990/2284
f 1170/990/2284 1185/1002/2279 1204/1020/2280
f 1168/989/2285 1185/1002/2279 1170/990/2284
f 1205/1021/2286 1179/995/2287 1182/998/2288
f 1182/998/2288 1203/1019/2289 1205/1021/2286
f 1186/1001/2290 1205/1021/2286 1203/1019/2289
f 1203/1019/2289 1185/1002/2291 1186/1001/2290
f 1206/1022/2292 1208/1023/2293 1207/1024/2294
f 1207/1024/2294 1209/1025/2295 1206/1022/2292
f 1210/1026/2296 1212/1027/2297 1211/1028/2298
f 1211/1028/2298 1213/1029/2299 1210/1026/2296
f 1210/1026/2296 1213/1029/2299 1214/1030/2300
f 1214/1030/2300 1215/1031/2301 1210/1026/2296
f 1215/1031/2301 1214/1030/2300 1171/1032/2302
f 1171/1032/2302 1216/1033/2303 1215/1031/2301
f 1213/1029/2299 1217/1034/2304 1214/1030/2300
f 1174/1035/2305 1217/1034/2304 1213/1029/2299
f 1213/1029/2299 1218/1036/2306 1174/1035/2305
f 1219/1037/2307 1221/1038/2308 1220/1039/2309
f 1220/1039/2309 1222/1040/2310 1219/1037/2307
f 1222/1040/2310 1220/1039/2309 1223/1041/2311
f 1223/1041/2311 1224/1042/2312 1222/1040/2310
f 1224/1042/2312 1225/1043/2313 1222/1040/2310
f 1226/1044/2314 1222/1040/2310 1225/1043/2313
f 1225/1043/2313 1227/1045/2315 1226/1044/2314
f 1228/1046/2316 1224/1042/2312 1223/1041/2311
f 1223/1041/2311 1229/1047/2317 1228/1046/2316
f 1228/1046/2316 1229/1047/2317 1230/1048/2318
f 1230/1048/2318 1231/1049/2319 1228/1046/2316
f 1231/1049/2319 1230/1048/2318 1232/1050/2320
f 1233/1051/2321 1226/1044/2314 1227/1045/2315
f 1227/1045/2315 1234/1052/2322 1233/1051/2321
f 1232/1050/2320 1235/1053/2323 1231/1049/2319
f 1235/1053/2323 1232/1050/2320 1209/1025/2324
f 1209/1025/2324 1207/1024/2325 1235/1053/2323
f 1233/1051/2321 1234/1052/2322 1236/1054/2326
f 1235/1053/2323 1207/1024/2325 1236/1054/2326
f 1236/1054/2326 1237/1055/2327 1233/1051/2321
f 1207/1024/2325 1237/1055/2327 1236/1054/2326
f 1237/1055/2328 1207/1024/2329 1208/1023/2329
f 1208/1023/2329 1238/1056/2330 1237/1055/2328
f 1237/1055/2328 1238/1056/2330 1239/1057/2331
f 1239/1057/2331 1233/1051/2332 1237/1055/2328
f 1226/1044/2333 1233/1051/2332 1239/1057/2331
f 1239/1057/2331 1218/1058/2334 1226/1044/2333
f 1240/1059/2335 1218/1058/2334 1239/1057/2331
f 1239/1057/2331 1241/1060/2335 1240/1059/2335
f 1235/1061/2336 1236/1062/2337 1242/1063/2336
f 1242/1063/2336 1243/1064/2338 1235/1061/2336
f 1172/993/2339 1239/1065/2340 1238/1066/2341
f 1238/1066/2341 1242/1067/2342 1172/993/2339
f 1208/1023/908 1242/1067/2342 1238/1066/2341
f 1243/1068/2343 1242/1067/2342 1208/1023/908
f 1243/1068/2343 1208/1023/908 1206/1022/908
f 1243/1068/2343 1206/1022/908 1244/1069/2344
f 1173/992/2345 1243/1068/2343 1244/1069/2344
f 1244/1069/2344 1245/1070/2346 1173/992/2345
f 1227/1071/2347 1225/1072/2348 1217/1073/2349
f 1217/1073/2349 1174/1074/2350 1227/1071/2347
f 1234/1075/2351 1227/1071/2347 1174/1074/2350
f 1174/1074/2350 1172/1076/2352 1234/1075/2351
f 1234/1075/2351 1172/1076/2352 1242/1063/2353
f 1242/1063/2353 1236/1062/2354 1234/1075/2351
f 1225/1072/2355 1224/1077/2356 1214/1078/2355
f 1214/1078/2355 1217/1073/2357 1225/1072/2355
f 1213/1079/2358 1211/1080/2359 1219/1081/2359
f 1219/1081/2359 1222/1082/2360 1213/1079/2358
f 1218/1058/2361 1213/1079/2358 1222/1082/2360
f 1222/1082/2360 1226/1044/2362 1218/1058/2361
f 1219/1083/2363 1211/1028/2363 1212/1027/2363
f 1212/1027/2363 1221/1084/2363 1219/1083/2363
f 1246/1085/2364 1248/1086/2364 1247/1087/2365
f 1247/1087/2365 1249/1088/2365 1246/1085/2364
f 1250/1089/2366 1252/1090/2367 1251/1091/2367
f 1251/1091/2367 1253/1092/2366 1250/1089/2366
f 1254/1093/2368 1256/1094/2368 1255/1095/2368
f 1255/1095/2368 1257/1096/2368 1254/1093/2368
f 1258/1097/2369 1260/1098/2370 1259/1099/2371
f 1258/1097/2369 1259/1099/2371 1261/1100/2372
f 1261/1100/2372 1259/1099/2371 1257/1096/2373
f 1257/1096/2373 1255/1095/2374 1261/1100/2372
f 1262/1101/2375 1264/1102/2376 1263/1103/2376
f 1263/1103/2376 1265/1104/2377 1262/1101/2375
f 1266/1105/2378 1262/1101/2375 1265/1104/2377
f 1265/1104/2377 1267/1106/2378 1266/1105/2378
f 1252/1090/908 1268/1107/908 1251/1108/908
f 1260/1109/908 1268/1107/908 1252/1090/908
f 1252/1090/908 1269/1110/908 1260/1109/908
f 1260/1109/908 1269/1110/908 1259/1099/908
f 1269/1110/908 1257/1096/908 1259/1099/908
f 1269/1110/908 1254/1111/908 1257/1096/908
f 1268/1107/908 1260/1109/908 1264/1102/908
f 1270/1112/908 1268/1107/908 1264/1102/908
f 1246/1113/2379 1270/1112/908 1264/1102/908
f 1262/1114/2380 1246/1113/2379 1264/1102/908
f 1248/1115/2381 1246/1113/2379 1262/1114/2380
f 1262/1114/2380 1266/1116/2381 1248/1115/2381
f 1267/1106/2382 1247/1087/2382 1248/1086/2382
f 1248/1086/2382 1266/1105/2382 1267/1106/2382
f 1271/1117/2383 1256/1118/2384 1254/1111/2384
f 1254/1111/2384 1269/1110/2385 1271/1117/2383
f 1250/1089/2386 1271/1117/2383 1269/1110/2385
f 1269/1110/2385 1252/1090/2386 1250/1089/2386
f 1270/1119/2387 1246/1120/2388 1249/1121/2389
f 1249/1121/2389 1272/1122/2390 1270/1119/2387
f 1268/1123/2391 1270/1119/2387 1272/1122/2390
f 1268/1123/2391 1272/1122/2390 1273/1124/2392
f 1251/1091/2393 1268/1123/2391 1273/1124/2392
f 1273/1124/2392 1253/1092/2394 1251/1091/2393
f 1255/1125/2395 1256/1118/2396 1261/1126/2397
f 1256/1118/2396 1271/1117/2398 1261/1126/2397
f 1271/1117/2398 1258/1127/2399 1261/1126/2397
f 1271/1117/2398 1250/1089/2400 1258/1127/2399
f 1250/1089/2400 1253/1128/2401 1258/1127/2399
f 1253/1128/2401 1273/1129/2402 1258/1127/2399
f 1273/1129/2402 1265/1130/2403 1258/1127/2399
f 1258/1127/2399 1265/1130/2403 1263/1131/892
f 1249/1132/2404 1265/1130/2403 1273/1129/2402
f 1249/1132/2404 1273/1129/2402 1272/1133/2405
f 1265/1130/2403 1249/1132/2404 1247/1134/2406
f 1247/1134/2406 1267/1135/2407 1265/1130/2403
f 1260/1098/2408 1258/1097/2408 1263/1103/2408
f 1263/1103/2408 1264/1102/2408 1260/1098/2408
f 1274/1136/2409 1276/1137/2409 1275/1138/2410
f 1275/1138/2410 1277/1139/2411 1274/1136/2409
f 1278/1048/2412 1277/1139/2411 1275/1138/2410
f 1277/1139/2411 1278/1048/2412 1279/1050/2413
f 1275/1138/2410 1280/1047/2414 1278/1048/2412
f 1279/1050/2413 1281/1140/2415 1277/1139/2411
f 1281/1140/2415 1279/1050/2413 1282/1025/2416
f 1282/1025/2416 1283/1141/2417 1281/1140/2415
f 1284/1041/2418 1280/1047/2414 1275/1138/2410
f 1275/1138/2410 1285/1142/2419 1284/1041/2418
f 1286/1039/2420 1284/1041/2418 1285/1142/2419
f 1285/1142/2419 1287/1143/2421 1286/1039/2420
f 1286/1039/2420 1287/1143/2421 1288/1144/2422
f 1288/1144/2422 1289/1038/2423 1286/1039/2420
f 1176/993/2424 1290/1065/2425 1241/1145/2426
f 1241/1145/2426 1291/1146/2427 1176/993/2424
f 1178/992/2428 1176/993/2424 1291/1146/2427
f 1291/1146/2427 1292/1147/2429 1178/992/2428
f 1277/1070/2430 1178/992/2428 1292/1147/2429
f 1292/1147/2429 1274/1148/2431 1277/1070/2430
f 1283/1022/2432 1282/1025/2433 1293/1024/2434
f 1293/1024/2434 1294/1023/2435 1283/1022/2432
f 1295/1028/2436 1288/1027/2437 1287/1026/2438
f 1287/1026/2438 1296/1029/2439 1295/1028/2436
f 1297/1030/2440 1296/1029/2439 1287/1026/2438
f 1287/1026/2438 1285/1031/2441 1297/1030/2440
f 1175/1032/2442 1297/1030/2440 1285/1031/2441
f 1285/1031/2441 1275/1033/2443 1175/1032/2442
f 1296/1029/2439 1297/1030/2440 1298/1034/2444
f 1296/1029/2439 1298/1034/2444 1177/1035/2445
f 1177/1035/2445 1299/1036/2446 1296/1029/2439
f 1300/1077/2447 1297/1078/2448 1175/1149/2449
f 1175/1149/2449 1301/1150/2450 1300/1077/2447
f 1302/1151/2451 1301/1150/2450 1175/1149/2449
f 1175/1149/2449 1178/1152/2452 1302/1151/2451
f 1303/1153/2453 1302/1151/2451 1178/1152/2452
f 1178/1152/2452 1304/1154/2454 1303/1153/2453
f 1303/1061/2455 1304/1064/2456 1305/1063/2457
f 1305/1063/2457 1306/1062/2458 1303/1061/2455
f 1178/992/2459 1277/1070/2460 1281/1069/2461
f 1281/1069/2461 1304/1068/2462 1178/992/2459
f 1304/1068/2462 1281/1069/2461 1283/1022/2463
f 1304/1068/2462 1283/1022/2463 1294/1023/2463
f 1304/1068/2462 1294/1023/2463 1305/1067/2464
f 1294/1023/2463 1307/1066/2465 1305/1067/2464
f 1176/993/2466 1305/1067/2464 1307/1066/2465
f 1307/1066/2465 1290/1065/2467 1176/993/2466
f 1240/1059/2335 1241/1060/2335 1290/1057/2468
f 1290/1057/2468 1299/1058/2469 1240/1059/2335
f 1308/1044/2470 1299/1058/2469 1290/1057/2468
f 1290/1057/2468 1309/1051/2471 1308/1044/2470
f 1310/1055/2472 1309/1051/2471 1290/1057/2468
f 1290/1057/2468 1307/1056/2473 1310/1055/2472
f 1310/1055/2472 1307/1056/2473 1294/1023/2474
f 1294/1023/2474 1293/1024/2475 1310/1055/2472
f 1286/1039/2476 1289/1038/2477 1311/1037/2478
f 1311/1037/2478 1312/1040/2479 1286/1039/2476
f 1284/1041/2480 1286/1039/2476 1312/1040/2479
f 1312/1040/2479 1300/1042/2481 1284/1041/2480
f 1300/1042/2481 1312/1040/2479 1313/1043/2482
f 1313/1043/2482 1312/1040/2479 1308/1044/2483
f 1308/1044/2483 1314/1045/2484 1313/1043/2482
f 1284/1041/2480 1300/1042/2481 1301/1046/2485
f 1301/1046/2485 1280/1047/2486 1284/1041/2480
f 1278/1048/2487 1280/1047/2486 1301/1046/2485
f 1301/1046/2485 1302/1049/2488 1278/1048/2487
f 1279/1050/2489 1278/1048/2487 1302/1049/2488
f 1314/1045/2484 1308/1044/2483 1309/1051/2490
f 1309/1051/2490 1315/1052/2491 1314/1045/2484
f 1302/1049/2488 1303/1053/2492 1279/1050/2489
f 1282/1025/2493 1279/1050/2489 1303/1053/2492
f 1303/1053/2492 1293/1024/2494 1282/1025/2493
f 1306/1054/2495 1315/1052/2491 1309/1051/2490
f 1303/1053/2492 1306/1054/2495 1293/1024/2494
f 1309/1051/2490 1310/1055/2496 1306/1054/2495
f 1293/1024/2494 1306/1054/2495 1310/1055/2496
f 1313/1072/2497 1298/1073/2498 1297/1078/2497
f 1297/1078/2497 1300/1077/2499 1313/1072/2497
f 1299/1058/2500 1308/1044/2501 1312/1082/2502
f 1312/1082/2502 1296/1079/2503 1299/1058/2500
f 1296/1079/2503 1312/1082/2502 1311/1081/2504
f 1311/1081/2504 1295/1080/2504 1296/1079/2503
f 1311/1083/2363 1289/1084/2363 1288/1027/2363
f 1288/1027/2363 1295/1028/2363 1311/1083/2363
f 1245/1070/2505 1274/1148/2431 1292/1147/2429
f 1292/1147/2429 1173/992/2506 1245/1070/2505
f 1173/992/2506 1292/1147/2429 1291/1146/2427
f 1291/1146/2427 1172/993/2507 1173/992/2506
f 1172/993/2507 1291/1146/2427 1241/1145/2426
f 1241/1145/2426 1239/1065/2508 1172/993/2507
f 1216/1138/2509 1276/1137/2409 1274/1136/2409
f 1274/1136/2409 1245/1139/2510 1216/1138/2509
f 1216/1138/2509 1245/1139/2510 1230/1048/2511
f 1230/1048/2511 1229/1047/2512 1216/1138/2509
f 1232/1050/2513 1230/1048/2511 1245/1139/2510
f 1216/1138/2509 1229/1047/2512 1223/1041/2514
f 1245/1139/2510 1244/1140/2515 1232/1050/2513
f 1209/1025/2516 1232/1050/2513 1244/1140/2515
f 1244/1140/2515 1206/1141/2517 1209/1025/2516
f 1223/1041/2514 1215/1142/2518 1216/1138/2509
f 1215/1142/2518 1223/1041/2514 1220/1039/2519
f 1220/1039/2519 1210/1143/2520 1215/1142/2518
f 1212/1144/2521 1210/1143/2520 1220/1039/2519
f 1220/1039/2519 1221/1038/2522 1212/1144/2521
f 1218/1036/2523 1240/1155/2524 1316/1156/2525
f 1316/1156/2525 1174/1157/2526 1218/1036/2523
f 1174/1157/2526 1316/1156/2525 1317/1158/2527
f 1317/1158/2527 1171/1032/2528 1174/1157/2526
f 1171/1032/2528 1317/1158/2527 1276/1159/2529
f 1276/1159/2529 1216/1033/2530 1171/1032/2528
f 1235/1153/2531 1243/1154/2532 1173/1152/2533
f 1173/1152/2533 1231/1151/2534 1235/1153/2531
f 1231/1151/2534 1173/1152/2533 1171/1149/2535
f 1171/1149/2535 1228/1150/2536 1231/1151/2534
f 1224/1077/2537 1228/1150/2536 1171/1149/2535
f 1171/1149/2535 1214/1078/2538 1224/1077/2537
f 1315/1075/2539 1306/1062/2540 1305/1063/2541
f 1305/1063/2541 1176/1076/2542 1315/1075/2539
f 1315/1075/2539 1176/1076/2542 1177/1074/2543
f 1177/1074/2543 1314/1071/2544 1315/1075/2539
f 1314/1071/2544 1177/1074/2543 1298/1073/2545
f 1298/1073/2545 1313/1072/2546 1314/1071/2544
f 1175/1032/2547 1275/1033/2548 1276/1159/2529
f 1276/1159/2529 1317/1158/2527 1175/1032/2547
f 1177/1157/2549 1175/1032/2547 1317/1158/2527
f 1317/1158/2527 1316/1156/2525 1177/1157/2549
f 1299/1036/2550 1177/1157/2549 1316/1156/2525
f 1316/1156/2525 1240/1155/2524 1299/1036/2550
f 1318/1160/2551 1320/1161/2552 1319/1162/2553
f 1319/1162/2553 1321/1163/2554 1318/1160/2551
f 1322/1164/2555 1318/1160/2551 1321/1163/2554
f 1321/1163/2554 1323/1165/2556 1322/1164/2555
f 1324/1166/2557 1322/1164/2555 1323/1165/2556
f 1323/1165/2556 1325/1167/2558 1324/1166/2557
f 1326/1168/2559 1324/1166/2557 1325/1167/2558
f 1325/1167/2558 1327/1169/2560 1326/1168/2559
f 1328/1170/2561 1326/1168/2559 1327/1169/2560
f 1327/1169/2560 1329/1171/2562 1328/1170/2561
f 1330/1172/2563 1328/1170/2561 1329/1171/2562
f 1329/1171/2562 1331/1173/2564 1330/1172/2563
f 1332/1174/2565 1330/1172/2563 1331/1173/2564
f 1331/1173/2564 1333/1175/2566 1332/1174/2565
f 1334/1176/2567 1332/1174/2565 1333/1175/2566
f 1333/1175/2566 1335/1177/2568 1334/1176/2567
f 1336/1178/2569 1334/1176/2567 1335/1177/2568
f 1335/1177/2568 1337/1179/2570 1336/1178/2569
f 1338/1180/2571 1336/1178/2569 1337/1179/2570
f 1337/1179/2570 1339/1181/2572 1338/1180/2571
f 1340/1182/2573 1338/1180/2571 1339/1181/2572
f 1339/1181/2572 1341/1183/2574 1340/1182/2573
f 1342/1184/2575 1340/1182/2573 1341/1183/2574
f 1341/1183/2574 1343/1185/2576 1342/1184/2575
f 1320/1186/2577 1342/1184/2575 1343/1185/2576
f 1343/1185/2576 1319/1187/2577 1320/1186/2577
f 1344/1188/2578 1345/1189/2579 1320/1161/2580
f 1320/1161/2580 1318/1160/2581 1344/1188/2578
f 1346/1190/2582 1344/1188/2578 1318/1160/2581
f 1318/1160/2581 1322/1164/2583 1346/1190/2582
f 1347/1191/2584 1346/1190/2582 1322/1164/2583
f 1322/1164/2583 1324/1166/2585 1347/1191/2584
f 1348/1192/2586 1347/1191/2584 1324/1166/2585
f 1324/1166/2585 1326/1168/2587 1348/1192/2586
f 1349/1193/2588 1348/1192/2586 1326/1168/2587
f 1326/1168/2587 1328/1170/2589 1349/1193/2588
f 1350/1194/2590 1349/1193/2588 1328/1170/2589
f 1328/1170/2589 1330/1172/2591 1350/1194/2590
f 1351/1195/2592 1350/1194/2590 1330/1172/2591
f 1330/1172/2591 1332/1174/2593 1351/1195/2592
f 1352/1196/2594 1351/1195/2592 1332/1174/2593
f 1332/1174/2593 1334/1176/2595 1352/1196/2594
f 1353/1197/2596 1352/1196/2594 1334/1176/2595
f 1334/1176/2595 1336/1178/2597 1353/1197/2596
f 1354/1198/2598 1353/1197/2596 1336/1178/2597
f 1336/1178/2597 1338/1180/2598 1354/1198/2598
f 1355/1199/2599 1354/1198/2598 1338/1180/2598
f 1338/1180/2598 1340/1182/2600 1355/1199/2599
f 1356/1200/2601 1355/1199/2599 1340/1182/2600
f 1340/1182/2600 1342/1184/2602 1356/1200/2601
f 1345/1201/2579 1356/1200/2601 1342/1184/2602
f 1342/1184/2602 1320/1186/2580 1345/1201/2579
f 1357/1202/2603 1358/1203/2604 1345/1189/2605
f 1345/1189/2605 1344/1188/2606 1357/1202/2603
f 1359/1204/2607 1357/1202/2603 1344/1188/2606
f 1344/1188/2606 1346/1190/2608 1359/1204/2607
f 1360/1205/2609 1359/1204/2607 1346/1190/2608
f 1346/1190/2608 1347/1191/2610 1360/1205/2609
f 1361/1206/2611 1360/1205/2609 1347/1191/2610
f 1347/1191/2610 1348/1192/2612 1361/1206/2611
f 1362/1207/2613 1361/1206/2611 1348/1192/2612
f 1348/1192/2612 1349/1193/2614 1362/1207/2613
f 1363/1208/2615 1362/1207/2613 1349/1193/2614
f 1349/1193/2614 1350/1194/2616 1363/1208/2615
f 1364/1209/2617 1363/1208/2615 1350/1194/2616
f 1350/1194/2616 1351/1195/2618 1364/1209/2617
f 1365/1210/2619 1364/1209/2617 1351/1195/2618
f 1351/1195/2618 1352/1196/2620 1365/1210/2619
f 1366/1211/2621 1365/1210/2619 1352/1196/2620
f 1352/1196/2620 1353/1197/2622 1366/1211/2621
f 1367/1212/2623 1366/1211/2621 1353/1197/2622
f 1353/1197/2622 1354/1198/2624 1367/1212/2623
f 1368/1213/2625 1367/1212/2623 1354/1198/2624
f 1354/1198/2624 1355/1199/2626 1368/1213/2625
f 1369/1214/2627 1368/1213/2625 1355/1199/2626
f 1355/1199/2626 1356/1200/2628 1369/1214/2627
f 1358/1215/2629 1369/1214/2627 1356/1200/2628
f 1356/1200/2628 1345/1201/2629 1358/1215/2629
f 1370/1216/2630 1372/1217/2630 1371/1218/2630
f 1370/1216/2630 1371/1218/2630 1373/1219/2630
f 1373/1219/2630 1374/1220/2630 1370/1216/2630
f 1375/1221/2630 1373/1219/2630 1371/1218/2630
f 1376/1222/2631 1372/1217/2632 1370/1223/2633
f 1376/1222/2631 1377/1224/2634 1372/1217/2632
f 1377/1224/2634 1371/1218/2635 1372/1217/2632
f 1377/1224/2634 1378/1225/2636 1371/1218/2635
f 1378/1225/2636 1375/1226/2637 1371/1218/2635
f 1378/1225/2636 1379/1227/2638 1375/1226/2637
f 1379/1227/2638 1373/1228/2639 1375/1226/2637
f 1379/1227/2638 1380/1229/2640 1373/1228/2639
f 1380/1229/2640 1374/1230/2641 1373/1228/2639
f 1380/1229/2640 1381/1231/2642 1374/1230/2641
f 1381/1231/2642 1370/1232/2633 1374/1230/2641
f 1381/1231/2642 1376/1233/2631 1370/1232/2633
f 1382/1234/2643 1384/1235/2631 1383/1236/2644
f 1382/1234/2643 1383/1236/2644 1385/1237/2645
f 1386/1238/2646 1382/1234/2643 1385/1237/2645
f 1386/1238/2646 1385/1237/2645 1387/1239/2647
f 1388/1240/2648 1386/1238/2646 1387/1239/2647
f 1388/1240/2648 1387/1239/2647 1389/1241/2649
f 1390/1242/2650 1388/1240/2648 1389/1241/2649
f 1390/1242/2650 1389/1241/2649 1391/1243/2651
f 1392/1244/2652 1390/1242/2650 1391/1243/2651
f 1392/1244/2652 1391/1243/2651 1393/1245/2653
f 1384/1246/2631 1392/1244/2652 1393/1245/2653
f 1384/1246/2631 1393/1245/2653 1383/1247/2644
f 1394/1248/2654 1396/1249/2655 1395/1250/2656
f 1395/1250/2656 1397/1251/2657 1394/1248/2654
f 1398/1252/2658 1397/1251/2657 1395/1250/2656
f 1398/1252/2658 1399/1253/2659 1397/1251/2657
f 1400/1254/2660 1399/1253/2659 1398/1252/2658
f 1400/1254/2660 1401/1255/2661 1399/1253/2659
f 1400/1254/2660 1402/1256/2662 1401/1255/2661
f 1400/1254/2660 1403/1257/2663 1402/1256/2662
f 1403/1257/2663 1404/1258/2664 1402/1256/2662
f 1403/1257/2663 1405/1259/2665 1404/1258/2664
f 1404/1258/2664 1405/1259/2665 1406/1260/2666
f 1406/1260/2666 1405/1259/2665 1407/1261/2667
f 1406/1260/2666 1408/1262/2668 1404/1258/2664
f 1407/1261/2667 1409/1263/2669 1406/1260/2666
f 1410/1264/2670 1404/1258/2664 1408/1262/2668
f 1407/1261/2667 1411/1265/2671 1409/1263/2669
f 1410/1264/2670 1408/1262/2668 1412/1266/2672
f 1412/1266/2672 1409/1263/2669 1411/1265/2671
f 1412/1266/2672 1413/1267/2673 1410/1264/2670
f 1411/1265/2671 1413/1267/2673 1412/1266/2672
f 1411/1265/2671 1414/1268/2674 1413/1267/2673
f 1411/1265/2671 1415/1269/2675 1414/1268/2674
f 1415/1269/2675 1416/1270/2676 1414/1268/2674
f 1415/1269/2675 1417/1271/2676 1416/1270/2676
f 1418/1272/2677 1416/1270/2676 1417/1271/2676
f 1418/1272/2677 1419/1273/2678 1416/1270/2676
f 1420/1274/2679 1419/1273/2678 1418/1272/2677
f 1420/1274/2679 1421/1275/2680 1419/1273/2678
f 1421/1275/2680 1420/1274/2679 1422/1276/2681
f 1422/1276/2681 1420/1274/2679 1423/1277/2682
f 1422/1276/2681 1424/1278/2683 1421/1275/2680
f 1423/1277/2682 1425/1279/2684 1422/1276/2681
f 1426/1280/2685 1421/1275/2680 1424/1278/2683
f 1423/1277/2682 1427/1281/2686 1425/1279/2684
f 1426/1280/2685 1424/1278/2683 1428/1282/2687
f 1428/1282/2687 1425/1279/2684 1427/1281/2686
f 1428/1282/2687 1429/1283/2688 1426/1280/2685
f 1427/1281/2686 1429/1283/2688 1428/1282/2687
f 1430/1284/2689 1429/1283/2688 1427/1281/2686
f 1430/1284/2689 1427/1281/2686 1431/1285/2690
f 1432/1286/2691 1430/1284/2689 1431/1285/2690
f 1432/1286/2691 1431/1285/2690 1433/1287/2692
f 1434/1288/2693 1432/1286/2691 1433/1287/2692
f 1434/1288/2693 1433/1287/2692 1435/1289/2694
f 1436/1290/2695 1434/1288/2693 1435/1289/2694
f 1436/1290/2695 1435/1289/2694 1437/1291/2696
f 1436/1290/2695 1437/1291/2696 1438/1292/2697
f 1438/1292/2697 1437/1291/2696 1439/1293/2698
f 1438/1292/2697 1440/1294/2699 1436/1290/2695
f 1438/1292/2697 1439/1293/2698 1441/1295/2700
f 1436/1290/2695 1440/1294/2699 1442/1296/2701
f 1443/1297/2702 1441/1295/2700 1439/1293/2698
f 1444/1298/2703 1442/1296/2701 1440/1294/2699
f 1444/1298/2703 1441/1295/2700 1443/1297/2702
f 1444/1298/2703 1445/1299/2704 1442/1296/2701
f 1443/1297/2702 1445/1299/2704 1444/1298/2703
f 1445/1299/2704 1443/1297/2702 1446/1300/2705
f 1445/1299/2704 1446/1300/2705 1447/1301/2706
f 1447/1301/2706 1446/1300/2705 1448/1302/2707
f 1447/1301/2706 1448/1302/2707 1449/1303/2708
f 1450/1304/2709 1449/1303/2708 1448/1302/2707
f 1450/1304/2709 1448/1302/2707 1451/1305/2710
f 1452/1306/2711 1450/1304/2709 1451/1305/2710
f 1452/1306/2711 1451/1305/2710 1453/1307/2712
f 1452/1306/2711 1453/1307/2712 1454/1308/2713
f 1454/1308/2713 1453/1307/2712 1455/1309/2714
f 1454/1308/2713 1456/1310/2715 1452/1306/2711
f 1455/1309/2714 1457/1311/2716 1454/1308/2713
f 1452/1306/2711 1456/1310/2715 1458/1312/2717
f 1455/1309/2714 1459/1313/2718 1457/1311/2716
f 1460/1314/2719 1458/1312/2717 1456/1310/2715
f 1460/1314/2719 1457/1311/2716 1459/1313/2718
f 1460/1314/2719 1461/1315/2720 1458/1312/2717
f 1459/1313/2718 1461/1315/2720 1460/1314/2719
f 1461/1315/2720 1459/1313/2718 1462/1316/2721
f 1461/1315/2720 1462/1316/2721 1463/1317/2722
f 1463/1317/2722 1462/1316/2721 1464/1318/2723
f 1463/1317/2722 1464/1318/2723 1465/1319/2724
f 1466/1320/2725 1465/1319/2724 1464/1318/2723
f 1466/1320/2725 1464/1318/2723 1467/1321/2726
f 1468/1322/2727 1466/1320/2725 1467/1321/2726
f 1468/1322/2727 1467/1321/2726 1469/1323/2728
f 1468/1322/2727 1469/1323/2728 1470/1324/2729
f 1470/1324/2729 1469/1323/2728 1471/1325/2730
f 1470/1324/2729 1471/1325/2730 1396/1326/2655
f 1395/1327/2656 1396/1326/2655 1471/1325/2730
f 1470/1324/2729 1472/1328/2731 1468/1322/2727
f 1468/1322/2727 1472/1328/2731 1473/1329/2732
f 1394/1330/2654 1473/1329/2732 1472/1328/2731
f 1394/1330/2654 1397/1331/2657 1473/1329/2732
f 1422/1332/2733 1425/1333/2734 1474/1334/2735
f 1474/1334/2735 1475/1335/2736 1422/1332/2733
f 1476/1336/2737 1475/1335/2736 1474/1334/2735
f 1474/1334/2735 1477/1337/2738 1476/1336/2737
f 1478/1338/2739 1476/1336/2737 1477/1337/2738
f 1476/1336/2737 1478/1338/2739 1479/1339/2740
f 1477/1337/2738 1480/1340/2741 1478/1338/2739
f 1481/1341/2742 1480/1340/2741 1477/1337/2738
f 1482/1342/2743 1479/1339/2740 1478/1338/2739
f 1478/1338/2739 1483/1343/2744 1482/1342/2743
f 1484/1344/2745 1479/1339/2740 1482/1342/2743
f 1482/1342/2743 1485/1345/2746 1484/1344/2745
f 1484/1344/2745 1485/1345/2746 1406/1346/2747
f 1406/1346/2747 1409/1347/2748 1484/1344/2745
f 1482/1342/2743 1483/1343/2744 1486/1348/2749
f 1486/1348/2749 1483/1343/2744 1487/1349/2750
f 1480/1340/2741 1481/1341/2742 1488/1350/2751
f 1488/1350/2751 1489/1351/2752 1480/1340/2741
f 1490/1352/2753 1488/1350/2751 1481/1341/2742
f 1481/1341/2742 1491/1353/2754 1490/1352/2753
f 1490/1352/2753 1491/1353/2754 1438/1354/2755
f 1438/1354/2755 1441/1355/2756 1490/1352/2753
f 1492/1356/2757 1489/1351/2752 1488/1350/2751
f 1487/1349/2750 1493/1357/2758 1486/1348/2749
f 1494/1358/2759 1486/1348/2749 1493/1357/2758
f 1493/1357/2758 1495/1359/2760 1494/1358/2759
f 1494/1358/2759 1495/1359/2760 1470/1360/2761
f 1470/1360/2761 1396/1361/2762 1494/1358/2759
f 1493/1357/2758 1487/1349/2750 1496/1362/2763
f 1496/1362/2763 1487/1349/2750 1489/1351/2752
f 1489/1351/2752 1492/1356/2757 1496/1362/2763
f 1497/1363/2764 1496/1362/2763 1492/1356/2757
f 1492/1356/2757 1498/1364/2765 1497/1363/2764
f 1497/1363/2764 1498/1364/2765 1454/1365/2766
f 1454/1365/2766 1457/1366/2767 1497/1363/2764
f 1428/1333/2768 1424/1332/2769 1499/1335/2770
f 1499/1335/2770 1500/1334/2771 1428/1333/2768
f 1501/1337/2772 1500/1334/2771 1499/1335/2770
f 1499/1335/2770 1502/1336/2773 1501/1337/2772
f 1501/1337/2772 1502/1336/2773 1503/1338/2774
f 1504/1339/2775 1503/1338/2774 1502/1336/2773
f 1503/1338/2774 1505/1340/2776 1501/1337/2772
f 1501/1337/2772 1505/1340/2776 1506/1341/2777
f 1507/1350/2778 1506/1341/2777 1505/1340/2776
f 1505/1340/2776 1508/1351/2779 1507/1350/2778
f 1509/1353/2780 1506/1341/2777 1507/1350/2778
f 1507/1350/2778 1510/1352/2781 1509/1353/2780
f 1509/1353/2780 1510/1352/2781 1444/1355/2782
f 1444/1355/2782 1440/1354/2783 1509/1353/2780
f 1507/1350/2778 1508/1351/2779 1511/1356/2784
f 1512/1362/2785 1511/1356/2784 1508/1351/2779
f 1508/1351/2779 1513/1349/2786 1512/1362/2785
f 1514/1364/2787 1511/1356/2784 1512/1362/2785
f 1512/1362/2785 1515/1363/2788 1514/1364/2787
f 1514/1364/2787 1515/1363/2788 1460/1366/2789
f 1460/1366/2789 1456/1365/2790 1514/1364/2787
f 1512/1362/2785 1513/1349/2786 1516/1357/2791
f 1517/1348/2792 1516/1357/2791 1513/1349/2786
f 1513/1349/2786 1518/1343/2793 1517/1348/2792
f 1519/1359/2794 1516/1357/2791 1517/1348/2792
f 1517/1348/2792 1520/1358/2795 1519/1359/2794
f 1519/1359/2794 1520/1358/2795 1394/1361/2796
f 1394/1361/2796 1472/1360/2797 1519/1359/2794
f 1517/1348/2792 1518/1343/2793 1521/1342/2798
f 1521/1342/2798 1518/1343/2793 1503/1338/2774
f 1503/1338/2774 1504/1339/2775 1521/1342/2798
f 1522/1345/2799 1521/1342/2798 1504/1339/2775
f 1504/1339/2775 1523/1344/2800 1522/1345/2799
f 1522/1345/2799 1523/1344/2800 1412/1347/2801
f 1412/1347/2801 1408/1346/2802 1522/1345/2799
f 1409/1367/2803 1412/1368/2803 1523/1369/2804
f 1523/1369/2804 1484/1370/2804 1409/1367/2803
f 1479/1371/2805 1484/1370/2804 1523/1369/2804
f 1523/1369/2804 1504/1372/2805 1479/1371/2805
f 1479/1371/2805 1504/1372/2805 1502/1373/2806
f 1502/1373/2806 1476/1374/2807 1479/1371/2805
f 1475/1375/2808 1476/1374/2807 1502/1373/2806
f 1502/1373/2806 1499/1376/2809 1475/1375/2808
f 1422/1377/2810 1475/1375/2808 1499/1376/2809
f 1499/1376/2809 1424/1378/2810 1422/1377/2810
f 1425/1379/2811 1428/1380/2811 1500/1381/2812
f 1500/1381/2812 1474/1382/2812 1425/1379/2811
f 1477/1383/2813 1474/1382/2812 1500/1381/2812
f 1500/1381/2812 1501/1384/2813 1477/1383/2813
f 1477/1383/2813 1501/1384/2813 1506/1385/2814
f 1506/1385/2814 1481/1386/2815 1477/1383/2813
f 1491/1387/2816 1481/1386/2815 1506/1385/2814
f 1506/1385/2814 1509/1388/2817 1491/1387/2816
f 1438/1389/2818 1491/1387/2816 1509/1388/2817
f 1509/1388/2817 1440/1390/2818 1438/1389/2818
f 1441/1391/2819 1444/1392/2819 1510/1393/2820
f 1510/1393/2820 1490/1394/2820 1441/1391/2819
f 1488/1395/2821 1490/1394/2820 1510/1393/2820
f 1510/1393/2820 1507/1396/2821 1488/1395/2821
f 1488/1395/2821 1507/1396/2821 1511/1397/2822
f 1511/1397/2822 1492/1398/2822 1488/1395/2821
f 1498/1399/2823 1492/1398/2822 1511/1397/2822
f 1511/1397/2822 1514/1400/2824 1498/1399/2823
f 1454/1401/2825 1498/1399/2823 1514/1400/2824
f 1514/1400/2824 1456/1402/2825 1454/1401/2825
f 1457/1403/2826 1460/1404/2826 1515/1405/2827
f 1515/1405/2827 1497/1406/2827 1457/1403/2826
f 1496/1407/2828 1497/1406/2827 1515/1405/2827
f 1515/1405/2827 1512/1408/2828 1496/1407/2828
f 1496/1407/2828 1512/1408/2828 1516/1409/2829
f 1516/1409/2829 1493/1410/2830 1496/1407/2828
f 1495/1411/2831 1493/1410/2830 1516/1409/2829
f 1516/1409/2829 1519/1412/2832 1495/1411/2831
f 1470/1413/2833 1495/1411/2831 1519/1412/2832
f 1519/1412/2832 1472/1414/2833 1470/1413/2833
f 1396/1415/2834 1394/1416/2834 1520/1417/2835
f 1520/1417/2835 1494/1418/2836 1396/1415/2834
f 1486/1419/2837 1494/1418/2836 1520/1417/2835
f 1520/1417/2835 1517/1420/2837 1486/1419/2837
f 1486/1419/2837 1517/1420/2837 1521/1421/2838
f 1521/1421/2838 1482/1422/2838 1486/1419/2837
f 1485/1423/2839 1482/1422/2838 1521/1421/2838
f 1521/1421/2838 1522/1424/2840 1485/1423/2839
f 1406/1425/2841 1485/1423/2839 1522/1424/2840
f 1522/1424/2840 1408/1426/2841 1406/1425/2841
f 1524/1427/56 1526/1428/56 1525/1429/56
f 1524/1427/56 1525/1429/56 1527/1430/56
f 1524/1427/56 1527/1430/56 1528/1431/56
f 1529/1432/56 1528/1431/56 1527/1430/56
f 1530/1433/56 1528/1431/56 1529/1432/56
f 1530/1433/56 1531/1434/56 1528/1431/56
f 1530/1433/56 1532/1435/56 1531/1434/56
f 1529/1432/56 1527/1430/56 1533/1436/56
f 1534/1437/56 1533/1436/56 1527/1430/56
f 1534/1437/56 1535/1438/56 1533/1436/56
f 1534/1437/56 1536/1439/56 1535/1438/56
f 1529/1432/56 1533/1436/56 1537/1440/56
f 1538/1441/56 1537/1440/56 1533/1436/56
f 1538/1441/56 1539/1442/56 1537/1440/56
f 1538/1441/56 1540/1443/56 1539/1442/56
f 1529/1432/56 1537/1440/56 1541/1444/56
f 1529/1432/56 1541/1444/56 1542/1445/56
f 1541/1444/56 1543/1446/56 1542/1445/56
f 1544/1447/973 1546/1448/973 1545/1449/973
f 1547/1450/973 1544/1447/973 1545/1449/973
f 1547/1450/973 1548/1451/973 1544/1447/973
f 1547/1450/973 1549/1452/973 1548/1451/973
f 1550/1453/973 1548/1451/973 1549/1452/973
f 1550/1453/973 1549/1452/973 1551/1454/973
f 1551/1454/973 1552/1455/973 1550/1453/973
f 1547/1450/973 1553/1456/973 1549/1452/973
f 1553/1456/973 1547/1450/973 1554/1457/973
f 1553/1456/973 1554/1457/973 1555/1458/973
f 1554/1457/973 1556/1459/973 1555/1458/973
f 1553/1456/973 1557/1460/973 1549/1452/973
f 1557/1460/973 1553/1456/973 1558/1461/973
f 1557/1460/973 1558/1461/973 1559/1462/973
f 1558/1461/973 1560/1463/973 1559/1462/973
f 1549/1452/973 1557/1460/973 1561/1464/973
f 1549/1452/973 1561/1464/973 1562/1465/973
f 1561/1464/973 1563/1466/973 1562/1465/973
f 1480/1340/2842 1489/1351/2843 1564/1467/2844
f 1478/1338/2845 1480/1340/2842 1564/1467/2844
f 1564/1467/2844 1489/1351/2843 1487/1349/2846
f 1564/1467/2844 1483/1343/2847 1478/1338/2845
f 1564/1467/2844 1487/1349/2846 1483/1343/2847
f 1505/1340/2848 1503/1338/2849 1565/1467/2850
f 1508/1351/2851 1505/1340/2848 1565/1467/2850
f 1565/1467/2850 1503/1338/2849 1518/1343/2852
f 1565/1467/2850 1513/1349/2853 1508/1351/2851
f 1565/1467/2850 1518/1343/2852 1513/1349/2853
f 1418/1468/2854 1417/1469/2855 1566/1470/2856
f 1418/1468/2854 1566/1470/2856 1567/1471/2857
f 1420/1472/2858 1418/1468/2854 1567/1471/2857
f 1568/1473/2859 1567/1471/2857 1566/1470/2856
f 1568/1473/2859 1566/1470/2856 1569/1474/2860
f 1420/1472/2858 1567/1471/2857 1570/1475/2861
f 1423/1476/2862 1420/1472/2858 1570/1475/2861
f 1571/1477/2863 1568/1473/2859 1569/1474/2860
f 1571/1477/2863 1569/1474/2860 1572/1478/2864
f 1573/1479/2865 1567/1471/2857 1568/1473/2859
f 1573/1479/2865 1570/1475/2861 1567/1471/2857
f 1423/1476/2862 1570/1475/2861 1574/1480/2866
f 1427/1481/2867 1423/1476/2862 1574/1480/2866
f 1575/1482/2868 1568/1473/2859 1571/1477/2863
f 1575/1482/2868 1573/1479/2865 1568/1473/2859
f 1572/1478/2864 1576/1483/2869 1571/1477/2863
f 1572/1478/2864 1577/1484/2870 1576/1483/2869
f 1578/1485/2871 1570/1475/2861 1573/1479/2865
f 1578/1485/2871 1574/1480/2866 1570/1475/2861
f 1427/1481/2867 1574/1480/2866 1579/1486/2872
f 1431/1487/2873 1427/1481/2867 1579/1486/2872
f 1571/1477/2863 1580/1488/2874 1575/1482/2868
f 1571/1477/2863 1576/1483/2869 1580/1488/2874
f 1577/1484/2870 1581/1489/2875 1576/1483/2869
f 1577/1484/2870 1582/1490/2876 1581/1489/2875
f 1573/1479/2865 1575/1482/2868 1583/1491/2877
f 1573/1479/2865 1583/1491/2877 1578/1485/2871
f 1584/1492/2878 1574/1480/2866 1578/1485/2871
f 1584/1492/2878 1579/1486/2872 1574/1480/2866
f 1431/1487/2873 1579/1486/2872 1585/1493/2879
f 1433/1494/2880 1431/1487/2873 1585/1493/2879
f 1586/1495/2881 1575/1482/2868 1580/1488/2874
f 1586/1495/2881 1583/1491/2877 1575/1482/2868
f 1576/1483/2869 1587/1496/2882 1580/1488/2874
f 1576/1483/2869 1581/1489/2875 1587/1496/2882
f 1582/1490/2876 1588/1497/2883 1581/1489/2875
f 1582/1490/2876 1589/1498/2884 1588/1497/2883
f 1419/1499/2885 1588/1497/2883 1589/1498/2884
f 1419/1499/2885 1589/1498/2884 1416/1500/2886
f 1421/1501/2887 1588/1497/2883 1419/1499/2885
f 1581/1489/2875 1588/1497/2883 1590/1502/2888
f 1421/1501/2887 1590/1502/2888 1588/1497/2883
f 1581/1489/2875 1590/1502/2888 1587/1496/2882
f 1590/1502/2888 1421/1501/2887 1426/1503/2889
f 1590/1502/2888 1426/1503/2889 1591/1504/2890
f 1587/1496/2882 1590/1502/2888 1591/1504/2890
f 1591/1504/2890 1426/1503/2889 1429/1505/2891
f 1580/1488/2874 1587/1496/2882 1592/1506/2892
f 1587/1496/2882 1591/1504/2890 1592/1506/2892
f 1580/1488/2874 1592/1506/2892 1586/1495/2881
f 1591/1504/2890 1429/1505/2891 1593/1507/2893
f 1592/1506/2892 1591/1504/2890 1593/1507/2893
f 1586/1495/2881 1592/1506/2892 1594/1508/2894
f 1592/1506/2892 1593/1507/2893 1594/1508/2894
f 1429/1505/2891 1595/1509/2895 1593/1507/2893
f 1594/1508/2894 1593/1507/2893 1595/1509/2895
f 1429/1505/2891 1430/1510/2896 1595/1509/2895
f 1586/1495/2881 1594/1508/2894 1596/1511/2897
f 1596/1511/2897 1583/1491/2877 1586/1495/2881
f 1430/1510/2896 1597/1512/2898 1595/1509/2895
f 1430/1510/2896 1432/1513/2899 1597/1512/2898
f 1597/1512/2898 1432/1513/2899 1434/1514/2900
f 1594/1508/2894 1595/1509/2895 1598/1515/2901
f 1598/1515/2901 1596/1511/2897 1594/1508/2894
f 1598/1515/2901 1595/1509/2895 1597/1512/2898
f 1596/1511/2897 1599/1516/2902 1583/1491/2877
f 1578/1485/2871 1583/1491/2877 1599/1516/2902
f 1578/1485/2871 1599/1516/2902 1584/1492/2878
f 1597/1512/2898 1434/1514/2900 1600/1517/2903
f 1600/1517/2903 1434/1514/2900 1436/1518/2904
f 1598/1515/2901 1601/1519/2905 1596/1511/2897
f 1599/1516/2902 1596/1511/2897 1601/1519/2905
f 1598/1515/2901 1597/1512/2898 1602/1520/2906
f 1600/1517/2903 1602/1520/2906 1597/1512/2898
f 1602/1520/2906 1601/1519/2905 1598/1515/2901
f 1603/1521/2907 1584/1492/2878 1599/1516/2902
f 1599/1516/2902 1601/1519/2905 1603/1521/2907
f 1600/1517/2903 1436/1518/2904 1604/1522/2908
f 1604/1522/2908 1436/1518/2904 1442/1523/2909
f 1600/1517/2903 1605/1524/2910 1602/1520/2906
f 1604/1522/2908 1605/1524/2910 1600/1517/2903
f 1602/1520/2906 1606/1525/2911 1601/1519/2905
f 1603/1521/2907 1601/1519/2905 1606/1525/2911
f 1606/1525/2911 1602/1520/2906 1605/1524/2910
f 1603/1521/2907 1607/1526/2912 1584/1492/2878
f 1607/1526/2912 1579/1486/2872 1584/1492/2878
f 1607/1526/2912 1585/1493/2879 1579/1486/2872
f 1604/1522/2908 1442/1523/2909 1608/1527/2913
f 1608/1527/2913 1442/1523/2909 1445/1528/2914
f 1603/1521/2907 1606/1525/2911 1609/1529/2915
f 1609/1529/2915 1607/1526/2912 1603/1521/2907
f 1604/1522/2908 1610/1530/2916 1605/1524/2910
f 1610/1530/2916 1604/1522/2908 1608/1527/2913
f 1606/1525/2911 1605/1524/2910 1611/1531/2917
f 1609/1529/2915 1606/1525/2911 1611/1531/2917
f 1611/1531/2917 1605/1524/2910 1610/1530/2916
f 1612/1532/2918 1585/1493/2879 1607/1526/2912
f 1609/1529/2915 1612/1532/2918 1607/1526/2912
f 1609/1529/2915 1611/1531/2917 1613/1533/2919
f 1613/1533/2919 1612/1532/2918 1609/1529/2915
f 1611/1531/2917 1610/1530/2916 1614/1534/2920
f 1613/1533/2919 1611/1531/2917 1614/1534/2920
f 1610/1530/2916 1608/1527/2913 1615/1535/2921
f 1615/1535/2921 1614/1534/2920 1610/1530/2916
f 1608/1527/2913 1445/1528/2914 1616/1536/2922
f 1615/1535/2921 1608/1527/2913 1616/1536/2922
f 1612/1532/2918 1617/1537/2923 1585/1493/2879
f 1433/1494/2880 1585/1493/2879 1617/1537/2923
f 1435/1538/2924 1433/1494/2880 1617/1537/2923
f 1613/1533/2919 1618/1539/2925 1612/1532/2918
f 1618/1539/2925 1617/1537/2923 1612/1532/2918
f 1435/1538/2924 1617/1537/2923 1619/1540/2926
f 1618/1539/2925 1619/1540/2926 1617/1537/2923
f 1437/1541/2927 1435/1538/2924 1619/1540/2926
f 1613/1533/2919 1614/1534/2920 1620/1542/2928
f 1620/1542/2928 1618/1539/2925 1613/1533/2919
f 1621/1543/2929 1616/1536/2922 1445/1528/2914
f 1621/1543/2929 1445/1528/2914 1447/1544/2930
f 1437/1541/2927 1619/1540/2926 1622/1545/2931
f 1439/1546/2932 1437/1541/2927 1622/1545/2931
f 1623/1547/2933 1619/1540/2926 1618/1539/2925
f 1620/1542/2928 1623/1547/2933 1618/1539/2925
f 1623/1547/2933 1622/1545/2931 1619/1540/2926
f 1624/1548/2934 1620/1542/2928 1614/1534/2920
f 1615/1535/2921 1624/1548/2934 1614/1534/2920
f 1615/1535/2921 1616/1536/2922 1625/1549/2935
f 1621/1543/2929 1625/1549/2935 1616/1536/2922
f 1625/1549/2935 1624/1548/2934 1615/1535/2921
f 1626/1550/2936 1621/1543/2929 1447/1544/2930
f 1626/1550/2936 1447/1544/2930 1449/1551/2937
f 1439/1546/2932 1622/1545/2931 1627/1552/2938
f 1443/1553/2939 1439/1546/2932 1627/1552/2938
f 1628/1554/2940 1623/1547/2933 1620/1542/2928
f 1624/1548/2934 1628/1554/2940 1620/1542/2928
f 1622/1545/2931 1623/1547/2933 1629/1555/2941
f 1622/1545/2931 1629/1555/2941 1627/1552/2938
f 1628/1554/2940 1629/1555/2941 1623/1547/2933
f 1621/1543/2929 1630/1556/2942 1625/1549/2935
f 1626/1550/2936 1630/1556/2942 1621/1543/2929
f 1625/1549/2935 1631/1557/2943 1624/1548/2934
f 1631/1557/2943 1628/1554/2940 1624/1548/2934
f 1630/1556/2942 1631/1557/2943 1625/1549/2935
f 1632/1558/2944 1626/1550/2936 1449/1551/2937
f 1632/1558/2944 1449/1551/2937 1450/1559/2945
f 1633/1560/2946 1629/1555/2941 1628/1554/2940
f 1631/1557/2943 1633/1560/2946 1628/1554/2940
f 1627/1552/2938 1629/1555/2941 1634/1561/2947
f 1633/1560/2946 1634/1561/2947 1629/1555/2941
f 1630/1556/2942 1635/1562/2948 1631/1557/2943
f 1635/1562/2948 1633/1560/2946 1631/1557/2943
f 1626/1550/2936 1636/1563/2949 1630/1556/2942
f 1632/1558/2944 1636/1563/2949 1626/1550/2936
f 1636/1563/2949 1635/1562/2948 1630/1556/2942
f 1637/1564/2950 1632/1558/2944 1450/1559/2945
f 1637/1564/2950 1450/1559/2945 1452/1565/2951
f 1635/1562/2948 1638/1566/2952 1633/1560/2946
f 1634/1561/2947 1633/1560/2946 1638/1566/2952
f 1627/1552/2938 1634/1561/2947 1639/1567/2953
f 1443/1553/2939 1627/1552/2938 1639/1567/2953
f 1446/1568/2954 1443/1553/2939 1639/1567/2953
f 1632/1558/2944 1640/1569/2955 1636/1563/2949
f 1637/1564/2950 1640/1569/2955 1632/1558/2944
f 1636/1563/2949 1641/1570/2956 1635/1562/2948
f 1641/1570/2956 1638/1566/2952 1635/1562/2948
f 1640/1569/2955 1641/1570/2956 1636/1563/2949
f 1642/1571/2957 1637/1564/2950 1452/1565/2951
f 1642/1571/2957 1452/1565/2951 1458/1572/2958
f 1634/1561/2947 1638/1566/2952 1643/1573/2959
f 1639/1567/2953 1634/1561/2947 1643/1573/2959
f 1446/1568/2954 1639/1567/2953 1644/1574/2960
f 1639/1567/2953 1643/1573/2959 1644/1574/2960
f 1448/1575/2961 1446/1568/2954 1644/1574/2960
f 1637/1564/2950 1645/1576/2962 1640/1569/2955
f 1642/1571/2957 1645/1576/2962 1637/1564/2950
f 1640/1569/2955 1646/1577/2963 1641/1570/2956
f 1645/1576/2962 1646/1577/2963 1640/1569/2955
f 1641/1570/2956 1647/1578/2964 1638/1566/2952
f 1643/1573/2959 1638/1566/2952 1647/1578/2964
f 1646/1577/2963 1647/1578/2964 1641/1570/2956
f 1648/1579/2965 1642/1571/2957 1458/1572/2958
f 1648/1579/2965 1458/1572/2958 1461/1580/2966
f 1648/1579/2965 1461/1580/2966 1463/1581/2967
f 1448/1575/2961 1644/1574/2960 1649/1582/2968
f 1451/1583/2969 1448/1575/2961 1649/1582/2968
f 1644/1574/2960 1643/1573/2959 1650/1584/2970
f 1643/1573/2959 1647/1578/2964 1650/1584/2970
f 1644/1574/2960 1650/1584/2970 1649/1582/2968
f 1646/1577/2963 1651/1585/2971 1647/1578/2964
f 1650/1584/2970 1647/1578/2964 1651/1585/2971
f 1451/1583/2969 1649/1582/2968 1652/1586/2972
f 1453/1587/2973 1451/1583/2969 1652/1586/2972
f 1649/1582/2968 1650/1584/2970 1653/1588/2974
f 1650/1584/2970 1651/1585/2971 1653/1588/2974
f 1649/1582/2968 1653/1588/2974 1652/1586/2972
f 1654/1589/2975 1651/1585/2971 1646/1577/2963
f 1645/1576/2962 1654/1589/2975 1646/1577/2963
f 1453/1587/2973 1652/1586/2972 1655/1590/2976
f 1655/1590/2976 1455/1591/2977 1453/1587/2973
f 1652/1586/2972 1653/1588/2974 1656/1592/2978
f 1652/1586/2972 1656/1592/2978 1655/1590/2976
f 1653/1588/2974 1651/1585/2971 1657/1593/2979
f 1654/1589/2975 1657/1593/2979 1651/1585/2971
f 1653/1588/2974 1657/1593/2979 1656/1592/2978
f 1658/1594/2980 1654/1589/2975 1645/1576/2962
f 1642/1571/2957 1658/1594/2980 1645/1576/2962
f 1648/1579/2965 1658/1594/2980 1642/1571/2957
f 1655/1590/2976 1659/1595/2981 1455/1591/2977
f 1659/1595/2981 1459/1596/2982 1455/1591/2977
f 1655/1590/2976 1656/1592/2978 1660/1597/2983
f 1655/1590/2976 1660/1597/2983 1659/1595/2981
f 1656/1592/2978 1657/1593/2979 1661/1598/2984
f 1656/1592/2978 1661/1598/2984 1660/1597/2983
f 1657/1593/2979 1654/1589/2975 1662/1599/2985
f 1658/1594/2980 1662/1599/2985 1654/1589/2975
f 1657/1593/2979 1662/1599/2985 1661/1598/2984
f 1648/1579/2965 1663/1600/2986 1658/1594/2980
f 1663/1600/2986 1662/1599/2985 1658/1594/2980
f 1659/1595/2981 1664/1601/2987 1459/1596/2982
f 1664/1601/2987 1462/1602/2988 1459/1596/2982
f 1659/1595/2981 1660/1597/2983 1665/1603/2989
f 1659/1595/2981 1665/1603/2989 1664/1601/2987
f 1661/1598/2984 1662/1599/2985 1666/1604/2990
f 1663/1600/2986 1666/1604/2990 1662/1599/2985
f 1660/1597/2983 1661/1598/2984 1667/1605/2991
f 1660/1597/2983 1667/1605/2991 1665/1603/2989
f 1661/1598/2984 1666/1604/2990 1667/1605/2991
f 1668/1606/2992 1663/1600/2986 1648/1579/2965
f 1648/1579/2965 1463/1581/2967 1668/1606/2992
f 1668/1606/2992 1463/1581/2967 1465/1607/2993
f 1664/1601/2987 1669/1608/2994 1462/1602/2988
f 1669/1608/2994 1464/1609/2995 1462/1602/2988
f 1664/1601/2987 1665/1603/2989 1670/1610/2996
f 1664/1601/2987 1670/1610/2996 1669/1608/2994
f 1665/1603/2989 1667/1605/2991 1671/1611/2997
f 1665/1603/2989 1671/1611/2997 1670/1610/2996
f 1667/1605/2991 1666/1604/2990 1672/1612/2998
f 1667/1605/2991 1672/1612/2998 1671/1611/2997
f 1666/1604/2990 1663/1600/2986 1673/1613/2999
f 1668/1606/2992 1673/1613/2999 1663/1600/2986
f 1666/1604/2990 1673/1613/2999 1672/1612/2998
f 1668/1606/2992 1465/1607/2993 1674/1614/3000
f 1674/1614/3000 1673/1613/2999 1668/1606/2992
f 1466/1615/3001 1674/1614/3000 1465/1607/2993
f 1669/1608/2994 1675/1616/3002 1464/1609/2995
f 1675/1616/3002 1467/1617/3003 1464/1609/2995
f 1669/1608/2994 1670/1610/2996 1676/1618/3004
f 1669/1608/2994 1676/1618/3004 1675/1616/3002
f 1670/1610/2996 1671/1611/2997 1677/1619/3005
f 1670/1610/2996 1677/1619/3005 1676/1618/3004
f 1672/1612/2998 1673/1613/2999 1678/1620/3006
f 1674/1614/3000 1678/1620/3006 1673/1613/2999
f 1466/1615/3001 1679/1621/3007 1674/1614/3000
f 1678/1620/3006 1674/1614/3000 1679/1621/3007
f 1468/1622/3008 1679/1621/3007 1466/1615/3001
f 1671/1611/2997 1672/1612/2998 1680/1623/3009
f 1672/1612/2998 1678/1620/3006 1680/1623/3009
f 1671/1611/2997 1680/1623/3009 1677/1619/3005
f 1675/1616/3002 1681/1624/3010 1467/1617/3003
f 1681/1624/3010 1469/1625/3011 1467/1617/3003
f 1682/1626/3012 1675/1616/3002 1676/1618/3004
f 1682/1626/3012 1681/1624/3010 1675/1616/3002
f 1678/1620/3006 1679/1621/3007 1683/1627/3013
f 1680/1623/3009 1678/1620/3006 1683/1627/3013
f 1468/1622/3008 1684/1628/3014 1679/1621/3007
f 1683/1627/3013 1679/1621/3007 1684/1628/3014
f 1677/1619/3005 1680/1623/3009 1685/1629/3015
f 1680/1623/3009 1683/1627/3013 1685/1629/3015
f 1676/1618/3004 1677/1619/3005 1686/1630/3016
f 1676/1618/3004 1686/1630/3016 1682/1626/3012
f 1677/1619/3005 1685/1629/3015 1686/1630/3016
f 1681/1624/3010 1687/1631/3017 1469/1625/3011
f 1687/1631/3017 1471/1632/3018 1469/1625/3011
f 1688/1633/3019 1684/1628/3014 1468/1622/3008
f 1688/1633/3019 1468/1622/3008 1473/1634/3020
f 1683/1627/3013 1684/1628/3014 1689/1635/3021
f 1685/1629/3015 1683/1627/3013 1689/1635/3021
f 1689/1635/3021 1684/1628/3014 1688/1633/3019
f 1690/1636/3022 1681/1624/3010 1682/1626/3012
f 1690/1636/3022 1687/1631/3017 1681/1624/3010
f 1682/1626/3012 1686/1630/3016 1691/1637/3023
f 1682/1626/3012 1691/1637/3023 1690/1636/3022
f 1686/1630/3016 1685/1629/3015 1692/1638/3024
f 1685/1629/3015 1689/1635/3021 1692/1638/3024
f 1686/1630/3016 1692/1638/3024 1691/1637/3023
f 1687/1631/3017 1693/1639/3025 1471/1632/3018
f 1693/1639/3025 1395/1640/3026 1471/1632/3018
f 1689/1635/3021 1688/1633/3019 1694/1641/3027
f 1692/1638/3024 1689/1635/3021 1694/1641/3027
f 1695/1642/3028 1687/1631/3017 1690/1636/3022
f 1695/1642/3028 1693/1639/3025 1687/1631/3017
f 1696/1643/3029 1690/1636/3022 1691/1637/3023
f 1696/1643/3029 1695/1642/3028 1690/1636/3022
f 1697/1644/3030 1691/1637/3023 1692/1638/3024
f 1692/1638/3024 1694/1641/3027 1697/1644/3030
f 1697/1644/3030 1696/1643/3029 1691/1637/3023
f 1693/1639/3025 1698/1645/3031 1395/1640/3026
f 1698/1645/3031 1398/1646/3032 1395/1640/3026
f 1694/1641/3027 1688/1633/3019 1699/1647/3033
f 1699/1647/3033 1688/1633/3019 1473/1634/3020
f 1699/1647/3033 1473/1634/3020 1397/1648/3034
f 1700/1649/3035 1693/1639/3025 1695/1642/3028
f 1700/1649/3035 1698/1645/3031 1693/1639/3025
f 1697/1644/3030 1694/1641/3027 1701/1650/3036
f 1694/1641/3027 1699/1647/3033 1701/1650/3036
f 1397/1648/3034 1702/1651/3037 1699/1647/3033
f 1701/1650/3036 1699/1647/3033 1702/1651/3037
f 1397/1648/3034 1399/1652/3038 1702/1651/3037
f 1703/1653/3039 1696/1643/3029 1697/1644/3030
f 1697/1644/3030 1701/1650/3036 1703/1653/3039
f 1704/1654/3040 1695/1642/3028 1696/1643/3029
f 1704/1654/3040 1700/1649/3035 1695/1642/3028
f 1703/1653/3039 1704/1654/3040 1696/1643/3029
f 1399/1652/3038 1705/1655/3041 1702/1651/3037
f 1399/1652/3038 1401/1656/3042 1705/1655/3041
f 1701/1650/3036 1702/1651/3037 1706/1657/3043
f 1703/1653/3039 1701/1650/3036 1706/1657/3043
f 1706/1657/3043 1702/1651/3037 1705/1655/3041
f 1704/1654/3040 1703/1653/3039 1707/1658/3044
f 1703/1653/3039 1706/1657/3043 1707/1658/3044
f 1700/1649/3035 1704/1654/3040 1708/1659/3045
f 1704/1654/3040 1707/1658/3044 1708/1659/3045
f 1709/1660/3046 1705/1655/3041 1401/1656/3042
f 1709/1660/3046 1401/1656/3042 1402/1661/3047
f 1706/1657/3043 1705/1655/3041 1710/1662/3048
f 1707/1658/3044 1706/1657/3043 1710/1662/3048
f 1710/1662/3048 1705/1655/3041 1709/1660/3046
f 1711/1663/3049 1709/1660/3046 1402/1661/3047
f 1711/1663/3049 1402/1661/3047 1404/1664/3050
f 1711/1663/3049 1404/1664/3050 1410/1665/3051
f 1707/1658/3044 1710/1662/3048 1712/1666/3052
f 1708/1659/3045 1707/1658/3044 1712/1666/3052
f 1710/1662/3048 1709/1660/3046 1713/1667/3053
f 1713/1667/3053 1709/1660/3046 1711/1663/3049
f 1712/1666/3052 1710/1662/3048 1713/1667/3053
f 1700/1649/3035 1708/1659/3045 1714/1668/3054
f 1698/1645/3031 1700/1649/3035 1714/1668/3054
f 1711/1663/3049 1410/1665/3051 1715/1669/3055
f 1715/1669/3055 1410/1665/3051 1413/1670/3056
f 1708/1659/3045 1712/1666/3052 1716/1671/3057
f 1714/1668/3054 1708/1659/3045 1716/1671/3057
f 1713/1667/3053 1711/1663/3049 1717/1672/3058
f 1717/1672/3058 1711/1663/3049 1715/1669/3055
f 1712/1666/3052 1713/1667/3053 1718/1673/3059
f 1716/1671/3057 1712/1666/3052 1718/1673/3059
f 1718/1673/3059 1713/1667/3053 1717/1672/3058
f 1698/1645/3031 1714/1668/3054 1719/1674/3060
f 1698/1645/3031 1719/1674/3060 1398/1646/3032
f 1719/1674/3060 1400/1675/3061 1398/1646/3032
f 1714/1668/3054 1716/1671/3057 1720/1676/3062
f 1719/1674/3060 1714/1668/3054 1720/1676/3062
f 1719/1674/3060 1721/1677/3063 1400/1675/3061
f 1719/1674/3060 1720/1676/3062 1721/1677/3063
f 1721/1677/3063 1403/1678/3064 1400/1675/3061
f 1716/1671/3057 1718/1673/3059 1722/1679/3065
f 1720/1676/3062 1716/1671/3057 1722/1679/3065
f 1718/1673/3059 1717/1672/3058 1723/1680/3066
f 1722/1679/3065 1718/1673/3059 1723/1680/3066
f 1721/1677/3063 1724/1681/3067 1403/1678/3064
f 1724/1681/3067 1405/1682/3068 1403/1678/3064
f 1721/1677/3063 1720/1676/3062 1725/1683/3069
f 1720/1676/3062 1722/1679/3065 1725/1683/3069
f 1721/1677/3063 1725/1683/3069 1724/1681/3067
f 1725/1683/3069 1722/1679/3065 1726/1684/3070
f 1722/1679/3065 1723/1680/3066 1726/1684/3070
f 1723/1680/3066 1717/1672/3058 1727/1685/3071
f 1717/1672/3058 1715/1669/3055 1727/1685/3071
f 1724/1681/3067 1725/1683/3069 1728/1686/3072
f 1725/1683/3069 1726/1684/3070 1728/1686/3072
f 1724/1681/3067 1729/1687/3073 1405/1682/3068
f 1724/1681/3067 1728/1686/3072 1729/1687/3073
f 1726/1684/3070 1723/1680/3066 1730/1688/3074
f 1723/1680/3066 1727/1685/3071 1730/1688/3074
f 1727/1685/3071 1715/1669/3055 1731/1689/3075
f 1715/1669/3055 1413/1670/3056 1731/1689/3075
f 1405/1682/3068 1729/1687/3073 1732/1690/3076
f 1405/1682/3068 1732/1690/3076 1407/1691/3077
f 1729/1687/3073 1728/1686/3072 1733/1692/3078
f 1729/1687/3073 1733/1692/3078 1732/1690/3076
f 1728/1686/3072 1726/1684/3070 1734/1693/3079
f 1726/1684/3070 1730/1688/3074 1734/1693/3079
f 1728/1686/3072 1734/1693/3079 1733/1692/3078
f 1730/1688/3074 1727/1685/3071 1735/1694/3080
f 1727/1685/3071 1731/1689/3075 1735/1694/3080
f 1736/1695/3081 1731/1689/3075 1413/1670/3056
f 1736/1695/3081 1735/1694/3080 1731/1689/3075
f 1736/1695/3081 1413/1670/3056 1414/1696/3082
f 1407/1691/3077 1732/1690/3076 1737/1697/3083
f 1407/1691/3077 1737/1697/3083 1411/1698/3084
f 1415/1699/3085 1411/1698/3084 1737/1697/3083
f 1732/1690/3076 1733/1692/3078 1738/1700/3086
f 1732/1690/3076 1738/1700/3086 1737/1697/3083
f 1733/1692/3078 1734/1693/3079 1739/1701/3087
f 1733/1692/3078 1739/1701/3087 1738/1700/3086
f 1734/1693/3079 1730/1688/3074 1740/1702/3088
f 1730/1688/3074 1735/1694/3080 1740/1702/3088
f 1734/1693/3079 1740/1702/3088 1739/1701/3087
f 1736/1695/3081 1741/1703/3089 1735/1694/3080
f 1741/1703/3089 1740/1702/3088 1735/1694/3080
f 1589/1704/2884 1736/1695/3081 1414/1696/3082
f 1589/1704/2884 1741/1703/3089 1736/1695/3081
f 1589/1704/2884 1414/1696/3082 1416/1705/2886
f 1589/1704/2884 1582/1706/2876 1741/1703/3089
f 1741/1703/3089 1742/1707/3090 1740/1702/3088
f 1582/1706/2876 1742/1707/3090 1741/1703/3089
f 1742/1707/3090 1739/1701/3087 1740/1702/3088
f 1582/1706/2876 1577/1708/2870 1742/1707/3090
f 1742/1707/3090 1743/1709/3091 1739/1701/3087
f 1577/1708/2870 1743/1709/3091 1742/1707/3090
f 1743/1709/3091 1738/1700/3086 1739/1701/3087
f 1577/1708/2870 1572/1710/2864 1743/1709/3091
f 1743/1709/3091 1744/1711/3092 1738/1700/3086
f 1572/1710/2864 1744/1711/3092 1743/1709/3091
f 1744/1711/3092 1737/1697/3083 1738/1700/3086
f 1572/1710/2864 1569/1712/2860 1744/1711/3092
f 1744/1711/3092 1745/1713/3093 1737/1697/3083
f 1569/1712/2860 1745/1713/3093 1744/1711/3092
f 1415/1699/3085 1737/1697/3083 1745/1713/3093
f 1569/1712/2860 1566/1714/2856 1745/1713/3093
f 1417/1715/2855 1415/1699/3085 1745/1713/3093
f 1417/1715/2855 1745/1713/3093 1566/1714/2856
f 1746/1716/3094 1748/1717/3095 1747/1718/3094
f 1749/1716/3096 1751/1718/3097 1750/1717/3098
f 1752/1719/3099 1754/1720/3099 1753/1721/3099
f 1754/1720/3099 1752/1719/3099 1755/1722/3099
f 1756/1723/3100 1758/1724/3100 1757/1725/3100
f 1758/1724/3100 1756/1723/3100 1759/1726/3100
f 1757/1725/3101 1760/1727/3101 1756/1723/3102
f 1760/1727/3101 1757/1725/3101 1761/1728/3101
f 1762/1729/3103 1764/1730/3103 1763/1731/3103
f 1764/1730/3103 1762/1729/3103 1765/1732/3103
f 1765/1732/3103 1766/1733/3104 1764/1730/3103
f 1765/1732/3103 1767/1734/3105 1766/1733/3104
f 1765/1732/3103 1768/1735/3106 1767/1734/3105
f 1769/1736/3107 1766/1733/3104 1767/1734/3105
f 1766/1733/3104 1769/1736/3107 1770/1737/3108
f 1769/1736/3107 1771/1738/3109 1770/1737/3108
f 1771/1738/3109 1769/1736/3107 1772/1739/3110
f 1772/1739/3110 1773/1740/3111 1771/1738/3109
f 1773/1740/3111 1772/1739/3110 1774/1741/3111
f 1746/1716/908 1776/1742/909 1775/1743/908
f 1776/1742/909 1746/1716/908 1777/1744/908
f 1777/1744/908 1778/1745/909 1776/1742/909
f 1778/1745/909 1777/1744/908 1779/1746/908
f 1746/1716/908 1780/1747/908 1777/1744/908
f 1780/1747/908 1781/1748/909 1777/1744/908
f 1780/1747/908 1746/1716/908 1782/1749/908
f 1746/1716/908 1783/1750/909 1782/1749/908
f 1784/1751/908 1780/1747/908 1782/1749/908
f 1780/1747/908 1784/1751/908 1785/1752/908
f 1786/1753/908 1785/1752/908 1784/1751/908
f 1784/1751/908 1787/1754/909 1786/1753/908
f 1787/1754/909 1784/1751/908 1788/1755/909
f 1785/1752/908 1786/1753/908 1753/1756/908
f 1753/1756/908 1789/1757/908 1785/1752/908
f 1789/1757/908 1753/1756/908 1790/1758/3112
f 1786/1753/908 1791/1759/908 1753/1756/908
f 1768/1760/908 1753/1756/908 1791/1759/908
f 1753/1756/908 1768/1760/908 1765/1761/908
f 1765/1761/908 1752/1762/909 1753/1756/908
f 1752/1762/909 1765/1761/908 1762/1763/908
f 1781/1764/3113 1792/1765/3114 1777/1766/3114
f 1792/1765/3114 1781/1764/3113 1793/1767/3115
f 1781/1764/3113 1794/1768/3116 1793/1767/3115
f 1794/1768/3116 1781/1764/3113 1780/1769/3117
f 1785/1770/3118 1794/1768/3116 1780/1769/3117
f 1794/1768/3116 1785/1770/3118 1795/1771/3119
f 1789/1772/3120 1795/1771/3119 1785/1770/3118
f 1795/1771/3119 1789/1772/3120 1796/1773/3118
f 1790/1774/3121 1796/1773/3118 1789/1772/3120
f 1796/1773/3118 1790/1774/3121 1797/1775/3121
f 1790/1774/3121 1754/1720/3122 1797/1775/3121
f 1754/1720/3122 1790/1774/3121 1753/1721/3122
f 1761/1728/3123 1748/1776/3123 1760/1727/3124
f 1748/1776/3123 1761/1728/3123 1747/1777/3123
f 1798/1778/3125 1800/1779/3126 1799/1780/3127
f 1798/1778/3125 1801/1781/3128 1800/1779/3126
f 1802/1782/3129 1801/1781/3128 1798/1778/3125
f 1802/1782/3129 1803/1783/3130 1801/1781/3128
f 1803/1783/3130 1802/1782/3129 1804/1784/3131
f 1803/1783/3130 1804/1784/3131 1805/1785/3132
f 1805/1785/3132 1804/1784/3131 1806/1786/3133
f 1805/1785/3132 1806/1786/3133 1807/1787/3134
f 1807/1787/3134 1806/1786/3133 1808/1788/3135
f 1807/1787/3134 1808/1788/3135 1809/1789/3136
f 1809/1789/3136 1808/1788/3135 1810/1790/3137
f 1809/1789/3136 1810/1790/3137 1811/1791/3138
f 1811/1791/3138 1810/1790/3137 1799/1792/3127
f 1811/1791/3138 1799/1792/3127 1800/1793/3126
f 1797/1794/3139 1795/1795/892 1796/1796/892
f 1795/1795/892 1797/1794/3139 1754/1797/892
f 1754/1797/892 1812/1798/892 1795/1795/892
f 1813/1799/892 1795/1795/892 1812/1798/892
f 1795/1795/892 1813/1799/892 1794/1800/892
f 1813/1799/892 1792/1801/892 1794/1800/892
f 1792/1801/892 1793/1802/892 1794/1800/892
f 1812/1798/892 1754/1797/892 1814/1803/892
f 1814/1803/892 1815/1804/3139 1812/1798/892
f 1815/1804/3139 1814/1803/892 1816/1805/3139
f 1814/1803/892 1754/1797/892 1758/1806/3140
f 1792/1801/892 1813/1799/892 1747/1807/3141
f 1813/1799/892 1817/1808/892 1747/1807/3141
f 1818/1809/3142 1792/1801/892 1747/1807/3141
f 1761/1810/3143 1818/1809/3142 1747/1807/3141
f 1792/1801/892 1818/1809/3142 1819/1811/892
f 1819/1811/892 1820/1812/3139 1792/1801/892
f 1820/1812/3139 1819/1811/892 1821/1813/892
f 1818/1809/3142 1761/1810/3143 1822/1814/3144
f 1761/1810/3143 1823/1815/3145 1822/1814/3144
f 1823/1815/3145 1761/1810/3143 1773/1740/3146
f 1761/1810/3143 1757/1816/3147 1773/1740/3146
f 1771/1738/3148 1773/1740/3146 1757/1816/3147
f 1770/1737/3149 1771/1738/3148 1757/1816/3147
f 1758/1806/3140 1770/1737/3149 1757/1816/3147
f 1770/1737/3149 1758/1806/3140 1766/1817/3150
f 1758/1806/3140 1764/1818/892 1766/1817/3150
f 1764/1818/892 1758/1806/3140 1754/1797/892
f 1754/1797/892 1763/1819/3139 1764/1818/892
f 1763/1819/3139 1754/1797/892 1755/1820/3139
f 1824/1821/3151 1826/1822/3151 1825/1823/3151
f 1824/1821/3151 1827/1824/3151 1826/1822/3151
f 1774/1741/3152 1829/1825/3153 1828/1826/3154
f 1830/1827/3155 1774/1741/3152 1828/1826/3154
f 1774/1741/3152 1830/1827/3155 1831/1828/3156
f 1832/1829/3157 1831/1828/3156 1830/1827/3155
f 1831/1828/3156 1827/1830/3158 1774/1741/3152
f 1827/1830/3158 1824/1831/3159 1774/1741/3152
f 1831/1828/3156 1833/1832/3160 1827/1830/3158
f 1832/1829/3157 1834/1833/3161 1831/1828/3156
f 1834/1833/3161 1833/1832/3160 1831/1828/3156
f 1834/1833/3161 1835/1834/3162 1833/1832/3160
f 1836/1835/3163 1834/1833/3161 1832/1829/3157
f 1826/1836/3164 1835/1834/3162 1834/1833/3161
f 1836/1835/3163 1837/1837/3165 1834/1833/3161
f 1826/1836/3164 1834/1833/3161 1837/1837/3165
f 1838/1838/3166 1837/1837/3165 1836/1835/3163
f 1839/1839/3167 1826/1836/3164 1837/1837/3165
f 1838/1838/3166 1839/1839/3167 1837/1837/3165
f 1823/1840/3145 1839/1839/3167 1838/1838/3166
f 1823/1840/3145 1773/1841/3146 1839/1839/3167
f 1839/1839/3167 1825/1842/3168 1826/1836/3164
f 1839/1839/3167 1773/1841/3146 1825/1842/3168
f 1774/1843/3169 1825/1842/3168 1773/1841/3146
f 1774/1843/3169 1824/1844/3169 1825/1842/3168
f 1747/1718/3170 1783/1845/3171 1746/1716/3172
f 1783/1845/3171 1747/1718/3170 1817/1846/3173
f 1817/1846/3173 1782/1847/3174 1783/1845/3171
f 1782/1847/3174 1817/1846/3173 1813/1848/3175
f 1812/1849/3176 1782/1847/3174 1813/1848/3175
f 1782/1847/3174 1812/1849/3176 1784/1850/3177
f 1812/1849/3176 1788/1851/3176 1784/1850/3177
f 1788/1851/3176 1812/1849/3176 1815/1852/3178
f 1816/1853/3179 1788/1851/3176 1815/1852/3178
f 1788/1851/3176 1816/1853/3179 1787/1854/3180
f 1814/1855/3181 1787/1854/3180 1816/1853/3179
f 1787/1854/3180 1814/1855/3181 1786/1856/3182
f 1840/1857/3183 1748/1717/3184 1841/1858/3185
f 1748/1717/3184 1840/1857/3183 1760/1859/3186
f 1840/1857/3183 1829/1825/3187 1760/1859/3186
f 1829/1825/3187 1774/1741/3188 1760/1859/3186
f 1774/1741/3188 1772/1739/3189 1760/1859/3186
f 1760/1859/3186 1772/1739/3189 1756/1860/3190
f 1756/1860/3190 1772/1739/3189 1769/1861/3191
f 1767/1862/3192 1756/1860/3190 1769/1861/3191
f 1756/1860/3190 1767/1862/3192 1759/1863/3192
f 1820/1864/3193 1778/1865/3193 1779/1866/3193
f 1778/1865/3193 1820/1864/3193 1821/1867/3193
f 1842/1843/3194 1844/1842/3195 1843/1844/3194
f 1842/1843/3194 1845/1841/3196 1844/1842/3195
f 1846/1839/3197 1844/1842/3195 1845/1841/3196
f 1847/1840/3198 1846/1839/3197 1845/1841/3196
f 1847/1840/3198 1848/1838/3199 1846/1839/3197
f 1846/1839/3197 1849/1836/3200 1844/1842/3195
f 1848/1838/3199 1850/1837/3201 1846/1839/3197
f 1846/1839/3197 1850/1837/3201 1849/1836/3200
f 1848/1838/3199 1851/1835/3202 1850/1837/3201
f 1849/1836/3200 1850/1837/3201 1852/1833/3203
f 1851/1835/3202 1852/1833/3203 1850/1837/3201
f 1849/1836/3200 1852/1833/3203 1853/1834/3204
f 1851/1835/3202 1854/1829/3205 1852/1833/3203
f 1852/1833/3203 1855/1832/3206 1853/1834/3204
f 1854/1829/3205 1856/1828/3207 1852/1833/3203
f 1852/1833/3203 1856/1828/3207 1855/1832/3206
f 1854/1829/3205 1857/1827/3208 1856/1828/3207
f 1856/1828/3207 1858/1830/3209 1855/1832/3206
f 1842/1741/3210 1856/1828/3207 1857/1827/3208
f 1856/1828/3207 1842/1741/3210 1858/1830/3209
f 1858/1830/3209 1842/1741/3210 1843/1831/3211
f 1857/1827/3208 1859/1826/3212 1842/1741/3210
f 1842/1741/3210 1859/1826/3212 1860/1825/3213
f 1835/1834/3214 1827/1824/3214 1833/1832/3214
f 1835/1834/3214 1826/1822/3214 1827/1824/3214
f 1748/1717/3215 1775/1743/3216 1841/1858/3215
f 1775/1743/3216 1748/1717/3215 1746/1716/3216
f 1819/1811/3217 1778/1868/3218 1821/1813/3218
f 1778/1868/3218 1819/1811/3217 1776/1869/3217
f 1819/1811/3217 1775/1870/3099 1776/1869/3217
f 1819/1811/3217 1841/1871/3219 1775/1870/3099
f 1819/1811/3217 1818/1809/3219 1841/1871/3219
f 1822/1814/3220 1841/1871/3219 1818/1809/3219
f 1841/1871/3219 1822/1814/3220 1840/1872/3221
f 1822/1814/3220 1829/1873/3222 1840/1872/3221
f 1829/1873/3222 1822/1814/3220 1823/1815/3223
f 1763/1731/3101 1752/1719/3101 1762/1729/3101
f 1752/1719/3101 1763/1731/3101 1755/1722/3101
f 1792/1765/3103 1779/1866/3103 1777/1766/3103
f 1779/1866/3103 1792/1765/3103 1820/1864/3103
f 1861/1743/3224 1749/1716/3225 1750/1717/3224
f 1750/1717/3224 1862/1858/3224 1861/1743/3224
f 1863/1854/3226 1865/1856/3227 1864/1855/3228
f 1864/1855/3228 1866/1853/3229 1863/1854/3226
f 1867/1851/3230 1863/1854/3226 1866/1853/3229
f 1866/1853/3229 1868/1852/3231 1867/1851/3230
f 1867/1851/3230 1868/1852/3231 1869/1849/3230
f 1869/1849/3230 1870/1850/3232 1867/1851/3230
f 1871/1847/3233 1870/1850/3232 1869/1849/3230
f 1869/1849/3230 1872/1848/3233 1871/1847/3233
f 1871/1847/3233 1872/1848/3233 1873/1846/3234
f 1873/1846/3234 1874/1845/3235 1871/1847/3233
f 1874/1845/3235 1873/1846/3234 1751/1718/3236
f 1751/1718/3236 1749/1716/3237 1874/1845/3235
f 1843/1821/3238 1849/1822/3238 1858/1824/3239
f 1843/1821/3238 1844/1823/3238 1849/1822/3238
f 1853/1834/3240 1858/1824/3240 1849/1822/3240
f 1853/1834/3240 1855/1832/3241 1858/1824/3240
f 1875/1791/3242 1877/1793/3243 1876/1792/3244
f 1875/1791/3242 1876/1792/3244 1878/1790/3245
f 1879/1789/3246 1875/1791/3242 1878/1790/3245
f 1879/1789/3246 1878/1790/3245 1880/1788/3247
f 1881/1787/3248 1879/1789/3246 1880/1788/3247
f 1881/1787/3248 1880/1788/3247 1882/1786/3249
f 1883/1785/3250 1881/1787/3248 1882/1786/3249
f 1883/1785/3250 1882/1786/3249 1884/1784/3251
f 1885/1783/3252 1883/1785/3250 1884/1784/3251
f 1885/1783/3252 1884/1784/3251 1886/1782/3253
f 1886/1782/3253 1887/1781/3254 1885/1783/3252
f 1886/1782/3253 1888/1778/3255 1887/1781/3254
f 1888/1778/3255 1877/1779/3243 1887/1781/3254
f 1888/1778/3255 1876/1780/3244 1877/1779/3243
f 1759/1863/3256 1814/1855/3257 1758/1874/3257
f 1759/1863/3256 1786/1856/3257 1814/1855/3257
f 1759/1863/3256 1791/1759/3258 1786/1856/3257
f 1767/1862/3259 1791/1759/3258 1759/1863/3256
f 1791/1759/3258 1767/1862/3259 1768/1760/3259
f 1889/1794/1198 1891/1796/150 1890/1795/1198
f 1890/1795/1198 1892/1797/1198 1889/1794/1198
f 1892/1797/1198 1890/1795/1198 1869/1798/1198
f 1872/1799/1198 1869/1798/1198 1890/1795/1198
f 1890/1795/1198 1893/1800/1198 1872/1799/1198
f 1872/1799/1198 1893/1800/1198 1894/1801/1198
f 1894/1801/1198 1893/1800/1198 1895/1802/3260
f 1869/1798/1198 1864/1803/1198 1892/1797/1198
f 1864/1803/1198 1869/1798/1198 1868/1804/1198
f 1868/1804/1198 1866/1805/1198 1864/1803/1198
f 1864/1803/1198 1896/1806/3261 1892/1797/1198
f 1894/1801/1198 1751/1807/3262 1872/1799/1198
f 1872/1799/1198 1751/1807/3262 1873/1808/3263
f 1897/1809/3264 1751/1807/3262 1894/1801/1198
f 1898/1810/3265 1751/1807/3262 1897/1809/3264
f 1894/1801/1198 1899/1811/1198 1897/1809/3264
f 1899/1811/1198 1894/1801/1198 1900/1812/1198
f 1900/1812/1198 1901/1813/1198 1899/1811/1198
f 1897/1809/3264 1902/1814/3266 1898/1810/3265
f 1898/1810/3265 1902/1814/3266 1847/1815/3198
f 1847/1815/3198 1845/1740/3196 1898/1810/3265
f 1898/1810/3265 1845/1740/3196 1903/1816/3267
f 1904/1738/3268 1903/1816/3267 1845/1740/3196
f 1905/1737/3269 1903/1816/3267 1904/1738/3268
f 1896/1806/3261 1903/1816/3267 1905/1737/3269
f 1905/1737/3269 1906/1817/3270 1896/1806/3261
f 1896/1806/3261 1906/1817/3270 1907/1818/1198
f 1907/1818/1198 1892/1797/1198 1896/1806/3261
f 1892/1797/1198 1907/1818/1198 1908/1819/3271
f 1908/1819/3271 1909/1820/1198 1892/1797/1198
f 1910/1757/3272 1912/1758/3273 1911/1756/2463
f 1911/1756/2463 1913/1752/2463 1910/1757/3272
f 1913/1752/2463 1911/1756/2463 1865/1753/2463
f 1865/1753/2463 1870/1751/2463 1913/1752/2463
f 1914/1747/2463 1913/1752/2463 1870/1751/2463
f 1870/1751/2463 1865/1753/2463 1863/1754/2463
f 1863/1754/2463 1867/1755/2463 1870/1751/2463
f 1865/1753/2463 1911/1756/2463 1915/1759/2463
f 1916/1760/2463 1915/1759/2463 1911/1756/2463
f 1911/1756/2463 1917/1761/2463 1916/1760/2463
f 1917/1761/2463 1911/1756/2463 1918/1762/2463
f 1918/1762/2463 1919/1763/2463 1917/1761/2463
f 1870/1751/2463 1871/1749/2463 1914/1747/2463
f 1914/1747/2463 1871/1749/2463 1749/1716/2463
f 1749/1716/2463 1871/1749/2463 1874/1750/3272
f 1749/1716/2463 1920/1744/2463 1914/1747/2463
f 1914/1747/2463 1920/1744/2463 1921/1748/2463
f 1922/1742/2463 1920/1744/2463 1749/1716/2463
f 1749/1716/2463 1861/1743/2463 1922/1742/2463
f 1920/1744/2463 1922/1742/2463 1923/1745/2463
f 1923/1745/2463 1924/1746/2463 1920/1744/2463
f 1892/1720/3274 1911/1721/3274 1912/1774/3275
f 1912/1774/3275 1889/1775/3275 1892/1720/3274
f 1891/1773/3276 1889/1775/3275 1912/1774/3275
f 1912/1774/3275 1910/1772/3277 1891/1773/3276
f 1890/1771/3278 1891/1773/3276 1910/1772/3277
f 1910/1772/3277 1913/1770/3279 1890/1771/3278
f 1893/1768/3280 1890/1771/3278 1913/1770/3279
f 1913/1770/3279 1914/1769/3281 1893/1768/3280
f 1893/1768/3280 1914/1769/3281 1921/1764/3115
f 1921/1764/3115 1895/1767/3115 1893/1768/3280
f 1894/1765/3282 1895/1767/3115 1921/1764/3115
f 1921/1764/3115 1920/1766/3282 1894/1765/3282
f 1925/1860/3283 1927/1863/3284 1926/1862/3284
f 1926/1862/3284 1928/1861/3285 1925/1860/3283
f 1925/1860/3283 1928/1861/3285 1929/1739/3286
f 1930/1859/3287 1925/1860/3283 1929/1739/3286
f 1842/1741/3288 1930/1859/3287 1929/1739/3286
f 1860/1825/3289 1930/1859/3287 1842/1741/3288
f 1931/1857/3290 1930/1859/3287 1860/1825/3289
f 1750/1717/3291 1930/1859/3287 1931/1857/3290
f 1931/1857/3290 1862/1858/3292 1750/1717/3291
f 1917/1732/3293 1926/1734/3294 1916/1735/3293
f 1917/1732/3293 1906/1733/3295 1926/1734/3294
f 1928/1736/3296 1926/1734/3294 1906/1733/3295
f 1917/1732/3293 1907/1730/3293 1906/1733/3295
f 1907/1730/3293 1917/1732/3293 1919/1729/3293
f 1919/1729/3293 1908/1731/3297 1907/1730/3293
f 1906/1733/3295 1905/1737/3296 1928/1736/3296
f 1928/1736/3296 1905/1737/3296 1904/1738/3298
f 1904/1738/3298 1929/1739/3299 1928/1736/3296
f 1929/1739/3299 1904/1738/3298 1845/1740/3300
f 1845/1740/3300 1842/1741/3300 1929/1739/3299
f 1927/1863/3301 1896/1874/3302 1864/1855/3303
f 1927/1863/3301 1864/1855/3303 1865/1856/3304
f 1927/1863/3301 1865/1856/3304 1915/1759/3305
f 1926/1862/3306 1927/1863/3301 1915/1759/3305
f 1915/1759/3305 1916/1760/3306 1926/1862/3306
f 1925/1723/3307 1903/1725/3307 1896/1724/3307
f 1896/1724/3307 1927/1726/3307 1925/1723/3307
f 1930/1727/3308 1898/1728/3308 1903/1725/3309
f 1903/1725/3309 1925/1723/3309 1930/1727/3308
f 1750/1776/3310 1751/1777/3310 1898/1728/3311
f 1898/1728/3311 1930/1727/3311 1750/1776/3310
f 1892/1720/3312 1909/1722/3312 1918/1719/3313
f 1918/1719/3313 1911/1721/3313 1892/1720/3312
f 1924/1866/3297 1900/1864/3293 1894/1765/3293
f 1894/1765/3293 1920/1766/3297 1924/1866/3297
f 1908/1731/3308 1919/1729/3308 1918/1719/3308
f 1918/1719/3308 1909/1722/3308 1908/1731/3308
f 1923/1865/3314 1901/1867/3314 1900/1864/3314
f 1900/1864/3314 1924/1866/3314 1923/1865/3314
f 1860/1873/3315 1847/1815/3316 1902/1814/3317
f 1902/1814/3317 1931/1872/3318 1860/1873/3315
f 1862/1871/3319 1931/1872/3318 1902/1814/3317
f 1902/1814/3317 1897/1809/3320 1862/1871/3319
f 1899/1811/3321 1862/1871/3319 1897/1809/3320
f 1899/1811/3321 1861/1870/3312 1862/1871/3319
f 1899/1811/3321 1922/1869/3321 1861/1870/3312
f 1923/1868/3322 1922/1869/3321 1899/1811/3321
f 1899/1811/3321 1901/1813/3322 1923/1868/3322
f 1851/1875/3323 1848/1876/3323 1886/1877/3323
f 1851/1875/3323 1886/1877/3323 1884/1878/3323
f 1848/1876/3323 1888/1879/3323 1886/1877/3323
f 1854/1880/3324 1851/1875/3323 1884/1878/3323
f 1848/1876/3323 1847/1815/3323 1888/1879/3323
f 1854/1880/3324 1884/1878/3323 1882/1881/3325
f 1847/1815/3323 1876/1882/3323 1888/1879/3323
f 1857/1883/3323 1854/1880/3324 1882/1881/3325
f 1847/1815/3323 1860/1873/3323 1876/1882/3323
f 1857/1883/3323 1882/1881/3325 1880/1884/3323
f 1860/1873/3323 1878/1885/3323 1876/1882/3323
f 1880/1884/3323 1859/1886/3323 1857/1883/3323
f 1860/1873/3323 1859/1886/3323 1878/1885/3323
f 1880/1884/3323 1878/1885/3323 1859/1886/3323
f 1838/1876/3326 1798/1879/3326 1823/1815/3326
f 1838/1876/3326 1802/1877/3326 1798/1879/3326
f 1823/1815/3326 1798/1879/3326 1799/1882/3326
f 1836/1875/3326 1802/1877/3326 1838/1876/3326
f 1823/1815/3326 1799/1882/3326 1829/1873/3326
f 1836/1875/3326 1804/1878/3326 1802/1877/3326
f 1829/1873/3326 1799/1882/3326 1810/1885/3326
f 1832/1880/3326 1804/1878/3326 1836/1875/3326
f 1829/1873/3326 1810/1885/3326 1828/1886/3326
f 1832/1880/3326 1806/1881/3326 1804/1878/3326
f 1808/1884/3327 1828/1886/3326 1810/1885/3326
f 1830/1883/3327 1806/1881/3326 1832/1880/3326
f 1830/1883/3327 1808/1884/3327 1806/1881/3326
f 1808/1884/3327 1830/1883/3327 1828/1886/3326
f 1932/1887/3328 1934/1888/3328 1933/1889/3328
f 1933/1889/3329 1936/1890/3329 1935/1891/3329
f 1937/1892/3330 1939/1893/3330 1938/1894/3330
f 1940/1895/3331 1941/1896/3331 1937/1892/3331
f 1942/1897/3332 1944/1898/3333 1943/1899/3333
f 1944/1898/3334 1945/1900/3335 1943/1899/3334
f 1946/1901/3336 1945/1900/3337 1944/1898/3338
f 1944/1898/3338 1947/1902/3339 1946/1901/3336
f 1948/1903/3340 1950/1904/3341 1949/1905/3342
f 1949/1905/3342 1951/1906/3343 1948/1903/3340
f 1947/1902/3344 1953/1907/3345 1952/1908/3346
f 1952/1908/3346 1946/1901/3347 1947/1902/3344
f 1950/1904/3348 1952/1908/3349 1953/1907/3348
f 1953/1907/3348 1949/1905/3350 1950/1904/3348
f 1954/1909/3351 1942/1897/3352 1943/1910/3353
f 1943/1910/3353 1955/1911/3354 1954/1909/3351
f 1956/1912/3355 1954/1909/3351 1955/1911/3354
f 1955/1911/3354 1932/1887/3356 1956/1912/3355
f 1933/1889/3357 1956/1912/3358 1932/1887/3359
f 1957/1913/3360 1959/1914/3361 1958/1915/3362
f 1958/1915/3362 1960/1916/3363 1957/1913/3360
f 1936/1890/3364 1957/1913/3360 1960/1916/3363
f 1960/1916/3363 1958/1915/3362 1961/1917/3365
f 1960/1916/3363 1935/1891/3366 1936/1890/3364
f 1961/1917/3365 1962/1918/3367 1960/1916/3363
f 1935/1891/3366 1960/1916/3363 1962/1918/3367
f 1962/1918/3367 1963/1919/3368 1935/1891/3366
f 1962/1918/3367 1961/1917/3365 1964/1920/3369
f 1964/1920/3369 1965/1921/3370 1962/1918/3367
f 1965/1921/3370 1964/1920/3369 1966/1922/3371
f 1963/1919/3368 1962/1918/3367 1967/1923/3372
f 1967/1923/3372 1962/1918/3367 1965/1921/3370
f 1965/1921/3370 1966/1922/3371 1968/1924/3373
f 1968/1924/3373 1969/1925/3374 1965/1921/3370
f 1969/1925/3374 1968/1924/3373 1970/1926/3375
f 1970/1926/3375 1971/1927/3376 1969/1925/3374
f 1971/1927/3376 1970/1926/3375 1972/1928/3377
f 1972/1928/3377 1973/1929/3378 1971/1927/3376
f 1973/1929/3378 1972/1928/3377 1974/1930/3379
f 1969/1925/3374 1971/1927/3376 1975/1931/3380
f 1971/1927/3376 1973/1929/3378 1975/1931/3380
f 1965/1921/3370 1969/1925/3374 1976/1932/3381
f 1975/1931/3380 1976/1932/3381 1969/1925/3374
f 1965/1921/3370 1977/1933/3382 1967/1923/3372
f 1976/1932/3381 1978/1934/3383 1965/1921/3370
f 1977/1933/3382 1965/1921/3370 1978/1934/3383
f 1977/1933/3382 1979/1935/3384 1967/1923/3372
f 1942/1897/3385 1967/1923/3372 1979/1935/3384
f 1979/1935/3384 1944/1898/3386 1942/1897/3385
f 1944/1898/3386 1979/1935/3384 1980/1936/3387
f 1980/1936/3387 1947/1902/3388 1944/1898/3386
f 1947/1902/3388 1980/1936/3387 1981/1937/3389
f 1981/1937/3389 1953/1907/3390 1947/1902/3388
f 1953/1907/3390 1981/1937/3389 1982/1938/3391
f 1982/1938/3391 1981/1937/3389 1980/1936/3387
f 1982/1938/3391 1949/1905/3392 1953/1907/3390
f 1949/1905/3392 1982/1938/3391 1983/1939/3393
f 1980/1936/3387 1983/1939/3393 1982/1938/3391
f 1983/1939/3393 1951/1906/3394 1949/1905/3392
f 1984/1940/3395 1980/1936/3387 1979/1935/3384
f 1983/1939/3393 1980/1936/3387 1984/1940/3395
f 1985/1941/3396 1979/1935/3384 1977/1933/3382
f 1979/1935/3384 1985/1941/3396 1984/1940/3395
f 1986/1942/3397 1984/1940/3395 1985/1941/3396
f 1951/1906/3394 1983/1939/3393 1987/1943/3398
f 1987/1943/3398 1988/1944/3399 1951/1906/3394
f 1984/1940/3395 1989/1945/3400 1983/1939/3393
f 1989/1945/3400 1984/1940/3395 1986/1942/3397
f 1987/1943/3398 1983/1939/3393 1989/1945/3400
f 1977/1933/3382 1990/1946/3401 1985/1941/3396
f 1978/1934/3383 1990/1946/3401 1977/1933/3382
f 1988/1944/3399 1987/1943/3398 1991/1947/3402
f 1991/1947/3402 1992/1948/3403 1988/1944/3399
f 1989/1945/3400 1993/1949/3404 1987/1943/3398
f 1987/1943/3398 1993/1949/3404 1991/1947/3402
f 1994/1950/3405 1985/1941/3396 1990/1946/3401
f 1985/1941/3396 1994/1950/3405 1986/1942/3397
f 1995/1951/3406 1990/1946/3401 1978/1934/3383
f 1990/1946/3401 1995/1951/3406 1994/1950/3405
f 1992/1948/3403 1991/1947/3402 1996/1952/3407
f 1996/1952/3407 1997/1953/3408 1992/1948/3403
f 1998/1954/3409 1997/1953/3408 1996/1952/3407
f 1993/1949/3404 1989/1945/3400 1999/1955/3410
f 1986/1942/3397 1999/1955/3410 1989/1945/3400
f 1991/1947/3402 1993/1949/3404 2000/1956/3411
f 2000/1956/3411 1996/1952/3407 1991/1947/3402
f 1999/1955/3410 2000/1956/3411 1993/1949/3404
f 1996/1952/3407 2001/1957/3412 1998/1954/3409
f 2001/1957/3412 1996/1952/3407 2000/1956/3411
f 2002/1958/3413 1998/1954/3409 2001/1957/3412
f 2003/1959/3414 2000/1956/3411 1999/1955/3410
f 2000/1956/3411 2003/1959/3414 2001/1957/3412
f 2001/1957/3412 2004/1960/3415 2002/1958/3413
f 2004/1960/3415 2001/1957/3412 2003/1959/3414
f 2005/1961/3416 2002/1958/3413 2004/1960/3415
f 1999/1955/3410 2006/1962/3417 2003/1959/3414
f 2004/1960/3415 2003/1959/3414 2006/1962/3417
f 2006/1962/3417 1999/1955/3410 1986/1942/3397
f 2004/1960/3415 2007/1963/3418 2005/1961/3416
f 2006/1962/3417 2007/1963/3418 2004/1960/3415
f 2008/1964/3419 2005/1961/3416 2007/1963/3418
f 1986/1942/3397 2009/1965/3420 2006/1962/3417
f 2007/1963/3418 2006/1962/3417 2009/1965/3420
f 2007/1963/3418 2010/1966/3421 2008/1964/3419
f 2011/1967/3422 2008/1964/3419 2010/1966/3421
f 2010/1966/3421 2007/1963/3418 2012/1968/3423
f 2009/1965/3420 2012/1968/3423 2007/1963/3418
f 2010/1966/3421 2013/1969/3424 2011/1967/3422
f 2012/1968/3423 2013/1969/3424 2010/1966/3421
f 2014/1970/3425 2011/1967/3422 2013/1969/3424
f 2013/1969/3424 2012/1968/3423 2014/1970/3425
f 2015/1971/3426 2014/1970/3425 2012/1968/3423
f 2012/1968/3423 2016/1972/3427 2015/1971/3426
f 2016/1972/3427 2012/1968/3423 2009/1965/3420
f 2017/1973/3428 2015/1971/3426 2016/1972/3427
f 2016/1972/3427 2018/1974/3429 2017/1973/3428
f 2019/1975/3430 2009/1965/3420 1986/1942/3397
f 2009/1965/3420 2019/1975/3430 2016/1972/3427
f 1986/1942/3397 1994/1950/3405 2019/1975/3430
f 2020/1976/3431 2016/1972/3427 2019/1975/3430
f 2020/1976/3431 2018/1974/3429 2016/1972/3427
f 2018/1974/3429 2020/1976/3431 2021/1977/3432
f 2021/1977/3432 2022/1978/3433 2018/1974/3429
f 2023/1979/3434 2018/1974/3429 2022/1978/3433
f 1940/1895/3435 2023/1979/3434 2022/1978/3433
f 2024/1980/3436 2019/1975/3430 1994/1950/3405
f 2019/1975/3430 2024/1980/3436 2020/1976/3431
f 1994/1950/3405 1995/1951/3406 2024/1980/3436
f 2020/1976/3431 2024/1980/3436 2025/1981/3437
f 2025/1981/3437 2024/1980/3436 1995/1951/3406
f 2025/1981/3437 2021/1977/3432 2020/1976/3431
f 1995/1951/3406 2026/1982/3438 2025/1981/3437
f 1978/1934/3383 2026/1982/3438 1995/1951/3406
f 2026/1982/3438 1978/1934/3383 1976/1932/3381
f 2027/1983/3439 2025/1981/3437 2026/1982/3438
f 2021/1977/3432 2025/1981/3437 2027/1983/3439
f 1976/1932/3381 2028/1984/3440 2026/1982/3438
f 2026/1982/3438 2028/1984/3440 2027/1983/3439
f 2028/1984/3440 1976/1932/3381 1975/1931/3380
f 1975/1931/3380 2029/1985/3441 2028/1984/3440
f 2029/1985/3441 1975/1931/3380 1973/1929/3378
f 2030/1986/3442 2027/1983/3439 2028/1984/3440
f 2028/1984/3440 2029/1985/3441 2030/1986/3442
f 1973/1929/3378 2031/1987/3443 2029/1985/3441
f 1974/1930/3379 2031/1987/3443 1973/1929/3378
f 2029/1985/3441 2031/1987/3443 2032/1988/3444
f 2032/1988/3444 2031/1987/3443 1974/1930/3379
f 2032/1988/3444 2030/1986/3442 2029/1985/3441
f 1974/1930/3379 2033/1989/3445 2032/1988/3444
f 2034/1990/3446 2032/1988/3444 2033/1989/3445
f 2034/1990/3446 2030/1986/3442 2032/1988/3444
f 2033/1989/3445 2035/1991/3447 2034/1990/3446
f 2036/1992/3448 2027/1983/3439 2030/1986/3442
f 2030/1986/3442 2034/1990/3446 2036/1992/3448
f 2036/1992/3448 2034/1990/3446 2035/1991/3447
f 2035/1991/3447 2037/1993/3449 2036/1992/3448
f 2027/1983/3439 2036/1992/3448 2021/1977/3432
f 2021/1977/3432 2036/1992/3448 2037/1993/3449
f 2037/1993/3449 2038/1994/3450 2021/1977/3432
f 2021/1977/3432 2038/1994/3450 2039/1995/3451
f 2022/1978/3433 2021/1977/3432 2039/1995/3451
f 2039/1995/3451 2040/1996/3452 2022/1978/3433
f 2041/1997/3453 2022/1978/3433 2040/1996/3452
f 2022/1978/3433 2041/1997/3453 1940/1895/3435
f 1941/1896/3454 1940/1895/3435 2041/1997/3453
f 2040/1996/3452 2042/1998/3455 2041/1997/3453
f 2041/1997/3453 2043/1999/3456 1941/1896/3454
f 2043/1999/3456 2041/1997/3453 2042/1998/3455
f 2042/1998/3455 2044/2000/3457 2043/1999/3456
f 2045/2001/3458 1948/1903/3459 1951/1906/3460
f 1951/1906/3460 1988/1944/3461 2045/2001/3458
f 2046/2002/3462 2045/2001/3458 1988/1944/3461
f 1988/1944/3461 1992/1948/3463 2046/2002/3462
f 2047/2003/3464 2046/2002/3462 1992/1948/3463
f 1992/1948/3463 1997/1953/3465 2047/2003/3464
f 2047/2003/3464 1997/1953/3465 1998/1954/3466
f 1998/1954/3466 2048/2004/3467 2047/2003/3464
f 2048/2004/3467 1998/1954/3466 2002/1958/3468
f 2002/1958/3468 2049/2005/3469 2048/2004/3467
f 2049/2005/3469 2002/1958/3468 2005/1961/3470
f 2005/1961/3470 2050/2006/3471 2049/2005/3469
f 2050/2006/3472 2005/1961/3473 2008/1964/3472
f 2008/1964/3474 2051/2007/3475 2050/2006/3474
f 2014/1970/3476 2053/2008/3477 2052/2009/3476
f 2052/2009/3478 2011/1967/3479 2014/1970/3478
f 2051/2007/3480 2008/1964/3481 2011/1967/3480
f 2011/1967/3480 2052/2009/3482 2051/2007/3480
f 1967/1923/3483 1942/1897/3484 1954/1909/3485
f 1954/1909/3485 1963/1919/3486 1967/1923/3483
f 1963/1919/3486 1954/1909/3485 1956/1912/3487
f 1956/1912/3487 1935/1891/3488 1963/1919/3486
f 1935/1891/3488 1956/1912/3487 1933/1889/3489
f 1959/1914/3490 1933/1889/3491 1934/1888/3492
f 1936/1890/3493 1933/1889/3491 1959/1914/3490
f 1959/1914/3490 1957/1913/3494 1936/1890/3493
f 1937/1892/3495 2054/2010/3496 1940/1895/3497
f 2023/1979/3498 1940/1895/3497 2054/2010/3496
f 2054/2010/3496 2055/2011/3499 2023/1979/3498
f 2018/1974/3500 2023/1979/3498 2055/2011/3499
f 2055/2011/3499 2017/1973/3501 2018/1974/3500
f 2053/2008/3502 2014/1970/3503 2015/1971/3504
f 2015/1971/3505 2056/2012/3506 2053/2008/3505
f 2015/1971/3507 2057/2013/3508 2056/2012/3509
f 2057/2013/3508 2015/1971/3507 2017/1973/3510
f 1958/1915/3511 1959/1914/3512 1934/1888/3513
f 1934/1888/3513 2058/2014/3514 1958/1915/3511
f 1961/1917/3515 1958/1915/3511 2058/2014/3514
f 2058/2014/3514 2059/2015/3516 1961/1917/3515
f 1964/1920/3517 1961/1917/3515 2059/2015/3516
f 2059/2015/3516 2060/2016/3518 1964/1920/3517
f 1966/1922/3519 1964/1920/3517 2060/2016/3518
f 2060/2016/3518 2061/2017/3520 1966/1922/3519
f 1968/1924/3521 1966/1922/3519 2061/2017/3520
f 2061/2017/3520 2062/2018/3522 1968/1924/3521
f 1970/1926/3523 1968/1924/3521 2062/2018/3522
f 2062/2018/3522 2063/2019/3524 1970/1926/3523
f 1972/1928/3525 1970/1926/3523 2063/2019/3524
f 2063/2019/3524 2064/2020/3526 1972/1928/3525
f 1974/1930/3527 1972/1928/3525 2064/2020/3526
f 2064/2020/3526 2065/2021/3528 1974/1930/3527
f 1974/1930/3527 2065/2021/3528 2066/2022/3529
f 2066/2022/3529 2033/1989/3530 1974/1930/3527
f 2033/1989/3530 2066/2022/3529 2067/2023/3531
f 2067/2023/3531 2035/1991/3532 2033/1989/3530
f 2035/1991/3532 2067/2023/3531 2068/2024/3533
f 2068/2024/3533 2037/1993/3534 2035/1991/3532
f 2037/1993/3534 2068/2024/3533 2069/2025/3535
f 2069/2025/3535 2038/1994/3536 2037/1993/3534
f 2038/1994/3536 2069/2025/3535 2070/2026/3537
f 2070/2026/3537 2039/1995/3538 2038/1994/3536
f 2039/1995/3538 2070/2026/3537 2071/2027/3539
f 2071/2027/3539 2040/1996/3540 2039/1995/3538
f 2040/1996/3540 2071/2027/3539 2072/2028/3541
f 2072/2028/3541 2042/1998/3542 2040/1996/3540
f 2042/1998/3542 2072/2028/3541 1939/1893/3543
f 1939/1893/3543 2044/2000/3544 2042/1998/3545
f 2057/2029/3546 2017/1973/3547 2055/2011/3548
f 2055/2011/3549 2073/2030/3550 2057/2029/3551
f 2073/2030/3550 2055/2011/3549 2054/2010/3552
f 2054/2010/3552 1938/1894/3553 2073/2030/3550
f 1938/1894/3553 2054/2010/3552 1937/1892/3554
f 1941/1896/3555 2043/1999/3556 2044/2000/3557
f 2044/2000/3557 1937/1892/3558 1941/1896/3555
f 2044/2000/3557 1939/1893/3559 1937/1892/3558
f 2074/2031/973 2076/2032/973 2075/2033/973
f 2077/2034/973 2074/2031/973 2075/2033/973
f 2077/2034/973 2075/2033/973 2078/2035/973
f 2079/2036/973 2077/2034/973 2078/2035/973
f 2079/2036/973 2078/2035/973 2080/2037/973
f 2079/2036/973 2080/2037/973 2081/2038/973
f 2081/2038/973 2080/2037/973 2082/2039/973
f 2079/2036/973 2083/2040/973 2077/2034/973
f 2083/2040/973 2084/2041/973 2077/2034/973
f 2084/2041/973 2085/2042/973 2077/2034/973
f 2084/2041/973 2086/2043/973 2085/2042/973
f 2086/2043/973 2087/2044/973 2085/2042/973
f 2083/2040/973 2088/2045/973 2084/2041/973
f 2083/2040/973 2089/2046/973 2088/2045/973
f 2089/2046/973 2090/2047/973 2088/2045/973
f 2079/2036/973 2091/2048/973 2083/2040/973
f 2091/2048/973 2092/2049/973 2083/2040/973
f 2091/2048/973 2093/2050/973 2092/2049/973
f 2093/2050/973 2094/2051/973 2092/2049/973
f 2079/2036/973 2095/2052/973 2091/2048/973
f 2079/2036/973 2096/2053/973 2095/2052/973
f 2096/2053/973 2097/2054/973 2095/2052/973
f 2098/2049/56 2100/2051/56 2099/2050/56
f 2101/2040/56 2098/2049/56 2099/2050/56
f 2101/2040/56 2099/2050/56 2102/2048/56
f 2103/2036/56 2101/2040/56 2102/2048/56
f 2103/2036/56 2102/2048/56 2104/2052/56
f 2103/2036/56 2104/2052/56 2105/2053/56
f 2105/2053/56 2104/2052/56 2106/2054/56
f 2103/2036/56 2107/2034/56 2101/2040/56
f 2107/2034/56 2108/2041/56 2101/2040/56
f 2108/2041/56 2109/2046/56 2101/2040/56
f 2108/2041/56 2110/2045/56 2109/2046/56
f 2110/2045/56 2111/2047/56 2109/2046/56
f 2107/2034/56 2112/2043/56 2108/2041/56
f 2107/2034/56 2113/2042/56 2112/2043/56
f 2113/2042/56 2114/2044/56 2112/2043/56
f 2103/2036/56 2115/2035/56 2107/2034/56
f 2115/2035/56 2116/2031/56 2107/2034/56
f 2115/2035/56 2117/2033/56 2116/2031/56
f 2117/2033/56 2118/2032/56 2116/2031/56
f 2103/2036/56 2119/2037/56 2115/2035/56
f 2103/2036/56 2120/2038/56 2119/2037/56
f 2120/2038/56 2121/2039/56 2119/2037/56
f 2122/2055/3560 2124/2056/3561 2123/2057/3562
f 2122/2055/3560 2125/2058/3563 2124/2056/3561
f 2126/2059/3564 2125/2058/3563 2122/2055/3560
f 2126/2059/3564 2127/2060/3565 2125/2058/3563
f 2128/2061/3566 2127/2060/3565 2126/2059/3564
f 2128/2061/3566 2129/2062/3567 2127/2060/3565
f 2128/2061/3566 2130/2063/3568 2129/2062/3567
f 2128/2061/3566 2131/2064/3569 2130/2063/3568
f 2131/2064/3569 2132/2065/3570 2130/2063/3568
f 2131/2064/3569 2133/2066/3571 2132/2065/3570
f 2132/2065/3570 2133/2066/3571 2134/2067/3572
f 2134/2067/3572 2133/2066/3571 2135/2068/3573
f 2132/2065/3570 2134/2067/3572 2136/2069/3574
f 2135/2068/3573 2137/2070/3575 2134/2067/3572
f 2138/2071/3576 2132/2065/3570 2136/2069/3574
f 2135/2068/3573 2139/2072/3577 2137/2070/3575
f 2138/2071/3576 2136/2069/3574 2140/2073/3578
f 2140/2073/3578 2137/2070/3575 2139/2072/3577
f 2140/2073/3578 2141/2074/3579 2138/2071/3576
f 2140/2073/3578 2139/2072/3577 2141/2074/3579
f 2139/2072/3577 2142/2075/3580 2141/2074/3579
f 2139/2072/3577 2143/2076/3581 2142/2075/3580
f 2143/2076/3581 2144/2077/3582 2142/2075/3580
f 2143/2076/3581 2145/2078/3583 2144/2077/3582
f 2146/2079/3584 2144/2077/3582 2145/2078/3583
f 2146/2079/3584 2147/2080/3585 2144/2077/3582
f 2148/2081/3586 2147/2080/3585 2146/2079/3584
f 2148/2081/3586 2149/2082/3587 2147/2080/3585
f 2149/2082/3587 2148/2081/3586 2150/2083/3588
f 2150/2083/3588 2148/2081/3586 2151/2084/3589
f 2149/2082/3587 2150/2083/3588 2152/2085/3590
f 2151/2084/3589 2153/2086/3591 2150/2083/3588
f 2154/2087/3592 2149/2082/3587 2152/2085/3590
f 2151/2084/3589 2155/2088/3593 2153/2086/3591
f 2154/2087/3592 2152/2085/3590 2156/2089/3594
f 2156/2089/3594 2153/2086/3591 2155/2088/3593
f 2156/2089/3594 2157/2090/3595 2154/2087/3592
f 2156/2089/3594 2155/2088/3593 2157/2090/3595
f 2158/2091/3596 2157/2090/3595 2155/2088/3593
f 2158/2091/3596 2155/2088/3593 2159/2092/3597
f 2160/2093/3598 2158/2091/3596 2159/2092/3597
f 2160/2093/3598 2159/2092/3597 2161/2094/3599
f 2162/2095/3600 2160/2093/3598 2161/2094/3599
f 2162/2095/3600 2161/2094/3599 2163/2096/3601
f 2164/2097/3602 2162/2095/3600 2163/2096/3601
f 2164/2097/3602 2163/2096/3601 2165/2098/3603
f 2166/2099/3604 2164/2097/3602 2165/2098/3603
f 2166/2099/3604 2165/2098/3603 2167/2100/3605
f 2166/2099/3604 2168/2101/3606 2164/2097/3602
f 2166/2099/3604 2167/2100/3605 2169/2102/3607
f 2164/2097/3602 2168/2101/3606 2170/2103/3608
f 2171/2104/3609 2169/2102/3607 2167/2100/3605
f 2172/2105/3610 2170/2103/3608 2168/2101/3606
f 2172/2105/3610 2169/2102/3607 2171/2104/3609
f 2172/2105/3610 2173/2106/3611 2170/2103/3608
f 2172/2105/3610 2171/2104/3609 2173/2106/3611
f 2173/2106/3611 2171/2104/3609 2174/2107/3612
f 2173/2106/3611 2174/2107/3612 2175/2108/3613
f 2175/2108/3613 2174/2107/3612 2176/2109/3614
f 2175/2108/3613 2176/2109/3614 2177/2110/3615
f 2178/2111/3616 2177/2110/3615 2176/2109/3614
f 2178/2111/3616 2176/2109/3614 2179/2112/3617
f 2180/2113/3618 2178/2111/3616 2179/2112/3617
f 2180/2113/3618 2179/2112/3617 2181/2114/3619
f 2182/2115/3620 2180/2113/3618 2181/2114/3619
f 2182/2115/3620 2181/2114/3619 2183/2116/3621
f 2182/2115/3620 2184/2117/3622 2180/2113/3618
f 2183/2116/3621 2185/2118/3623 2182/2115/3620
f 2180/2113/3618 2184/2117/3622 2186/2119/3624
f 2183/2116/3621 2187/2120/3625 2185/2118/3623
f 2188/2121/3626 2186/2119/3624 2184/2117/3622
f 2188/2121/3626 2185/2118/3623 2187/2120/3625
f 2188/2121/3626 2189/2122/3627 2186/2119/3624
f 2188/2121/3626 2187/2120/3625 2189/2122/3627
f 2189/2122/3627 2187/2120/3625 2190/2123/3628
f 2189/2122/3627 2190/2123/3628 2191/2124/3629
f 2191/2124/3629 2190/2123/3628 2192/2125/3630
f 2191/2124/3629 2192/2125/3630 2193/2126/3631
f 2194/2127/3632 2193/2126/3631 2192/2125/3630
f 2194/2127/3632 2192/2125/3630 2195/2128/3633
f 2196/2129/3634 2194/2127/3632 2195/2128/3633
f 2196/2129/3634 2195/2128/3633 2197/2130/3635
f 2198/2131/3636 2196/2129/3634 2197/2130/3635
f 2198/2131/3636 2197/2130/3635 2199/2132/3637
f 2198/2131/3636 2199/2132/3637 2123/2133/3562
f 2122/2134/3560 2123/2133/3562 2199/2132/3637
f 2198/2131/3636 2200/2135/3638 2196/2129/3634
f 2196/2129/3634 2200/2135/3638 2201/2136/3639
f 2124/2137/3561 2201/2136/3639 2200/2135/3638
f 2124/2137/3561 2125/2138/3563 2201/2136/3639
f 2150/2139/3640 2153/2140/3641 2202/2141/3642
f 2202/2141/3642 2203/2142/3643 2150/2139/3640
f 2204/2143/3644 2203/2142/3643 2202/2141/3642
f 2202/2141/3642 2205/2144/3645 2204/2143/3644
f 2206/2145/3646 2204/2143/3644 2205/2144/3645
f 2204/2143/3644 2206/2145/3646 2207/2146/3647
f 2205/2144/3645 2208/2147/3648 2206/2145/3646
f 2209/2148/3649 2208/2147/3648 2205/2144/3645
f 2210/2149/3650 2207/2146/3647 2206/2145/3646
f 2211/2150/3651 2207/2146/3647 2210/2149/3650
f 2210/2149/3650 2212/2151/3652 2211/2150/3651
f 2211/2150/3651 2212/2151/3652 2134/2152/3653
f 2134/2152/3653 2137/2153/3654 2211/2150/3651
f 2206/2145/3646 2213/2154/3655 2210/2149/3650
f 2210/2149/3650 2213/2154/3655 2214/2155/3656
f 2215/2156/3657 2213/2154/3655 2206/2145/3646
f 2206/2145/3646 2208/2147/3648 2215/2156/3657
f 2214/2155/3656 2213/2154/3655 2216/2157/3658
f 2215/2156/3657 2216/2157/3658 2213/2154/3655
f 2208/2147/3648 2217/2158/3659 2215/2156/3657
f 2215/2156/3657 2217/2158/3659 2216/2157/3658
f 2208/2147/3648 2209/2148/3649 2218/2159/3660
f 2218/2159/3660 2217/2158/3659 2208/2147/3648
f 2219/2160/3661 2218/2159/3660 2209/2148/3649
f 2209/2148/3649 2220/2161/3662 2219/2160/3661
f 2219/2160/3661 2220/2161/3662 2166/2162/3663
f 2166/2162/3663 2169/2163/3664 2219/2160/3661
f 2221/2164/3665 2217/2158/3659 2218/2159/3660
f 2216/2157/3658 2222/2165/3666 2214/2155/3656
f 2223/2166/3667 2214/2155/3656 2222/2165/3666
f 2222/2165/3666 2224/2167/3668 2223/2166/3667
f 2223/2166/3667 2224/2167/3668 2198/2168/3669
f 2198/2168/3669 2123/2169/3670 2223/2166/3667
f 2222/2165/3666 2216/2157/3658 2225/2170/3671
f 2225/2170/3671 2216/2157/3658 2217/2158/3659
f 2217/2158/3659 2221/2164/3665 2225/2170/3671
f 2226/2171/3672 2225/2170/3671 2221/2164/3665
f 2221/2164/3665 2227/2172/3673 2226/2171/3672
f 2226/2171/3672 2227/2172/3673 2182/2173/3674
f 2182/2173/3674 2185/2174/3675 2226/2171/3672
f 2156/2140/3676 2152/2139/3677 2228/2142/3678
f 2228/2142/3678 2229/2141/3679 2156/2140/3676
f 2230/2144/3680 2229/2141/3679 2228/2142/3678
f 2228/2142/3678 2231/2143/3681 2230/2144/3680
f 2230/2144/3680 2231/2143/3681 2232/2145/3682
f 2233/2146/3683 2232/2145/3682 2231/2143/3681
f 2232/2145/3682 2234/2147/3684 2230/2144/3680
f 2230/2144/3680 2234/2147/3684 2235/2148/3685
f 2236/2159/3686 2235/2148/3685 2234/2147/3684
f 2237/2161/3687 2235/2148/3685 2236/2159/3686
f 2236/2159/3686 2238/2160/3688 2237/2161/3687
f 2237/2161/3687 2238/2160/3688 2172/2163/3689
f 2172/2163/3689 2168/2162/3690 2237/2161/3687
f 2234/2147/3684 2239/2158/3691 2236/2159/3686
f 2236/2159/3686 2239/2158/3691 2240/2164/3692
f 2234/2147/3684 2232/2145/3682 2241/2156/3693
f 2239/2158/3691 2234/2147/3684 2241/2156/3693
f 2242/2170/3694 2240/2164/3692 2239/2158/3691
f 2243/2172/3695 2240/2164/3692 2242/2170/3694
f 2242/2170/3694 2244/2171/3696 2243/2172/3695
f 2243/2172/3695 2244/2171/3696 2188/2174/3697
f 2188/2174/3697 2184/2173/3698 2243/2172/3695
f 2239/2158/3691 2245/2157/3699 2242/2170/3694
f 2241/2156/3693 2245/2157/3699 2239/2158/3691
f 2242/2170/3694 2245/2157/3699 2246/2165/3700
f 2241/2156/3693 2232/2145/3682 2247/2154/3701
f 2241/2156/3693 2247/2154/3701 2245/2157/3699
f 2248/2155/3702 2246/2165/3700 2245/2157/3699
f 2245/2157/3699 2247/2154/3701 2248/2155/3702
f 2249/2167/3703 2246/2165/3700 2248/2155/3702
f 2248/2155/3702 2250/2166/3704 2249/2167/3703
f 2249/2167/3703 2250/2166/3704 2124/2169/3705
f 2124/2169/3705 2200/2168/3706 2249/2167/3703
f 2248/2155/3702 2247/2154/3701 2251/2149/3707
f 2251/2149/3707 2247/2154/3701 2232/2145/3682
f 2232/2145/3682 2233/2146/3683 2251/2149/3707
f 2252/2151/3708 2251/2149/3707 2233/2146/3683
f 2233/2146/3683 2253/2150/3709 2252/2151/3708
f 2252/2151/3708 2253/2150/3709 2140/2153/3710
f 2140/2153/3710 2136/2152/3711 2252/2151/3708
f 2137/2175/3712 2140/2176/3712 2253/2177/3713
f 2253/2177/3713 2211/2178/3713 2137/2175/3712
f 2207/2179/3714 2211/2178/3713 2253/2177/3713
f 2253/2177/3713 2233/2180/3715 2207/2179/3714
f 2207/2179/3714 2233/2180/3715 2231/2181/3716
f 2231/2181/3716 2204/2182/3717 2207/2179/3714
f 2203/2183/3718 2204/2182/3717 2231/2181/3716
f 2231/2181/3716 2228/2184/3719 2203/2183/3718
f 2150/2185/3720 2203/2183/3718 2228/2184/3719
f 2228/2184/3719 2152/2186/3720 2150/2185/3720
f 2153/2187/3721 2156/2188/3721 2229/2189/3722
f 2229/2189/3722 2202/2190/3722 2153/2187/3721
f 2205/2191/3723 2202/2190/3722 2229/2189/3722
f 2229/2189/3722 2230/2192/3723 2205/2191/3723
f 2205/2191/3723 2230/2192/3723 2235/2193/3724
f 2235/2193/3724 2209/2194/3725 2205/2191/3723
f 2220/2195/3726 2209/2194/3725 2235/2193/3724
f 2235/2193/3724 2237/2196/3727 2220/2195/3726
f 2166/2197/3728 2220/2195/3726 2237/2196/3727
f 2237/2196/3727 2168/2198/3728 2166/2197/3728
f 2169/2199/3729 2172/2200/3729 2238/2201/3730
f 2238/2201/3730 2219/2202/3731 2169/2199/3729
f 2218/2203/2821 2219/2202/3731 2238/2201/3730
f 2238/2201/3730 2236/2204/3732 2218/2203/2821
f 2218/2203/2821 2236/2204/3732 2240/2205/3733
f 2240/2205/3733 2221/2206/3734 2218/2203/2821
f 2227/2207/3735 2221/2206/3734 2240/2205/3733
f 2240/2205/3733 2243/2208/3736 2227/2207/3735
f 2182/2209/3737 2227/2207/3735 2243/2208/3736
f 2243/2208/3736 2184/2210/3737 2182/2209/3737
f 2185/2211/3738 2188/2212/3738 2244/2213/3739
f 2244/2213/3739 2226/2214/3740 2185/2211/3738
f 2225/2215/3741 2226/2214/3740 2244/2213/3739
f 2244/2213/3739 2242/2216/3742 2225/2215/3741
f 2225/2215/3741 2242/2216/3742 2246/2217/3743
f 2246/2217/3743 2222/2218/3744 2225/2215/3741
f 2224/2219/2831 2222/2218/3744 2246/2217/3743
f 2246/2217/3743 2249/2220/3745 2224/2219/2831
f 2198/2221/3746 2224/2219/2831 2249/2220/3745
f 2249/2220/3745 2200/2222/3746 2198/2221/3746
f 2123/2223/3747 2124/2224/3747 2250/2225/3748
f 2250/2225/3748 2223/2226/3749 2123/2223/3747
f 2214/2227/3750 2223/2226/3749 2250/2225/3748
f 2250/2225/3748 2248/2228/3751 2214/2227/3750
f 2214/2227/3750 2248/2228/3751 2251/2229/3752
f 2251/2229/3752 2210/2230/3753 2214/2227/3750
f 2212/2231/3754 2210/2230/3753 2251/2229/3752
f 2251/2229/3752 2252/2232/3755 2212/2231/3754
f 2134/2233/3756 2212/2231/3754 2252/2232/3755
f 2252/2232/3755 2136/2234/3756 2134/2233/3756
f 2254/2031/56 2256/2033/56 2255/2032/56
f 2257/2034/56 2256/2033/56 2254/2031/56
f 2257/2034/56 2258/2035/56 2256/2033/56
f 2259/2036/56 2258/2035/56 2257/2034/56
f 2259/2036/56 2260/2037/56 2258/2035/56
f 2259/2036/56 2261/2038/56 2260/2037/56
f 2261/2038/56 2262/2039/56 2260/2037/56
f 2259/2036/56 2257/2034/56 2263/2040/56
f 2263/2040/56 2257/2034/56 2264/2041/56
f 2264/2041/56 2257/2034/56 2265/2042/56
f 2264/2041/56 2265/2042/56 2266/2043/56
f 2266/2043/56 2265/2042/56 2267/2044/56
f 2263/2040/56 2264/2041/56 2268/2045/56
f 2263/2040/56 2268/2045/56 2269/2046/56
f 2269/2046/56 2268/2045/56 2270/2047/56
f 2259/2036/56 2263/2040/56 2271/2048/56
f 2271/2048/56 2263/2040/56 2272/2049/56
f 2271/2048/56 2272/2049/56 2273/2050/56
f 2273/2050/56 2272/2049/56 2274/2051/56
f 2259/2036/56 2271/2048/56 2275/2052/56
f 2259/2036/56 2275/2052/56 2276/2053/56
f 2276/2053/56 2275/2052/56 2277/2054/56
f 2278/2049/973 2280/2050/973 2279/2051/973
f 2281/2040/973 2280/2050/973 2278/2049/973
f 2281/2040/973 2282/2048/973 2280/2050/973
f 2283/2036/973 2282/2048/973 2281/2040/973
f 2283/2036/973 2284/2052/973 2282/2048/973
f 2283/2036/973 2285/2053/973 2284/2052/973
f 2285/2053/973 2286/2054/973 2284/2052/973
f 2283/2036/973 2281/2040/973 2287/2034/973
f 2287/2034/973 2281/2040/973 2288/2041/973
f 2288/2041/973 2281/2040/973 2289/2046/973
f 2288/2041/973 2289/2046/973 2290/2045/973
f 2290/2045/973 2289/2046/973 2291/2047/973
f 2287/2034/973 2288/2041/973 2292/2043/973
f 2287/2034/973 2292/2043/973 2293/2042/973
f 2293/2042/973 2292/2043/973 2294/2044/973
f 2283/2036/973 2287/2034/973 2295/2035/973
f 2295/2035/973 2287/2034/973 2296/2031/973
f 2295/2035/973 2296/2031/973 2297/2033/973
f 2297/2033/973 2296/2031/973 2298/2032/973
f 2283/2036/973 2295/2035/973 2299/2037/973
f 2283/2036/973 2299/2037/973 2300/2038/973
f 2300/2038/973 2299/2037/973 2301/2039/973
f 2106/2054/3757 2284/2235/3758 2286/2236/3759
f 2106/2054/3757 2104/2052/3760 2284/2235/3758
f 2286/2236/3759 2105/2053/3761 2106/2054/3757
f 2104/2052/3760 2282/2237/3762 2284/2235/3758
f 2286/2236/3759 2285/2238/3763 2105/2053/3761
f 2104/2052/3760 2102/2048/3764 2282/2237/3762
f 2285/2238/3763 2103/2036/3765 2105/2053/3761
f 2102/2048/3764 2280/2239/3766 2282/2237/3762
f 2285/2238/3763 2283/2240/3767 2103/2036/3765
f 2102/2048/3764 2099/2050/3768 2280/2239/3766
f 2120/2038/3769 2103/2036/3765 2283/2240/3767
f 2099/2050/3768 2279/2241/3770 2280/2239/3766
f 2120/2038/3769 2283/2240/3767 2300/2242/3771
f 2099/2050/3768 2100/2051/3772 2279/2241/3770
f 2121/2039/3773 2120/2038/3769 2300/2242/3771
f 2100/2051/3772 2278/2243/3774 2279/2241/3770
f 2121/2039/3773 2300/2242/3771 2301/2244/3775
f 2100/2051/3772 2098/2049/3776 2278/2243/3774
f 2119/2037/3777 2121/2039/3773 2301/2244/3775
f 2098/2049/3776 2281/2245/3778 2278/2243/3774
f 2119/2037/3777 2301/2244/3775 2299/2246/3779
f 2098/2049/3776 2101/2040/3780 2281/2245/3778
f 2115/2035/3781 2119/2037/3777 2299/2246/3779
f 2101/2040/3780 2289/2247/3782 2281/2245/3778
f 2115/2035/3781 2299/2246/3779 2295/2248/3783
f 2101/2040/3780 2109/2046/3784 2289/2247/3782
f 2117/2033/3785 2115/2035/3781 2295/2248/3783
f 2109/2046/3784 2291/2249/3786 2289/2247/3782
f 2117/2033/3785 2295/2248/3783 2297/2250/3787
f 2109/2046/3784 2111/2047/3788 2291/2249/3786
f 2118/2032/3789 2117/2033/3785 2297/2250/3787
f 2111/2047/3788 2290/2251/3790 2291/2249/3786
f 2118/2032/3789 2297/2250/3787 2298/2252/3791
f 2111/2047/3788 2110/2045/3792 2290/2251/3790
f 2116/2031/3793 2118/2032/3789 2298/2252/3791
f 2110/2045/3792 2288/2253/3794 2290/2251/3790
f 2116/2031/3793 2298/2252/3791 2296/2254/3795
f 2110/2045/3792 2108/2041/3796 2288/2253/3794
f 2107/2034/3797 2116/2031/3793 2296/2254/3795
f 2108/2041/3796 2292/2255/3798 2288/2253/3794
f 2107/2034/3797 2296/2254/3795 2287/2256/3799
f 2108/2041/3796 2112/2043/3800 2292/2255/3798
f 2113/2042/3801 2107/2034/3797 2287/2256/3799
f 2112/2043/3800 2294/2257/3802 2292/2255/3798
f 2113/2042/3801 2287/2256/3799 2293/2258/3803
f 2112/2043/3800 2114/2044/3804 2294/2257/3802
f 2114/2044/3804 2113/2042/3801 2293/2258/3803
f 2114/2044/3804 2293/2258/3803 2294/2257/3802
f 2273/2239/3766 2093/2050/3768 2091/2048/3764
f 2273/2239/3766 2091/2048/3764 2271/2237/3762
f 2274/2241/3805 2093/2050/3768 2273/2239/3766
f 2271/2237/3762 2091/2048/3764 2095/2052/3806
f 2274/2241/3805 2094/2051/3772 2093/2050/3768
f 2271/2237/3762 2095/2052/3806 2275/2235/3807
f 2272/2243/3774 2094/2051/3772 2274/2241/3805
f 2275/2235/3807 2095/2052/3806 2097/2054/3757
f 2272/2243/3774 2092/2049/3776 2094/2051/3772
f 2275/2235/3807 2097/2054/3757 2277/2236/3759
f 2263/2245/3778 2092/2049/3776 2272/2243/3774
f 2277/2236/3759 2097/2054/3757 2096/2053/3808
f 2263/2245/3778 2083/2040/3780 2092/2049/3776
f 2277/2236/3759 2096/2053/3808 2276/2238/3809
f 2269/2247/3810 2083/2040/3780 2263/2245/3778
f 2276/2238/3809 2096/2053/3808 2079/2036/3765
f 2269/2247/3810 2089/2046/3811 2083/2040/3780
f 2276/2238/3809 2079/2036/3765 2259/2240/3767
f 2270/2249/3786 2089/2046/3811 2269/2247/3810
f 2259/2240/3767 2079/2036/3765 2081/2038/3812
f 2270/2249/3786 2090/2047/3788 2089/2046/3811
f 2259/2240/3767 2081/2038/3812 2261/2242/3813
f 2268/2251/3814 2090/2047/3788 2270/2249/3786
f 2261/2242/3813 2081/2038/3812 2082/2039/3773
f 2268/2251/3814 2088/2045/3815 2090/2047/3788
f 2261/2242/3813 2082/2039/3773 2262/2244/3775
f 2264/2253/3816 2088/2045/3815 2268/2251/3814
f 2262/2244/3775 2082/2039/3773 2080/2037/3817
f 2264/2253/3816 2084/2041/3796 2088/2045/3815
f 2262/2244/3775 2080/2037/3817 2260/2246/3779
f 2266/2255/3818 2084/2041/3796 2264/2253/3816
f 2260/2246/3779 2080/2037/3817 2078/2035/3781
f 2266/2255/3818 2086/2043/3819 2084/2041/3796
f 2260/2246/3779 2078/2035/3781 2258/2248/3783
f 2267/2257/3802 2086/2043/3819 2266/2255/3818
f 2258/2248/3783 2078/2035/3781 2075/2033/3820
f 2267/2257/3802 2087/2044/3804 2086/2043/3819
f 2258/2248/3783 2075/2033/3820 2256/2250/3787
f 2265/2258/3821 2087/2044/3804 2267/2257/3802
f 2256/2250/3787 2075/2033/3820 2076/2032/3789
f 2265/2258/3821 2085/2042/3822 2087/2044/3804
f 2256/2250/3787 2076/2032/3789 2255/2252/3823
f 2257/2256/3799 2085/2042/3822 2265/2258/3821
f 2255/2252/3823 2076/2032/3789 2074/2031/3793
f 2257/2256/3799 2077/2034/3797 2085/2042/3822
f 2255/2252/3823 2074/2031/3793 2254/2254/3824
f 2254/2254/3824 2077/2034/3797 2257/2256/3799
f 2254/2254/3824 2074/2031/3793 2077/2034/3797
f 2146/2259/3825 2145/2260/3826 2302/2261/3827
f 2146/2259/3825 2302/2261/3827 2303/2262/3828
f 2148/2263/3829 2146/2259/3825 2303/2262/3828
f 2304/2264/3830 2303/2262/3828 2302/2261/3827
f 2304/2264/3830 2302/2261/3827 2305/2265/3831
f 2148/2263/3829 2303/2262/3828 2306/2266/3832
f 2306/2266/3832 2151/2267/3833 2148/2263/3829
f 2307/2268/3834 2303/2262/3828 2304/2264/3830
f 2307/2268/3834 2306/2266/3832 2303/2262/3828
f 2308/2269/3835 2304/2264/3830 2305/2265/3831
f 2308/2269/3835 2305/2265/3831 2309/2270/3836
f 2306/2266/3832 2310/2271/3837 2151/2267/3833
f 2310/2271/3837 2155/2272/3838 2151/2267/3833
f 2311/2273/3839 2307/2268/3834 2304/2264/3830
f 2311/2273/3839 2304/2264/3830 2308/2269/3835
f 2309/2270/3836 2312/2274/3840 2308/2269/3835
f 2309/2270/3836 2313/2275/3841 2312/2274/3840
f 2306/2266/3832 2307/2268/3834 2314/2276/3842
f 2306/2266/3832 2314/2276/3842 2310/2271/3837
f 2310/2271/3837 2315/2277/3843 2155/2272/3838
f 2315/2277/3843 2159/2278/3844 2155/2272/3838
f 2307/2268/3834 2311/2273/3839 2316/2279/3845
f 2307/2268/3834 2316/2279/3845 2314/2276/3842
f 2308/2269/3835 2317/2280/3846 2311/2273/3839
f 2308/2269/3835 2312/2274/3840 2317/2280/3846
f 2313/2275/3841 2318/2281/3847 2312/2274/3840
f 2313/2275/3841 2319/2282/3848 2318/2281/3847
f 2310/2271/3837 2314/2276/3842 2320/2283/3849
f 2310/2271/3837 2320/2283/3849 2315/2277/3843
f 2315/2277/3843 2321/2284/3850 2159/2278/3844
f 2321/2284/3850 2161/2285/3851 2159/2278/3844
f 2314/2276/3842 2316/2279/3845 2322/2286/3852
f 2314/2276/3842 2322/2286/3852 2320/2283/3849
f 2311/2273/3839 2323/2287/3853 2316/2279/3845
f 2311/2273/3839 2317/2280/3846 2323/2287/3853
f 2312/2274/3840 2324/2288/3854 2317/2280/3846
f 2312/2274/3840 2318/2281/3847 2324/2288/3854
f 2319/2282/3848 2325/2289/3855 2318/2281/3847
f 2319/2282/3848 2326/2290/3856 2325/2289/3855
f 2326/2290/3856 2147/2291/3857 2325/2289/3855
f 2326/2290/3856 2144/2292/3858 2147/2291/3857
f 2325/2289/3855 2147/2291/3857 2149/2293/3859
f 2318/2281/3847 2325/2289/3855 2327/2294/3860
f 2325/2289/3855 2149/2293/3859 2327/2294/3860
f 2318/2281/3847 2327/2294/3860 2324/2288/3854
f 2327/2294/3860 2149/2293/3859 2154/2295/3861
f 2327/2294/3860 2154/2295/3861 2328/2296/3862
f 2324/2288/3854 2327/2294/3860 2328/2296/3862
f 2328/2296/3862 2154/2295/3861 2157/2297/3863
f 2317/2280/3846 2324/2288/3854 2329/2298/3864
f 2324/2288/3854 2328/2296/3862 2329/2298/3864
f 2317/2280/3846 2329/2298/3864 2323/2287/3853
f 2328/2296/3862 2157/2297/3863 2330/2299/3865
f 2329/2298/3864 2328/2296/3862 2330/2299/3865
f 2323/2287/3853 2329/2298/3864 2331/2300/3866
f 2329/2298/3864 2330/2299/3865 2331/2300/3866
f 2157/2297/3863 2332/2301/3867 2330/2299/3865
f 2331/2300/3866 2330/2299/3865 2332/2301/3867
f 2157/2297/3863 2158/2302/3868 2332/2301/3867
f 2323/2287/3853 2331/2300/3866 2333/2303/3869
f 2316/2279/3845 2323/2287/3853 2333/2303/3869
f 2316/2279/3845 2333/2303/3869 2322/2286/3852
f 2158/2302/3868 2334/2304/3870 2332/2301/3867
f 2158/2302/3868 2160/2305/3871 2334/2304/3870
f 2334/2304/3870 2160/2305/3871 2162/2306/3872
f 2331/2300/3866 2332/2301/3867 2335/2307/3873
f 2333/2303/3869 2331/2300/3866 2335/2307/3873
f 2335/2307/3873 2332/2301/3867 2334/2304/3870
f 2336/2308/3874 2322/2286/3852 2333/2303/3869
f 2333/2303/3869 2335/2307/3873 2336/2308/3874
f 2334/2304/3870 2162/2306/3872 2337/2309/3875
f 2337/2309/3875 2162/2306/3872 2164/2310/3876
f 2335/2307/3873 2334/2304/3870 2338/2311/3877
f 2336/2308/3874 2335/2307/3873 2338/2311/3877
f 2338/2311/3877 2334/2304/3870 2337/2309/3875
f 2336/2308/3874 2339/2312/3878 2322/2286/3852
f 2320/2283/3849 2322/2286/3852 2339/2312/3878
f 2337/2309/3875 2164/2310/3876 2340/2313/3879
f 2340/2313/3879 2164/2310/3876 2170/2314/3880
f 2338/2311/3877 2337/2309/3875 2341/2315/3881
f 2341/2315/3881 2337/2309/3875 2340/2313/3879
f 2336/2308/3874 2338/2311/3877 2342/2316/3882
f 2342/2316/3882 2339/2312/3878 2336/2308/3874
f 2341/2315/3881 2342/2316/3882 2338/2311/3877
f 2320/2283/3849 2339/2312/3878 2343/2317/3883
f 2315/2277/3843 2320/2283/3849 2343/2317/3883
f 2315/2277/3843 2343/2317/3883 2321/2284/3850
f 2340/2313/3879 2170/2314/3880 2344/2318/3884
f 2344/2318/3884 2170/2314/3880 2173/2319/3885
f 2341/2315/3881 2340/2313/3879 2345/2320/3886
f 2344/2318/3884 2345/2320/3886 2340/2313/3879
f 2341/2315/3881 2346/2321/3887 2342/2316/3882
f 2345/2320/3886 2346/2321/3887 2341/2315/3881
f 2342/2316/3882 2347/2322/3888 2339/2312/3878
f 2343/2317/3883 2339/2312/3878 2347/2322/3888
f 2347/2322/3888 2342/2316/3882 2346/2321/3887
f 2321/2284/3850 2343/2317/3883 2348/2323/3889
f 2343/2317/3883 2347/2322/3888 2348/2323/3889
f 2347/2322/3888 2346/2321/3887 2349/2324/3890
f 2349/2324/3890 2348/2323/3889 2347/2322/3888
f 2345/2320/3886 2350/2325/3891 2346/2321/3887
f 2349/2324/3890 2346/2321/3887 2350/2325/3891
f 2344/2318/3884 2351/2326/3892 2345/2320/3886
f 2350/2325/3891 2345/2320/3886 2351/2326/3892
f 2344/2318/3884 2173/2319/3885 2352/2327/3893
f 2352/2327/3893 2351/2326/3892 2344/2318/3884
f 2321/2284/3850 2348/2323/3889 2353/2328/3894
f 2321/2284/3850 2353/2328/3894 2161/2285/3851
f 2353/2328/3894 2163/2329/3895 2161/2285/3851
f 2349/2324/3890 2354/2330/3896 2348/2323/3889
f 2353/2328/3894 2348/2323/3889 2354/2330/3896
f 2353/2328/3894 2355/2331/3897 2163/2329/3895
f 2353/2328/3894 2354/2330/3896 2355/2331/3897
f 2355/2331/3897 2165/2332/3898 2163/2329/3895
f 2349/2324/3890 2350/2325/3891 2356/2333/3899
f 2356/2333/3899 2354/2330/3896 2349/2324/3890
f 2357/2334/3900 2352/2327/3893 2173/2319/3885
f 2357/2334/3900 2173/2319/3885 2175/2335/3901
f 2350/2325/3891 2351/2326/3892 2358/2336/3902
f 2356/2333/3899 2350/2325/3891 2358/2336/3902
f 2352/2327/3893 2359/2337/3903 2351/2326/3892
f 2357/2334/3900 2359/2337/3903 2352/2327/3893
f 2358/2336/3902 2351/2326/3892 2359/2337/3903
f 2355/2331/3897 2360/2338/3904 2165/2332/3898
f 2360/2338/3904 2167/2339/3905 2165/2332/3898
f 2355/2331/3897 2354/2330/3896 2361/2340/3906
f 2356/2333/3899 2361/2340/3906 2354/2330/3896
f 2355/2331/3897 2361/2340/3906 2360/2338/3904
f 2362/2341/3907 2357/2334/3900 2175/2335/3901
f 2362/2341/3907 2175/2335/3901 2177/2342/3908
f 2356/2333/3899 2358/2336/3902 2363/2343/3909
f 2361/2340/3906 2356/2333/3899 2363/2343/3909
f 2358/2336/3902 2359/2337/3903 2364/2344/3910
f 2363/2343/3909 2358/2336/3902 2364/2344/3910
f 2357/2334/3900 2365/2345/3911 2359/2337/3903
f 2362/2341/3907 2365/2345/3911 2357/2334/3900
f 2364/2344/3910 2359/2337/3903 2365/2345/3911
f 2360/2338/3904 2366/2346/3912 2167/2339/3905
f 2366/2346/3912 2171/2347/3913 2167/2339/3905
f 2360/2338/3904 2361/2340/3906 2367/2348/3914
f 2361/2340/3906 2363/2343/3909 2367/2348/3914
f 2360/2338/3904 2367/2348/3914 2366/2346/3912
f 2368/2349/3915 2362/2341/3907 2177/2342/3908
f 2368/2349/3915 2177/2342/3908 2178/2350/3916
f 2363/2343/3909 2364/2344/3910 2369/2351/3917
f 2367/2348/3914 2363/2343/3909 2369/2351/3917
f 2364/2344/3910 2365/2345/3911 2370/2352/3918
f 2370/2352/3918 2369/2351/3917 2364/2344/3910
f 2362/2341/3907 2371/2353/3919 2365/2345/3911
f 2371/2353/3919 2362/2341/3907 2368/2349/3915
f 2370/2352/3918 2365/2345/3911 2371/2353/3919
f 2366/2346/3912 2372/2354/3920 2171/2347/3913
f 2372/2354/3920 2174/2355/3921 2171/2347/3913
f 2366/2346/3912 2367/2348/3914 2373/2356/3922
f 2367/2348/3914 2369/2351/3917 2373/2356/3922
f 2366/2346/3912 2373/2356/3922 2372/2354/3920
f 2374/2357/3923 2368/2349/3915 2178/2350/3916
f 2374/2357/3923 2178/2350/3916 2180/2358/3924
f 2370/2352/3918 2375/2359/3925 2369/2351/3917
f 2375/2359/3925 2373/2356/3922 2369/2351/3917
f 2370/2352/3918 2371/2353/3919 2376/2360/3926
f 2376/2360/3926 2375/2359/3925 2370/2352/3918
f 2371/2353/3919 2368/2349/3915 2377/2361/3927
f 2377/2361/3927 2368/2349/3915 2374/2357/3923
f 2376/2360/3926 2371/2353/3919 2377/2361/3927
f 2372/2354/3920 2378/2362/3928 2174/2355/3921
f 2378/2362/3928 2176/2363/3929 2174/2355/3921
f 2372/2354/3920 2373/2356/3922 2379/2364/3930
f 2375/2359/3925 2379/2364/3930 2373/2356/3922
f 2372/2354/3920 2379/2364/3930 2378/2362/3928
f 2180/2358/3924 2380/2365/3931 2374/2357/3923
f 2180/2358/3924 2186/2366/3932 2380/2365/3931
f 2376/2360/3926 2381/2367/3933 2375/2359/3925
f 2381/2367/3933 2379/2364/3930 2375/2359/3925
f 2377/2361/3927 2374/2357/3923 2382/2368/3934
f 2380/2365/3931 2382/2368/3934 2374/2357/3923
f 2376/2360/3926 2377/2361/3927 2383/2369/3935
f 2381/2367/3933 2376/2360/3926 2383/2369/3935
f 2383/2369/3935 2377/2361/3927 2382/2368/3934
f 2378/2362/3928 2384/2370/3936 2176/2363/3929
f 2384/2370/3936 2179/2371/3937 2176/2363/3929
f 2378/2362/3928 2379/2364/3930 2385/2372/3938
f 2381/2367/3933 2385/2372/3938 2379/2364/3930
f 2378/2362/3928 2385/2372/3938 2384/2370/3936
f 2186/2366/3932 2386/2373/3939 2380/2365/3931
f 2186/2366/3932 2189/2374/3940 2386/2373/3939
f 2191/2375/3941 2386/2373/3939 2189/2374/3940
f 2381/2367/3933 2383/2369/3935 2387/2376/3942
f 2385/2372/3938 2381/2367/3933 2387/2376/3942
f 2380/2365/3931 2388/2377/3943 2382/2368/3934
f 2386/2373/3939 2388/2377/3943 2380/2365/3931
f 2383/2369/3935 2382/2368/3934 2389/2378/3944
f 2387/2376/3942 2383/2369/3935 2389/2378/3944
f 2388/2377/3943 2389/2378/3944 2382/2368/3934
f 2384/2370/3936 2390/2379/3945 2179/2371/3937
f 2390/2379/3945 2181/2380/3946 2179/2371/3937
f 2384/2370/3936 2385/2372/3938 2391/2381/3947
f 2385/2372/3938 2387/2376/3942 2391/2381/3947
f 2384/2370/3936 2391/2381/3947 2390/2379/3945
f 2191/2375/3941 2392/2382/3948 2386/2373/3939
f 2193/2383/3949 2392/2382/3948 2191/2375/3941
f 2386/2373/3939 2393/2384/3950 2388/2377/3943
f 2392/2382/3948 2393/2384/3950 2386/2373/3939
f 2387/2376/3942 2389/2378/3944 2394/2385/3951
f 2391/2381/3947 2387/2376/3942 2394/2385/3951
f 2388/2377/3943 2395/2386/3952 2389/2378/3944
f 2393/2384/3950 2395/2386/3952 2388/2377/3943
f 2395/2386/3952 2394/2385/3951 2389/2378/3944
f 2390/2379/3945 2396/2387/3953 2181/2380/3946
f 2396/2387/3953 2183/2388/3954 2181/2380/3946
f 2390/2379/3945 2391/2381/3947 2397/2389/3955
f 2391/2381/3947 2394/2385/3951 2397/2389/3955
f 2390/2379/3945 2397/2389/3955 2396/2387/3953
f 2193/2383/3949 2398/2390/3956 2392/2382/3948
f 2194/2391/3957 2398/2390/3956 2193/2383/3949
f 2392/2382/3948 2399/2392/3958 2393/2384/3950
f 2398/2390/3956 2399/2392/3958 2392/2382/3948
f 2393/2384/3950 2400/2393/3959 2395/2386/3952
f 2400/2393/3959 2393/2384/3950 2399/2392/3958
f 2395/2386/3952 2401/2394/3960 2394/2385/3951
f 2401/2394/3960 2397/2389/3955 2394/2385/3951
f 2400/2393/3959 2401/2394/3960 2395/2386/3952
f 2396/2387/3953 2402/2395/3961 2183/2388/3954
f 2402/2395/3961 2187/2396/3962 2183/2388/3954
f 2403/2397/3963 2396/2387/3953 2397/2389/3955
f 2401/2394/3960 2403/2397/3963 2397/2389/3955
f 2403/2397/3963 2402/2395/3961 2396/2387/3953
f 2194/2391/3957 2404/2398/3964 2398/2390/3956
f 2196/2399/3965 2404/2398/3964 2194/2391/3957
f 2398/2390/3956 2405/2400/3966 2399/2392/3958
f 2405/2400/3966 2398/2390/3956 2404/2398/3964
f 2400/2393/3959 2399/2392/3958 2406/2401/3967
f 2406/2401/3967 2399/2392/3958 2405/2400/3966
f 2400/2393/3959 2407/2402/3968 2401/2394/3960
f 2407/2402/3968 2403/2397/3963 2401/2394/3960
f 2406/2401/3967 2407/2402/3968 2400/2393/3959
f 2402/2395/3961 2408/2403/3969 2187/2396/3962
f 2190/2404/3970 2187/2396/3962 2408/2403/3969
f 2409/2405/3971 2402/2395/3961 2403/2397/3963
f 2407/2402/3968 2409/2405/3971 2403/2397/3963
f 2409/2405/3971 2408/2403/3969 2402/2395/3961
f 2406/2401/3967 2410/2406/3972 2407/2402/3968
f 2410/2406/3972 2409/2405/3971 2407/2402/3968
f 2406/2401/3967 2405/2400/3966 2411/2407/3973
f 2411/2407/3973 2410/2406/3972 2406/2401/3967
f 2405/2400/3966 2404/2398/3964 2412/2408/3974
f 2412/2408/3974 2411/2407/3973 2405/2400/3966
f 2190/2404/3970 2408/2403/3969 2413/2409/3975
f 2192/2410/3976 2190/2404/3970 2413/2409/3975
f 2414/2411/3977 2408/2403/3969 2409/2405/3971
f 2410/2406/3972 2414/2411/3977 2409/2405/3971
f 2414/2411/3977 2413/2409/3975 2408/2403/3969
f 2411/2407/3973 2415/2412/3978 2410/2406/3972
f 2415/2412/3978 2414/2411/3977 2410/2406/3972
f 2192/2410/3976 2413/2409/3975 2416/2413/3979
f 2416/2413/3979 2195/2414/3980 2192/2410/3976
f 2417/2415/3981 2413/2409/3975 2414/2411/3977
f 2415/2412/3978 2417/2415/3981 2414/2411/3977
f 2417/2415/3981 2416/2413/3979 2413/2409/3975
f 2418/2416/3982 2415/2412/3978 2411/2407/3973
f 2412/2408/3974 2418/2416/3982 2411/2407/3973
f 2412/2408/3974 2404/2398/3964 2419/2417/3983
f 2196/2399/3965 2419/2417/3983 2404/2398/3964
f 2416/2413/3979 2420/2418/3984 2195/2414/3980
f 2420/2418/3984 2197/2419/3985 2195/2414/3980
f 2421/2420/3986 2417/2415/3981 2415/2412/3978
f 2418/2416/3982 2421/2420/3986 2415/2412/3978
f 2422/2421/3987 2416/2413/3979 2417/2415/3981
f 2422/2421/3987 2420/2418/3984 2416/2413/3979
f 2421/2420/3986 2422/2421/3987 2417/2415/3981
f 2423/2422/3988 2418/2416/3982 2412/2408/3974
f 2412/2408/3974 2419/2417/3983 2423/2422/3988
f 2424/2423/3989 2419/2417/3983 2196/2399/3965
f 2423/2422/3988 2419/2417/3983 2424/2423/3989
f 2424/2423/3989 2196/2399/3965 2201/2424/3990
f 2420/2418/3984 2425/2425/3991 2197/2419/3985
f 2425/2425/3991 2199/2426/3992 2197/2419/3985
f 2426/2427/3993 2421/2420/3986 2418/2416/3982
f 2423/2422/3988 2426/2427/3993 2418/2416/3982
f 2427/2428/3994 2420/2418/3984 2422/2421/3987
f 2427/2428/3994 2425/2425/3991 2420/2418/3984
f 2428/2429/3995 2422/2421/3987 2421/2420/3986
f 2426/2427/3993 2428/2429/3995 2421/2420/3986
f 2428/2429/3995 2427/2428/3994 2422/2421/3987
f 2429/2430/3996 2424/2423/3989 2201/2424/3990
f 2429/2430/3996 2201/2424/3990 2125/2431/3997
f 2423/2422/3988 2424/2423/3989 2430/2432/3998
f 2426/2427/3993 2423/2422/3988 2430/2432/3998
f 2430/2432/3998 2424/2423/3989 2429/2430/3996
f 2425/2425/3991 2431/2433/3999 2199/2426/3992
f 2431/2433/3999 2122/2434/4000 2199/2426/3992
f 2428/2429/3995 2426/2427/3993 2432/2435/4001
f 2426/2427/3993 2430/2432/3998 2432/2435/4001
f 2433/2436/4002 2427/2428/3994 2428/2429/3995
f 2428/2429/3995 2432/2435/4001 2433/2436/4002
f 2434/2437/4003 2425/2425/3991 2427/2428/3994
f 2434/2437/4003 2431/2433/3999 2425/2425/3991
f 2433/2436/4002 2434/2437/4003 2427/2428/3994
f 2435/2438/4004 2429/2430/3996 2125/2431/3997
f 2435/2438/4004 2125/2431/3997 2127/2439/4005
f 2430/2432/3998 2429/2430/3996 2436/2440/4006
f 2432/2435/4001 2430/2432/3998 2436/2440/4006
f 2436/2440/4006 2429/2430/3996 2435/2438/4004
f 2431/2433/3999 2437/2441/4007 2122/2434/4000
f 2437/2441/4007 2126/2442/4008 2122/2434/4000
f 2433/2436/4002 2432/2435/4001 2438/2443/4009
f 2432/2435/4001 2436/2440/4006 2438/2443/4009
f 2439/2444/4010 2434/2437/4003 2433/2436/4002
f 2433/2436/4002 2438/2443/4009 2439/2444/4010
f 2440/2445/4011 2431/2433/3999 2434/2437/4003
f 2440/2445/4011 2437/2441/4007 2431/2433/3999
f 2439/2444/4010 2440/2445/4011 2434/2437/4003
f 2441/2446/4012 2435/2438/4004 2127/2439/4005
f 2441/2446/4012 2127/2439/4005 2129/2447/4013
f 2436/2440/4006 2435/2438/4004 2442/2448/4014
f 2438/2443/4009 2436/2440/4006 2442/2448/4014
f 2442/2448/4014 2435/2438/4004 2441/2446/4012
f 2437/2441/4007 2443/2449/4015 2126/2442/4008
f 2443/2449/4015 2128/2450/4016 2126/2442/4008
f 2444/2451/4017 2439/2444/4010 2438/2443/4009
f 2438/2443/4009 2442/2448/4014 2444/2451/4017
f 2445/2452/4018 2440/2445/4011 2439/2444/4010
f 2444/2451/4017 2445/2452/4018 2439/2444/4010
f 2446/2453/4019 2437/2441/4007 2440/2445/4011
f 2446/2453/4019 2443/2449/4015 2437/2441/4007
f 2445/2452/4018 2446/2453/4019 2440/2445/4011
f 2447/2454/4020 2441/2446/4012 2129/2447/4013
f 2447/2454/4020 2129/2447/4013 2130/2455/4021
f 2442/2448/4014 2441/2446/4012 2448/2456/4022
f 2444/2451/4017 2442/2448/4014 2448/2456/4022
f 2447/2454/4020 2448/2456/4022 2441/2446/4012
f 2443/2449/4015 2449/2457/4023 2128/2450/4016
f 2449/2457/4023 2131/2458/4024 2128/2450/4016
f 2450/2459/4025 2445/2452/4018 2444/2451/4017
f 2444/2451/4017 2448/2456/4022 2450/2459/4025
f 2451/2460/4026 2443/2449/4015 2446/2453/4019
f 2451/2460/4026 2449/2457/4023 2443/2449/4015
f 2452/2461/4027 2446/2453/4019 2445/2452/4018
f 2450/2459/4025 2452/2461/4027 2445/2452/4018
f 2452/2461/4027 2451/2460/4026 2446/2453/4019
f 2453/2462/4028 2447/2454/4020 2130/2455/4021
f 2453/2462/4028 2130/2455/4021 2132/2463/4029
f 2453/2462/4028 2132/2463/4029 2138/2464/4030
f 2447/2454/4020 2454/2465/4031 2448/2456/4022
f 2450/2459/4025 2448/2456/4022 2454/2465/4031
f 2453/2462/4028 2454/2465/4031 2447/2454/4020
f 2449/2457/4023 2455/2466/4032 2131/2458/4024
f 2455/2466/4032 2133/2467/4033 2131/2458/4024
f 2456/2468/4034 2452/2461/4027 2450/2459/4025
f 2450/2459/4025 2454/2465/4031 2456/2468/4034
f 2457/2469/4035 2451/2460/4026 2452/2461/4027
f 2456/2468/4034 2457/2469/4035 2452/2461/4027
f 2458/2470/4036 2449/2457/4023 2451/2460/4026
f 2458/2470/4036 2455/2466/4032 2449/2457/4023
f 2457/2469/4035 2458/2470/4036 2451/2460/4026
f 2453/2462/4028 2138/2464/4030 2459/2471/4037
f 2459/2471/4037 2138/2464/4030 2141/2472/4038
f 2453/2462/4028 2460/2473/4039 2454/2465/4031
f 2456/2468/4034 2454/2465/4031 2460/2473/4039
f 2460/2473/4039 2453/2462/4028 2459/2471/4037
f 2461/1680/4040 2457/2469/4035 2456/2468/4034
f 2456/2468/4034 2460/2473/4039 2461/1680/4040
f 2462/2474/4041 2458/2470/4036 2457/2469/4035
f 2461/1680/4040 2462/2474/4041 2457/2469/4035
f 2463/2475/4042 2455/2466/4032 2458/2470/4036
f 2462/2474/4041 2463/2475/4042 2458/2470/4036
f 2460/2473/4039 2459/2471/4037 2464/2476/4043
f 2461/1680/4040 2460/2473/4039 2464/2476/4043
f 2459/2471/4037 2141/2472/4038 2465/2477/4044
f 2464/2476/4043 2459/2471/4037 2465/2477/4044
f 2462/2474/4041 2461/1680/4040 2466/2478/4045
f 2461/1680/4040 2464/2476/4043 2466/2478/4045
f 2467/2479/4046 2465/2477/4044 2141/2472/4038
f 2467/2479/4046 2141/2472/4038 2142/2480/4047
f 2464/2476/4043 2465/2477/4044 2468/2481/4048
f 2466/2478/4045 2464/2476/4043 2468/2481/4048
f 2468/2481/4048 2465/2477/4044 2467/2479/4046
f 2462/2474/4041 2466/2478/4045 2469/2482/4049
f 2463/2475/4042 2462/2474/4041 2469/2482/4049
f 2463/2475/4042 2470/2483/4050 2455/2466/4032
f 2455/2466/4032 2470/2483/4050 2133/2467/4033
f 2326/2484/3856 2467/2479/4046 2142/2480/4047
f 2326/2484/3856 2142/2480/4047 2144/2485/3858
f 2471/2486/4051 2467/2479/4046 2326/2484/3856
f 2468/2481/4048 2467/2479/4046 2471/2486/4051
f 2471/2486/4051 2326/2484/3856 2319/2487/3848
f 2466/2478/4045 2468/2481/4048 2472/2488/4052
f 2472/2488/4052 2468/2481/4048 2471/2486/4051
f 2469/2482/4049 2466/2478/4045 2472/2488/4052
f 2473/2489/4053 2471/2486/4051 2319/2487/3848
f 2472/2488/4052 2471/2486/4051 2473/2489/4053
f 2473/2489/4053 2319/2487/3848 2313/2490/3841
f 2463/2475/4042 2469/2482/4049 2474/2491/4054
f 2470/2483/4050 2463/2475/4042 2474/2491/4054
f 2475/2492/4055 2133/2467/4033 2470/2483/4050
f 2470/2483/4050 2474/2491/4054 2475/2492/4055
f 2475/2492/4055 2135/2493/4056 2133/2467/4033
f 2469/2482/4049 2472/2488/4052 2476/2494/4057
f 2476/2494/4057 2472/2488/4052 2473/2489/4053
f 2474/2491/4054 2469/2482/4049 2476/2494/4057
f 2477/2495/4058 2473/2489/4053 2313/2490/3841
f 2476/2494/4057 2473/2489/4053 2477/2495/4058
f 2477/2495/4058 2313/2490/3841 2309/2496/3836
f 2474/2491/4054 2476/2494/4057 2478/2497/4059
f 2475/2492/4055 2474/2491/4054 2478/2497/4059
f 2478/2497/4059 2476/2494/4057 2477/2495/4058
f 2479/2498/4060 2135/2493/4056 2475/2492/4055
f 2475/2492/4055 2478/2497/4059 2479/2498/4060
f 2479/2498/4060 2139/2499/4061 2135/2493/4056
f 2143/2500/4062 2139/2499/4061 2479/2498/4060
f 2480/2501/4063 2477/2495/4058 2309/2496/3836
f 2478/2497/4059 2477/2495/4058 2480/2501/4063
f 2479/2498/4060 2478/2497/4059 2480/2501/4063
f 2480/2501/4063 2309/2496/3836 2305/2502/3831
f 2143/2500/4062 2479/2498/4060 2481/2503/4064
f 2479/2498/4060 2480/2501/4063 2481/2503/4064
f 2481/2503/4064 2480/2501/4063 2305/2502/3831
f 2145/2504/3826 2143/2500/4062 2481/2503/4064
f 2481/2503/4064 2305/2502/3831 2302/2505/3827
f 2145/2504/3826 2481/2503/4064 2302/2505/3827
f 2482/2506/56 2484/2507/56 2483/2508/56
f 2485/2509/56 2487/2510/56 2486/2511/56
f 2486/2511/56 2488/2512/56 2485/2509/56
f 2489/2513/973 2491/2514/973 2490/2515/973
f 2490/2515/973 2492/2516/973 2489/2513/973
f 2493/2517/4065 2495/2518/4065 2494/2519/4066
f 2494/2519/4066 2496/2520/4066 2493/2517/4065
f 2497/2521/4067 2495/2521/4065 2493/2522/4065
f 2493/2522/4065 2498/2522/4067 2497/2521/4067
f 2497/2523/4067 2498/2524/4067 2499/2524/4068
f 2499/2524/4068 2500/2523/4069 2497/2523/4067
f 2500/2523/4069 2499/2524/4068 2501/2524/4070
f 2501/2524/4070 2502/2523/4070 2500/2523/4071
f 2503/2525/4072 2502/2525/4073 2501/2526/4073
f 2501/2526/4073 2504/2527/4074 2503/2525/4072
f 2496/2520/4075 2494/2519/4075 2503/2519/4074
f 2503/2519/4072 2504/2520/4074 2496/2520/4075
f 2497/2528/973 2500/2528/973 2502/2528/973
f 2497/2528/973 2502/2528/973 2495/2528/973
f 2502/2528/973 2503/2528/973 2495/2528/973
f 2503/2528/973 2494/2529/973 2495/2528/973
f 2505/2530/56 2507/2511/56 2506/2531/56
f 2506/2531/56 2508/2532/56 2505/2530/56
f 2509/2528/973 2511/2533/973 2510/2534/973
f 2510/2534/973 2512/2528/973 2509/2528/973
f 2513/2513/973 2515/2514/973 2514/2515/973
f 2514/2515/973 2516/2516/973 2513/2513/973
f 2517/2535/4076 2519/2535/4077 2518/2536/4077
f 2518/2536/4077 2520/2536/4078 2517/2535/4076
f 2521/2535/4079 2517/2535/4076 2520/2536/4078
f 2520/2536/4078 2522/2536/4079 2521/2535/4079
f 2518/2537/4077 2519/2517/4077 2523/2517/4080
f 2523/2517/4080 2524/2537/4081 2518/2537/4077
f 2524/2537/4081 2523/2517/4080 2525/2520/4082
f 2525/2520/4082 2526/2538/4082 2524/2537/4081
f 2527/2539/4083 2526/2540/4082 2525/2541/4082
f 2525/2541/4082 2528/2542/4084 2527/2539/4083
f 2529/2539/4085 2527/2539/4083 2528/2542/4084
f 2528/2542/4084 2530/2542/4085 2529/2539/4085
f 2529/2543/4085 2530/2544/4085 2531/2544/4086
f 2531/2544/4086 2532/2543/4087 2529/2543/4085
f 2532/2543/4087 2531/2544/4086 2521/2545/4079
f 2521/2545/4079 2522/2546/4079 2532/2543/4087
f 2529/2511/56 2532/2530/56 2522/2530/56
f 2529/2511/56 2522/2530/56 2520/2530/56
f 2529/2511/56 2520/2530/56 2527/2511/56
f 2520/2530/56 2518/2530/56 2527/2511/56
f 2518/2530/56 2526/2510/56 2527/2511/56
f 2518/2530/56 2524/2510/56 2526/2510/56
f 2521/2516/973 2531/2516/973 2530/2513/973
f 2521/2516/973 2530/2513/973 2517/2516/973
f 2530/2513/973 2528/2533/973 2517/2516/973
f 2528/2533/973 2519/2534/973 2517/2516/973
f 2528/2533/973 2525/2534/973 2519/2534/973
f 2525/2534/973 2523/2534/973 2519/2534/973
f 2533/2547/4074 2535/2548/4074 2534/2548/4088
f 2534/2548/4088 2536/2547/4089 2533/2547/4074
f 2536/2547/4089 2534/2548/4088 2537/2549/4065
f 2537/2549/4065 2538/2550/4065 2536/2547/4089
f 2539/2551/4090 2541/2552/4090 2540/2552/4091
f 2540/2552/4091 2542/2551/4092 2539/2551/4090
f 2542/2551/4092 2540/2552/4091 2543/2552/4067
f 2543/2552/4067 2544/2551/4067 2542/2551/4092
f 2539/2531/56 2542/2532/56 2544/2532/56
f 2539/2531/56 2544/2532/56 2537/2553/56
f 2539/2531/56 2537/2553/56 2535/2531/56
f 2537/2553/56 2534/2553/56 2535/2531/56
f 2543/2519/4067 2538/2519/4065 2537/2554/4065
f 2537/2554/4065 2544/2520/4067 2543/2519/4067
f 2533/2555/4074 2541/2555/4090 2539/2556/4090
f 2539/2556/4090 2535/2557/4074 2533/2555/4074
f 2482/2506/4093 2483/2508/4094 2545/2558/4095
f 2482/2506/4093 2545/2558/4095 2546/2559/4096
f 2482/2506/4093 2546/2559/4096 2547/2560/4097
f 2548/2561/4098 2482/2506/4093 2547/2560/4097
f 2547/2560/4097 2549/2562/4099 2548/2561/4098
f 2550/2563/4100 2548/2561/4098 2549/2562/4099
f 2549/2562/4099 2551/2564/4100 2550/2563/4100
f 2552/2565/973 2554/2566/973 2553/2567/973
f 2552/2565/973 2553/2567/973 2555/2568/973
f 2553/2567/973 2556/2569/973 2555/2568/973
f 2553/2567/973 2557/2570/973 2556/2569/973
f 2557/2570/973 2558/2571/973 2556/2569/973
f 2557/2570/973 2559/2572/973 2558/2571/973
f 2559/2572/973 2560/2573/973 2558/2571/973
f 2559/2572/973 2561/2574/973 2560/2573/973
f 2561/2574/973 2562/2575/973 2560/2573/973
f 2561/2574/973 2563/2575/973 2562/2575/973
f 2563/2575/973 2564/2576/973 2562/2575/973
f 2564/2576/973 2565/2577/973 2562/2575/973
f 2564/2576/973 2566/2578/973 2565/2577/973
f 2566/2578/973 2550/2579/973 2565/2577/973
f 2566/2578/973 2567/2580/973 2550/2579/973
f 2567/2580/973 2548/2581/973 2550/2579/973
f 2567/2580/973 2482/2582/973 2548/2581/973
f 2567/2580/973 2568/2583/973 2482/2582/973
f 2568/2583/973 2484/2584/973 2482/2582/973
f 2568/2583/973 2569/2585/973 2484/2584/973
f 2569/2585/973 2483/2586/973 2484/2584/973
f 2569/2585/973 2570/2587/973 2483/2586/973
f 2571/2588/4101 2566/2589/4101 2564/2590/4102
f 2564/2590/4102 2572/2591/4103 2571/2588/4101
f 2572/2591/4103 2564/2590/4102 2563/2592/4104
f 2563/2592/4104 2573/2593/4105 2572/2591/4103
f 2573/2593/4105 2563/2592/4104 2561/2594/4106
f 2561/2594/4106 2574/2595/4107 2573/2593/4105
f 2574/2595/4107 2561/2594/4106 2559/2596/4108
f 2559/2596/4108 2575/2597/4108 2574/2595/4107
f 2576/2598/4109 2577/2599/4110 2570/2600/4110
f 2570/2600/4110 2569/2601/4109 2576/2598/4109
f 2578/2602/4111 2576/2598/4109 2569/2601/4109
f 2569/2601/4109 2568/2603/4112 2578/2602/4111
f 2579/2604/4113 2578/2602/4111 2568/2603/4112
f 2568/2603/4112 2567/2605/4114 2579/2604/4113
f 2571/2606/4101 2579/2604/4113 2567/2605/4114
f 2567/2605/4114 2566/2607/4101 2571/2606/4101
f 2545/2608/56 2577/2608/56 2576/2609/56
f 2545/2608/56 2576/2609/56 2546/2610/56
f 2576/2609/56 2578/2611/56 2546/2610/56
f 2578/2611/56 2547/2611/56 2546/2610/56
f 2578/2611/56 2579/2612/56 2547/2611/56
f 2579/2612/56 2549/2613/56 2547/2611/56
f 2579/2612/56 2551/2614/56 2549/2613/56
f 2579/2612/56 2571/2615/56 2551/2614/56
f 2571/2615/56 2580/2616/56 2551/2614/56
f 2571/2615/56 2572/2616/56 2580/2616/56
f 2572/2616/56 2581/2617/56 2580/2616/56
f 2572/2616/56 2573/2618/56 2581/2617/56
f 2573/2618/56 2574/2619/56 2581/2617/56
f 2574/2619/56 2582/2619/56 2581/2617/56
f 2574/2619/56 2575/2620/56 2582/2619/56
f 2575/2620/56 2583/2621/56 2582/2619/56
f 2575/2620/56 2584/2622/56 2583/2621/56
f 2584/2622/56 2585/2622/56 2583/2621/56
f 2584/2622/56 2586/2623/56 2585/2622/56
f 2586/2623/56 2587/2624/56 2585/2622/56
f 2586/2623/56 2588/2625/56 2587/2624/56
f 2586/2623/56 2589/2625/56 2588/2625/56
f 2589/2626/4115 2554/2627/4115 2552/2628/4115
f 2552/2628/4115 2588/2629/4115 2589/2626/4115
f 2545/2630/4116 2483/2631/4116 2570/2619/4116
f 2570/2619/4116 2577/2632/4116 2545/2630/4116
f 2553/2506/4117 2554/2633/4118 2589/2634/4118
f 2589/2634/4118 2586/2560/4119 2553/2506/4117
f 2557/2561/4120 2553/2506/4117 2586/2560/4119
f 2586/2560/4119 2584/2562/4121 2557/2561/4120
f 2559/2563/4108 2557/2561/4120 2584/2562/4121
f 2584/2562/4121 2575/2564/4108 2559/2563/4108
f 2587/2635/4122 2588/2636/4123 2552/2637/4123
f 2552/2637/4123 2555/2638/4124 2587/2635/4122
f 2585/2604/4125 2587/2635/4122 2555/2638/4124
f 2555/2638/4124 2556/2605/4126 2585/2604/4125
f 2583/2606/4127 2585/2604/4125 2556/2605/4126
f 2556/2605/4126 2558/2607/4127 2583/2606/4127
f 2583/2639/4127 2558/2640/4127 2560/2641/4128
f 2560/2641/4128 2582/2642/4129 2583/2639/4127
f 2582/2642/4129 2560/2641/4128 2562/2631/4130
f 2562/2631/4130 2581/2630/4131 2582/2642/4129
f 2581/2630/4131 2562/2631/4130 2565/2565/4132
f 2565/2565/4132 2580/2566/4133 2581/2630/4131
f 2580/2566/4133 2565/2565/4132 2550/2643/4100
f 2550/2643/4100 2551/2644/4100 2580/2566/4133
f 2590/2645/2642 2592/2646/2631 2591/2647/2644
f 2590/2645/2642 2591/2647/2644 2593/2648/2645
f 2594/2649/2646 2590/2645/2642 2593/2648/2645
f 2594/2649/2646 2593/2648/2645 2595/2650/2647
f 2596/2651/2648 2594/2649/2646 2595/2650/2647
f 2596/2651/2648 2595/2650/2647 2597/2652/2649
f 2598/2653/2650 2596/2651/2648 2597/2652/2649
f 2598/2653/2650 2597/2652/2649 2599/2654/2635
f 2600/2655/2652 2598/2653/2650 2599/2654/2635
f 2600/2655/2652 2599/2654/2635 2601/2656/2653
f 2592/2657/2631 2600/2655/2652 2601/2656/2653
f 2592/2657/2631 2601/2656/2653 2591/2658/2644
f 2602/2659/4134 2604/2660/4135 2603/2661/4134
f 2602/2659/4134 2605/2662/4135 2604/2660/4135
f 2606/2663/4136 2608/2664/4137 2607/2665/4137
f 2606/2663/4136 2609/2666/4136 2608/2664/4137
f 2610/2667/4138 2606/2663/4139 2607/2665/4139
f 2610/2667/4138 2611/2668/4140 2606/2663/4139
f 2610/2667/4138 2612/2669/4141 2611/2668/4140
f 2610/2667/4138 2613/2670/4142 2612/2669/4141
f 2614/2671/4143 2612/2669/4141 2613/2670/4142
f 2615/2672/4144 2617/2673/4144 2616/2674/4144
f 2615/2672/4144 2618/2675/4145 2617/2673/4144
f 2619/2676/4146 2621/2677/4147 2620/2678/4148
f 2619/2676/4146 2622/2679/4149 2621/2677/4147
f 2622/2679/4149 2616/2680/4150 2621/2677/4147
f 2622/2679/4149 2615/2672/4151 2616/2680/4150
f 2623/2681/4152 2620/2682/4152 2624/2683/4152
f 2623/2681/4152 2619/2684/4152 2620/2682/4152
f 2625/2685/4153 2622/2679/4154 2619/2676/4155
f 2625/2685/4153 2626/2686/4156 2622/2679/4154
f 2626/2686/4156 2615/2672/4157 2622/2679/4154
f 2626/2686/4156 2627/2687/4158 2615/2672/4157
f 2627/2687/4158 2618/2675/4159 2615/2672/4157
f 2627/2687/4158 2628/2688/4160 2618/2675/4159
f 2628/2688/4160 2629/2689/4161 2618/2675/4159
f 2628/2688/4160 2630/2690/4162 2629/2689/4161
f 2630/2690/4162 2631/2691/4163 2629/2689/4161
f 2630/2690/4162 2632/2692/4163 2631/2691/4163
f 2633/2693/4164 2631/2691/4163 2632/2692/4163
f 2633/2693/4164 2623/2681/4165 2631/2691/4163
f 2625/2694/4153 2623/2681/4165 2633/2693/4164
f 2625/2694/4153 2619/2684/4155 2623/2681/4165
f 2634/2695/4166 2636/2696/4167 2635/2697/4168
f 2634/2695/4166 2635/2697/4168 2637/2698/4169
f 2637/2698/4169 2635/2697/4168 2638/2689/4170
f 2637/2698/4169 2638/2689/4170 2639/2699/4171
f 2639/2699/4171 2638/2689/4170 2640/2675/4172
f 2639/2699/4171 2640/2675/4172 2641/2700/4173
f 2642/2701/4174 2634/2695/4166 2637/2698/4169
f 2642/2701/4174 2637/2698/4169 2643/2702/4175
f 2643/2702/4175 2637/2698/4169 2639/2699/4171
f 2644/2703/4176 2634/2695/4166 2642/2701/4174
f 2643/2702/4175 2639/2699/4171 2645/2704/4177
f 2645/2704/4177 2639/2699/4171 2641/2700/4173
f 2644/2703/4176 2646/2705/4178 2634/2695/4166
f 2645/2704/4177 2641/2700/4173 2647/2706/4179
f 2648/2707/4180 2646/2705/4178 2644/2703/4176
f 2647/2706/4179 2641/2700/4173 2649/2708/4181
f 2648/2707/4180 2650/2709/4182 2646/2705/4178
f 2647/2706/4179 2649/2708/4181 2651/2710/4183
f 2651/2710/4183 2650/2709/4182 2648/2707/4180
f 2651/2710/4183 2649/2708/4181 2650/2709/4182
f 2652/2694/4184 2636/2681/4185 2653/2684/4186
f 2652/2694/4184 2654/2693/4187 2636/2681/4185
f 2654/2693/4187 2635/2691/4188 2636/2681/4185
f 2654/2693/4187 2655/2692/4188 2635/2691/4188
f 2656/2690/4189 2635/2691/4188 2655/2692/4188
f 2656/2690/4189 2638/2689/4190 2635/2691/4188
f 2657/2688/4191 2638/2689/4190 2656/2690/4189
f 2657/2688/4191 2640/2675/4192 2638/2689/4190
f 2658/2687/4193 2640/2675/4192 2657/2688/4191
f 2658/2687/4193 2659/2672/4194 2640/2675/4192
f 2660/2686/4195 2659/2672/4194 2658/2687/4193
f 2660/2686/4195 2661/2679/4196 2659/2672/4194
f 2652/2685/4184 2661/2679/4196 2660/2686/4195
f 2652/2685/4184 2653/2676/4186 2661/2679/4196
f 2661/2679/4197 2649/2680/4198 2659/2672/4199
f 2661/2679/4197 2650/2677/4200 2649/2680/4198
f 2653/2676/4201 2650/2677/4200 2661/2679/4197
f 2653/2676/4201 2646/2678/4202 2650/2677/4200
f 2644/2671/4203 2662/2670/4204 2648/2669/4205
f 2663/2667/4206 2648/2669/4205 2662/2670/4204
f 2663/2667/4206 2651/2668/4207 2648/2669/4205
f 2663/2667/4206 2647/2663/4208 2651/2668/4207
f 2663/2667/4206 2664/2665/4208 2647/2663/4208
f 2663/2711/4209 2662/2712/4210 2664/2713/4211
f 2665/2714/4212 2664/2713/4211 2662/2712/4210
f 2665/2714/4212 2666/2664/3327 2664/2713/4211
f 2667/2659/4213 2666/2664/3327 2665/2714/4212
f 2642/2660/4214 2662/2715/4215 2644/2716/4216
f 2642/2660/4214 2665/2661/4217 2662/2715/4215
f 2645/2666/4218 2667/2659/4219 2643/2662/4218
f 2645/2666/4218 2666/2664/4220 2667/2659/4219
f 2636/2681/4221 2646/2682/4221 2653/2684/4222
f 2636/2681/4221 2634/2683/4221 2646/2682/4221
f 2659/2672/4223 2641/2673/4223 2640/2675/4223
f 2659/2672/4223 2649/2674/4223 2641/2673/4223
f 2647/2663/4224 2666/2664/4225 2645/2666/4224
f 2647/2663/4224 2664/2665/4225 2666/2664/4225
f 2667/2659/4226 2642/2660/4227 2643/2662/4227
f 2667/2659/4226 2665/2661/4226 2642/2660/4227
f 2602/2659/4228 2603/2714/3325 2608/2664/4229
f 2603/2714/3325 2607/2713/4230 2608/2664/4229
f 2603/2714/3325 2613/2712/4230 2607/2713/4230
f 2610/2711/4231 2607/2713/4230 2613/2712/4230
f 2624/2695/4232 2631/2697/4233 2623/2696/4234
f 2624/2695/4232 2668/2698/4235 2631/2697/4233
f 2668/2698/4235 2629/2689/4236 2631/2697/4233
f 2668/2698/4235 2669/2699/4237 2629/2689/4236
f 2669/2699/4237 2618/2675/4238 2629/2689/4236
f 2669/2699/4237 2617/2700/4239 2618/2675/4238
f 2604/2701/4240 2668/2698/4235 2624/2695/4232
f 2614/2703/4241 2604/2701/4240 2624/2695/4232
f 2604/2701/4240 2605/2702/4242 2668/2698/4235
f 2605/2702/4242 2669/2699/4237 2668/2698/4235
f 2614/2703/4241 2624/2695/4232 2620/2705/4243
f 2605/2702/4242 2609/2704/4244 2669/2699/4237
f 2609/2704/4244 2617/2700/4239 2669/2699/4237
f 2612/2707/4245 2614/2703/4241 2620/2705/4243
f 2609/2704/4244 2606/2706/4246 2617/2700/4239
f 2612/2707/4245 2620/2705/4243 2621/2709/4247
f 2606/2706/4246 2616/2708/4248 2617/2700/4239
f 2611/2710/4249 2612/2707/4245 2621/2709/4247
f 2606/2706/4246 2611/2710/4249 2616/2708/4248
f 2611/2710/4249 2621/2709/4247 2616/2708/4248
f 2604/2660/4250 2613/2715/4251 2603/2661/4252
f 2604/2660/4250 2614/2716/4253 2613/2715/4251
f 2609/2666/4254 2602/2659/4254 2608/2664/4254
f 2609/2666/4254 2605/2662/4254 2602/2659/4254
f 2670/2717/4255 2672/2718/4256 2671/2719/4257
f 2671/2719/4257 2673/2720/4258 2670/2717/4255
f 2674/2721/4259 2670/2717/4255 2673/2720/4258
f 2673/2720/4258 2675/2722/4259 2674/2721/4259
f 2675/2723/4260 2673/2724/4261 2676/2725/4262
f 2677/2726/4263 2676/2725/4262 2673/2724/4261
f 2673/2724/4261 2671/2727/4264 2677/2726/4263
f 2671/2727/4264 2678/2728/4265 2677/2726/4263
f 2679/2729/4266 2676/2725/4262 2677/2726/4263
f 2680/2730/4267 2676/2725/4262 2679/2729/4266
f 2677/2726/4263 2681/2731/4268 2679/2729/4266
f 2677/2726/4263 2682/2732/4269 2681/2731/4268
f 2674/2733/4270 2683/2734/4271 2670/2717/4272
f 2670/2717/4272 2683/2734/4271 2684/2735/4273
f 2684/2735/4273 2672/2718/4274 2670/2717/4272
f 2672/2718/4274 2684/2735/4273 2685/2736/4275
f 2684/2735/4273 2683/2734/4271 2686/2737/4276
f 2687/2738/4277 2686/2737/4276 2683/2734/4271
f 2686/2737/4276 2688/2739/4278 2684/2735/4273
f 2688/2739/4278 2689/2740/4279 2684/2735/4273
f 2688/2741/4280 2681/2742/4280 2682/2743/4281
f 2682/2743/4281 2689/2740/4282 2688/2741/4280
f 2689/2740/4282 2682/2743/4281 2677/2744/4283
f 2677/2744/4283 2684/2735/4284 2689/2740/4282
f 2685/2736/4285 2684/2735/4284 2677/2744/4283
f 2677/2744/4283 2678/2745/4286 2685/2736/4285
f 2672/2746/4287 2685/2736/4285 2678/2745/4286
f 2678/2745/4286 2671/2747/4287 2672/2746/4287
f 2683/2734/4288 2674/2733/4289 2675/2723/4289
f 2675/2723/4289 2676/2725/4288 2683/2734/4288
f 2683/2734/4288 2676/2725/4288 2680/2730/4290
f 2680/2730/4290 2687/2738/4290 2683/2734/4288
f 2687/2748/4291 2680/2749/4291 2679/2750/4292
f 2679/2750/4292 2686/2737/4293 2687/2748/4291
f 2686/2737/4293 2679/2750/4292 2681/2751/4294
f 2681/2751/4294 2688/2739/4294 2686/2737/4293
f 2690/2752/4295 2692/2753/4296 2691/2754/4297
f 2691/2754/4297 2693/2755/4298 2690/2752/4295
f 2694/2756/4299 2690/2752/4295 2693/2755/4298
f 2693/2755/4298 2695/2757/4300 2694/2756/4299
f 2695/2757/4300 2696/2758/4301 2694/2756/4299
f 2690/2752/4295 2694/2756/4299 2697/2759/4302
f 2697/2759/4302 2698/2760/4303 2690/2752/4295
f 2699/2761/4304 2694/2756/4299 2696/2758/4301
f 2697/2759/4302 2694/2756/4299 2699/2761/4304
f 2696/2758/4301 2700/2762/4305 2699/2761/4304
f 2701/2763/4306 2699/2761/4304 2700/2762/4305
f 2700/2762/4305 2702/2764/4307 2701/2763/4306
f 2703/2765/4308 2701/2763/4306 2702/2764/4307
f 2702/2764/4307 2704/2766/4309 2703/2765/4308
f 2704/2766/4309 2691/2767/4310 2703/2765/4308
f 2692/2768/4311 2703/2765/4308 2691/2767/4310
f 2701/2763/4306 2703/2765/4308 2705/2769/4312
f 2705/2769/4312 2703/2765/4308 2692/2768/4311
f 2699/2761/4304 2701/2763/4306 2706/2770/4313
f 2705/2769/4312 2706/2770/4313 2701/2763/4306
f 2699/2761/4304 2707/2771/4314 2697/2759/4302
f 2706/2770/4313 2707/2771/4314 2699/2761/4304
f 2698/2760/4303 2697/2759/4302 2708/2772/4315
f 2697/2759/4302 2707/2771/4314 2709/2773/4316
f 2709/2773/4316 2708/2772/4315 2697/2759/4302
f 2707/2771/4314 2706/2770/4313 2710/2774/4317
f 2710/2774/4317 2709/2773/4316 2707/2771/4314
f 2706/2770/4313 2705/2769/4312 2711/2775/4318
f 2711/2775/4318 2710/2774/4317 2706/2770/4313
f 2708/2772/4315 2712/2776/4319 2698/2760/4303
f 2713/2777/4320 2698/2760/4303 2712/2776/4319
f 2712/2776/4319 2714/2778/4321 2713/2777/4320
f 2713/2777/4320 2714/2778/4321 2715/2779/4322
f 2716/2780/4323 2715/2779/4322 2714/2778/4321
f 2714/2778/4321 2717/2781/4324 2716/2780/4323
f 2718/2782/4325 2717/2781/4324 2714/2778/4321
f 2714/2778/4321 2712/2776/4319 2718/2782/4325
f 2719/2783/4326 2718/2782/4325 2712/2776/4319
f 2712/2776/4319 2708/2772/4315 2719/2783/4326
f 2720/2784/4327 2719/2783/4326 2708/2772/4315
f 2708/2772/4315 2709/2773/4316 2720/2784/4327
f 2721/2785/4328 2720/2784/4327 2709/2773/4316
f 2709/2773/4316 2710/2774/4317 2721/2785/4328
f 2722/2786/4329 2721/2785/4328 2710/2774/4317
f 2710/2774/4317 2711/2775/4318 2722/2786/4329
f 2722/2786/4329 2711/2775/4318 2715/2787/4330
f 2715/2787/4330 2716/2788/4331 2722/2786/4329
f 2715/2787/4330 2711/2775/4318 2705/2769/4312
f 2713/2789/4332 2715/2787/4330 2705/2769/4312
f 2692/2768/4311 2713/2789/4332 2705/2769/4312
f 2723/2790/4333 2713/2789/4332 2692/2768/4311
f 2692/2768/4311 2724/2791/4334 2723/2790/4333
f 2695/2792/4335 2693/2793/4336 2725/2794/4337
f 2725/2794/4337 2726/2795/4338 2695/2792/4335
f 2695/2792/4335 2726/2795/4338 2727/2796/4339
f 2727/2796/4339 2728/2797/4340 2695/2792/4335
f 2729/2798/4341 2727/2796/4339 2726/2795/4338
f 2730/2799/4342 2726/2795/4338 2725/2794/4337
f 2726/2795/4338 2730/2799/4342 2729/2798/4341
f 2725/2794/4337 2731/2800/4343 2730/2799/4342
f 2729/2798/4341 2730/2799/4342 2732/2801/4344
f 2732/2801/4344 2730/2799/4342 2731/2800/4343
f 2732/2801/4344 2733/2802/4345 2729/2798/4341
f 2731/2800/4343 2734/2803/4346 2732/2801/4344
f 2733/2802/4345 2732/2801/4344 2735/2804/4347
f 2735/2804/4347 2732/2801/4344 2734/2803/4346
f 2735/2804/4347 2736/2805/4348 2733/2802/4345
f 2736/2805/4348 2735/2804/4347 2737/2806/4349
f 2737/2806/4349 2738/2807/4350 2736/2805/4348
f 2734/2803/4346 2739/2808/4351 2735/2804/4347
f 2737/2806/4349 2735/2804/4347 2739/2808/4351
f 2734/2803/4346 2740/2809/4352 2739/2808/4351
f 2734/2803/4346 2731/2810/4352 2740/2809/4352
f 2725/2811/4352 2740/2809/4352 2731/2810/4352
f 2725/2811/4352 2693/2812/4352 2740/2809/4352
f 2693/2812/4352 2691/2813/4352 2740/2809/4352
f 2691/2813/4352 2704/2814/4352 2740/2809/4352
f 2741/2815/4353 2740/2809/4352 2704/2814/4352
f 2739/2808/4351 2740/2809/4352 2741/2815/4353
f 2739/2808/4351 2741/2816/4354 2737/2806/4349
f 2737/2806/4349 2741/2816/4354 2704/2817/4355
f 2704/2817/4355 2702/2818/4356 2737/2806/4349
f 2738/2807/4350 2737/2806/4349 2702/2818/4356
f 2702/2818/4356 2742/2819/4357 2738/2807/4350
f 2742/2819/4357 2702/2818/4356 2700/2820/4358
f 2700/2820/4358 2743/2821/4359 2742/2819/4357
f 2743/2821/4359 2700/2820/4358 2696/2822/4360
f 2696/2822/4360 2744/2823/4361 2743/2821/4359
f 2744/2823/4361 2696/2822/4360 2695/2824/4362
f 2695/2824/4362 2728/2825/4362 2744/2823/4361
f 2690/2826/4363 2745/2827/4364 2724/2791/4365
f 2724/2791/4365 2692/2768/4366 2690/2826/4363
f 2698/2828/4367 2746/2829/4368 2745/2827/4367
f 2745/2827/4367 2690/2826/4369 2698/2828/4367
f 2713/2789/4370 2723/2790/4371 2746/2830/4370
f 2746/2830/4370 2698/2831/4372 2713/2789/4370
f 2724/2791/4373 2745/2827/4374 2746/2832/4375
f 2746/2832/4375 2723/2833/4376 2724/2791/4373
f 2747/2834/4377 2749/2835/4378 2748/2836/4377
f 2748/2836/4377 2750/2837/4379 2747/2834/4377
f 2751/2838/4380 2753/2839/4381 2752/2840/4380
f 2752/2840/4380 2754/2841/4380 2751/2838/4380
f 2747/2842/4382 2750/2843/4383 2751/2838/4384
f 2751/2838/4384 2754/2841/4385 2747/2842/4382
f 2755/2844/4386 2757/2845/4387 2756/2846/4388
f 2756/2846/4389 2758/2847/4390 2755/2844/4391
f 2759/2848/4392 2755/2844/4391 2758/2847/4390
f 2758/2847/4390 2760/2849/4393 2759/2848/4392
f 2748/2836/4394 2759/2848/4392 2760/2849/4393
f 2760/2849/4393 2753/2839/4395 2748/2836/4394
f 2750/2837/4396 2748/2836/4394 2753/2839/4395
f 2753/2839/4395 2751/2838/4397 2750/2837/4396
f 2758/2847/4398 2756/2846/4399 2761/2850/4400
f 2761/2850/4401 2762/2851/4402 2758/2847/4398
f 2760/2849/4403 2758/2847/4398 2762/2851/4402
f 2762/2851/4402 2763/2852/4404 2760/2849/4403
f 2753/2839/4405 2760/2849/4403 2763/2852/4404
f 2763/2852/4404 2752/2840/4405 2753/2839/4405
f 2762/2851/4406 2761/2850/4407 2764/2853/4408
f 2764/2853/4408 2765/2854/4409 2762/2851/4410
f 2763/2852/4411 2762/2851/4410 2765/2854/4409
f 2765/2854/4409 2766/2855/4412 2763/2852/4411
f 2752/2840/4413 2763/2852/4411 2766/2855/4412
f 2766/2855/4412 2749/2856/4413 2752/2840/4413
f 2752/2840/4413 2749/2856/4413 2747/2857/4414
f 2747/2857/4414 2754/2841/4415 2752/2840/4413
f 2765/2858/4416 2764/2859/4417 2757/2845/4418
f 2757/2845/4418 2755/2844/4419 2765/2858/4420
f 2766/2860/4421 2765/2858/4420 2755/2844/4419
f 2755/2844/4419 2759/2848/4422 2766/2860/4421
f 2749/2835/4423 2766/2860/4421 2759/2848/4422
f 2759/2848/4422 2748/2836/4423 2749/2835/4423
f 2767/2794/4424 2769/2793/4425 2768/2792/4426
f 2768/2792/4426 2770/2795/4427 2767/2794/4424
f 2771/2796/4428 2770/2795/4427 2768/2792/4426
f 2768/2792/4426 2772/2797/4429 2771/2796/4428
f 2770/2795/4427 2771/2796/4428 2773/2798/4430
f 2767/2794/4424 2770/2795/4427 2774/2799/4431
f 2773/2798/4430 2774/2799/4431 2770/2795/4427
f 2774/2799/4431 2775/2800/4432 2767/2794/4424
f 2776/2801/4433 2774/2799/4431 2773/2798/4430
f 2775/2800/4432 2774/2799/4431 2776/2801/4433
f 2773/2798/4430 2777/2802/4434 2776/2801/4433
f 2776/2801/4433 2778/2803/4435 2775/2800/4432
f 2779/2804/4436 2776/2801/4433 2777/2802/4434
f 2778/2803/4435 2776/2801/4433 2779/2804/4436
f 2777/2802/4434 2780/2805/4437 2779/2804/4436
f 2781/2806/4438 2779/2804/4436 2780/2805/4437
f 2780/2805/4437 2782/2807/4439 2781/2806/4438
f 2779/2804/4436 2783/2808/4440 2778/2803/4435
f 2783/2808/4440 2779/2804/4436 2781/2806/4438
f 2778/2803/4435 2783/2808/4440 2784/2809/4441
f 2778/2803/4435 2784/2809/4441 2775/2810/4441
f 2767/2811/4442 2775/2810/4441 2784/2809/4441
f 2767/2811/4442 2784/2809/4441 2769/2812/4442
f 2769/2812/4442 2784/2809/4441 2785/2813/4441
f 2785/2813/4441 2784/2809/4441 2786/2814/4441
f 2787/2815/4441 2786/2814/4441 2784/2809/4441
f 2783/2808/4440 2787/2815/4441 2784/2809/4441
f 2781/2806/4438 2787/2816/4443 2783/2808/4440
f 2786/2817/4444 2787/2816/4443 2781/2806/4438
f 2781/2806/4438 2788/2818/4445 2786/2817/4444
f 2788/2818/4445 2781/2806/4438 2782/2807/4439
f 2782/2807/4439 2789/2819/4446 2788/2818/4445
f 2790/2820/4447 2788/2818/4445 2789/2819/4446
f 2789/2819/4446 2791/2821/4448 2790/2820/4447
f 2792/2822/4449 2790/2820/4447 2791/2821/4448
f 2791/2821/4448 2793/2823/4450 2792/2822/4449
f 2768/2824/4451 2792/2822/4449 2793/2823/4450
f 2793/2823/4450 2772/2825/4451 2768/2824/4451
f 2785/2754/4452 2795/2753/4453 2794/2752/4454
f 2794/2752/4454 2769/2755/4455 2785/2754/4452
f 2769/2755/4455 2794/2752/4454 2796/2756/4456
f 2796/2756/4456 2768/2757/4457 2769/2755/4455
f 2768/2757/4457 2796/2756/4456 2792/2758/4458
f 2797/2759/4459 2796/2756/4456 2794/2752/4454
f 2794/2752/4454 2798/2760/4460 2797/2759/4459
f 2792/2758/4458 2796/2756/4456 2799/2761/4461
f 2799/2761/4461 2796/2756/4456 2797/2759/4459
f 2799/2761/4461 2790/2762/4462 2792/2758/4458
f 2790/2762/4462 2799/2761/4461 2800/2763/4463
f 2800/2763/4463 2788/2764/4464 2790/2762/4462
f 2788/2764/4464 2800/2763/4463 2801/2765/4465
f 2801/2765/4465 2786/2766/4466 2788/2764/4464
f 2786/2766/4466 2801/2765/4465 2785/2767/4467
f 2795/2768/4468 2785/2767/4467 2801/2765/4465
f 2802/2769/4469 2801/2765/4465 2800/2763/4463
f 2795/2768/4468 2801/2765/4465 2802/2769/4469
f 2803/2770/4470 2800/2763/4463 2799/2761/4461
f 2800/2763/4463 2803/2770/4470 2802/2769/4469
f 2797/2759/4459 2804/2771/4471 2799/2761/4461
f 2799/2761/4461 2804/2771/4471 2803/2770/4470
f 2805/2772/4472 2797/2759/4459 2798/2760/4460
f 2806/2773/4473 2804/2771/4471 2797/2759/4459
f 2797/2759/4459 2805/2772/4472 2806/2773/4473
f 2807/2774/4474 2803/2770/4470 2804/2771/4471
f 2804/2771/4471 2806/2773/4473 2807/2774/4474
f 2808/2775/4475 2802/2769/4469 2803/2770/4470
f 2803/2770/4470 2807/2774/4474 2808/2775/4475
f 2798/2760/4460 2809/2776/4476 2805/2772/4472
f 2809/2776/4476 2798/2760/4460 2810/2777/4477
f 2810/2777/4477 2811/2778/4478 2809/2776/4476
f 2810/2777/4477 2812/2779/4479 2811/2778/4478
f 2811/2778/4478 2812/2779/4479 2813/2780/4480
f 2813/2780/4480 2814/2781/4481 2811/2778/4478
f 2811/2778/4478 2814/2781/4481 2815/2782/4482
f 2815/2782/4482 2809/2776/4476 2811/2778/4478
f 2809/2776/4476 2815/2782/4482 2816/2783/4483
f 2816/2783/4483 2805/2772/4472 2809/2776/4476
f 2805/2772/4472 2816/2783/4483 2817/2784/4484
f 2817/2784/4484 2806/2773/4473 2805/2772/4472
f 2806/2773/4473 2817/2784/4484 2818/2785/4485
f 2818/2785/4485 2807/2774/4474 2806/2773/4473
f 2807/2774/4474 2818/2785/4485 2819/2786/4486
f 2819/2786/4486 2808/2775/4475 2807/2774/4474
f 2812/2787/4487 2808/2775/4475 2819/2786/4486
f 2819/2786/4486 2813/2788/4488 2812/2787/4487
f 2812/2787/4487 2802/2769/4469 2808/2775/4475
f 2810/2789/4489 2802/2769/4469 2812/2787/4487
f 2802/2769/4469 2810/2789/4489 2795/2768/4468
f 2795/2768/4468 2810/2789/4489 2820/2790/4490
f 2820/2790/4490 2821/2791/4491 2795/2768/4468
f 2794/2826/4492 2795/2768/4493 2821/2791/4494
f 2821/2791/4494 2822/2827/4495 2794/2826/4492
f 2798/2828/4496 2794/2826/4497 2822/2827/4496
f 2822/2827/4496 2823/2829/4498 2798/2828/4496
f 2810/2789/4499 2798/2831/4500 2823/2830/4499
f 2823/2830/4499 2820/2790/4501 2810/2789/4499
f 2821/2791/4502 2820/2833/4503 2823/2832/4504
f 2823/2832/4504 2822/2827/4505 2821/2791/4502
f 2824/2834/4506 2826/2837/4507 2825/2836/4508
f 2825/2836/4508 2827/2835/4508 2824/2834/4506
f 2828/2838/4509 2830/2841/4510 2829/2840/4511
f 2829/2840/4511 2831/2839/4512 2828/2838/4509
f 2824/2842/4513 2830/2841/4514 2828/2838/4515
f 2828/2838/4515 2826/2843/4516 2824/2842/4513
f 2826/2837/4517 2828/2838/4518 2831/2839/4519
f 2831/2839/4519 2825/2836/4520 2826/2837/4517
f 2825/2836/4520 2831/2839/4519 2832/2849/4521
f 2832/2849/4521 2833/2848/4522 2825/2836/4520
f 2833/2848/4522 2832/2849/4521 2834/2847/4523
f 2834/2847/4523 2835/2844/4524 2833/2848/4522
f 2835/2844/4524 2834/2847/4523 2836/2846/4525
f 2836/2846/4525 2837/2845/4526 2835/2844/4524
f 2831/2839/4527 2829/2840/4528 2838/2852/4529
f 2838/2852/4529 2832/2849/4530 2831/2839/4527
f 2832/2849/4530 2838/2852/4529 2839/2851/4531
f 2839/2851/4531 2834/2847/4532 2832/2849/4530
f 2834/2847/4532 2839/2851/4531 2840/2850/4533
f 2840/2850/4533 2836/2846/4534 2834/2847/4532
f 2827/2835/4535 2825/2836/4535 2833/2848/4536
f 2833/2848/4536 2841/2860/4537 2827/2835/4535
f 2841/2860/4537 2833/2848/4536 2835/2844/4538
f 2835/2844/4538 2842/2858/4539 2841/2860/4537
f 2842/2858/4539 2835/2844/4538 2837/2845/4540
f 2837/2845/4540 2843/2859/4541 2842/2858/4539
f 2829/2840/4542 2830/2841/4543 2824/2857/4544
f 2824/2857/4544 2827/2856/4545 2829/2840/4542
f 2829/2840/4542 2827/2856/4545 2841/2855/4546
f 2841/2855/4546 2838/2852/4547 2829/2840/4542
f 2838/2852/4547 2841/2855/4546 2842/2854/4548
f 2842/2854/4548 2839/2851/4549 2838/2852/4547
f 2839/2851/4549 2842/2854/4548 2843/2853/4550
f 2843/2853/4550 2840/2850/4551 2839/2851/4549
f 2844/2861/4552 2846/2862/4553 2845/2863/4554
f 2845/2863/4554 2847/2864/4555 2844/2861/4552
f 2848/2865/4556 2844/2861/4552 2847/2864/4555
f 2847/2864/4555 2849/2866/4557 2848/2865/4556
f 2850/2867/4558 2848/2865/4556 2849/2866/4557
f 2849/2866/4557 2851/2868/4559 2850/2867/4558
f 2852/2869/4560 2850/2867/4558 2851/2868/4559
f 2851/2868/4559 2853/2870/4561 2852/2869/4560
f 2854/2871/4562 2852/2869/4560 2853/2870/4561
f 2853/2870/4561 2855/2872/4563 2854/2871/4562
f 2856/2873/4564 2854/2871/4562 2855/2872/4563
f 2855/2872/4563 2857/2874/4565 2856/2873/4564
f 2858/2875/4566 2856/2873/4564 2857/2874/4565
f 2857/2874/4565 2859/2876/4567 2858/2875/4566
f 2846/2877/4568 2858/2875/4566 2859/2876/4567
f 2859/2876/4567 2845/2878/4569 2846/2877/4568
f 2858/2875/4570 2846/2877/4571 2860/2879/4572
f 2860/2879/4572 2861/2880/4573 2858/2875/4570
f 2861/2880/4573 2860/2879/4572 2862/2881/4574
f 2862/2881/4574 2863/2882/4575 2861/2880/4573
f 2858/2875/4570 2861/2880/4573 2864/2883/4576
f 2864/2883/4576 2861/2880/4573 2863/2882/4575
f 2864/2883/4576 2856/2873/4577 2858/2875/4570
f 2863/2882/4575 2865/2884/4578 2864/2883/4576
f 2854/2871/4579 2856/2873/4577 2864/2883/4576
f 2866/2885/4580 2864/2883/4576 2865/2884/4578
f 2864/2883/4576 2866/2885/4580 2854/2871/4579
f 2865/2884/4578 2867/2886/4581 2866/2885/4580
f 2852/2869/4582 2854/2871/4579 2866/2885/4580
f 2868/2887/4583 2866/2885/4580 2867/2886/4581
f 2866/2885/4580 2868/2887/4583 2852/2869/4582
f 2867/2886/4581 2869/2888/4584 2868/2887/4583
f 2850/2867/4585 2852/2869/4582 2868/2887/4583
f 2870/2889/4586 2868/2887/4583 2869/2888/4584
f 2868/2887/4583 2870/2889/4586 2850/2867/4585
f 2869/2888/4584 2871/2890/4587 2870/2889/4586
f 2848/2865/4588 2850/2867/4585 2870/2889/4586
f 2872/2891/4589 2870/2889/4586 2871/2890/4587
f 2870/2889/4586 2872/2891/4589 2848/2865/4588
f 2871/2890/4587 2873/2892/4590 2872/2891/4589
f 2844/2861/4591 2848/2865/4588 2872/2891/4589
f 2874/2893/4592 2872/2891/4589 2873/2892/4590
f 2872/2891/4589 2874/2893/4592 2844/2861/4591
f 2846/2862/4593 2844/2861/4591 2874/2893/4592
f 2873/2892/4590 2875/2894/4594 2874/2893/4592
f 2874/2893/4592 2860/2895/4595 2846/2862/4593
f 2860/2895/4595 2874/2893/4592 2875/2894/4594
f 2875/2894/4594 2862/2896/4596 2860/2895/4595
f 2876/2897/4597 2878/2898/4598 2877/2899/4599
f 2877/2899/4599 2879/2900/4600 2876/2897/4597
f 2878/2898/4601 2876/2897/4601 2880/2901/4601
f 2880/2901/4601 2881/2902/4601 2878/2898/4601
f 2880/2901/4602 2883/2901/4602 2882/2903/4602
f 2882/2903/4602 2881/2902/4602 2880/2901/4602
f 2879/2900/4603 2877/2899/4604 2884/2904/4605
f 2884/2904/4605 2885/2905/4606 2879/2900/4603
f 2886/2906/4607 2887/2907/4608 2884/2904/4609
f 2884/2904/4610 2877/2899/4611 2886/2906/4612
f 2886/2906/4612 2877/2899/4611 2878/2898/4613
f 2878/2898/4613 2888/2908/4614 2886/2906/4612
f 2888/2908/4614 2878/2898/4613 2881/2902/4615
f 2881/2902/4615 2882/2903/4616 2888/2908/4614
f 2883/2901/4617 2880/2901/4618 2876/2897/4619
f 2876/2897/4620 2889/2909/4621 2883/2901/4622
f 2889/2909/4621 2876/2897/4620 2879/2900/4623
f 2879/2900/4623 2890/2910/4624 2889/2909/4621
f 2890/2910/4624 2879/2900/4623 2885/2905/4625
f 2885/2905/4625 2891/2911/4626 2890/2910/4624
f 2892/2912/4627 2894/2913/4627 2893/2914/4628
f 2893/2914/4628 2895/2915/4629 2892/2912/4630
f 2895/2915/4629 2893/2914/4628 2896/2916/4631
f 2896/2916/4631 2684/2917/4632 2895/2915/4629
f 2897/2918/4633 2898/2919/4633 2894/2913/4633
f 2894/2913/4634 2892/2912/4634 2897/2918/4634
f 2899/2920/4635 2900/2921/4636 2898/2922/4637
f 2898/2922/4637 2897/2923/4637 2899/2920/4635
f 2901/2924/4638 2896/2916/4639 2893/2914/4638
f 2893/2914/4638 2902/2925/4638 2901/2924/4638
f 2902/2925/4638 2893/2914/4638 2894/2913/4638
f 2898/2922/4638 2902/2925/4638 2894/2913/4638
f 2902/2925/4638 2898/2922/4638 2900/2921/4638
f 2900/2921/4638 2903/2926/4638 2902/2925/4638
f 2771/2927/3323 2772/2928/3323 2904/2929/3323
f 2773/2930/4640 2771/2927/3323 2904/2929/3323
f 2772/2928/3323 2793/2931/3323 2904/2929/3323
f 2777/2802/3323 2773/2930/4640 2904/2929/3323
f 2793/2931/3323 2791/2932/3323 2904/2929/3323
f 2780/2805/3324 2777/2802/3323 2904/2929/3323
f 2791/2932/3323 2789/2933/3323 2904/2929/3323
f 2782/2934/3323 2780/2805/3324 2904/2929/3323
f 2789/2933/3323 2782/2934/3323 2904/2929/3323
f 2727/2927/3326 2905/2929/3326 2728/2928/3326
f 2729/2930/3326 2905/2929/3326 2727/2927/3326
f 2728/2928/3326 2905/2929/3326 2744/2931/3326
f 2733/2802/3326 2905/2929/3326 2729/2930/3326
f 2744/2931/3326 2905/2929/3326 2743/2932/3327
f 2736/2805/3327 2905/2929/3326 2733/2802/3326
f 2743/2932/3327 2905/2929/3326 2742/2933/3326
f 2738/2934/3327 2905/2929/3326 2736/2805/3327
f 2742/2933/3326 2905/2929/3326 2738/2934/3327
f 2716/2935/4641 2717/2781/4642 2906/2936/4642
f 2906/2936/4642 2717/2781/4642 2718/2782/4643
f 2906/2936/4642 2907/2937/4641 2716/2935/4641
f 2718/2782/4643 2908/2938/4644 2906/2936/4642
f 2716/2935/4641 2907/2937/4641 2909/2939/4645
f 2908/2938/4644 2718/2782/4643 2719/2940/4646
f 2909/2939/4645 2722/2941/4647 2716/2935/4641
f 2719/2940/4646 2910/2942/4648 2908/2938/4644
f 2722/2941/4647 2909/2939/4645 2911/2943/4649
f 2910/2942/4648 2719/2940/4646 2720/2944/4650
f 2911/2943/4649 2721/2945/4651 2722/2941/4647
f 2720/2944/4650 2912/2946/4652 2910/2942/4648
f 2721/2945/4651 2911/2943/4649 2912/2946/4652
f 2912/2946/4652 2720/2944/4650 2721/2945/4651
f 2871/2890/4653 2913/2947/4653 2873/2948/4653
f 2869/2888/4653 2913/2947/4653 2871/2890/4653
f 2873/2948/4653 2913/2947/4653 2875/2949/4653
f 2867/2950/4653 2913/2947/4653 2869/2888/4653
f 2875/2949/4653 2913/2947/4653 2862/2951/4653
f 2865/2952/4653 2913/2947/4653 2867/2950/4653
f 2862/2951/4653 2913/2947/4653 2863/2953/4653
f 2865/2952/4653 2863/2953/4653 2913/2947/4653
f 2914/2954/4654 2855/2955/4655 2853/2870/4656
f 2914/2954/4654 2857/2956/4657 2855/2955/4655
f 2914/2954/4654 2853/2870/4656 2851/2868/4658
f 2914/2954/4654 2859/2957/4659 2857/2956/4657
f 2914/2954/4654 2851/2868/4658 2849/2958/4660
f 2914/2954/4654 2845/2959/4661 2859/2957/4659
f 2914/2954/4654 2849/2958/4660 2847/2960/4662
f 2914/2954/4654 2847/2960/4662 2845/2959/4661
f 2915/2936/4663 2814/2781/4663 2813/2935/4664
f 2815/2782/4665 2814/2781/4663 2915/2936/4663
f 2813/2935/4664 2916/2937/4664 2915/2936/4663
f 2915/2936/4663 2917/2938/4666 2815/2782/4665
f 2918/2939/4667 2916/2937/4664 2813/2935/4664
f 2816/2940/4668 2815/2782/4665 2917/2938/4666
f 2813/2935/4664 2819/2941/4669 2918/2939/4667
f 2917/2938/4666 2919/2942/4670 2816/2940/4668
f 2920/2943/4671 2918/2939/4667 2819/2941/4669
f 2817/2944/4672 2816/2940/4668 2919/2942/4670
f 2819/2941/4669 2818/2945/4673 2920/2943/4671
f 2919/2942/4670 2921/2946/4674 2817/2944/4672
f 2921/2946/4674 2920/2943/4671 2818/2945/4673
f 2818/2945/4673 2817/2944/4672 2921/2946/4674
f 2922/2961/4675 2628/2688/4676 2627/2962/4441
f 2922/2961/4675 2923/2963/4676 2628/2688/4676
f 2924/2964/4442 2922/2961/4675 2627/2962/4441
f 2923/2963/4676 2630/2690/4442 2628/2688/4676
f 2924/2964/4442 2627/2962/4441 2626/2965/4442
f 2923/2963/4676 2925/2966/4441 2630/2690/4442
f 2926/2967/4442 2924/2964/4442 2626/2965/4442
f 2925/2966/4441 2632/2968/4442 2630/2690/4442
f 2926/2967/4442 2626/2965/4442 2625/2969/4442
f 2925/2966/4441 2927/2970/4442 2632/2968/4442
f 2928/2971/4441 2926/2967/4442 2625/2969/4442
f 2633/2972/4677 2632/2968/4442 2927/2970/4442
f 2633/2972/4677 2927/2970/4442 2928/2971/4441
f 2928/2971/4441 2625/2969/4442 2633/2972/4677
f 2929/2961/4353 2657/2688/4678 2930/2963/4678
f 2929/2961/4353 2658/2962/4353 2657/2688/4678
f 2930/2963/4678 2657/2688/4678 2656/2690/4678
f 2931/2964/4353 2658/2962/4353 2929/2961/4353
f 2930/2963/4678 2656/2690/4678 2932/2966/4678
f 2931/2964/4353 2660/2965/4353 2658/2962/4353
f 2932/2966/4678 2656/2690/4678 2655/2968/4352
f 2933/2967/4352 2660/2965/4353 2931/2964/4353
f 2932/2966/4678 2655/2968/4352 2934/2970/4352
f 2933/2967/4352 2652/2969/4352 2660/2965/4353
f 2654/2972/4352 2934/2970/4352 2655/2968/4352
f 2935/2971/4352 2652/2969/4352 2933/2967/4352
f 2935/2971/4352 2654/2972/4352 2652/2969/4352
f 2654/2972/4352 2935/2971/4352 2934/2970/4352
f 2907/2973/4679 2937/2974/4679 2936/2975/4680
f 2936/2975/4680 2909/2976/4680 2907/2973/4679
f 2911/2977/4681 2909/2976/4680 2936/2975/4680
f 2936/2975/4680 2938/2978/4682 2911/2977/4681
f 2912/2979/4683 2911/2977/4681 2938/2978/4682
f 2938/2978/4682 2939/2980/4684 2912/2979/4683
f 2910/2981/4685 2912/2979/4683 2939/2980/4684
f 2939/2980/4684 2940/2982/4686 2910/2981/4685
f 2908/2983/4687 2910/2981/4685 2940/2982/4686
f 2940/2982/4686 2941/2984/4688 2908/2983/4687
f 2906/2985/4689 2908/2983/4687 2941/2984/4688
f 2941/2984/4688 2942/2986/4690 2906/2985/4689
f 2907/2987/4691 2906/2985/4689 2942/2986/4690
f 2942/2986/4690 2937/2988/4692 2907/2987/4691
f 2943/2975/4693 2944/2974/4694 2916/2973/4694
f 2916/2973/4694 2918/2976/4693 2943/2975/4693
f 2943/2975/4693 2918/2976/4693 2920/2977/4695
f 2920/2977/4695 2945/2978/4696 2943/2975/4693
f 2945/2978/4696 2920/2977/4695 2921/2979/4697
f 2921/2979/4697 2946/2980/4698 2945/2978/4696
f 2946/2980/4698 2921/2979/4697 2919/2981/4699
f 2919/2981/4699 2947/2982/4700 2946/2980/4698
f 2947/2982/4700 2919/2981/4699 2917/2983/4701
f 2917/2983/4701 2948/2984/4702 2947/2982/4700
f 2948/2984/4702 2917/2983/4701 2915/2985/4703
f 2915/2985/4703 2949/2986/4704 2948/2984/4702
f 2949/2986/4704 2915/2985/4703 2916/2987/4705
f 2916/2987/4705 2944/2988/4706 2949/2986/4704
f 2950/2989/4707 2947/2990/4708 2948/2991/4707
f 2950/2989/4707 2946/2980/4708 2947/2990/4708
f 2950/2989/4707 2948/2991/4707 2949/2992/4707
f 2950/2989/4707 2945/2978/4707 2946/2980/4708
f 2950/2989/4707 2949/2992/4707 2944/2993/4709
f 2950/2989/4707 2943/2994/4707 2945/2978/4707
f 2950/2989/4707 2944/2993/4709 2943/2994/4707
f 2951/2989/4710 2940/2990/4710 2939/2980/4711
f 2951/2989/4710 2941/2991/4712 2940/2990/4710
f 2951/2989/4710 2939/2980/4711 2938/2978/4713
f 2951/2989/4710 2942/2992/4712 2941/2991/4712
f 2951/2989/4710 2938/2978/4713 2936/2994/4714
f 2951/2989/4710 2937/2993/4714 2942/2992/4712
f 2951/2989/4710 2936/2994/4714 2937/2993/4714
