# Blender 4.4.1
# www.blender.org
mtllib axe.mtl
o sm_fire_axe
v 0.180181 -0.000000 2.018979
v 0.184287 -0.000000 2.010927
v -0.148236 0.000000 2.010927
v -0.141018 0.000000 2.018979
v 0.130911 -0.079154 2.018979
v 0.125666 -0.087329 2.010927
v 0.157611 -0.076584 2.010927
v 0.157758 -0.069750 2.018979
v 0.179827 -0.051385 2.010927
v 0.175987 -0.048538 2.018979
v -0.089887 -0.087329 2.010927
v -0.093301 -0.079278 2.018979
v -0.136617 -0.050493 2.018979
v -0.143794 -0.051385 2.010927
v -0.121684 -0.076584 2.010927
v -0.118808 -0.070713 2.018979
v 0.173914 -0.000000 1.282003
v -0.078971 0.000000 1.231794
v -0.085764 0.000000 1.341800
v -0.080312 0.000000 1.286829
v -0.020450 -0.081316 1.230665
v -0.027273 -0.082515 1.340843
v -0.021803 -0.081971 1.285754
v -0.081310 -0.046589 1.341729
v -0.074517 -0.045389 1.231705
v -0.075858 -0.046051 1.286746
v -0.052336 -0.070583 1.231279
v -0.059147 -0.071782 1.341374
v -0.053683 -0.071244 1.286339
v 0.115246 -0.081865 1.283102
v 0.147214 -0.071114 1.282505
v 0.169448 -0.045903 1.282086
v -0.142276 0.000000 1.713120
v -0.148236 0.000000 1.791647
v 0.183477 -0.000000 1.712978
v 0.124833 -0.085622 1.713007
v 0.179012 -0.049678 1.712978
v 0.156790 -0.074877 1.712990
v -0.083909 -0.085622 1.713031
v -0.089881 -0.086165 1.791647
v -0.143794 -0.050221 1.791647
v -0.137834 -0.049684 1.713114
v -0.115712 -0.074883 1.713072
v -0.121678 -0.075427 1.791647
v 0.130911 0.079154 2.018979
v 0.125666 0.087329 2.010927
v 0.157611 0.076584 2.010927
v 0.157758 0.069750 2.018979
v 0.179827 0.051385 2.010927
v 0.175987 0.048538 2.018979
v -0.089887 0.087329 2.010927
v -0.093301 0.079278 2.018979
v -0.136617 0.050493 2.018979
v -0.143794 0.051385 2.010927
v -0.121684 0.076584 2.010927
v -0.118808 0.070713 2.018979
v -0.020450 0.081316 1.230665
v -0.027273 0.082515 1.340843
v -0.021803 0.081971 1.285754
v -0.081310 0.046589 1.341729
v -0.074517 0.045389 1.231705
v -0.075858 0.046051 1.286746
v -0.052336 0.070583 1.231279
v -0.059147 0.071782 1.341374
v -0.053683 0.071244 1.286339
v 0.115246 0.081865 1.283102
v 0.147214 0.071114 1.282505
v 0.169448 0.045903 1.282086
v 0.124833 0.085622 1.713007
v 0.179012 0.049678 1.712978
v 0.156790 0.074877 1.712990
v -0.083909 0.085622 1.713031
v -0.089881 0.086165 1.791647
v -0.143794 0.050221 1.791647
v -0.137834 0.049684 1.713114
v -0.115712 0.074883 1.713072
v -0.121678 0.075427 1.791647
v 0.141733 -0.037722 0.637342
v 0.146198 -0.000000 0.637135
v -0.090737 -0.037923 0.647756
v -0.095191 0.000000 0.647963
v -0.036724 -0.073814 0.645257
v -0.068580 -0.063105 0.646734
v 0.087565 -0.073714 0.639853
v 0.119511 -0.062945 0.638370
v 0.141733 0.037722 0.637342
v -0.090737 0.037923 0.647756
v -0.036724 0.073814 0.645257
v 0.087565 0.073713 0.639853
v -0.068580 0.063105 0.646734
v 0.119511 0.062945 0.638370
v -0.143794 -0.051267 1.988510
v -0.148236 0.000000 1.988510
v 0.179827 -0.051267 1.988510
v 0.184287 -0.000000 1.988510
v 0.125666 -0.087211 1.988510
v -0.089887 -0.087211 1.988510
v 0.157611 -0.076466 1.988510
v -0.121684 -0.076466 1.988510
v -0.143794 0.051267 1.988510
v 0.179827 0.051267 1.988510
v 0.157611 0.076466 1.988510
v 0.125666 0.087211 1.988510
v -0.089887 0.087211 1.988510
v -0.121684 0.076466 1.988510
v -0.148455 -0.052968 1.999710
v 0.189225 -0.000000 1.999716
v -0.124372 -0.080560 1.999698
v -0.148455 0.052968 1.999710
v 0.160287 0.080560 1.999698
v -0.153175 0.000000 1.999716
v 0.184482 -0.052974 1.999710
v 0.126144 -0.092185 1.999692
v -0.090371 -0.092185 1.999692
v 0.160287 -0.080560 1.999698
v 0.184482 0.052974 1.999710
v 0.126144 0.092185 1.999692
v -0.090371 0.092185 1.999692
v -0.124372 0.080560 1.999698
v 0.127077 -0.020651 2.344383
v -0.058279 -0.060570 2.344212
v -0.094435 -0.030829 2.341235
v -0.082869 -0.053624 2.342204
v 0.127077 0.020651 2.344383
v -0.058278 0.060570 2.344224
v -0.094435 0.030829 2.341288
v -0.082869 0.053624 2.342322
v -0.148236 0.000000 2.450160
v 0.784627 -0.000000 2.452872
v 0.788721 -0.000000 2.385520
v 0.782158 -0.000000 2.226238
v 0.758111 0.001164 2.051225
v 0.584959 -0.031425 2.225139
v 0.584959 0.035802 2.225139
v -0.611617 0.012033 2.288409
v 0.786169 -0.000000 2.313980
v 0.785909 -0.000000 2.282697
v 0.775418 -0.003060 2.308215
v 0.775418 0.002735 2.308215
v 0.772211 -0.000000 2.132357
v 0.765737 -0.000000 2.103112
v 0.755187 -0.002274 2.119894
v 0.759765 -0.001193 2.126805
v 0.759800 0.001305 2.126805
v 0.755252 0.002481 2.119888
v 0.759393 -0.000898 2.108440
v 0.755352 -0.001837 2.115688
v 0.755411 0.002002 2.115682
v 0.759422 0.000981 2.108434
v 0.233935 -0.057517 2.017626
v 0.238749 -0.067747 2.029440
v 0.238873 -0.068763 2.438329
v 0.234390 -0.059005 2.450143
v -0.209988 -0.065036 2.017667
v -0.211713 -0.076567 2.029487
v -0.221778 -0.058515 2.029493
v 0.149618 -0.109793 2.438340
v 0.136251 -0.102935 2.450148
v 0.150699 -0.096107 2.017638
v 0.149577 -0.109693 2.029452
v -0.145129 -0.104507 2.450119
v -0.151402 -0.113326 2.434365
v -0.154899 -0.111613 2.029422
v -0.144840 -0.105133 2.017596
v 0.666830 -0.020007 1.921796
v 0.673777 -0.008477 1.907785
v 0.738440 0.000579 2.518717
v 0.723200 -0.005464 2.519768
v 0.722503 -0.016717 2.507310
v 0.779630 -0.000000 2.489454
v 0.715344 0.000756 1.942571
v -0.153009 -0.112351 2.285715
v -0.621553 -0.013131 2.268148
v -0.593359 -0.024260 2.292473
v -0.607978 -0.008784 2.295166
v -0.619326 0.000809 2.284888
v -0.629834 0.002505 2.264160
v -0.621748 -0.012818 2.252843
v -0.609130 -0.010184 2.251596
v -0.600689 -0.023209 2.263404
v -0.627802 0.003999 2.252914
v 0.610300 -0.018477 2.500618
v 0.609178 -0.029854 2.488426
v 0.559618 -0.021200 1.949660
v 0.560728 -0.032997 1.961775
v 0.685762 -0.018684 1.978462
v 0.726124 -0.016232 2.471154
v 0.702780 -0.017254 2.055531
v 0.714854 -0.016197 2.133976
v 0.724972 -0.015600 2.223727
v 0.710920 -0.015364 2.296702
v 0.730685 -0.015494 2.382897
v 0.523591 -0.037929 2.472353
v 0.521577 -0.026912 2.483960
v 0.336032 -0.044740 2.457987
v 0.335855 -0.055668 2.446055
v 0.426379 -0.047108 2.456451
v 0.426893 -0.035974 2.468425
v 0.329640 -0.055083 2.019693
v 0.329463 -0.043198 2.007708
v 0.490004 -0.039772 1.984239
v 0.483211 -0.028513 1.973932
v 0.406674 -0.035832 1.993832
v 0.407182 -0.047687 2.005770
v -0.262425 -0.063961 2.271154
v -0.265413 -0.051651 2.259376
v -0.225399 -0.068279 2.257917
v -0.221459 -0.056642 2.222392
v -0.211494 -0.075001 2.216568
v -0.226640 -0.056607 2.430431
v -0.225305 -0.069354 2.417353
v -0.234354 -0.055307 2.249322
v -0.226120 -0.068250 2.259417
v -0.577652 -0.026257 2.303111
v -0.576140 -0.014632 2.316733
v -0.585420 -0.013131 2.252305
v -0.583015 -0.025382 2.264096
v 0.239098 0.078215 2.029440
v 0.233711 0.068456 2.017626
v 0.233941 0.069638 2.450143
v 0.239204 0.079414 2.438329
v -0.221778 0.069608 2.029493
v -0.212197 0.088404 2.029487
v -0.209988 0.077175 2.017667
v 0.137917 0.120609 2.450148
v 0.149288 0.127904 2.438340
v 0.149229 0.127798 2.029452
v 0.150699 0.113485 2.017638
v -0.151278 0.131951 2.434542
v -0.145076 0.123722 2.450119
v -0.144840 0.124212 2.017596
v -0.154421 0.130196 2.029422
v 0.673812 0.010881 1.907785
v 0.666853 0.022405 1.921790
v 0.722533 0.018542 2.507316
v 0.723200 0.006740 2.519768
v -0.152702 0.130946 2.286772
v -0.600500 0.026257 2.281126
v -0.621665 0.018152 2.265998
v -0.605326 0.025123 2.263363
v -0.612450 0.012422 2.251638
v -0.620206 0.017680 2.254556
v 0.609178 0.033959 2.488426
v 0.610300 0.021980 2.500618
v 0.560728 0.037645 1.961775
v 0.559618 0.025825 1.949660
v 0.685791 0.020852 1.978474
v 0.726160 0.017975 2.471148
v 0.702815 0.019204 2.055537
v 0.714883 0.017934 2.133958
v 0.730714 0.017113 2.382927
v 0.521577 0.031803 2.483960
v 0.523585 0.043434 2.472353
v 0.335855 0.064239 2.446055
v 0.336032 0.052366 2.457987
v 0.426893 0.042288 2.468425
v 0.426379 0.054197 2.456451
v 0.329463 0.051639 2.007708
v 0.329640 0.063548 2.019693
v 0.483211 0.034426 1.973932
v 0.489974 0.045590 1.984245
v 0.407182 0.054870 2.005770
v 0.406674 0.043009 1.993832
v -0.265413 0.061557 2.259376
v -0.262425 0.073962 2.271148
v -0.225429 0.079018 2.257923
v -0.212002 0.086526 2.216438
v -0.221448 0.067411 2.222392
v -0.225340 0.080282 2.417223
v -0.226516 0.068013 2.430490
v -0.226156 0.078983 2.259423
v -0.234349 0.065845 2.249328
v -0.576092 0.018129 2.316774
v -0.577693 0.029730 2.302798
v -0.583015 0.028708 2.264090
v -0.585331 0.016380 2.252299
v -0.101772 0.032311 2.431801
v -0.118418 0.023681 2.450148
v -0.118418 -0.023681 2.450148
v -0.101772 -0.034792 2.431801
v -0.111424 -0.058361 2.450143
v -0.111737 0.056825 2.450143
v -0.091771 0.058349 2.438376
v -0.101087 0.070996 2.450137
v -0.102670 -0.070063 2.450137
v -0.092096 -0.075320 2.450137
v -0.091771 -0.058349 2.438376
v -0.090058 0.076413 2.450137
v -0.065385 -0.080099 2.450131
v -0.064989 -0.065904 2.438364
v -0.064989 0.065904 2.438364
v -0.057339 0.083720 2.450131
v 0.134928 -0.041928 2.450160
v 0.150900 0.022931 2.450154
v 0.136676 -0.022470 2.438388
v 0.151018 -0.022122 2.450154
v 0.134792 0.042105 2.450160
v 0.136676 0.022470 2.438388
v -0.398557 -0.036446 2.389247
v -0.399774 -0.048124 2.375951
v -0.339824 -0.055425 2.392177
v -0.338708 -0.043747 2.405545
v -0.517814 -0.021815 2.344307
v -0.519019 -0.033493 2.330963
v -0.451017 -0.041863 2.359104
v -0.449777 -0.030179 2.372401
v -0.358963 -0.040386 2.258342
v -0.356635 -0.052625 2.270144
v -0.415067 -0.045667 2.268644
v -0.417466 -0.033422 2.256824
v -0.465998 -0.027680 2.255584
v -0.463641 -0.039908 2.267404
v -0.527478 -0.032099 2.265590
v -0.529758 -0.019865 2.253782
v -0.338607 0.052295 2.405604
v -0.339842 0.063949 2.392041
v -0.399792 0.055378 2.375797
v -0.398463 0.043730 2.389312
v -0.449694 0.036375 2.372465
v -0.451041 0.048042 2.358921
v -0.519048 0.038218 2.330726
v -0.517743 0.026570 2.344372
v -0.417371 0.040185 2.256824
v -0.415067 0.052501 2.268638
v -0.356635 0.060665 2.270144
v -0.358868 0.048355 2.258342
v -0.529669 0.024278 2.253782
v -0.527478 0.036588 2.265590
v -0.463641 0.045744 2.267404
v -0.465903 0.033445 2.255584
v 0.673540 -0.000018 1.907797
v 0.735830 0.014443 2.305716
v 0.763906 -0.000000 2.083459
v 0.759552 0.001926 2.074900
v 0.760970 0.001382 2.067735
v 0.748978 0.002091 2.025169
v 0.740472 0.001813 2.007838
v 0.723691 0.002014 1.962289
v 0.729060 0.001802 1.977689
v 0.777876 -0.000000 2.174327
v 0.780179 -0.000000 2.205681
v 0.782070 -0.000000 2.215688
v 0.785017 -0.000000 2.258070
v 0.725002 0.017231 2.223727
v 0.785785 -0.000000 2.366836
v 0.784633 0.001524 2.403111
v 0.785549 0.001524 2.423845
v 0.733668 -0.012783 2.305179
v 0.735942 -0.012298 2.306850
v 0.738021 -0.012399 2.301339
v 0.742499 0.006799 2.302550
v 0.746439 0.011389 2.296826
v 0.139825 -0.036747 0.688579
v 0.144172 -0.000000 0.688367
v -0.085616 -0.036942 0.698568
v -0.089946 0.000000 0.698775
v -0.032997 -0.071906 0.696070
v -0.054793 -0.067606 0.697103
v 0.067098 -0.060748 0.690328
v -0.073270 -0.055331 0.697983
v 0.108913 -0.067470 0.690044
v 0.127444 -0.055160 0.689164
v 0.139825 0.036747 0.688579
v -0.085616 0.036942 0.698568
v -0.032997 0.071906 0.696070
v -0.054793 0.067606 0.697103
v -0.073270 0.055331 0.697983
v 0.108913 0.067470 0.690044
v 0.127444 0.055160 0.689164
v 0.142749 -0.000000 -0.948476
v 0.096887 -0.064445 -0.950856
v 0.069785 -0.070163 -0.952061
v 0.121029 -0.048219 -0.949663
v 0.137007 -0.024325 -0.948807
v -0.086408 -0.070476 -0.956769
v -0.137621 -0.048774 -0.958063
v -0.153653 -0.024910 -0.958388
v 0.096887 0.064445 -0.950856
v 0.069785 0.070163 -0.952061
v 0.121029 0.048219 -0.949663
v 0.137007 0.024325 -0.948807
v -0.086408 0.070476 -0.956769
v -0.137621 0.048774 -0.958063
v -0.153653 0.024910 -0.958388
v 0.149418 -0.040262 0.688249
v 0.157558 -0.043428 0.678892
v -0.109545 0.000000 0.690287
v -0.100313 0.000000 0.698976
v -0.063435 -0.084287 0.688142
v -0.059696 -0.075982 0.697091
v 0.157558 0.043428 0.678892
v 0.149418 0.040262 0.688249
v -0.059696 0.075982 0.697091
v -0.063435 0.084287 0.688142
v 0.154539 -0.000000 0.688036
v 0.163104 -0.000000 0.678685
v -0.095209 -0.040439 0.698728
v -0.104028 -0.043594 0.689991
v -0.035312 -0.081015 0.695993
v -0.036452 -0.089857 0.686961
v 0.036369 -0.057156 0.690836
v 0.006876 -0.065769 0.694427
v -0.080955 -0.061840 0.698060
v -0.087648 -0.068185 0.689217
v 0.113793 -0.075846 0.689838
v 0.116852 -0.084157 0.680635
v 0.141118 -0.068037 0.679559
v 0.135117 -0.061681 0.688869
v -0.104028 0.043594 0.689991
v -0.095209 0.040439 0.698728
v -0.036452 0.089857 0.686961
v -0.035312 0.081015 0.695993
v -0.087648 0.068185 0.689217
v -0.080955 0.061840 0.698060
v 0.116852 0.084157 0.680635
v 0.113793 0.075846 0.689838
v 0.135117 0.061681 0.688869
v 0.141118 0.068037 0.679559
v 0.097448 -0.048721 -1.090327
v 0.116167 -0.035401 -1.076156
v 0.121726 -0.044054 -1.060331
v 0.128448 -0.016303 -1.067018
v -0.090478 -0.048502 -1.168364
v -0.095611 -0.058751 -1.157495
v -0.068267 -0.052933 -1.168311
v -0.070093 -0.063849 -1.157672
v -0.109463 -0.035590 -1.168234
v -0.118193 -0.043416 -1.157672
v -0.122192 -0.016238 -1.167537
v -0.133008 -0.020858 -1.157909
v -0.138773 0.000000 -1.157542
v -0.126699 0.000000 -1.168399
v 0.097448 0.048721 -1.090327
v 0.099693 0.059300 -1.075925
v 0.116167 0.035401 -1.076156
v 0.128448 0.016303 -1.067018
v -0.090478 0.048502 -1.168358
v -0.095611 0.058751 -1.157495
v -0.068267 0.052933 -1.168311
v -0.070093 0.063849 -1.157672
v -0.109463 0.035590 -1.168234
v -0.118193 0.043416 -1.157672
v -0.122192 0.016238 -1.167537
v -0.133008 0.020858 -1.157909
v 0.133014 -0.000000 -1.064519
v 0.141804 -0.000000 -1.045912
v 0.074972 -0.064510 -1.094302
v 0.075627 -0.053541 -1.107646
v 0.075627 0.053541 -1.107646
v 0.074972 0.064510 -1.094302
v -0.006344 -0.062774 -1.158293
v -0.014543 -0.051840 -1.169297
v 0.004283 -0.051816 -1.162876
v 0.005275 -0.000000 -1.165765
v -0.013521 0.000000 -1.171979
v -0.014543 0.051840 -1.169297
v -0.006344 0.062774 -1.158293
v 0.004283 0.051816 -1.162876
v 0.099693 -0.059300 -1.075925
v 0.072379 -0.067334 -1.027636
v 0.136375 -0.021691 -1.050029
v 0.121726 0.044054 -1.060331
v 0.072379 0.067334 -1.027636
v 0.136375 0.021691 -1.050029
v -0.080034 -0.067889 -1.040678
v -0.113450 -0.064888 -0.957478
v -0.159424 0.000000 -0.958482
v -0.080034 0.067889 -1.040678
v -0.113450 0.064888 -0.957478
v -0.055390 -0.054445 -1.035610
v -0.069638 -0.067931 -1.040206
v -0.069638 0.067931 -1.040206
v -0.055390 0.054445 -1.035610
v -0.003798 -0.056246 -0.984012
v -0.003792 -0.070725 -0.969670
v -0.003798 0.056246 -0.984012
v -0.003792 0.070725 -0.969670
v -0.036771 -0.070429 -0.978507
v -0.029594 -0.056040 -0.990924
v -0.029594 0.056040 -0.990924
v -0.036771 0.070429 -0.978507
v -0.003798 0.065485 -1.101550
v -0.003798 0.052141 -1.087202
v -0.003798 -0.052141 -1.087202
v -0.003798 -0.065485 -1.101550
v 0.022004 0.052200 -1.080291
v 0.029181 0.065479 -1.092707
v 0.029181 -0.065479 -1.092707
v 0.022004 -0.052200 -1.080291
v -0.029594 0.052596 -1.080291
v -0.036777 0.066023 -1.092713
v -0.036777 -0.066023 -1.092713
v -0.029594 -0.052596 -1.080291
v 0.054433 -0.069088 -1.003760
v 0.040888 -0.055012 -1.009808
v 0.040888 0.055012 -1.009808
v 0.054433 0.069088 -1.003760
v -0.048479 -0.053476 -1.061406
v -0.062390 -0.067316 -1.067100
v -0.062390 0.067316 -1.067100
v -0.048479 0.053476 -1.061406
v -0.059153 0.069466 -1.000877
v -0.048479 0.055337 -1.009808
v -0.048479 -0.055337 -1.009808
v -0.059153 -0.069466 -1.000877
v 0.040888 -0.052826 -1.061406
v 0.052053 -0.066200 -1.069835
v 0.040888 0.052826 -1.061406
v 0.052053 0.066200 -1.069835
v 0.029187 -0.070240 -0.978507
v 0.022004 -0.055874 -0.990924
v 0.029187 0.070240 -0.978507
v 0.022004 0.055874 -0.990924
v 0.047799 -0.053896 -1.035610
v 0.062089 -0.067582 -1.032208
v 0.062089 0.067582 -1.032208
v 0.047799 0.053895 -1.035610
v 0.107732 -0.000195 -0.813040
v 0.097554 0.000266 -0.765595
v -0.148904 0.000059 -0.766446
v -0.102829 -0.067239 -0.771035
v -0.075905 -0.072757 -0.773723
v -0.127018 -0.051166 -0.768672
v -0.143221 -0.027344 -0.767042
v 0.102014 -0.027078 -0.812810
v 0.091836 -0.026906 -0.765288
v 0.075521 -0.050818 -0.764337
v 0.085717 -0.050889 -0.811935
v 0.051184 -0.066950 -0.762789
v 0.061344 -0.067050 -0.810476
v 0.024231 -0.072514 -0.760686
v 0.034290 -0.072644 -0.808450
v -0.102829 0.067688 -0.771035
v -0.075905 0.073211 -0.773723
v -0.127018 0.051621 -0.768672
v -0.143221 0.027645 -0.767042
v 0.091836 0.027479 -0.765288
v 0.102014 0.026936 -0.812810
v 0.085717 0.050783 -0.811935
v 0.075521 0.051674 -0.764337
v 0.061344 0.066938 -0.810476
v 0.051184 0.067806 -0.762789
v 0.034290 0.072532 -0.808450
v 0.024231 0.073365 -0.760686
v 0.089869 0.028501 -0.532729
v 0.095546 0.003538 -0.533060
v 0.089869 -0.022512 -0.532729
v -0.136983 0.028767 -0.513449
v -0.142613 0.003521 -0.512905
v -0.136983 -0.022825 -0.513449
v -0.069585 -0.068143 -0.519562
v -0.096520 -0.062608 -0.517099
v -0.120727 -0.046529 -0.514943
v 0.022258 -0.067936 -0.527998
v 0.073542 -0.046222 -0.531707
v 0.049229 -0.062360 -0.530083
v -0.069585 0.072633 -0.519562
v -0.096520 0.067104 -0.517099
v -0.120727 0.051025 -0.514943
v 0.022258 0.072432 -0.527998
v 0.073542 0.050723 -0.531707
v 0.049229 0.066850 -0.530083
v 0.116498 0.032057 -0.231791
v -0.135601 0.000189 -0.211589
v -0.130025 -0.032057 -0.212061
v -0.062567 -0.078055 -0.217372
v 0.048880 -0.077872 -0.226900
v -0.089521 0.072774 -0.215234
v -0.113722 0.056684 -0.213361
v 0.100141 0.056388 -0.230680
v 0.075870 0.072526 -0.228955
v 0.122115 0.000189 -0.232157
v 0.116498 -0.031738 -0.231791
v -0.130025 0.032376 -0.212061
v -0.089521 -0.072514 -0.215234
v -0.113722 -0.056424 -0.213361
v 0.100141 -0.056128 -0.230680
v 0.075870 -0.072266 -0.228955
v -0.062567 0.078315 -0.217372
v 0.048880 0.078132 -0.226900
v 0.126244 -0.033215 0.006084
v 0.109864 -0.057540 0.007153
v 0.131827 -0.000904 0.005807
v -0.122340 -0.031809 0.064026
v -0.054841 -0.077754 0.059430
v 0.126244 0.031597 0.006279
v 0.109864 0.055898 0.007378
v -0.106007 0.054640 0.062892
v 0.058603 -0.079290 0.010745
v 0.085610 -0.073678 0.008819
v 0.058603 0.077648 0.010963
v 0.085610 0.072036 0.009038
v 0.130964 -0.029913 0.086815
v 0.136540 -0.000148 0.086414
v 0.114578 0.052862 0.087619
v 0.063317 -0.075905 0.091275
v 0.090318 -0.070299 0.089432
v 0.114578 -0.054161 0.087843
v -0.127887 -0.000520 0.064440
v -0.122340 0.030669 0.064026
v -0.081800 -0.072201 0.061273
v -0.106007 -0.056099 0.062898
v 0.130964 0.029240 0.086626
v -0.081800 0.070736 0.061267
v -0.054841 0.076289 0.059424
v 0.063317 0.074605 0.091051
v 0.090318 0.069000 0.089208
v 0.129174 -0.022860 0.230716
v 0.134745 0.003202 0.230604
v -0.115795 -0.028360 0.291328
v -0.048266 -0.074452 0.287299
v 0.112777 0.048928 0.232269
v -0.099444 0.051946 0.290536
v 0.061510 -0.068964 0.234809
v 0.088516 -0.063359 0.233114
v 0.112777 -0.047226 0.231655
v 0.129174 0.027013 0.231224
v 0.061510 0.070671 0.235424
v 0.088516 0.065060 0.233728
v 0.143268 -0.032288 0.393938
v 0.148833 -0.000650 0.393631
v 0.126859 0.053642 0.394665
v 0.075586 -0.078569 0.397624
v 0.102599 -0.072969 0.396100
v 0.126859 -0.056843 0.394783
v -0.121336 0.001022 0.291759
v -0.115795 0.028862 0.291499
v -0.075238 -0.068893 0.288900
v -0.099444 -0.052797 0.290323
v 0.143268 0.029771 0.393832
v -0.075238 0.068043 0.289112
v -0.048266 0.073601 0.287512
v 0.075586 0.075373 0.397512
v 0.102599 0.069768 0.395982
v 0.153222 -0.042761 0.622575
v 0.158774 -0.000933 0.622427
v -0.105139 -0.042932 0.635676
v -0.037569 -0.089184 0.632504
v 0.136794 0.065361 0.623425
v -0.088759 0.065520 0.635015
v 0.085516 -0.089078 0.625694
v 0.112528 -0.083478 0.624406
v 0.136794 -0.067358 0.623283
v -0.110656 -0.000921 0.636048
v -0.105139 0.040936 0.635824
v -0.064552 -0.083620 0.633745
v -0.088759 -0.067517 0.634867
v 0.153222 0.040764 0.622722
v -0.064552 0.081623 0.633892
v -0.037569 0.087187 0.632652
v 0.085516 0.087081 0.625841
v 0.112528 0.081481 0.624547
v 0.102693 0.078150 0.690346
v 0.095174 0.088646 0.681621
v 0.033841 0.089798 0.684126
v 0.023179 0.080967 0.693630
v 0.088753 0.089078 0.667775
v 0.066796 0.087536 0.662577
v 0.049607 0.089007 0.667675
v 0.041833 0.089491 0.677669
v 0.098535 0.069525 0.690541
v 0.037527 0.069608 0.690954
v 0.082686 0.070577 0.685366
v 0.060476 0.068255 0.670935
v 0.053907 0.071817 0.667255
v 0.042389 0.069709 0.678620
v 0.040345 0.070860 0.685195
v 0.100596 -0.087524 0.681373
v -0.012913 -0.080997 0.695089
v 0.089107 -0.089639 0.672323
v -0.015146 -0.084907 0.680688
v 0.007933 -0.084004 0.663941
v 0.019576 -0.084760 0.654165
v 0.054622 -0.085090 0.658696
v 0.072290 -0.085161 0.663693
v -0.012830 -0.071888 0.695231
v 0.087394 -0.063229 0.688987
v 0.097477 -0.065426 0.688231
v 0.051444 -0.058060 0.690487
v 0.080400 -0.011123 2.454980
v 0.082273 -0.033026 2.455494
v 0.029612 -0.015961 2.460509
v 0.077317 -0.001093 2.439256
v 0.131183 -0.011087 2.458194
v 0.125713 0.000006 2.439179
v 0.132299 -0.022045 2.458058
v 0.137084 -0.006663 2.458058
v 0.132547 0.003030 2.440254
v 0.143924 -0.006663 2.451206
v 0.137113 -0.017124 2.458058
v 0.143924 -0.019570 2.451247
v 0.135034 -0.027911 2.451247
v 0.138885 -0.017745 2.404056
v 0.131561 -0.026647 2.404056
v 0.138885 -0.009894 2.404056
v 0.138885 0.000047 2.404056
v 0.138885 0.009989 2.404056
v 0.136930 0.005110 2.440550
v 0.139500 0.014496 2.452050
v 0.132057 0.011147 2.458631
v 0.138047 0.017508 2.452086
v 0.131750 0.026582 2.451247
v 0.138885 0.017745 2.404056
v 0.130964 0.016126 2.458530
v 0.124774 0.020934 2.458353
v 0.125695 0.010302 2.458495
v 0.079077 0.032199 2.459115
v 0.025654 0.051214 2.463457
v 0.081404 0.038673 2.452310
v 0.079148 0.012765 2.459511
v 0.028235 0.018920 2.460822
v 0.028921 0.000998 2.439339
v -0.046689 0.016463 2.461596
v -0.003698 0.053240 2.462577
v -0.047008 0.063040 2.460899
v -0.003391 0.060062 2.455801
v 0.026617 0.057942 2.456676
v -0.047918 0.069968 2.453126
v 0.002918 0.050812 2.404523
v 0.033794 0.045874 2.404056
v -0.041426 0.061775 2.404641
v -0.063985 0.065119 2.404056
v -0.078900 0.065166 2.403962
v -0.067682 0.071628 2.447343
v -0.081434 0.072136 2.446185
v -0.066153 0.064871 2.454195
v -0.078120 0.065249 2.452824
v -0.096001 0.049465 2.453013
v -0.088593 0.059519 2.452824
v -0.098688 0.036730 2.453013
v -0.104979 0.038561 2.447171
v -0.097690 0.015760 2.455707
v -0.097714 0.002115 2.439032
v -0.104300 0.015240 2.449339
v -0.104341 0.001571 2.438518
v -0.102989 0.009941 2.404056
v -0.102989 0.000035 2.403968
v -0.102894 0.033150 2.404056
v -0.099887 0.047740 2.404056
v -0.091505 0.059058 2.403968
v -0.101795 0.053104 2.447325
v -0.093738 0.065816 2.446226
v -0.102989 -0.009871 2.403879
v -0.104802 -0.011206 2.449699
v -0.102888 -0.033115 2.403471
v -0.099876 -0.047705 2.403247
v -0.106952 -0.036872 2.448483
v -0.105334 -0.053139 2.447543
v -0.099545 -0.032932 2.456156
v -0.098517 -0.047534 2.454886
v -0.047545 -0.034485 2.460013
v -0.097932 -0.010644 2.456599
v -0.077902 -0.062691 2.454945
v -0.091033 -0.057398 2.454366
v -0.096816 -0.064357 2.447455
v -0.082438 -0.069514 2.447927
v -0.091452 -0.058899 2.403253
v -0.078847 -0.065007 2.403424
v -0.063973 -0.065095 2.403802
v -0.061386 -0.070896 2.451271
v -0.040634 -0.060505 2.403832
v -0.048857 -0.071327 2.452641
v -0.012009 -0.054876 2.403867
v 0.028832 -0.046848 2.403920
v -0.016274 -0.064109 2.454419
v 0.033079 -0.050865 2.454295
v -0.015589 -0.056908 2.461360
v -0.047108 -0.063884 2.459623
v 0.032246 -0.044007 2.461667
v -0.059147 -0.063524 2.458341
v 0.084057 -0.039388 2.452771
v 0.080199 -0.036747 2.403985
v -0.046878 -0.014602 2.461266
v -0.046789 0.001754 2.439415
v 0.082674 0.036263 2.404056
v 0.131561 0.026646 2.404056
v 0.077394 -0.009026 2.456191
v 0.065060 -0.009587 2.456191
v 0.077394 0.010916 2.456191
v 0.074670 -0.005110 2.447266
v 0.077394 -0.009026 2.464526
v 0.077394 0.004241 2.468247
v 0.077394 -0.004926 2.468549
v 0.065060 -0.005482 2.470953
v 0.065060 -0.009587 2.466930
v 0.046388 -0.005399 2.473162
v 0.065060 0.007118 2.470646
v 0.065060 0.013799 2.467338
v 0.046388 0.003916 2.472884
v 0.046388 0.010597 2.469571
v 0.009091 0.004956 2.470646
v 0.009091 0.011637 2.467332
v -0.008465 0.004684 2.472152
v 0.009091 -0.003397 2.470917
v 0.009091 -0.007508 2.466936
v -0.008465 -0.004968 2.472435
v -0.008465 -0.009073 2.468442
v -0.035495 -0.005576 2.470557
v -0.035495 -0.009687 2.466552
v -0.057599 -0.010066 2.468348
v -0.035495 0.005659 2.470262
v -0.035495 0.012346 2.466924
v -0.057599 0.011625 2.468005
v -0.057599 0.018318 2.464644
v -0.064404 0.013521 2.464804
v -0.064404 0.017219 2.461029
v -0.064404 -0.013090 2.464804
v -0.064404 0.014655 2.456191
v -0.064404 -0.013090 2.456191
v -0.057599 -0.014183 2.456191
v -0.061681 -0.004720 2.443840
v -0.057599 -0.014183 2.464296
v -0.049052 -0.003054 2.386524
v -0.055142 -0.009882 2.443840
v -0.061681 0.005818 2.443840
v -0.049052 0.007183 2.386524
v -0.055142 0.010975 2.443840
v -0.057599 0.015748 2.456191
v -0.043724 0.009091 2.386524
v -0.033883 0.011678 2.443840
v -0.026404 0.008583 2.386524
v -0.035495 0.012346 2.456191
v -0.009428 0.010745 2.443840
v -0.008465 0.011365 2.456191
v -0.013911 0.007856 2.386524
v 0.008990 0.011017 2.443840
v 0.009091 0.011637 2.456191
v 0.008530 0.008134 2.386524
v 0.044858 0.010042 2.443840
v 0.037752 0.007472 2.386524
v 0.046388 0.010597 2.456191
v 0.062809 0.013037 2.443840
v 0.052377 0.009504 2.386524
v 0.065060 0.013799 2.456191
v 0.074670 0.010119 2.443840
v 0.062041 0.006421 2.386524
v 0.062041 -0.004968 2.386524
v 0.052377 -0.005322 2.386524
v 0.037752 -0.005275 2.386524
v 0.062809 -0.005635 2.447266
v 0.044858 -0.008754 2.443840
v 0.046388 -0.009504 2.456191
v 0.008990 -0.006882 2.443840
v 0.008530 -0.004005 2.386524
v 0.009091 -0.007508 2.456191
v -0.009428 -0.008465 2.443840
v -0.013911 -0.005629 2.386524
v -0.008465 -0.009073 2.456191
v -0.033883 -0.008925 2.443840
v -0.026404 -0.005387 2.386524
v -0.035495 -0.009687 2.456191
v -0.043724 -0.007685 2.386524
v 0.046388 -0.009504 2.469169
v -0.008465 0.011365 2.468826
v 0.077394 0.010916 2.464934
vn 0.9188 -0.3945 -0.0143
vn 0.9777 -0.0000 -0.2101
vn 0.8959 -0.3867 -0.2186
vn -0.1587 -0.9872 -0.0119
vn -0.5524 -0.8336 0.0047
vn -0.1599 -0.9871 -0.0082
vn 0.5537 -0.8323 -0.0270
vn 0.1625 -0.9867 -0.0092
vn 0.1627 -0.9865 -0.0159
vn -0.9136 -0.4061 0.0209
vn -1.0000 -0.0000 0.0011
vn -0.9996 -0.0000 0.0278
vn -0.9164 -0.4002 -0.0033
vn 0.1594 -0.9872 -0.0050
vn -0.1246 -0.8315 0.5414
vn -0.1601 -0.9871 -0.0050
vn -0.7871 -0.3282 0.5222
vn -1.0000 -0.0000 -0.0002
vn -0.9216 -0.3882 -0.0018
vn -0.1589 -0.9869 -0.0286
vn -0.5572 -0.8274 -0.0701
vn -0.9105 -0.3963 -0.1183
vn -0.5496 -0.8319 -0.0764
vn 0.5537 -0.8320 -0.0344
vn 0.1618 -0.9866 -0.0195
vn 0.9168 -0.3979 -0.0339
vn 0.9131 -0.4054 -0.0436
vn -0.5426 -0.8121 -0.2147
vn -0.1658 -0.9861 -0.0124
vn -0.1598 -0.9634 -0.2152
vn -0.8967 -0.3856 -0.2173
vn -0.5588 -0.8289 -0.0263
vn 0.8187 -0.3612 0.4464
vn 0.5550 -0.8319 -0.0041
vn 0.9210 -0.3895 -0.0018
vn -0.1658 -0.9858 -0.0268
vn 0.4693 -0.7393 0.4829
vn 0.5542 -0.8323 -0.0130
vn 0.1702 -0.7426 0.6477
vn 0.1198 -0.8326 0.5408
vn 0.5142 -0.6564 0.5521
vn -0.4751 -0.7200 0.5059
vn -0.6857 -0.3305 0.6485
vn -0.1551 -0.7309 0.6646
vn -0.4417 -0.6424 0.6263
vn 0.8089 -0.3142 0.4970
vn 0.9037 -0.0000 0.4281
vn 0.8909 -0.0000 0.4543
vn -0.7444 -0.0000 0.6678
vn 0.9999 -0.0000 -0.0129
vn -0.5508 -0.8346 -0.0094
vn -0.1577 -0.9873 -0.0202
vn -0.5492 -0.8346 -0.0429
vn -0.9146 -0.3996 -0.0612
vn -0.9981 -0.0000 -0.0623
vn -0.9921 -0.0000 -0.1252
vn -0.9149 -0.3895 -0.1063
vn -0.9199 -0.3905 -0.0368
vn -0.9936 -0.0000 -0.1131
vn -0.9993 -0.0000 -0.0378
vn 0.9188 0.3945 -0.0143
vn 0.8959 0.3867 -0.2186
vn -0.5524 0.8336 0.0047
vn -0.1587 0.9872 -0.0119
vn -0.1599 0.9871 -0.0082
vn 0.5537 0.8323 -0.0270
vn 0.1625 0.9867 -0.0092
vn 0.5542 0.8323 -0.0130
vn -0.9136 0.4061 0.0209
vn -0.9164 0.4002 -0.0033
vn -0.5508 0.8346 -0.0094
vn 0.1594 0.9872 -0.0050
vn -0.1246 0.8315 0.5414
vn 0.1198 0.8326 0.5408
vn -0.7871 0.3282 0.5222
vn -0.9216 0.3882 -0.0018
vn -0.1589 0.9869 -0.0286
vn -0.1658 0.9858 -0.0268
vn -0.9105 0.3963 -0.1183
vn -0.5572 0.8274 -0.0701
vn -0.5496 0.8319 -0.0764
vn 0.5537 0.8320 -0.0344
vn 0.1627 0.9865 -0.0159
vn 0.9168 0.3979 -0.0339
vn 0.9131 0.4054 -0.0436
vn -0.5426 0.8121 -0.2147
vn -0.1658 0.9861 -0.0124
vn -0.5588 0.8289 -0.0263
vn -0.8967 0.3856 -0.2173
vn -0.9199 0.3905 -0.0368
vn 0.5550 0.8319 -0.0041
vn 0.8187 0.3612 0.4464
vn 0.9210 0.3895 -0.0018
vn 0.4693 0.7393 0.4829
vn 0.1702 0.7426 0.6477
vn 0.5142 0.6564 0.5521
vn -0.6857 0.3305 0.6485
vn -0.4751 0.7200 0.5059
vn -0.1551 0.7309 0.6646
vn 0.8089 0.3142 0.4970
vn -0.1577 0.9873 -0.0202
vn -0.5492 0.8346 -0.0429
vn -0.9146 0.3996 -0.0612
vn -0.9149 0.3895 -0.1063
vn 0.9995 -0.0000 -0.0332
vn 0.1618 0.9866 -0.0195
vn 0.1593 0.9634 -0.2156
vn 0.5412 0.8129 -0.2154
vn -0.5565 0.8308 -0.0041
vn -0.1601 0.9871 -0.0050
vn -0.9780 -0.0000 -0.2086
vn 1.0000 -0.0000 -0.0002
vn 0.1593 -0.9634 -0.2156
vn -0.5565 -0.8308 -0.0041
vn -0.1598 0.9634 -0.2152
vn 0.5412 -0.8129 -0.2154
vn -0.9948 -0.0000 0.1016
vn -0.7862 -0.6111 0.0921
vn -0.7616 -0.6417 0.0902
vn 0.0414 -0.9974 0.0589
vn 0.0241 -0.9980 0.0583
vn -0.1233 -0.0003 0.9924
vn 0.2670 0.1513 0.9517
vn 0.3934 0.0277 0.9190
vn -0.1189 -0.9929 -0.0062
vn -0.1191 -0.9929 -0.0060
vn -0.1181 -0.9930 -0.0055
vn 0.7041 -0.1538 0.6933
vn 0.3916 -0.0295 0.9197
vn 0.2531 0.9674 -0.0020
vn 0.3164 0.9486 -0.0019
vn 0.3204 0.9473 -0.0033
vn -0.2670 0.0804 0.9603
vn 0.0583 -0.5020 0.8629
vn 0.0766 -0.3668 0.9271
vn -0.3011 0.9536 -0.0056
vn 0.2512 0.9679 -0.0013
vn 0.1053 -0.9944 -0.0028
vn 0.1058 -0.9944 -0.0058
vn 0.2273 -0.9731 -0.0375
vn 0.1734 0.2053 0.9632
vn -0.1836 -0.5023 0.8450
vn -0.0009 0.3033 0.9529
vn -0.1065 0.2164 0.9705
vn -0.2541 0.3922 -0.8841
vn 0.2223 0.4112 -0.8840
vn 0.1626 0.0004 -0.9867
vn -0.1188 -0.3991 0.9092
vn 0.0670 0.4093 0.9099
vn -0.1138 0.3882 0.9145
vn -0.1223 -0.9925 -0.0053
vn -0.1211 -0.9926 -0.0055
vn -0.1206 -0.9927 -0.0056
vn 0.2008 -0.9796 0.0046
vn 0.1907 -0.9816 0.0060
vn 0.1061 -0.9943 -0.0031
vn -0.4506 0.2441 -0.8587
vn -0.0900 -0.5186 -0.8503
vn -0.4418 -0.2576 -0.8593
vn -0.2131 0.3882 -0.8966
vn -0.1629 -0.3872 -0.9075
vn -0.1566 0.3874 -0.9085
vn 0.2366 -0.9700 -0.0564
vn 0.2744 -0.9593 -0.0666
vn 0.2080 -0.9778 -0.0264
vn 0.2828 -0.9578 0.0517
vn 0.1964 -0.9805 -0.0023
vn 0.2554 -0.9655 0.0516
vn -0.0845 -0.3827 -0.9200
vn -0.0769 0.3815 -0.9212
vn 0.0944 -0.9955 -0.0027
vn 0.0945 -0.9955 -0.0027
vn -0.1193 -0.9928 -0.0063
vn -0.1187 -0.9929 -0.0061
vn -0.3502 -0.9367 -0.0039
vn 0.0812 0.3536 -0.9319
vn 0.0645 -0.3587 -0.9312
vn 0.1080 -0.3893 -0.9147
vn 0.2924 -0.9558 -0.0322
vn 0.3029 -0.9503 -0.0719
vn 0.2623 -0.9628 -0.0642
vn -0.0855 0.3860 0.9185
vn -0.0417 -0.4003 0.9154
vn -0.0891 -0.4012 0.9116
vn 0.2873 0.9572 -0.0356
vn 0.2819 0.9589 -0.0327
vn 0.2093 0.9778 -0.0096
vn 0.3087 -0.9473 -0.0854
vn 0.2941 -0.9542 0.0550
vn -0.1180 0.3857 0.9150
vn -0.1219 -0.3983 0.9091
vn 0.2620 -0.9645 -0.0324
vn 0.1865 -0.9825 0.0026
vn 0.2605 -0.9648 -0.0360
vn -0.6731 -0.3052 0.6737
vn -0.6618 0.4327 0.6122
vn -0.8138 -0.0030 0.5811
vn -0.0312 0.3783 -0.9252
vn -0.0205 -0.3779 -0.9256
vn -0.0190 -0.3772 -0.9259
vn -0.4180 0.3682 0.8305
vn -0.3587 -0.3735 0.8554
vn -0.3654 0.3741 0.8524
vn -0.6313 0.4264 -0.6478
vn -0.9473 -0.2589 -0.1887
vn -0.6255 -0.4300 -0.6510
vn -0.0079 -0.3231 -0.9463
vn -0.0321 0.3094 -0.9504
vn -0.3291 0.3320 0.8840
vn -0.1976 0.5136 0.8350
vn -0.0287 0.3773 -0.9257
vn -0.0281 -0.3787 -0.9251
vn -0.0211 -0.3783 -0.9255
vn -0.0286 0.3782 -0.9253
vn -0.0208 -0.3791 -0.9251
vn -0.3059 -0.3824 0.8719
vn -0.5104 0.3542 0.7836
vn -0.4913 -0.3509 0.7972
vn -0.4615 -0.8871 -0.0094
vn 0.2704 -0.1482 0.9513
vn 0.1726 -0.2106 0.9622
vn -0.0365 0.3801 0.9242
vn 0.0901 0.3512 0.9320
vn 0.0940 -0.2725 0.9576
vn -0.0093 -0.2474 0.9689
vn 0.2196 0.9755 0.0105
vn 0.1242 0.9922 -0.0036
vn 0.2144 0.9767 0.0062
vn 0.4199 -0.8936 -0.1587
vn 0.3645 -0.9243 -0.1133
vn -0.2635 -0.0838 0.9610
vn 0.0752 0.4915 0.8676
vn -0.1053 -0.2168 0.9705
vn -0.2613 -0.3915 -0.8823
vn 0.2178 -0.4100 -0.8857
vn 0.2278 0.9732 -0.0314
vn 0.1225 0.9925 -0.0037
vn 0.2378 0.9712 -0.0159
vn 0.2827 0.9591 -0.0145
vn 0.2841 0.9583 -0.0310
vn 0.2098 0.9777 -0.0090
vn -0.1388 0.9903 -0.0072
vn -0.1396 0.9902 -0.0074
vn -0.3965 0.9180 -0.0046
vn 0.1106 0.9939 -0.0032
vn 0.1238 0.9923 -0.0068
vn 0.2741 0.9592 -0.0700
vn 0.2798 0.9535 -0.1120
vn 0.3326 0.9366 -0.1104
vn -0.2668 -0.9638 -0.0052
vn -0.2381 -0.9712 -0.0038
vn -0.1461 0.9892 -0.0100
vn -0.1503 0.9886 -0.0120
vn -0.1413 0.9899 -0.0066
vn -0.4116 -0.3670 0.8342
vn -0.7530 -0.6558 -0.0532
vn -0.9909 0.0187 0.1334
vn -0.9797 0.1027 -0.1721
vn -0.1408 0.9900 -0.0061
vn -0.1396 0.9902 -0.0059
vn -0.1409 0.9900 -0.0066
vn -0.1205 -0.9927 -0.0056
vn -0.1204 -0.9927 -0.0052
vn -0.1194 -0.9928 -0.0050
vn -0.5180 0.8553 -0.0105
vn 0.1530 -0.9869 0.0508
vn 0.0414 0.9974 0.0588
vn -0.2104 0.9768 0.0404
vn 0.0242 0.9980 0.0583
vn 0.6366 0.7658 0.0914
vn 0.6242 0.7754 0.0959
vn 0.0081 0.7121 -0.7021
vn 0.1952 0.7097 -0.6769
vn 0.6399 -0.7636 0.0861
vn 0.6395 -0.7626 0.0968
vn -0.0358 0.3776 -0.9253
vn -0.1836 -0.3953 -0.9000
vn -0.1393 0.9902 -0.0071
vn -0.1391 0.9903 -0.0072
vn -0.1382 0.9904 -0.0065
vn -0.0283 0.3768 -0.9259
vn -0.3141 -0.3316 0.8896
vn -0.2706 0.3903 0.8800
vn -0.2631 -0.3898 0.8825
vn -0.3131 0.3830 0.8691
vn -0.1194 -0.9928 -0.0052
vn -0.1396 0.9902 -0.0061
vn -0.3076 0.9515 0.0022
vn -0.5895 0.8077 -0.0103
vn 0.1131 -0.9936 -0.0027
vn 0.0948 0.2760 0.9565
vn 0.9676 0.2340 0.0946
vn 0.1268 0.3827 -0.9151
vn -0.1076 0.5321 -0.8398
vn -0.2193 -0.3878 -0.8953
vn 0.3795 0.9095 -0.1699
vn 0.3968 0.9071 -0.1406
vn 0.9725 -0.2135 0.0930
vn 0.2545 0.9653 -0.0586
vn 0.1317 0.9913 -0.0032
vn 0.1332 0.9911 -0.0035
vn -0.2729 -0.9620 0.0018
vn -0.5288 -0.8487 -0.0088
vn -0.5250 -0.8511 0.0077
vn 0.1482 -0.9888 -0.0174
vn 0.2080 0.9781 -0.0119
vn 0.2862 0.9580 -0.0199
vn 0.2874 0.9542 -0.0834
vn 0.1675 -0.9858 -0.0092
vn 0.2554 -0.9668 -0.0080
vn 0.4078 -0.0076 -0.9130
vn 0.6634 -0.0109 -0.7482
vn 0.6621 -0.0108 -0.7493
vn 0.9674 -0.0135 0.2530
vn 0.9640 -0.0145 -0.2656
vn 0.9675 -0.0139 0.2523
vn 0.7808 -0.0104 0.6247
vn 0.6438 -0.0078 0.7652
vn 0.7798 -0.0098 0.6259
vn 0.9639 -0.0139 -0.2659
vn 0.0248 -0.7386 0.6737
vn 0.1763 -0.7250 0.6658
vn 0.2798 -0.9600 -0.0029
vn 0.2761 -0.9611 -0.0016
vn -0.5258 -0.5693 -0.6320
vn -0.7376 -0.1326 -0.6621
vn 0.1391 -0.6606 -0.7377
vn -0.2657 -0.7324 -0.6269
vn 0.2193 -0.9757 -0.0012
vn 0.7294 -0.0034 -0.6841
vn 0.4692 -0.0049 0.8831
vn 0.0652 -0.4217 0.9044
vn 0.1561 -0.7469 0.6463
vn -0.3440 0.7660 0.5430
vn 0.2339 0.7117 0.6624
vn -0.7200 -0.6670 0.1915
vn -0.5381 -0.6925 0.4806
vn -0.1142 0.0462 -0.9924
vn -0.0447 0.4336 -0.9000
vn -0.0447 -0.2442 -0.9687
vn -0.0383 -0.6871 -0.7255
vn -0.7102 0.6879 0.1497
vn -0.7031 0.7012 -0.1186
vn -0.7162 -0.6322 -0.2955
vn -0.8862 -0.4565 -0.0787
vn 0.0354 0.7111 0.7022
vn 0.2012 0.7088 0.6761
vn -0.7401 0.1188 -0.6619
vn -0.5640 0.5433 -0.6219
vn 0.1530 0.6434 -0.7501
vn -0.2992 0.7316 -0.6126
vn -0.2701 0.9628 -0.0039
vn 0.2640 0.9618 -0.0723
vn 0.1648 0.7328 0.6602
vn -0.5419 0.7438 0.3913
vn -0.0413 0.6887 -0.7238
vn -0.7257 0.6213 -0.2955
vn -0.9029 0.4232 -0.0753
vn -0.9522 0.2425 -0.1855
vn 0.1648 -0.7105 -0.6841
vn 0.2141 -0.7220 0.6579
vn 0.5791 -0.0046 0.8152
vn -0.4253 -0.9037 0.0492
vn -0.3879 -0.6805 0.6217
vn -0.3156 -0.7687 0.5564
vn -0.1570 -0.7147 -0.6816
vn -0.1329 -0.7117 -0.6898
vn 0.2661 -0.9638 -0.0168
vn 0.2462 -0.9692 -0.0005
vn -0.0229 -0.7319 0.6810
vn -0.0828 -0.7089 -0.7005
vn -0.0076 -0.7123 -0.7018
vn -0.0505 -0.7289 0.6828
vn -0.0468 -0.7283 0.6837
vn 0.0804 -0.7887 -0.6096
vn -0.1976 -0.7023 -0.6839
vn -0.5043 -0.7073 -0.4955
vn -0.9675 -0.2527 0.0036
vn -0.3911 0.9203 0.0091
vn -0.4231 0.6829 0.5954
vn -0.1444 0.7149 -0.6842
vn -0.1214 0.7122 -0.6914
vn 0.2998 0.9533 -0.0365
vn 0.2768 0.9598 0.0453
vn 0.3080 0.9508 0.0341
vn 0.3085 0.9498 0.0528
vn -0.0174 0.7085 0.7055
vn -0.0711 0.7091 -0.7016
vn -0.0447 0.7095 0.7033
vn -0.0396 0.7109 0.7022
vn 0.0928 0.7906 -0.6053
vn -0.2123 0.6991 -0.6828
vn -0.1917 0.3936 -0.8991
vn -0.5143 0.7007 -0.4944
vn -0.9721 0.2347 0.0038
vn -0.4983 0.6494 0.5744
vn 0.9698 0.2271 0.0885
vn 0.7039 0.1688 0.6899
vn 0.3401 0.4808 0.8081
vn 0.3579 -0.4644 0.8101
vn 0.0057 0.6214 0.7835
vn 0.0404 -0.5538 0.8317
vn -0.4780 0.3288 0.8145
vn -0.4754 -0.3244 0.8177
vn -0.0648 -0.6995 -0.7117
vn -0.0715 -0.6993 -0.7112
vn -0.0655 -0.6994 -0.7118
vn -0.0650 -0.7000 -0.7112
vn -0.3269 -0.6947 0.6407
vn -0.3673 -0.6836 0.6308
vn -0.2489 -0.7188 0.6492
vn -0.2828 -0.7076 0.6475
vn -0.0790 0.6977 -0.7120
vn -0.0799 0.6975 -0.7121
vn -0.3389 0.6962 0.6328
vn -0.2625 0.7197 0.6427
vn -0.2958 0.7090 0.6402
vn -0.3783 0.6863 0.6212
vn -0.4466 -0.6555 0.6090
vn -0.0624 -0.6985 -0.7129
vn -0.0793 0.6982 -0.7115
vn -0.0858 0.6975 -0.7114
vn -0.0836 0.6970 -0.7122
vn 0.2211 -0.9752 -0.0018
vn 0.2852 0.9580 -0.0285
vn 0.2892 0.9572 -0.0149
vn 0.4341 -0.8921 -0.1254
vn 0.4267 -0.8931 -0.1424
vn 0.1015 -0.9947 -0.0137
vn 0.2601 -0.9652 -0.0260
vn 0.3046 0.9500 -0.0687
vn 0.3046 -0.9426 -0.1371
vn 0.3322 0.9399 -0.0790
vn 0.3793 0.9246 0.0353
vn 0.2231 -0.9748 -0.0075
vn 0.2840 0.9587 -0.0152
vn 0.2589 -0.9658 -0.0139
vn 0.2782 0.9605 -0.0067
vn 0.2918 0.9563 -0.0184
vn 0.2856 0.9582 0.0157
vn 0.2804 -0.9594 0.0312
vn 0.2852 -0.9584 -0.0133
vn 0.2638 -0.9645 -0.0124
vn 0.7117 0.6852 -0.1548
vn 0.9318 0.1601 -0.3257
vn 0.5783 0.0610 0.8135
vn 0.4072 0.8979 -0.1674
vn 0.2986 0.9543 0.0109
vn 0.2305 -0.9730 -0.0157
vn -0.2259 -0.9712 -0.0761
vn 0.1301 -0.9914 -0.0121
vn 0.3319 0.9428 0.0318
vn 0.1425 0.9897 -0.0133
vn 0.1892 0.9781 -0.0867
vn 0.4726 -0.0000 -0.8813
vn 0.2893 -0.0433 -0.9563
vn 0.3044 0.0324 -0.9520
vn 0.0508 -0.9852 0.1638
vn 0.2748 0.9615 -0.0037
vn 0.1383 -0.9728 -0.1861
vn 0.2637 -0.9645 -0.0136
vn 0.5981 -0.1252 0.7916
vn 0.3502 0.0535 0.9351
vn 0.2719 -0.9623 0.0026
vn -0.0985 0.9950 0.0171
vn -0.3840 0.9233 0.0046
vn -0.3836 0.9233 0.0197
vn -0.3857 0.9221 -0.0309
vn -0.0805 0.9338 0.3487
vn -0.1010 0.9939 -0.0433
vn 0.7014 -0.7100 -0.0629
vn 0.3769 -0.8621 0.3386
vn 0.3803 -0.9235 -0.0497
vn 0.0364 -0.0029 0.9993
vn 0.4433 -0.0000 0.8964
vn 0.4343 0.1487 0.8884
vn 0.0374 0.0225 0.9990
vn -0.0032 0.4153 0.9097
vn -0.1273 0.4015 0.9070
vn 0.9322 -0.3556 -0.0665
vn 0.6764 -0.6623 0.3222
vn 0.0273 -0.0197 0.9994
vn -0.1273 -0.4015 0.9070
vn 0.0374 -0.0225 0.9990
vn 0.7013 0.7087 -0.0774
vn 0.3776 0.8677 0.3232
vn 0.6777 0.6666 0.3104
vn -0.6481 0.6672 0.3671
vn -0.3467 0.8687 0.3538
vn -0.6457 -0.6628 0.3791
vn -0.9352 -0.3538 0.0143
vn -0.7056 -0.7086 -0.0013
vn 0.8923 0.3319 0.3061
vn 0.9326 0.3534 -0.0730
vn -0.8610 -0.3287 0.3881
vn -0.9997 -0.0001 0.0227
vn 0.9249 -0.3743 -0.0669
vn 0.9989 -0.0009 -0.0475
vn 0.9257 -0.3763 -0.0393
vn -0.7071 0.7070 -0.0131
vn -0.8628 0.3317 0.3816
vn -0.0776 -0.8300 0.5523
vn -0.2243 -0.8994 0.3751
vn 0.9252 0.3747 -0.0605
vn 0.9979 -0.0008 -0.0653
vn 0.0620 -0.9264 0.3713
vn -0.3844 -0.9231 -0.0154
vn -0.0781 -0.9969 -0.0025
vn -0.1154 0.9828 0.1444
vn -0.1526 0.8625 0.4826
vn 0.1007 0.9948 0.0141
vn -0.1016 0.9948 -0.0041
vn -0.1027 -0.9946 -0.0144
vn 0.0997 -0.9949 0.0119
vn -0.0977 -0.9951 0.0181
vn 0.9131 0.3938 0.1055
vn 0.9735 -0.0015 0.2285
vn 0.9928 0.0001 0.1202
vn -0.1083 -0.9933 -0.0405
vn -0.1080 -0.9939 -0.0207
vn -0.3925 -0.9194 -0.0259
vn 0.1022 -0.9946 0.0161
vn 0.1163 -0.9932 -0.0062
vn -0.9181 0.3954 -0.0272
vn -0.9992 -0.0014 0.0388
vn -0.9198 0.3908 0.0338
vn -0.1008 -0.9949 -0.0046
vn 0.0971 -0.9951 0.0209
vn 0.0991 -0.9950 -0.0105
vn 0.8033 -0.0000 -0.5956
vn 0.7801 -0.1745 -0.6008
vn 0.7242 -0.2585 -0.6393
vn -0.3489 -0.1794 -0.9198
vn -0.4032 -0.0000 -0.9151
vn 0.1503 -0.0000 -0.9886
vn -0.7039 -0.7098 0.0255
vn -0.9275 -0.3734 0.0182
vn -0.7048 -0.7094 0.0072
vn -0.6997 -0.7138 0.0305
vn -0.7095 -0.7041 -0.0289
vn -0.9186 -0.3934 0.0377
vn -0.9181 -0.3955 -0.0269
vn 0.8992 -0.3843 0.2092
vn 0.7114 -0.6991 0.0720
vn 0.9131 -0.3939 0.1052
vn 0.6949 -0.7018 0.1568
vn 0.4008 -0.9157 0.0285
vn 0.3844 -0.9196 0.0813
vn -0.3804 -0.9247 0.0184
vn 0.7023 -0.7116 -0.0221
vn 0.3844 -0.9222 -0.0427
vn 0.7031 -0.7086 -0.0592
vn 0.3837 -0.9235 -0.0026
vn 0.1024 -0.9944 -0.0259
vn -0.9263 -0.3756 0.0291
vn -0.9997 -0.0008 0.0250
vn -0.7040 0.7101 0.0149
vn 0.0205 0.0100 0.9997
vn -0.3849 -0.0000 0.9230
vn 0.0194 -0.0000 0.9998
vn -0.3836 -0.9233 0.0181
vn -0.3844 -0.9231 -0.0047
vn 0.9171 -0.3968 -0.0378
vn 0.9937 -0.0007 0.1118
vn 0.9992 0.0052 -0.0404
vn -0.1083 0.9933 -0.0405
vn -0.3925 0.9193 -0.0270
vn -0.1075 0.9940 -0.0214
vn -0.3007 0.2771 -0.9126
vn -0.1668 0.3926 -0.9045
vn 0.1024 0.9947 0.0064
vn -0.0999 0.9950 -0.0029
vn -0.9997 -0.0000 -0.0242
vn 0.0955 0.9954 0.0030
vn -0.1008 0.9949 -0.0055
vn 0.0990 0.9950 -0.0114
vn 0.6521 0.3609 -0.6667
vn 0.7242 0.2585 -0.6393
vn 0.4490 0.4086 -0.7946
vn 0.0013 -0.4070 -0.9134
vn 0.4490 -0.4086 -0.7946
vn -0.7020 0.7117 0.0266
vn -0.9271 0.3741 0.0237
vn -0.9252 0.3783 0.0293
vn -0.7015 0.7123 0.0240
vn -0.3814 0.9244 0.0099
vn -0.7096 0.7040 -0.0297
vn 0.7114 0.6991 0.0723
vn 0.9004 0.3827 0.2068
vn 0.4007 0.9157 0.0289
vn 0.6965 0.7015 0.1512
vn 0.1163 0.9932 -0.0058
vn 0.3846 0.9202 0.0727
vn 0.7025 0.7114 -0.0208
vn 0.3853 0.9222 -0.0326
vn 0.3841 0.9233 -0.0008
vn 0.1033 0.9945 -0.0150
vn -0.9996 -0.0001 0.0293
vn 0.7031 0.7093 -0.0504
vn 0.9259 0.3756 -0.0392
vn 0.3369 0.2978 0.8932
vn 0.0424 -0.0039 0.9991
vn 0.1334 0.9903 -0.0381
vn 0.5252 0.8051 -0.2758
vn 0.3111 0.9003 -0.3046
vn 0.1334 -0.9903 -0.0381
vn 0.3111 -0.9003 -0.3046
vn 0.5252 -0.8051 -0.2758
vn 0.0273 0.0197 0.9994
vn -0.2688 0.3106 0.9117
vn 0.2035 0.3887 0.8986
vn 0.0462 -0.0016 0.9989
vn 0.0433 0.0094 0.9990
vn 0.1466 0.3233 0.9349
vn 0.0203 -0.0102 0.9997
vn -0.3736 -0.1553 0.9145
vn -0.2688 -0.3106 0.9117
vn -0.3736 0.1553 0.9145
vn 0.0364 0.0029 0.9993
vn 0.3369 -0.2978 0.8932
vn 0.4343 -0.1487 0.8884
vn 0.0574 -0.4614 0.8853
vn 0.0419 -0.0187 0.9989
vn 0.0424 0.0039 0.9991
vn 0.0929 -0.3995 0.9120
vn -0.9364 0.3509 0.0094
vn -0.9184 0.0014 0.3955
vn -0.3446 -0.8629 0.3695
vn 0.9491 0.0014 0.3150
vn 0.8911 -0.3290 0.3126
vn 0.2608 -0.9398 0.2207
vn 0.0322 -0.0000 0.9995
vn 0.1650 -0.8682 -0.4680
vn 0.1267 -0.3725 -0.9193
vn 0.4539 -0.3587 -0.8156
vn 0.1267 0.3725 -0.9193
vn 0.1650 0.8682 -0.4680
vn 0.4539 0.3587 -0.8156
vn -0.1669 -0.3926 -0.9044
vn -0.0850 -0.9120 -0.4014
vn -0.3519 -0.8431 -0.4066
vn -0.3008 -0.2770 -0.9126
vn -0.6417 -0.6339 -0.4317
vn -0.8088 -0.3728 -0.4549
vn -0.9029 -0.0000 -0.4299
vn -0.0850 0.9119 -0.4014
vn -0.3519 0.8431 -0.4067
vn -0.6417 0.6339 -0.4317
vn -0.3489 0.1794 -0.9198
vn -0.8088 0.3728 -0.4549
vn 0.9116 -0.3427 -0.2269
vn 0.9808 -0.0000 -0.1952
vn 0.9116 0.3427 -0.2269
vn 0.7633 -0.5962 -0.2488
vn 0.7799 0.1743 -0.6011
vn 0.7633 0.5962 -0.2488
vn 0.6521 -0.3609 -0.6667
vn 0.5817 -0.4072 -0.7041
vn 0.4703 -0.0000 -0.8825
vn 0.5817 0.4072 -0.7041
vn -0.0421 0.4194 -0.9068
vn -0.0420 -0.4195 -0.9068
vn -0.4472 0.4086 -0.7957
vn -0.7735 -0.4196 -0.4750
vn -0.4472 -0.4086 -0.7957
vn -0.7993 0.4131 0.4364
vn -0.4574 -0.4243 0.7815
vn -0.7993 -0.4131 0.4364
vn -0.9086 0.4177 -0.0046
vn -0.9086 -0.4177 -0.0046
vn 0.0035 0.4235 0.9059
vn 0.4631 -0.4221 0.7793
vn 0.0035 -0.4235 0.9059
vn 0.7921 0.4000 -0.4611
vn 0.7921 -0.4000 -0.4611
vn 0.0013 0.4070 -0.9134
vn -0.4574 0.4243 0.7815
vn 0.0021 -0.9482 -0.3176
vn -0.1464 -0.9436 -0.2970
vn -0.7735 0.4196 -0.4750
vn 0.0082 0.9587 0.2842
vn -0.1495 0.9596 0.2383
vn 0.4631 0.4221 0.7793
vn 0.7862 -0.4278 0.4460
vn 0.9096 0.4140 -0.0349
vn 0.9096 -0.4140 -0.0349
vn 0.7862 0.4277 0.4460
vn 0.0021 0.9482 -0.3176
vn 0.1516 0.9428 -0.2970
vn -0.1464 0.9436 -0.2970
vn 0.1516 -0.9428 -0.2970
vn 0.0082 -0.9587 0.2842
vn 0.1723 0.9549 0.2419
vn 0.1723 -0.9549 0.2419
vn -0.2896 -0.9557 -0.0522
vn -0.2437 -0.9510 -0.1904
vn -0.2896 0.9557 -0.0522
vn -0.2437 0.9510 -0.1904
vn 0.3156 -0.9487 -0.0210
vn 0.2688 -0.9557 0.1202
vn 0.3159 0.9486 -0.0212
vn 0.2688 0.9557 0.1202
vn 0.2684 -0.9424 -0.1994
vn 0.2684 0.9424 -0.1994
vn -0.2660 -0.9557 0.1262
vn -0.2660 0.9557 0.1262
vn -0.1495 -0.9596 0.2383
vn 0.9131 -0.3935 0.1066
vn 0.6953 -0.7137 0.0847
vn 0.3758 -0.9254 0.0504
vn -0.0997 -0.9950 0.0070
vn 0.9149 0.3915 0.0982
vn 0.6969 0.7137 0.0709
vn 0.3748 0.9265 0.0335
vn 0.9081 0.4168 -0.0393
vn -0.6918 0.7220 0.0096
vn 0.3788 0.9252 -0.0220
vn 0.6863 0.7266 -0.0327
vn -0.3845 0.9231 0.0016
vn -0.7029 -0.7112 0.0114
vn 0.3796 -0.9249 -0.0211
vn 0.6984 -0.7150 -0.0321
vn -0.3852 -0.9228 0.0024
vn -0.9198 -0.3919 0.0199
vn -0.9112 0.4117 0.0169
vn -0.9997 0.0053 0.0227
vn 0.9230 0.3844 -0.0160
vn 0.1082 0.9937 0.0295
vn 0.1073 -0.9933 0.0428
vn 0.9258 -0.3780 -0.0057
vn 0.9998 -0.0004 -0.0220
vn 0.9219 -0.3860 -0.0350
vn 0.9993 0.0104 -0.0368
vn 0.1158 -0.9932 -0.0108
vn 0.1092 0.9940 -0.0051
vn -0.0910 0.9958 -0.0124
vn 0.9056 0.4228 -0.0323
vn 0.3906 0.9203 0.0210
vn 0.3907 -0.9199 0.0325
vn 0.7026 0.7116 0.0042
vn 0.7071 -0.7070 0.0154
vn 0.9224 0.3798 -0.0699
vn 0.1095 0.9929 -0.0461
vn 0.1052 -0.9929 -0.0563
vn -0.0871 -0.9960 -0.0183
vn 0.9978 0.0011 -0.0661
vn 0.9253 -0.3712 -0.0775
vn -0.3863 -0.9224 -0.0015
vn -0.9199 0.3915 0.0234
vn 0.3809 0.9245 -0.0149
vn 0.3817 -0.9241 -0.0188
vn -0.6984 0.7156 0.0110
vn -0.9270 -0.3743 0.0239
vn -0.7076 -0.7065 0.0113
vn -0.3861 0.9224 -0.0012
vn 0.6857 0.7274 -0.0244
vn 0.7043 -0.7093 -0.0293
vn 0.9980 0.0002 -0.0635
vn 0.0790 -0.9968 -0.0087
vn 0.0971 0.9939 -0.0515
vn 0.3845 0.9211 -0.0620
vn 0.6999 0.7104 -0.0735
vn 0.7026 -0.7067 -0.0825
vn -0.9995 0.0057 0.0299
vn 0.3797 0.9226 -0.0686
vn 0.3828 -0.9209 -0.0731
vn 0.3549 0.8156 0.4570
vn -0.0199 0.8560 0.5167
vn -0.1112 0.3884 0.9148
vn -0.3382 0.5213 0.7835
vn -0.4277 0.4572 0.7798
vn -0.2093 0.2093 0.9552
vn 0.3137 0.8072 0.5000
vn 0.5754 0.2389 0.7822
vn 0.8671 0.2040 0.4544
vn 0.5246 0.7412 0.4189
vn 0.8647 0.0786 0.4960
vn 0.0620 -0.9480 0.3123
vn 0.3672 -0.7699 0.5220
vn 0.2214 -0.9259 0.3062
vn 0.2802 -0.6558 0.7010
vn 0.0829 -0.8041 0.5887
vn -0.0740 -0.9253 0.3719
vn -0.0727 -0.7634 0.6418
vn -0.1010 -0.7515 0.6520
vn -0.2207 -0.8950 0.3876
vn -0.1868 -0.5644 0.8041
vn -0.1024 -0.2856 0.9529
vn -0.0846 -0.0738 0.9937
vn 0.2654 0.2686 0.9260
vn 0.0438 -0.0159 0.9989
vn 0.0597 -0.1907 0.9798
vn 0.0378 0.4371 0.8986
vn 0.1373 -0.3513 0.9262
vn 0.2106 -0.3863 0.8980
vn 0.0014 0.5135 0.8581
vn -0.0173 0.0237 0.9996
vn -0.0947 0.0539 0.9940
vn -0.1445 0.3685 0.9183
vn 0.0549 -0.0931 0.9941
vn 0.1702 0.5315 0.8298
vn 0.4143 -0.1818 0.8918
vn 0.8474 0.4001 0.3490
vn 0.8886 -0.1051 0.4465
vn 0.4580 -0.8308 0.3163
vn 0.9332 -0.3457 -0.0981
vn 0.5082 -0.8586 -0.0677
vn 0.9976 0.0478 -0.0495
vn 0.8736 -0.3731 0.3124
vn 0.9986 -0.0000 0.0535
vn 0.9996 -0.0210 0.0195
vn 0.9088 -0.0884 0.4078
vn 0.9401 0.3407 -0.0057
vn 0.3301 0.2313 0.9152
vn 0.3820 -0.4418 0.8118
vn 0.5097 0.7799 0.3632
vn 0.7874 0.4657 0.4040
vn 0.1593 0.3742 0.9135
vn 0.0368 -0.5451 0.8376
vn 0.0012 -0.4655 0.8850
vn 0.1413 0.3511 0.9256
vn 0.2629 0.9004 0.3467
vn -0.0063 -0.4393 0.8983
vn 0.0941 0.3599 0.9282
vn -0.0088 -0.0029 1.0000
vn -0.0015 -0.0156 0.9999
vn -0.0599 -0.4510 0.8905
vn 0.0327 0.3460 0.9377
vn -0.1026 0.4149 0.9041
vn 0.1336 0.9380 0.3199
vn 0.1980 0.9326 0.3017
vn 0.1770 0.9694 -0.1703
vn 0.1908 0.9717 -0.1391
vn 0.0057 0.9569 0.2903
vn 0.0802 0.9867 -0.1415
vn -0.2139 0.9632 -0.1626
vn -0.2277 0.9259 0.3015
vn -0.1459 0.4716 0.8696
vn -0.1596 0.4258 0.8906
vn 0.0664 0.9457 0.3183
vn -0.2768 0.3227 0.9051
vn -0.4298 0.0937 0.8981
vn -0.3704 0.1607 0.9149
vn -0.9278 0.1074 0.3573
vn -0.8483 0.3780 0.3708
vn -0.8492 -0.2631 0.4579
vn -0.3560 -0.3469 0.8677
vn -0.1430 0.0078 0.9897
vn -0.9994 0.0052 -0.0339
vn -0.9073 0.0408 0.4185
vn -0.9946 0.0899 -0.0520
vn -0.9138 0.3958 -0.0913
vn -0.6458 0.7502 -0.1421
vn -0.6229 0.7118 0.3244
vn -0.9992 -0.0015 -0.0394
vn -0.8649 0.2912 0.4088
vn -0.9934 -0.0835 -0.0787
vn -0.9437 -0.0405 0.3283
vn -0.9104 -0.3882 -0.1432
vn -0.8712 -0.3739 0.3182
vn -0.3965 -0.1868 0.8988
vn -0.4291 -0.0410 0.9023
vn -0.3491 0.4231 0.8361
vn -0.2580 -0.3422 0.9035
vn -0.0596 -0.0339 0.9976
vn -0.1703 -0.4002 0.9005
vn -0.0204 0.4054 0.9139
vn -0.2346 -0.9158 0.3259
vn -0.5644 -0.7557 0.3322
vn -0.6165 -0.7719 -0.1551
vn 0.0684 -0.9880 -0.1387
vn -0.0963 -0.9310 0.3520
vn 0.0639 -0.9448 0.3213
vn 0.1966 -0.9651 -0.1729
vn 0.2115 -0.9267 0.3106
vn 0.2328 -0.9150 0.3295
vn 0.2087 -0.9678 -0.1409
vn 0.1922 -0.9768 -0.0941
vn 0.0722 -0.3687 0.9267
vn -0.0252 -0.3990 0.9166
vn -0.1479 -0.3532 0.9238
vn 0.1991 -0.9771 -0.0753
vn 0.1776 -0.8360 0.5192
vn 0.2131 0.9649 -0.1533
vn 0.2036 0.9785 -0.0328
vn 0.5119 0.8591 -0.0009
vn 0.0215 -0.9778 -0.2084
vn 0.7111 -0.6240 -0.3239
vn 0.6963 -0.6836 -0.2186
vn 0.6702 -0.6955 0.2590
vn 0.7914 0.6012 -0.1104
vn 0.7454 0.1455 0.6506
vn 0.7789 0.5928 -0.2049
vn 0.7002 -0.2642 0.6633
vn 0.0801 -0.9174 0.3899
vn 0.1500 -0.3641 0.9192
vn 0.1544 0.2607 0.9530
vn -0.0138 -0.9143 0.4048
vn 0.0144 0.2272 0.9738
vn -0.0399 0.8250 0.5637
vn 0.7128 0.6018 0.3602
vn 0.0936 0.8594 0.5027
vn 0.0139 0.2495 0.9683
vn 0.0116 0.8625 0.5059
vn 0.0190 -0.3508 0.9363
vn 0.0129 0.8359 0.5487
vn 0.0094 0.2375 0.9714
vn 0.0162 -0.3604 0.9327
vn 0.0273 -0.3628 0.9315
vn 0.0218 -0.9245 0.3806
vn -0.0436 -0.3442 0.9379
vn 0.0531 -0.9143 0.4016
vn -0.0537 0.2255 0.9728
vn -0.1740 -0.3462 0.9219
vn 0.0686 -0.9140 0.3999
vn -0.1992 0.2335 0.9517
vn 0.0780 0.8327 0.5482
vn -0.0583 0.9099 0.4107
vn -0.7784 0.2453 0.5778
vn -0.6824 0.7308 0.0181
vn -0.7683 0.5442 -0.3370
vn -0.7362 -0.6472 -0.1979
vn -0.6830 -0.5714 0.4551
vn 0.0150 -0.9352 0.3538
vn -0.8939 0.3339 -0.2992
vn -0.8889 -0.3417 -0.3052
vn 0.0106 -0.9864 -0.1637
vn -0.2375 -0.9370 -0.2561
vn 0.0869 -0.9949 -0.0507
vn -0.6437 -0.3095 -0.6999
vn -0.1882 -0.7247 -0.6629
vn -0.2667 0.9282 -0.2596
vn -0.5908 0.4546 -0.6666
vn 0.0844 0.9939 -0.0706
vn 0.0129 0.9380 -0.3463
vn 0.0051 0.9988 -0.0494
vn -0.1022 0.7129 -0.6938
vn 0.0125 0.9986 -0.0505
vn 0.0292 0.6912 -0.7221
vn 0.0102 0.9996 -0.0253
vn 0.0057 0.9987 -0.0497
vn 0.0033 0.6932 -0.7208
vn 0.0167 0.6799 -0.7331
vn 0.0061 0.9997 -0.0250
vn -0.0677 0.9970 -0.0381
vn -0.0340 0.6728 -0.7390
vn 0.0420 0.7270 -0.6853
vn -0.0741 0.9971 -0.0183
vn 0.0383 0.9968 -0.0707
vn 0.5826 0.4598 -0.6702
vn 0.0424 0.9984 -0.0372
vn 0.5171 -0.5759 -0.6332
vn 0.0224 -0.6983 -0.7155
vn 0.0763 -0.9779 -0.1945
vn 0.0574 -0.9968 -0.0555
vn -0.0184 -0.6916 -0.7221
vn 0.0082 -0.9980 -0.0629
vn 0.0178 -0.9995 -0.0256
vn 0.0179 -0.9985 -0.0517
vn 0.0501 -0.9973 -0.0538
vn 0.0108 -0.6746 -0.7381
vn 0.0554 -0.9981 -0.0268
vn 0.0369 -0.6708 -0.7407
vn 0.0169 -0.6988 -0.7151
vn 0.0368 -0.9981 -0.0503
vn 0.4355 -0.3372 -0.8347
vn 0.9110 -0.4123 -0.0098
vn -0.8428 -0.0000 0.5382
vn -0.4417 0.6424 0.6263
vn 0.9991 -0.0000 -0.0429
vn -0.1219 -0.9925 -0.0052
vn 0.1311 0.9904 0.0434
vn -0.1580 0.9872 -0.0201
vn -0.5861 0.8102 0.0088
vn 0.1144 -0.9934 -0.0030
vn 0.9695 -0.2308 0.0824
vn -0.8734 -0.4870 0.0051
vn -0.8909 0.4541 0.0055
vn -0.9992 0.0004 -0.0391
vn -0.2179 -0.9691 -0.1157
vt 0.608577 0.124263
vt 0.595166 0.017874
vt 0.614846 0.018060
vt 0.385739 0.300935
vt 0.400238 0.528452
vt 0.391414 0.528800
vt 0.322990 0.284421
vt 0.312150 0.121862
vt 0.331742 0.283762
vt 0.417806 0.527984
vt 0.430993 0.299617
vt 0.432482 0.527845
vt 0.409035 0.528176
vt 0.412729 0.299875
vt 0.306339 0.013918
vt 0.384341 0.006899
vt 0.384381 0.011402
vt 0.409172 0.006603
vt 0.428345 0.010388
vt 0.409401 0.011020
vt 0.385668 0.258118
vt 0.403262 0.114572
vt 0.412003 0.255558
vt 0.403141 0.256183
vt 0.335896 0.531180
vt 0.344644 0.530677
vt 0.305638 0.285873
vt 0.327165 0.531718
vt 0.318472 0.532279
vt 0.392878 0.015714
vt 0.386853 0.087503
vt 0.384516 0.015853
vt 0.409487 0.015460
vt 0.403066 0.086652
vt 0.401166 0.015442
vt 0.280736 0.008980
vt 0.289294 0.014208
vt 0.279986 0.013908
vt 0.386788 0.116112
vt 0.394356 0.257084
vt 0.297878 0.009788
vt 0.297879 0.014106
vt 0.295079 0.123211
vt 0.314287 0.285122
vt 0.303685 0.005383
vt 0.306175 0.009482
vt 0.288443 0.005962
vt 0.289499 0.009696
vt 0.400952 0.006858
vt 0.408344 0.002528
vt 0.392714 0.006956
vt 0.385968 0.002581
vt 0.393421 0.002860
vt 0.613904 0.004998
vt 0.595120 0.008657
vt 0.595084 0.005187
vt 0.428280 0.001506
vt 0.591616 0.286300
vt 0.589723 0.122867
vt 0.394685 0.300498
vt 0.385184 0.279467
vt 0.394103 0.278746
vt 0.403114 0.278120
vt 0.412202 0.277688
vt 0.430807 0.277434
vt 0.430607 0.255293
vt 0.411429 0.114081
vt 0.411075 0.086358
vt 0.395056 0.115282
vt 0.394988 0.087045
vt 0.429121 0.113810
vt 0.428887 0.086093
vt 0.570974 0.121535
vt 0.575605 0.018028
vt 0.464732 0.528021
vt 0.476307 0.300228
vt 0.473560 0.528252
vt 0.539120 0.282526
vt 0.545562 0.119928
vt 0.554076 0.120439
vt 0.447157 0.527786
vt 0.449266 0.299579
vt 0.455931 0.527862
vt 0.458314 0.299696
vt 0.550218 0.012798
vt 0.472311 0.006314
vt 0.550395 0.008358
vt 0.447464 0.006324
vt 0.447297 0.010746
vt 0.475628 0.257277
vt 0.471452 0.115331
vt 0.449217 0.255218
vt 0.454976 0.114108
vt 0.458096 0.255677
vt 0.529009 0.529850
vt 0.530347 0.282038
vt 0.537754 0.530286
vt 0.556539 0.283637
vt 0.546476 0.530745
vt 0.463875 0.015216
vt 0.470882 0.086824
vt 0.462761 0.086496
vt 0.447274 0.015186
vt 0.454691 0.086232
vt 0.446689 0.086067
vt 0.567098 0.013365
vt 0.575598 0.008891
vt 0.575675 0.013440
vt 0.466907 0.256410
vt 0.558732 0.008730
vt 0.558648 0.013050
vt 0.562539 0.120969
vt 0.552913 0.004230
vt 0.568438 0.005197
vt 0.567125 0.008895
vt 0.448235 0.002235
vt 0.455692 0.006466
vt 0.463935 0.006461
vt 0.470643 0.002007
vt 0.576098 0.005362
vt 0.467337 0.299924
vt 0.476513 0.278678
vt 0.467559 0.278112
vt 0.458523 0.277641
vt 0.449418 0.277367
vt 0.446808 0.113769
vt 0.463184 0.114661
vt 0.574114 0.284957
vt 0.520248 0.529451
vt 0.575485 0.532279
vt 0.550092 0.017160
vt 0.558531 0.017531
vt 0.455621 0.010862
vt 0.472313 0.010813
vt 0.463906 0.010774
vt 0.428376 0.014774
vt 0.595163 0.013303
vt 0.303591 0.122523
vt 0.306462 0.018285
vt 0.280469 0.018823
vt 0.286460 0.123955
vt 0.401081 0.011250
vt 0.392795 0.011269
vt 0.615376 0.013273
vt 0.614904 0.008477
vt 0.472224 0.015257
vt 0.297935 0.018636
vt 0.289290 0.018629
vt 0.677547 0.633642
vt 0.657637 0.677987
vt 0.657637 0.633642
vt 0.566244 0.677987
vt 0.566244 0.633642
vt 0.937312 0.429538
vt 0.911560 0.412428
vt 0.926845 0.415942
vt 0.814288 0.546642
vt 0.864656 0.562496
vt 0.815878 0.573779
vt 0.951364 0.407588
vt 0.947603 0.415621
vt 0.566233 0.702055
vt 0.519970 0.891037
vt 0.518849 0.702275
vt 0.926090 0.296759
vt 0.889855 0.305107
vt 0.907045 0.257311
vt 0.706264 0.820171
vt 0.567133 0.890819
vt 0.756770 0.103778
vt 0.636571 0.124912
vt 0.674235 0.055643
vt 0.906392 0.408365
vt 0.891667 0.426152
vt 0.901774 0.391907
vt 0.916982 0.304653
vt 0.435796 0.578741
vt 0.384707 0.570227
vt 0.384949 0.566205
vt 0.927774 0.077129
vt 0.939404 0.027139
vt 0.946885 0.077240
vt 0.833804 0.655485
vt 0.820343 0.651797
vt 0.838086 0.647787
vt 0.864726 0.029135
vt 0.881499 0.029464
vt 0.877080 0.082667
vt 0.798859 0.602512
vt 0.769826 0.521867
vt 0.799456 0.539372
vt 0.473298 0.582946
vt 0.511461 0.549548
vt 0.511073 0.587442
vt 0.614140 0.077288
vt 0.639466 0.066459
vt 0.709873 0.047098
vt 0.831127 0.003466
vt 0.823933 0.030305
vt 0.822378 0.002203
vt 0.549353 0.546001
vt 0.548765 0.592137
vt 0.872922 0.122842
vt 0.649583 0.156729
vt 0.869783 0.534078
vt 0.811072 0.502940
vt 0.876893 0.480017
vt 0.595552 0.601277
vt 0.596482 0.538531
vt 0.636618 0.522114
vt 0.869288 0.168373
vt 0.699572 0.027662
vt 0.701525 0.027630
vt 0.704519 0.025201
vt 0.956248 0.164608
vt 0.914598 0.208095
vt 0.919060 0.164576
vt 0.266238 0.785111
vt 0.267230 0.770515
vt 0.293253 0.793248
vt 0.669905 0.028439
vt 0.677387 0.026493
vt 0.951324 0.119260
vt 0.923620 0.119193
vt 0.740259 0.013099
vt 0.750745 0.039042
vt 0.725822 0.015399
vt 0.936277 0.666361
vt 0.946032 0.669558
vt 0.940708 0.673294
vt 0.639342 0.164090
vt 0.623292 0.187815
vt 0.626612 0.163823
vt 0.952411 0.617333
vt 0.924102 0.581822
vt 0.956696 0.581222
vt 0.664954 0.320529
vt 0.601487 0.336930
vt 0.600915 0.321809
vt 0.628078 0.153611
vt 0.637841 0.152385
vt 0.971619 0.467013
vt 0.990850 0.424757
vt 0.648510 0.236899
vt 0.612829 0.261979
vt 0.616567 0.236330
vt 0.645863 0.215814
vt 0.619440 0.215325
vt 0.920632 0.555410
vt 0.948417 0.648119
vt 0.932868 0.648504
vt 0.803537 0.486300
vt 0.962121 0.412032
vt 0.968269 0.407011
vt 0.961149 0.208053
vt 0.970046 0.257181
vt 0.970646 0.402101
vt 0.973707 0.387743
vt 0.293463 0.907666
vt 0.348006 0.915177
vt 0.295318 0.924342
vt 0.636677 0.044161
vt 0.650210 0.037994
vt 0.947071 0.296658
vt 0.990762 0.303771
vt 0.955888 0.304114
vt 0.435993 0.556168
vt 0.384794 0.563027
vt 0.303103 0.715559
vt 0.358472 0.793569
vt 0.297687 0.751782
vt 0.264999 0.876557
vt 0.262524 0.868074
vt 0.290908 0.866856
vt 0.764717 0.812661
vt 0.800918 0.868382
vt 0.747543 0.880158
vt 0.401903 0.682095
vt 0.387703 0.907520
vt 0.368979 0.671912
vt 0.310821 0.679948
vt 0.303095 0.715552
vt 0.303088 0.715544
vt 0.279966 0.701332
vt 0.283652 0.693213
vt 0.432807 0.899911
vt 0.440422 0.691804
vt 0.813139 0.446239
vt 0.881499 0.439806
vt 0.914204 0.808978
vt 0.922379 0.816820
vt 0.911758 0.826860
vt 0.928639 0.617765
vt 0.904608 0.019499
vt 0.911387 0.026233
vt 0.906241 0.027590
vt 0.884432 0.839833
vt 0.858531 0.810664
vt 0.888305 0.809743
vt 0.818864 0.625997
vt 0.848613 0.619522
vt 0.817204 0.596335
vt 0.747458 0.806603
vt 0.747795 0.807293
vt 0.487184 0.677987
vt 0.395791 0.633642
vt 0.487184 0.633642
vt 0.499526 0.633642
vt 0.499526 0.677987
vt 0.548993 0.600173
vt 0.592514 0.608629
vt 0.553904 0.633642
vt 0.553904 0.677987
vt 0.652202 0.262525
vt 0.604328 0.305252
vt 0.828860 0.860800
vt 0.808647 0.812072
vt 0.835889 0.811301
vt 0.642351 0.188181
vt 0.908931 0.467629
vt 0.963958 0.524073
vt 0.916586 0.524806
vt 0.960026 0.554734
vt 0.858905 0.586904
vt 0.852742 0.852939
vt 0.706411 0.701326
vt 0.740284 0.787475
vt 0.867937 0.210606
vt 0.662630 0.194202
vt 0.903999 0.403667
vt 0.511852 0.677987
vt 0.636661 0.620433
vt 0.768777 0.622726
vt 0.473570 0.552964
vt 0.290953 0.672005
vt 0.310784 0.679941
vt 0.288567 0.679150
vt 0.541577 0.677987
vt 0.319379 0.653740
vt 0.474826 0.894864
vt 0.476480 0.698020
vt 0.695252 0.456820
vt 0.783917 0.480781
vt 0.697794 0.487538
vt 0.784925 0.042547
vt 0.289268 0.829295
vt 0.262310 0.834801
vt 0.268562 0.832325
vt 0.788713 0.030542
vt 0.787427 0.011850
vt 0.067911 0.003638
vt 0.061943 0.003599
vt 0.062070 0.002453
vt 0.056371 0.001512
vt 0.058084 0.003696
vt 0.056175 0.003274
vt 0.052423 0.002387
vt 0.048739 0.001512
vt 0.052519 0.001525
vt 0.058327 0.001512
vt 0.906941 0.208342
vt 0.899731 0.254897
vt 0.679929 0.271377
vt 0.868079 0.255931
vt 0.802343 0.532653
vt 0.807031 0.541209
vt 0.636938 0.513615
vt 0.775264 0.515883
vt 0.871832 0.301128
vt 0.364108 0.566395
vt 0.936913 0.021380
vt 0.934405 0.027060
vt 0.926955 0.025997
vt 0.998500 0.428529
vt 0.996768 0.298446
vt 0.933098 0.680557
vt 0.926718 0.662505
vt 0.634378 0.145660
vt 0.640321 0.148963
vt 0.627051 0.148116
vt 0.620373 0.157006
vt 0.912716 0.034319
vt 0.907403 0.034760
vt 0.592371 0.321600
vt 0.592239 0.341526
vt 0.969073 0.208282
vt 0.977268 0.254291
vt 0.807031 0.600133
vt 0.802153 0.609528
vt 0.637091 0.629258
vt 0.773717 0.628414
vt 0.705904 0.888420
vt 0.275139 0.748388
vt 0.947020 0.026115
vt 0.955276 0.668288
vt 0.950262 0.681123
vt 0.645316 0.155377
vt 0.673492 0.320311
vt 0.674063 0.340637
vt 0.664450 0.335958
vt 0.593847 0.531009
vt 0.883834 0.298980
vt 0.936871 0.001507
vt 0.911482 0.017860
vt 0.907072 0.007870
vt 0.919530 0.001821
vt 0.899798 0.468838
vt 0.883834 0.430080
vt 0.437021 0.548502
vt 0.471629 0.545344
vt 0.815548 0.003137
vt 0.680540 0.026850
vt 0.911372 0.165311
vt 0.512225 0.541576
vt 0.549744 0.537930
vt 0.916067 0.118926
vt 0.920172 0.078297
vt 0.386351 0.555775
vt 0.596586 0.304625
vt 0.592239 0.320894
vt 0.604838 0.426263
vt 0.911360 0.042501
vt 0.919530 0.044896
vt 0.980611 0.468228
vt 0.436690 0.586423
vt 0.471248 0.590494
vt 0.274497 0.721296
vt 0.275279 0.724372
vt 0.267527 0.916432
vt 0.264879 0.899503
vt 0.964170 0.165359
vt 0.511690 0.595406
vt 0.959067 0.119028
vt 0.954667 0.078416
vt 0.386167 0.577475
vt 0.668910 0.303873
vt 0.661353 0.304552
vt 0.673618 0.319610
vt 0.660667 0.426978
vt 0.956043 0.652565
vt 0.511852 0.633642
vt 0.922955 0.407862
vt 0.912719 0.402680
vt 0.961446 0.402098
vt 0.909606 0.391574
vt 0.964620 0.390922
vt 0.926962 0.305162
vt 0.946027 0.304628
vt 0.609132 0.237076
vt 0.605265 0.262461
vt 0.615919 0.188561
vt 0.612052 0.216094
vt 0.915973 0.585077
vt 0.920677 0.621409
vt 0.908093 0.527425
vt 0.912319 0.558331
vt 0.655921 0.237766
vt 0.649723 0.189093
vt 0.964950 0.584412
vt 0.972509 0.526627
vt 0.968435 0.557588
vt 0.960523 0.620918
vt 0.925440 0.653007
vt 0.619238 0.164619
vt 0.653243 0.216741
vt 0.659666 0.263002
vt 0.646714 0.165047
vt 0.683693 0.316721
vt 0.265426 0.789742
vt 0.265593 0.794391
vt 0.621003 0.051726
vt 0.629740 0.047079
vt 0.706812 0.019699
vt 0.744793 0.011873
vt 0.275699 0.713654
vt 0.657922 0.033530
vt 0.277290 0.745185
vt 0.277143 0.743236
vt 0.775490 0.007757
vt 0.263993 0.809322
vt 0.764137 0.008671
vt 0.264126 0.820731
vt 0.262773 0.861187
vt 0.263956 0.886498
vt 0.871087 0.002731
vt 0.840933 0.001504
vt 0.853976 0.001632
vt 0.636445 0.016688
vt 0.639833 0.012026
vt 0.642080 0.014742
vt 0.310801 0.679944
vt 0.294305 0.662679
vt 0.273130 0.728461
vt 0.696078 0.026042
vt 0.684555 0.024568
vt 0.693559 0.023220
vt 0.275245 0.739886
vt 0.272291 0.737531
vt 0.269875 0.751182
vt 0.618556 0.014501
vt 0.624044 0.011264
vt 0.624841 0.013655
vt 0.788034 0.031676
vt 0.283175 0.827977
vt 0.786112 0.029795
vt 0.749435 0.011625
vt 0.642039 0.002494
vt 0.663287 0.016688
vt 0.789242 0.005336
vt 0.120641 0.458557
vt 0.130144 0.354904
vt 0.131079 0.458890
vt 0.130531 0.674568
vt 0.122562 0.694769
vt 0.120411 0.674985
vt 0.279876 0.676222
vt 0.268167 0.695485
vt 0.268585 0.675955
vt 0.043957 0.699941
vt 0.029749 0.698355
vt 0.043923 0.697372
vt 0.132783 0.700818
vt 0.123240 0.699367
vt 0.132443 0.698097
vt 0.012620 0.675049
vt 0.004113 0.697480
vt 0.001502 0.675650
vt 0.191062 0.698739
vt 0.200331 0.696434
vt 0.200118 0.699068
vt 0.053956 0.674816
vt 0.062257 0.694400
vt 0.053076 0.693452
vt 0.141582 0.692816
vt 0.131939 0.693502
vt 0.191210 0.691655
vt 0.181576 0.673445
vt 0.191982 0.673565
vt 0.043824 0.692994
vt 0.043321 0.674438
vt 0.181528 0.691555
vt 0.166598 0.673616
vt 0.022248 0.350149
vt 0.032598 0.439972
vt 0.020169 0.439876
vt 0.141110 0.674187
vt 0.151386 0.692254
vt 0.262942 0.695481
vt 0.259208 0.692424
vt 0.046497 0.350898
vt 0.034412 0.350514
vt 0.209607 0.692875
vt 0.202263 0.673901
vt 0.212209 0.674441
vt 0.072557 0.691964
vt 0.068871 0.696104
vt 0.077458 0.441248
vt 0.119801 0.354404
vt 0.208751 0.353777
vt 0.252615 0.440119
vt 0.209551 0.458008
vt 0.041861 0.074363
vt 0.037048 0.125037
vt 0.033244 0.074575
vt 0.202610 0.047238
vt 0.202732 0.077186
vt 0.193152 0.077236
vt 0.246834 0.130090
vt 0.258746 0.076056
vt 0.155583 0.077019
vt 0.163619 0.145203
vt 0.153146 0.144952
vt 0.205359 0.239107
vt 0.243142 0.148030
vt 0.240947 0.236338
vt 0.790685 0.631583
vt 0.796881 0.633409
vt 0.804236 0.639150
vt 0.797419 0.739553
vt 0.791349 0.741112
vt 0.791095 0.699226
vt 0.188116 0.458910
vt 0.176519 0.355464
vt 0.187510 0.355059
vt 0.184699 0.144604
vt 0.183032 0.077217
vt 0.174012 0.145061
vt 0.173128 0.077180
vt 0.026731 0.126180
vt 0.013957 0.075782
vt 0.024437 0.075029
vt 0.268276 0.128774
vt 0.269010 0.076121
vt 0.279876 0.076239
vt 0.257184 0.129183
vt 0.195453 0.143922
vt 0.274087 0.439057
vt 0.260665 0.349888
vt 0.271643 0.349123
vt 0.263035 0.439537
vt 0.250286 0.350604
vt 0.177049 0.459247
vt 0.164266 0.355644
vt 0.141053 0.355319
vt 0.011125 0.349808
vt 0.151469 0.699691
vt 0.166648 0.697152
vt 0.166721 0.699908
vt 0.199116 0.458477
vt 0.198415 0.354476
vt 0.030732 0.235097
vt 0.038339 0.143967
vt 0.041018 0.235208
vt 0.126609 0.046798
vt 0.135620 0.076684
vt 0.126088 0.076427
vt 0.777968 0.734793
vt 0.773082 0.727709
vt 0.079853 0.128156
vt 0.121319 0.142479
vt 0.164352 0.077116
vt 0.082905 0.146364
vt 0.120130 0.239344
vt 0.083886 0.236803
vt 0.772182 0.648296
vt 0.777226 0.639314
vt 0.908253 0.707126
vt 0.866867 0.716592
vt 0.865269 0.707415
vt 0.142085 0.459187
vt 0.152030 0.355586
vt 0.153057 0.459393
vt 0.142376 0.144357
vt 0.131559 0.143499
vt 0.145702 0.076868
vt 0.051741 0.074298
vt 0.047591 0.124822
vt 0.061853 0.074389
vt 0.058566 0.125447
vt 0.071551 0.074549
vt 0.069579 0.126672
vt 0.056122 0.440405
vt 0.068363 0.351675
vt 0.067084 0.440771
vt 0.078716 0.352109
vt 0.165036 0.459429
vt 0.057451 0.351271
vt 0.045071 0.440159
vt 0.052786 0.697684
vt 0.052596 0.700172
vt 0.071573 0.047613
vt 0.061811 0.029389
vt 0.071628 0.022993
vt 0.258438 0.048307
vt 0.258069 0.023460
vt 0.267971 0.029731
vt 0.142077 0.700029
vt 0.141867 0.697263
vt 0.061575 0.698595
vt 0.061170 0.701250
vt 0.123595 0.702110
vt 0.102655 0.701414
vt 0.181816 0.698894
vt 0.181719 0.696155
vt 0.191133 0.696028
vt 0.151423 0.696916
vt 0.015907 0.701862
vt 0.006194 0.702138
vt 0.015412 0.699308
vt 0.209290 0.697306
vt 0.209007 0.699976
vt 0.274775 0.704944
vt 0.267348 0.699663
vt 0.276135 0.702601
vt 0.151719 0.673905
vt 0.166535 0.692548
vt 0.200656 0.691915
vt 0.029455 0.693974
vt 0.014728 0.694827
vt 0.278160 0.698021
vt 0.217598 0.692816
vt 0.029928 0.700938
vt 0.815226 0.694983
vt 0.809746 0.699173
vt 0.809684 0.691982
vt 0.772445 0.699400
vt 0.766914 0.695276
vt 0.772420 0.692208
vt 0.809453 0.727489
vt 0.817165 0.719902
vt 0.815012 0.730247
vt 0.804652 0.734631
vt 0.808747 0.739212
vt 0.799694 0.745020
vt 0.791387 0.747275
vt 0.765278 0.720217
vt 0.767556 0.730535
vt 0.773930 0.739423
vt 0.785261 0.739627
vt 0.783052 0.745121
vt 0.799225 0.626210
vt 0.790637 0.623705
vt 0.782080 0.626314
vt 0.808257 0.632998
vt 0.784511 0.633484
vt 0.773131 0.633211
vt 0.814689 0.643447
vt 0.809389 0.648070
vt 0.817165 0.655572
vt 0.811215 0.658628
vt 0.766826 0.643737
vt 0.764497 0.655892
vt 0.791051 0.691966
vt 0.770483 0.658875
vt 0.771367 0.719348
vt 0.811066 0.719108
vt 0.908288 0.604517
vt 0.865037 0.614868
vt 0.865101 0.604617
vt 0.908110 0.635053
vt 0.865593 0.645813
vt 0.864876 0.635563
vt 0.908108 0.624859
vt 0.864942 0.625291
vt 0.907933 0.655548
vt 0.865135 0.666317
vt 0.865004 0.656097
vt 0.908946 0.697068
vt 0.864385 0.697405
vt 0.906729 0.595450
vt 0.866921 0.594964
vt 0.907362 0.645323
vt 0.231782 0.071044
vt 0.243541 0.067193
vt 0.908147 0.614569
vt 0.100910 0.022445
vt 0.088593 0.024743
vt 0.103529 0.001547
vt 0.907793 0.665808
vt 0.865112 0.676808
vt 0.278371 0.034897
vt 0.033173 0.039742
vt 0.041532 0.038294
vt 0.051635 0.034749
vt 0.024789 0.038307
vt 0.908470 0.686863
vt 0.864764 0.687232
vt 0.146902 0.005492
vt 0.136872 0.004817
vt 0.156857 0.005887
vt 0.127245 0.003872
vt 0.164796 0.006227
vt 0.172743 0.005960
vt 0.182714 0.005650
vt 0.192777 0.005054
vt 0.202401 0.004178
vt 0.907813 0.676401
vt 0.097667 0.070013
vt 0.109494 0.067715
vt 0.915009 0.603651
vt 0.912766 0.592905
vt 0.858351 0.708237
vt 0.860704 0.719204
vt 0.915327 0.707884
vt 0.906626 0.716790
vt 0.858672 0.656007
vt 0.914261 0.655467
vt 0.914245 0.645318
vt 0.914604 0.665513
vt 0.858342 0.666036
vt 0.858097 0.624279
vt 0.857612 0.615144
vt 0.914889 0.623902
vt 0.915420 0.614902
vt 0.858103 0.603594
vt 0.857951 0.685983
vt 0.857750 0.677490
vt 0.915254 0.685472
vt 0.915261 0.676978
vt 0.858005 0.698633
vt 0.915420 0.698189
vt 0.858602 0.636220
vt 0.914352 0.635735
vt 0.226092 0.001938
vt 0.228652 0.022893
vt 0.216789 0.027079
vt 0.206369 0.047117
vt 0.211153 0.061069
vt 0.254544 0.046826
vt 0.252264 0.057445
vt 0.219719 0.068557
vt 0.075392 0.046122
vt 0.079676 0.032565
vt 0.112678 0.026669
vt 0.121145 0.036755
vt 0.122884 0.046641
vt 0.077694 0.056545
vt 0.118006 0.060420
vt 0.086234 0.066136
vt 0.250068 0.033128
vt 0.241057 0.025247
vt 0.208198 0.037167
vt 0.016258 0.128274
vt 0.027481 0.144731
vt 0.016529 0.146092
vt 0.264658 0.146987
vt 0.253550 0.147300
vt 0.205623 0.143114
vt 0.049331 0.143801
vt 0.060864 0.144268
vt 0.072284 0.145211
vt 0.050962 0.235418
vt 0.141900 0.240706
vt 0.073135 0.236220
vt 0.061725 0.235755
vt 0.130720 0.240087
vt 0.183701 0.240583
vt 0.251446 0.235649
vt 0.262513 0.235058
vt 0.194840 0.239904
vt 0.172685 0.241050
vt 0.152477 0.241114
vt 0.019636 0.235079
vt 0.162379 0.241238
vt 0.043964 0.470350
vt 0.076197 0.471491
vt 0.254092 0.470591
vt 0.021387 0.470415
vt 0.032758 0.470342
vt 0.023944 0.525729
vt 0.034366 0.525911
vt 0.253012 0.525715
vt 0.077135 0.527176
vt 0.121671 0.545678
vt 0.043981 0.526201
vt 0.065753 0.470957
vt 0.264553 0.470055
vt 0.054761 0.470556
vt 0.010286 0.470701
vt 0.009048 0.439917
vt 0.042434 0.589530
vt 0.074962 0.590254
vt 0.256813 0.588861
vt 0.209309 0.545076
vt 0.030741 0.589202
vt 0.018587 0.588834
vt 0.198784 0.545450
vt 0.154153 0.546202
vt 0.066301 0.526815
vt 0.263698 0.525218
vt 0.143342 0.546110
vt 0.176415 0.546004
vt 0.187657 0.545770
vt 0.132213 0.545923
vt 0.054798 0.526478
vt 0.274942 0.524732
vt 0.275644 0.469733
vt 0.028208 0.674450
vt 0.258186 0.676084
vt 0.074255 0.676448
vt 0.064449 0.590094
vt 0.053388 0.589846
vt 0.012562 0.525669
vt 0.278579 0.587818
vt 0.164990 0.546166
vt 0.064436 0.675611
vt 0.267395 0.588450
vt 0.007324 0.588382
vt 0.090512 0.693559
vt 0.082472 0.691569
vt 0.065295 0.699532
vt 0.083620 0.700367
vt 0.072310 0.702418
vt 0.065437 0.702124
vt 0.098484 0.697618
vt 0.096973 0.705244
vt 0.094689 0.703565
vt 0.094976 0.696174
vt 0.091911 0.702622
vt 0.232350 0.685119
vt 0.225260 0.701633
vt 0.227323 0.688216
vt 0.217161 0.698236
vt 0.237508 0.703192
vt 0.245901 0.687808
vt 0.243452 0.703404
vt 0.249691 0.703284
vt 0.252633 0.690048
vt 0.257579 0.703127
vt 0.261776 0.702867
vt 0.266554 0.702119
vt 0.086552 0.698936
vt 0.216941 0.700892
vt 0.345769 0.606237
vt 0.339502 0.585188
vt 0.350226 0.586288
vt 0.340585 0.624873
vt 0.336882 0.605174
vt 0.329491 0.603853
vt 0.329307 0.622240
vt 0.336618 0.624263
vt 0.328800 0.626460
vt 0.335649 0.626389
vt 0.338789 0.626513
vt 0.334477 0.629466
vt 0.328603 0.629329
vt 0.343646 0.626858
vt 0.884462 0.009797
vt 0.901681 0.014252
vt 0.884462 0.014252
vt 0.884462 0.005900
vt 0.901681 0.009797
vt 0.901681 0.001503
vt 0.884462 0.001503
vt 0.962880 0.121126
vt 0.979872 0.126000
vt 0.962880 0.126000
vt 0.322051 0.627812
vt 0.962880 0.117962
vt 0.979872 0.121126
vt 0.319211 0.624523
vt 0.321250 0.624524
vt 0.979872 0.113314
vt 0.979872 0.117962
vt 0.313856 0.624827
vt 0.317002 0.622890
vt 0.321701 0.622698
vt 0.319827 0.604454
vt 0.312144 0.604289
vt 0.308535 0.605593
vt 0.318247 0.584448
vt 0.305830 0.583058
vt 0.329036 0.584922
vt 0.329256 0.556619
vt 0.319488 0.556412
vt 0.305177 0.571645
vt 0.303118 0.555118
vt 0.301380 0.571622
vt 0.302101 0.583581
vt 0.979872 0.073939
vt 0.962880 0.062415
vt 0.979872 0.062415
vt 0.962880 0.045254
vt 0.979872 0.037092
vt 0.962880 0.037092
vt 0.962880 0.031697
vt 0.979872 0.031697
vt 0.298987 0.545918
vt 0.303170 0.542788
vt 0.302564 0.547410
vt 0.299263 0.554175
vt 0.305952 0.539289
vt 0.314812 0.536959
vt 0.310048 0.537226
vt 0.314538 0.533635
vt 0.308786 0.534104
vt 0.323166 0.535963
vt 0.322006 0.539022
vt 0.329724 0.538142
vt 0.962880 0.006637
vt 0.979872 0.001503
vt 0.979872 0.006637
vt 0.962880 0.015396
vt 0.979872 0.015396
vt 0.962880 0.020989
vt 0.979872 0.020989
vt 0.962880 0.026468
vt 0.303369 0.536276
vt 0.299974 0.540505
vt 0.979872 0.026468
vt 0.901681 0.127265
vt 0.884462 0.122214
vt 0.901681 0.122214
vt 0.884462 0.113007
vt 0.901681 0.113007
vt 0.884462 0.107134
vt 0.901681 0.107134
vt 0.345915 0.533635
vt 0.350058 0.537453
vt 0.344811 0.537723
vt 0.336537 0.536068
vt 0.337395 0.539410
vt 0.353970 0.539750
vt 0.346663 0.556288
vt 0.356455 0.544409
vt 0.339253 0.556751
vt 0.359739 0.541887
vt 0.356955 0.536637
vt 0.352301 0.533756
vt 0.884462 0.101857
vt 0.901681 0.096356
vt 0.901681 0.101857
vt 0.884462 0.089551
vt 0.901681 0.089551
vt 0.901681 0.082716
vt 0.884462 0.082716
vt 0.901681 0.070961
vt 0.901681 0.053548
vt 0.884462 0.070961
vt 0.884462 0.053548
vt 0.354089 0.587075
vt 0.355161 0.568016
vt 0.359045 0.567851
vt 0.357385 0.556028
vt 0.357120 0.551536
vt 0.361245 0.555066
vt 0.360860 0.550108
vt 0.884462 0.033900
vt 0.901681 0.033900
vt 0.348468 0.607132
vt 0.962880 0.073939
vt 0.979872 0.094232
vt 0.962880 0.094232
vt 0.962880 0.113314
vt 0.589485 0.432341
vt 0.586938 0.435948
vt 0.585610 0.433009
vt 0.045074 0.005424
vt 0.041902 0.002400
vt 0.045484 0.003006
vt 0.048610 0.005979
vt 0.048461 0.011920
vt 0.044921 0.009840
vt 0.590905 0.473524
vt 0.587687 0.469265
vt 0.592000 0.469981
vt 0.044899 0.007109
vt 0.046128 0.005917
vt 0.041472 0.005444
vt 0.041324 0.007040
vt 0.041329 0.010454
vt 0.036279 0.005557
vt 0.036220 0.009689
vt 0.036255 0.011793
vt 0.044978 0.012063
vt 0.041399 0.012423
vt 0.025304 0.009797
vt 0.025281 0.012019
vt 0.025329 0.007240
vt 0.020183 0.011778
vt 0.020183 0.009671
vt 0.036231 0.007139
vt 0.020171 0.007012
vt 0.025359 0.005498
vt 0.012470 0.006653
vt 0.020173 0.005420
vt 0.012433 0.009942
vt 0.006086 0.005368
vt 0.012447 0.004977
vt 0.006044 0.011479
vt 0.012340 0.012117
vt 0.006188 0.013444
vt 0.004135 0.012659
vt 0.003926 0.012013
vt 0.002862 0.013054
vt 0.001500 0.012332
vt 0.001500 0.004518
vt 0.003926 0.004518
vt 0.006122 0.003769
vt 0.004215 0.003977
vt 0.004197 0.001507
vt 0.630141 0.429601
vt 0.632867 0.436119
vt 0.630083 0.434374
vt 0.006183 0.001518
vt 0.627496 0.433791
vt 0.628096 0.429596
vt 0.012572 0.001943
vt 0.624077 0.448407
vt 0.622550 0.448005
vt 0.635072 0.471266
vt 0.631717 0.467458
vt 0.634161 0.466536
vt 0.625464 0.450849
vt 0.625871 0.472387
vt 0.632995 0.471617
vt 0.624797 0.468624
vt 0.624054 0.451785
vt 0.617254 0.469683
vt 0.619422 0.452759
vt 0.617405 0.473548
vt 0.611705 0.470243
vt 0.609940 0.454028
vt 0.616012 0.453205
vt 0.611910 0.474017
vt 0.600985 0.470517
vt 0.602194 0.455210
vt 0.598687 0.456267
vt 0.600473 0.474232
vt 0.595658 0.470342
vt 0.596474 0.456316
vt 0.594710 0.473971
vt 0.594469 0.453884
vt 0.597359 0.452624
vt 0.590620 0.435306
vt 0.596455 0.435401
vt 0.601467 0.451780
vt 0.595433 0.431588
vt 0.607247 0.430330
vt 0.607618 0.434149
vt 0.613164 0.433732
vt 0.609456 0.450717
vt 0.612715 0.429950
vt 0.618656 0.449131
vt 0.615452 0.449584
vt 0.620533 0.433628
vt 0.621040 0.429849
vt 0.020314 0.001988
vt 0.025409 0.002264
vt 0.036416 0.001847
vt 0.041911 0.015463
vt 0.045578 0.014594
vt 0.036268 0.015769
vt 0.025250 0.015312
vt 0.020215 0.015352
vt 0.012454 0.015337
vt 0.006166 0.015776
vt 0.004288 0.014211
vt 0.045858 0.011854
vt 0.639067 0.001987
vt 0.640039 0.001577
vt 0.403691 0.300133
vt 0.428311 0.005779
vt 0.296049 0.005948
vt 0.280971 0.005260
vt 0.400832 0.002922
vt 0.547852 0.283057
vt 0.455591 0.015053
vt 0.560666 0.004881
vt 0.455759 0.002526
vt 0.463180 0.002368
vt 0.560980 0.531518
vt 0.567012 0.017652
vt 0.677547 0.677987
vt 0.820717 0.660018
vt 0.804254 0.486575
vt 0.924637 0.808610
vt 0.395791 0.677987
vt 0.739336 0.701159
vt 0.671977 0.229519
vt 0.541577 0.633642
vt 0.941680 0.684421
vt 0.595433 0.426685
vt 0.670461 0.427472
vt 0.007528 0.704542
vt 0.014797 0.034622
vt 0.913114 0.719379
vt 0.858695 0.645807
vt 0.860546 0.592231
vt 0.339704 0.630077
vt 0.901681 0.005900
vt 0.318264 0.627893
vt 0.979872 0.045254
vt 0.329947 0.535589
vt 0.962880 0.001503
vt 0.884462 0.127265
vt 0.884462 0.096356
vt 0.585610 0.471308
vt 0.637325 0.434358
vt 0.004178 0.015786
s 1
usemtl m_fire_axe
f 37/1/1 95/2/2 94/3/3
f 21/4/4 83/5/5 82/6/6
f 31/7/7 36/8/8 30/9/9
f 80/10/10 18/11/11 81/12/12
f 83/13/5 25/14/13 80/10/10
f 113/15/14 11/16/15 114/17/16
f 14/18/17 111/19/18 106/20/19
f 36/8/8 22/21/20 30/9/9
f 43/22/21 24/23/22 28/24/23
f 85/25/24 30/9/9 84/26/25
f 32/27/26 85/28/24 78/29/27
f 99/30/28 40/31/29 97/32/30
f 92/33/31 44/34/32 99/35/28
f 9/36/33 115/37/34 112/38/35
f 39/39/36 28/40/23 22/21/20
f 7/41/37 113/15/14 115/42/34
f 32/27/26 38/43/38 31/44/7
f 7/41/37 5/45/39 6/46/40
f 9/36/33 8/47/41 7/48/37
f 15/49/42 13/50/43 14/18/17
f 15/51/42 12/52/44 16/53/45
f 12/52/44 6/46/40 5/45/39
f 10/54/46 2/55/47 1/56/48
f 4/57/49 14/18/17 13/50/43
f 32/58/26 35/59/50 37/1/1
f 27/60/51 23/61/52 29/62/53
f 29/62/53 22/21/20 28/40/23
f 25/14/13 29/63/53 26/64/54
f 26/64/54 28/24/23 24/23/22
f 21/4/4 30/9/9 23/61/52
f 23/61/52 30/9/9 22/21/20
f 25/14/13 20/65/55 18/11/11
f 20/65/55 24/23/22 19/66/56
f 42/67/57 44/34/32 41/68/58
f 43/69/21 40/31/29 44/70/32
f 39/39/36 36/8/8 40/31/29
f 33/71/59 41/68/58 34/72/60
f 42/67/57 19/66/56 24/23/22
f 95/2/2 70/73/61 101/74/62
f 90/75/63 57/76/64 88/77/65
f 67/78/66 69/79/67 71/80/68
f 87/81/69 18/11/11 61/82/70
f 90/83/63 61/82/70 63/84/71
f 117/85/72 51/86/73 46/87/74
f 111/19/18 54/88/75 109/89/76
f 69/79/67 58/90/77 72/91/78
f 60/92/79 76/93/80 64/94/81
f 91/95/82 66/96/83 67/78/66
f 91/97/82 68/98/84 86/99/85
f 105/100/86 73/101/87 77/102/88
f 100/103/89 77/104/88 74/105/90
f 110/106/91 49/107/92 116/108/93
f 64/109/81 72/91/78 58/90/77
f 117/85/72 47/110/94 110/111/91
f 68/98/84 71/112/68 70/73/61
f 45/113/95 47/110/94 46/87/74
f 48/114/96 49/107/92 47/115/94
f 53/116/97 55/117/98 54/88/75
f 55/118/98 52/119/99 51/86/73
f 46/87/74 52/119/99 45/113/95
f 2/55/47 50/120/100 1/56/48
f 54/88/75 4/57/49 53/116/97
f 35/59/50 68/98/84 70/73/61
f 63/121/71 59/122/101 57/76/64
f 65/123/102 58/90/77 59/122/101
f 61/82/70 65/124/102 63/84/71
f 62/125/103 64/94/81 65/124/102
f 57/76/64 59/122/101 66/96/83
f 59/122/101 58/90/77 66/96/83
f 20/65/55 61/82/70 18/11/11
f 20/65/55 60/92/79 62/125/103
f 75/126/104 77/104/88 76/93/80
f 76/127/80 73/101/87 72/91/78
f 72/91/78 73/101/87 69/79/67
f 33/71/59 74/105/90 75/126/104
f 19/66/56 75/126/104 60/92/79
f 17/128/105 86/99/85 68/98/84
f 89/129/106 57/76/64 66/96/83
f 78/130/27 17/128/105 32/58/26
f 21/4/4 84/26/25 30/9/9
f 71/80/68 103/131/107 102/132/108
f 71/112/68 101/74/62 70/73/61
f 119/133/109 100/103/89 109/89/76
f 118/134/110 105/100/86 119/135/109
f 74/105/90 93/136/111 100/103/89
f 73/101/87 103/131/107 69/79/67
f 107/137/112 101/74/62 116/108/93
f 38/138/38 96/139/113 36/8/8
f 94/140/3 38/43/38 37/141/1
f 92/33/31 108/142/114 106/20/19
f 99/30/28 114/17/16 108/143/114
f 41/68/58 93/136/111 34/72/60
f 96/139/113 40/31/29 36/8/8
f 94/3/3 107/137/112 112/144/35
f 9/145/33 107/137/112 2/55/47
f 15/51/42 114/17/16 11/16/15
f 14/18/17 108/142/114 15/49/42
f 49/107/92 107/137/112 116/108/93
f 55/118/98 118/134/110 119/135/109
f 54/88/75 119/133/109 109/89/76
f 102/132/108 117/85/72 110/111/91
f 101/74/62 110/106/91 116/108/93
f 100/103/89 111/19/18 109/89/76
f 104/146/115 117/85/72 103/131/107
f 98/147/116 113/15/14 96/139/113
f 94/140/3 115/37/34 98/148/116
f 92/33/31 111/19/18 93/136/111
f 113/15/14 97/32/30 96/139/113
f 120/149/117 298/150/118 124/151/119
f 124/151/119 291/152/120 125/153/121
f 128/154/122 281/155/123 279/156/124
f 308/157/125 300/158/126 309/159/127
f 279/156/124 277/160/128 278/161/129
f 128/154/122 279/156/124 278/161/129
f 227/162/130 221/163/131 218/164/132
f 296/165/133 158/166/134 153/167/135
f 227/162/130 237/168/136 226/169/137
f 133/170/138 185/171/139 188/172/140
f 285/173/141 281/155/123 161/174/142
f 161/174/142 158/166/134 289/175/143
f 158/166/134 293/176/144 289/175/143
f 246/177/145 233/178/146 331/179/147
f 182/180/148 236/181/149 244/182/150
f 174/183/151 217/184/152 214/185/153
f 187/186/154 169/187/155 183/188/156
f 224/189/157 164/190/158 154/191/159
f 260/192/160 203/193/161 263/194/162
f 165/195/163 186/196/164 185/171/139
f 188/172/140 189/197/165 133/170/138
f 346/198/166 192/199/167 130/200/168
f 183/188/156 133/170/138 192/199/167
f 263/194/162 200/201/169 258/202/170
f 133/170/138 193/203/171 201/204/172
f 301/205/173 205/206/174 211/207/175
f 219/208/176 150/209/177 159/210/178
f 197/211/171 201/204/172 193/203/171
f 189/197/165 147/212/179 142/213/180
f 189/197/165 142/213/180 143/214/181
f 256/215/182 195/216/183 198/217/184
f 201/204/172 185/171/139 133/170/138
f 341/218/185 340/219/186 344/220/187
f 132/221/188 335/222/189 188/172/140
f 252/223/190 198/217/184 194/224/191
f 244/182/150 194/224/191 182/180/148
f 341/225/192 190/226/193 340/227/194
f 186/196/164 188/172/140 185/171/139
f 175/228/195 135/229/196 176/230/197
f 276/231/198 314/232/199 216/233/200
f 322/234/201 306/235/202 319/236/203
f 272/237/204 208/238/205 212/239/206
f 276/231/198 179/240/207 241/241/208
f 270/242/209 128/154/122 230/243/210
f 323/244/211 307/245/212 310/246/213
f 330/247/214 310/246/213 311/248/215
f 299/249/216 319/236/203 306/235/202
f 273/250/217 175/228/195 215/251/218
f 205/206/174 207/252/219 211/207/175
f 230/243/210 282/253/220 284/254/221
f 153/167/135 255/255/222 220/256/223
f 288/257/224 292/258/225 230/243/210
f 248/259/226 243/260/227 235/261/228
f 339/262/229 337/263/230 186/196/164
f 294/264/231 225/265/232 297/266/233
f 184/267/234 331/179/147 166/268/235
f 249/269/236 134/270/237 250/271/238
f 346/272/239 130/273/240 251/274/241
f 265/275/242 316/276/243 269/277/244
f 261/278/245 253/279/245 134/270/237
f 134/270/237 245/280/246 261/278/245
f 247/281/247 245/280/246 249/282/236
f 134/270/237 249/269/236 245/280/246
f 249/283/236 336/284/248 337/285/249
f 257/286/245 261/278/245 262/287/245
f 253/279/245 243/260/227 134/270/237
f 211/207/175 172/288/250 162/289/251
f 251/274/241 243/260/227 248/259/226
f 275/290/252 238/291/253 274/292/254
f 303/293/255 273/250/217 215/251/218
f 225/265/232 230/243/210 292/258/225
f 133/170/138 183/188/156 193/203/171
f 178/294/256 177/295/257 181/296/258
f 321/297/259 329/298/260 328/299/261
f 214/185/153 313/300/262 304/301/263
f 312/302/264 304/301/263 313/300/262
f 265/275/242 266/303/265 271/304/266
f 274/292/254 328/299/261 275/290/252
f 290/305/267 120/306/268 121/307/269
f 290/305/267 123/308/270 287/309/271
f 259/310/272 219/208/176 218/311/273
f 128/154/122 282/253/220 230/243/210
f 127/312/274 291/152/120 283/313/275
f 326/314/276 206/315/277 307/245/212
f 317/316/278 325/317/279 324/318/280
f 327/319/281 311/248/215 314/232/199
f 210/320/282 315/321/283 302/322/284
f 318/323/285 302/322/284 315/321/283
f 305/324/286 309/159/127 300/158/126
f 320/325/287 324/318/280 329/298/260
f 232/326/288 267/327/289 237/168/136
f 196/328/290 204/329/171 197/211/171
f 161/174/142 289/175/143 286/330/291
f 123/308/270 280/331/292 287/309/271
f 228/332/293 164/190/158 231/333/294
f 161/174/142 286/330/291 285/173/141
f 246/177/145 202/334/295 260/192/160
f 192/199/167 187/186/154 183/188/156
f 338/335/296 247/336/247 339/337/297
f 277/338/298 127/312/274 283/313/275
f 284/254/221 288/257/224 230/243/210
f 234/339/299 245/280/246 247/281/247
f 297/266/233 225/265/232 292/258/225
f 254/340/300 262/287/245 259/341/301
f 243/260/227 251/274/241 134/270/237
f 163/342/302 209/343/303 155/344/304
f 190/226/193 191/345/305 133/170/138
f 251/274/241 332/346/306 134/270/237
f 191/345/305 192/199/167 133/170/138
f 332/346/306 136/347/307 139/348/308
f 192/199/167 349/349/309 138/350/310
f 140/351/311 143/352/312 144/353/313
f 250/271/238 134/270/237 344/220/187
f 148/354/314 142/355/315 147/356/316
f 189/197/165 190/226/193 133/170/138
f 146/357/317 141/358/318 149/359/319
f 143/352/312 145/360/320 144/353/313
f 146/357/317 148/354/314 147/356/316
f 196/361/321 153/167/135 152/362/322
f 151/363/323 196/328/290 152/364/324
f 154/191/159 155/365/325 156/366/326
f 164/190/158 160/367/327 163/368/328
f 157/369/329 162/289/251 172/288/250
f 171/370/330 166/268/235 331/179/147
f 167/371/331 168/372/332 169/373/333
f 229/374/334 225/265/232 226/375/335
f 173/376/336 174/377/337 175/228/195
f 241/241/208 181/378/338 242/379/339
f 178/380/340 179/240/207 180/381/341
f 181/296/258 239/382/342 242/383/343
f 207/384/344 208/238/205 209/385/345
f 220/256/223 254/386/346 221/387/347
f 218/164/132 254/340/300 259/341/301
f 222/388/348 223/389/349 224/189/157
f 227/390/350 231/333/294 232/391/351
f 237/168/136 229/392/352 226/169/137
f 344/220/187 144/393/353 250/271/238
f 167/371/331 235/394/354 236/181/149
f 135/229/196 238/395/355 239/396/342
f 240/397/356 241/241/208 242/379/339
f 266/398/357 267/399/358 268/400/359
f 159/210/178 151/401/360 160/367/327
f 153/167/135 157/402/361 152/362/322
f 154/191/159 163/368/328 155/365/325
f 167/371/331 169/373/333 170/403/362
f 209/343/303 172/288/250 207/252/219
f 176/230/197 173/376/336 175/228/195
f 173/404/336 180/405/363 174/406/337
f 178/380/340 181/378/338 179/240/207
f 161/174/142 211/407/364 162/408/365
f 202/334/295 185/409/366 201/410/367
f 182/180/148 169/373/333 168/372/332
f 192/199/167 345/411/368 130/200/168
f 335/222/189 334/412/369 188/172/140
f 195/216/183 197/413/370 198/217/184
f 200/201/169 204/414/371 199/415/372
f 198/217/184 193/416/373 194/224/191
f 203/193/161 201/410/367 204/414/371
f 194/224/191 183/417/374 182/180/148
f 184/267/234 165/418/375 185/409/366
f 212/239/206 205/419/376 206/315/277
f 212/239/206 207/384/344 213/420/377
f 156/421/378 209/385/345 208/238/205
f 174/377/337 215/251/218 175/228/195
f 216/233/200 180/381/341 179/240/207
f 218/311/273 228/332/293 227/390/350
f 222/388/348 154/191/159 156/366/326
f 226/375/335 220/256/223 221/387/347
f 223/389/349 231/333/294 224/189/157
f 170/403/362 235/394/354 167/371/331
f 158/166/134 162/408/365 157/402/361
f 266/303/265 237/168/136 267/327/289
f 240/422/379 239/382/342 238/423/355
f 269/424/380 230/243/210 229/374/334
f 245/425/381 260/192/160 261/426/382
f 235/394/354 244/182/150 236/181/149
f 335/427/383 249/269/236 334/428/384
f 248/259/226 170/429/385 129/430/386
f 257/431/387 255/255/222 256/215/182
f 262/432/388 258/202/170 259/310/272
f 253/433/389 256/215/182 252/223/190
f 261/426/382 263/194/162 262/432/388
f 243/434/390 252/223/190 244/182/150
f 234/435/391 246/177/145 245/425/381
f 265/436/392 272/237/204 264/437/393
f 266/398/357 272/237/204 271/438/394
f 267/399/358 222/439/395 268/400/359
f 135/229/196 274/440/396 238/395/355
f 240/397/356 276/231/198 241/241/208
f 122/441/397 277/338/298 280/331/292
f 280/442/398 281/155/123 287/443/399
f 282/253/220 277/160/128 283/444/400
f 284/254/221 282/253/220 283/444/400
f 287/443/399 281/155/123 285/173/141
f 285/173/141 286/330/291 287/443/399
f 288/257/224 284/254/221 283/444/400
f 290/445/401 286/330/291 289/175/143
f 288/257/224 291/446/402 292/258/225
f 290/445/401 293/176/144 295/447/403
f 298/448/404 294/264/231 297/266/233
f 298/448/404 296/165/133 294/264/231
f 309/449/405 307/245/212 308/450/406
f 313/451/407 311/248/215 312/452/408
f 305/453/409 303/293/255 304/454/410
f 301/455/411 299/249/216 300/456/412
f 324/457/413 326/314/276 323/244/211
f 328/458/414 330/247/214 327/319/281
f 320/459/415 322/234/201 319/236/203
f 316/460/416 318/323/285 315/321/283
f 317/461/417 319/236/203 318/323/285
f 300/456/412 306/235/202 305/453/409
f 211/407/364 302/322/284 301/455/411
f 269/424/380 315/321/283 270/242/209
f 321/462/418 273/250/217 322/234/201
f 304/454/410 215/251/218 214/463/419
f 310/246/213 312/452/408 311/248/215
f 206/315/277 308/450/406 307/245/212
f 314/232/199 217/464/420 216/233/200
f 329/465/421 323/244/211 330/247/214
f 325/466/422 264/437/393 326/314/276
f 275/467/423 327/319/281 276/231/198
f 297/266/233 291/446/402 298/448/404
f 295/447/403 293/176/144 296/165/133
f 167/371/331 236/181/149 168/372/332
f 332/346/306 344/220/187 134/270/237
f 152/364/324 160/468/424 151/363/323
f 239/396/342 176/230/197 135/229/196
f 342/469/425 344/220/187 131/470/426
f 171/471/427 338/472/428 186/196/164
f 143/214/181 140/473/429 340/227/194
f 189/197/165 188/172/140 147/212/179
f 186/196/164 165/195/163 171/471/427
f 342/474/430 190/226/193 341/225/192
f 132/475/431 336/284/248 249/283/236
f 132/221/188 188/172/140 336/476/432
f 150/209/177 199/415/372 151/401/360
f 337/285/249 339/337/297 247/336/247
f 145/477/433 148/478/434 250/271/238
f 249/269/236 335/427/383 132/475/431
f 338/472/428 339/262/229 186/196/164
f 137/479/435 191/345/305 190/226/193
f 143/214/181 340/227/194 189/197/165
f 341/218/185 344/220/187 342/469/425
f 344/220/187 343/480/436 131/470/426
f 343/481/437 137/479/435 190/226/193
f 137/482/438 343/480/436 344/220/187
f 136/347/307 251/274/241 345/483/439
f 251/274/241 347/484/440 346/272/239
f 187/186/154 170/485/441 169/187/155
f 347/486/442 192/199/167 346/198/166
f 129/487/443 187/186/154 347/486/442
f 129/430/386 347/484/440 248/259/226
f 159/210/178 228/332/293 219/208/176
f 258/202/170 150/209/177 219/208/176
f 220/256/223 294/264/231 153/167/135
f 294/264/231 296/165/133 153/167/135
f 156/421/378 268/400/359 222/439/395
f 332/488/444 351/489/445 352/490/446
f 188/172/140 186/196/164 337/263/230
f 247/491/247 171/492/447 234/339/299
f 333/493/448 249/269/236 250/271/238
f 147/212/179 188/172/140 146/494/449
f 337/263/230 336/476/432 188/172/140
f 190/226/193 189/197/165 340/227/194
f 333/495/450 141/496/451 146/494/449
f 149/497/452 141/498/453 333/493/448
f 333/493/448 250/271/238 149/497/452
f 344/220/187 340/219/186 140/499/454
f 250/271/238 144/393/353 145/477/433
f 140/499/454 144/393/353 344/220/187
f 148/478/434 149/497/452 250/271/238
f 136/500/455 138/501/456 139/502/457
f 349/349/309 191/345/305 348/503/458
f 352/504/459 137/482/438 344/220/187
f 350/505/460 348/503/458 191/345/305
f 344/220/187 332/346/306 352/504/459
f 264/437/393 212/239/206 206/315/277
f 131/506/461 190/226/193 342/474/430
f 251/274/241 130/273/240 345/483/439
f 350/507/462 137/508/463 352/490/446
f 334/412/369 146/494/449 188/172/140
f 269/277/244 237/168/136 266/303/265
f 160/468/424 172/288/250 163/342/302
f 249/283/236 337/285/249 247/336/247
f 234/435/391 171/370/330 233/178/146
f 165/418/375 166/268/235 171/370/330
f 331/179/147 233/178/146 171/370/330
f 210/320/282 161/174/142 128/154/122
f 139/502/457 351/489/445 332/488/444
f 351/489/445 139/502/457 138/501/456
f 351/489/445 350/507/462 352/490/446
f 131/506/461 343/481/437 190/226/193
f 136/509/464 192/199/167 138/350/310
f 192/199/167 136/509/464 345/411/368
f 605/510/465 568/511/466 604/512/467
f 649/513/468 411/514/469 650/515/470
f 643/516/471 406/517/472 642/518/473
f 363/519/474 395/520/475 392/521/476
f 366/522/477 412/523/478 393/524/479
f 635/525/480 407/526/481 643/527/471
f 360/528/482 390/529/483 358/530/484
f 639/531/485 415/532/486 418/533/487
f 649/513/468 413/534/488 394/535/489
f 404/536/490 637/537/491 647/538/492
f 639/531/485 391/539/493 648/540/494
f 398/541/495 644/542/496 637/537/491
f 573/543/497 583/544/498 581/545/499
f 640/546/500 409/547/501 413/534/488
f 406/517/472 668/548/502 670/549/503
f 563/550/504 583/544/498 572/551/505
f 400/552/506 646/553/507 638/554/508
f 657/555/509 654/556/510 415/532/486
f 591/557/511 579/558/512 605/510/465
f 566/559/513 589/560/514 585/561/515
f 381/562/516 518/563/517 370/564/518
f 465/565/519 375/566/520 466/567/521
f 532/568/522 375/566/520 372/569/523
f 384/570/524 520/571/525 536/572/526
f 551/573/527 531/574/528 554/575/529
f 445/576/530 422/577/531 420/578/532
f 429/579/533 432/580/534 455/581/535
f 602/582/536 565/583/537 576/584/538
f 466/567/521 523/585/539 376/586/540
f 376/586/540 524/587/541 377/588/542
f 525/589/543 373/590/544 374/591/545
f 528/592/546 371/593/547 373/594/544
f 530/595/548 372/569/523 371/593/547
f 375/566/520 521/596/549 466/567/521
f 582/597/550 578/598/551 577/599/552
f 590/600/553 567/601/554 578/598/551
f 584/602/555 564/603/556 565/583/537
f 569/604/557 604/512/467 568/511/466
f 581/545/499 577/605/552 573/543/497
f 364/606/558 388/607/559 356/608/560
f 374/591/545 518/563/517 525/589/543
f 601/609/561 576/584/538 575/610/562
f 547/611/563 519/612/564 546/613/565
f 468/614/566 469/615/567 382/616/568
f 441/617/569 437/618/570 455/581/535
f 543/619/571 382/616/568 534/620/572
f 377/588/542 520/571/525 467/621/573
f 544/622/574 557/623/575 560/624/576
f 433/625/577 435/626/578 445/576/530
f 480/627/579 474/628/580 479/629/581
f 588/630/582 574/631/583 600/632/584
f 469/615/567 535/633/585 533/634/586
f 383/635/587 536/572/526 535/633/585
f 380/636/588 538/637/589 381/562/516
f 378/638/590 539/639/591 380/636/588
f 379/640/592 541/641/593 378/638/590
f 382/616/568 533/634/586 534/620/572
f 587/642/594 571/643/595 592/644/596
f 592/644/596 580/645/597 591/557/511
f 600/632/584 564/603/556 599/646/598
f 570/647/599 586/648/600 563/550/504
f 363/519/474 417/649/601 369/650/602
f 463/651/603 434/652/604 450/653/605
f 460/654/606 447/655/607 459/656/608
f 367/657/609 393/524/479 414/658/610
f 369/650/602 416/659/611 368/660/612
f 365/661/613 656/662/614 412/523/478
f 355/663/615 388/607/559 397/664/616
f 355/663/615 403/665/617 360/528/482
f 364/606/558 414/658/610 410/666/618
f 353/667/619 408/668/620 385/669/621
f 358/530/484 399/670/622 357/671/623
f 362/672/624 405/673/625 408/674/620
f 645/675/626 387/676/627 409/547/501
f 389/677/628 647/538/492 646/553/507
f 396/678/629 392/521/476 395/520/475
f 417/649/601 415/532/486 416/659/611
f 392/521/476 418/533/487 417/649/601
f 393/524/479 413/534/488 414/658/610
f 410/666/618 413/534/488 409/547/501
f 410/666/618 387/676/627 388/607/559
f 393/524/479 411/514/469 394/535/489
f 396/678/629 385/669/621 386/679/630
f 408/674/620 406/517/472 407/680/481
f 385/669/621 407/526/481 386/679/630
f 390/529/483 404/536/490 389/677/628
f 671/681/631 399/670/622 400/552/506
f 397/664/616 404/536/490 403/665/617
f 397/664/616 387/676/627 398/541/495
f 390/529/483 400/552/506 399/670/622
f 353/667/619 395/520/475 354/682/632
f 451/683/633 452/684/634 453/685/635
f 456/686/636 457/687/637 458/688/638
f 423/689/639 426/690/640 424/691/641
f 427/692/642 424/691/641 428/693/643
f 429/579/533 428/693/643 430/694/644
f 432/580/534 430/694/644 431/695/645
f 440/696/646 437/618/570 438/697/647
f 438/697/647 441/617/569 442/698/648
f 442/698/648 443/699/649 444/700/650
f 444/700/650 432/580/534 431/695/645
f 461/701/651 445/576/530 446/702/652
f 445/576/530 464/703/653 446/702/652
f 421/704/654 422/577/531 461/701/651
f 436/705/655 462/706/656 464/703/653
f 420/578/532 459/707/608 419/708/657
f 419/708/657 447/709/607 448/710/658
f 435/626/578 434/711/604 462/706/656
f 433/625/577 450/712/605 434/711/604
f 448/710/658 451/683/633 453/685/635
f 455/581/535 458/688/638 454/713/659
f 455/581/535 453/685/635 452/684/634
f 449/714/660 457/687/637 450/712/605
f 440/696/646 456/686/636 439/715/661
f 452/684/634 426/690/640 425/716/662
f 513/717/663 495/718/664 511/719/665
f 508/720/666 489/721/667 506/722/668
f 517/723/669 506/722/668 514/724/670
f 483/725/671 493/726/672 484/727/673
f 503/728/674 479/629/581 504/729/675
f 476/730/676 511/719/665 474/731/580
f 486/732/677 484/727/673 489/721/667
f 475/733/678 510/734/679 372/569/523
f 496/735/680 514/724/670 495/718/664
f 482/736/681 487/737/682 457/738/637
f 490/739/683 498/740/684 493/726/672
f 371/593/547 421/741/654 373/594/544
f 460/654/606 371/593/547 372/569/523
f 378/638/590 463/651/603 379/640/592
f 381/562/516 446/742/652 464/743/653
f 380/636/588 464/743/653 462/744/656
f 378/638/590 462/744/656 434/652/604
f 374/591/545 446/742/652 370/564/518
f 373/590/544 461/745/651 374/591/545
f 473/746/685 504/729/675 470/747/686
f 442/748/648 469/615/567 438/749/647
f 444/750/650 383/635/587 442/748/648
f 438/749/647 468/614/566 440/751/646
f 377/588/542 431/752/645 430/753/644
f 466/567/521 428/754/643 424/755/641
f 376/586/540 430/753/644 428/754/643
f 431/752/645 384/570/524 444/750/650
f 465/565/519 424/755/641 426/756/640
f 501/757/687 470/747/686 498/740/684
f 477/758/688 481/759/689 382/616/568
f 512/760/690 476/730/676 477/761/688
f 478/762/691 474/628/580 475/763/678
f 481/764/689 476/765/676 480/627/579
f 485/766/692 489/721/667 484/727/673
f 482/767/681 486/732/677 487/768/682
f 491/769/693 501/757/687 490/739/683
f 498/740/684 492/770/694 493/726/672
f 485/766/692 493/726/672 492/770/694
f 495/718/664 515/771/695 494/772/696
f 516/773/697 496/735/680 497/774/698
f 510/775/679 495/718/664 494/772/696
f 498/740/684 471/776/699 499/777/700
f 472/778/701 501/757/687 500/779/702
f 482/767/681 490/739/683 483/725/671
f 470/747/686 505/780/703 471/776/699
f 502/781/704 473/746/685 472/778/701
f 502/781/704 480/627/579 503/728/674
f 479/629/581 505/780/703 504/729/675
f 507/782/705 514/724/670 506/722/668
f 489/721/667 507/782/705 506/722/668
f 509/783/706 486/732/677 508/720/666
f 512/760/690 496/735/680 513/717/663
f 510/775/679 474/731/580 511/719/665
f 509/783/706 517/723/669 516/773/697
f 451/784/633 485/785/692 492/786/694
f 419/708/657 448/710/658 445/576/530
f 448/710/658 453/685/635 454/713/659
f 454/713/659 445/576/530 448/710/658
f 419/708/657 445/576/530 420/578/532
f 452/684/634 425/716/662 455/581/535
f 425/716/662 423/689/639 455/581/535
f 423/689/639 427/692/642 455/581/535
f 427/692/642 429/579/533 455/581/535
f 437/618/570 439/715/661 455/581/535
f 439/715/661 456/686/636 455/581/535
f 455/581/535 432/580/534 443/699/649
f 441/617/569 455/581/535 443/699/649
f 436/705/655 445/576/530 435/626/578
f 445/576/530 454/713/659 449/714/660
f 454/713/659 458/688/638 449/714/660
f 449/714/660 433/625/577 445/576/530
f 465/565/519 471/787/699 505/788/703
f 375/566/520 465/565/519 505/788/703
f 515/789/695 460/654/606 494/790/696
f 460/654/606 372/569/523 494/790/696
f 375/566/520 505/788/703 478/791/691
f 375/566/520 478/791/691 475/733/678
f 510/734/679 494/790/696 372/569/523
f 372/569/523 375/566/520 475/733/678
f 516/792/697 463/651/603 509/793/706
f 463/651/603 450/653/605 509/793/706
f 450/653/605 457/738/637 487/737/682
f 457/738/637 440/751/646 491/794/693
f 482/736/681 457/738/637 491/794/693
f 440/751/646 468/614/566 500/795/702
f 468/614/566 472/796/701 500/795/702
f 487/737/682 509/793/706 450/653/605
f 440/751/646 500/795/702 491/794/693
f 463/651/603 516/792/697 497/797/698
f 379/640/592 463/651/603 497/797/698
f 472/796/701 468/614/566 502/798/704
f 468/614/566 382/616/568 502/798/704
f 379/640/592 497/797/698 512/799/690
f 379/640/592 512/799/690 477/758/688
f 481/759/689 502/798/704 382/616/568
f 382/616/568 379/640/592 477/758/688
f 460/654/606 515/789/695 507/800/705
f 447/655/607 460/654/606 507/800/705
f 426/756/640 451/784/633 492/786/694
f 451/784/633 447/655/607 488/801/707
f 485/785/692 451/784/633 488/801/707
f 471/787/699 465/565/519 499/802/700
f 465/565/519 426/756/640 499/802/700
f 447/655/607 507/800/705 488/801/707
f 492/786/694 499/802/700 426/756/640
f 528/803/546 526/804/708 527/805/709
f 530/595/548 527/806/709 529/807/710
f 532/568/522 529/807/710 531/574/528
f 522/808/711 532/568/522 531/574/528
f 525/589/543 519/612/564 526/804/708
f 537/809/712 539/639/591 540/810/713
f 540/810/713 541/641/593 542/811/714
f 542/811/714 543/619/571 544/622/574
f 534/620/572 544/622/574 543/619/571
f 519/612/564 538/637/589 537/809/712
f 546/613/565 537/809/712 545/812/715
f 563/550/504 546/613/565 545/812/715
f 536/572/526 559/813/716 535/633/585
f 544/622/574 562/814/717 542/811/714
f 542/811/714 561/815/718 540/810/713
f 540/810/713 545/812/715 537/809/712
f 535/633/585 558/816/719 533/634/586
f 580/645/597 557/623/575 579/558/512
f 547/611/563 572/551/505 573/543/497
f 551/573/527 521/596/549 522/808/711
f 553/817/720 524/587/541 523/585/539
f 533/634/586 557/623/575 534/620/572
f 556/818/721 531/574/528 529/807/710
f 555/819/722 529/807/710 527/806/709
f 547/611/563 527/805/709 526/804/708
f 552/820/723 523/585/539 521/596/549
f 567/601/554 551/573/527 554/575/529
f 550/821/724 520/571/525 524/587/541
f 520/571/525 548/822/725 536/572/526
f 548/822/725 569/604/557 559/813/716
f 562/814/717 580/645/597 571/643/595
f 561/815/718 571/643/595 570/647/599
f 545/812/715 570/647/599 563/550/504
f 559/813/716 568/511/466 558/816/719
f 566/559/513 552/820/723 551/573/527
f 576/584/538 550/821/724 553/817/720
f 558/816/719 579/558/512 557/623/575
f 556/818/721 567/601/554 554/575/529
f 577/599/552 556/818/721 555/819/722
f 573/543/497 555/823/722 547/611/563
f 575/610/562 553/817/720 552/820/723
f 550/821/724 564/603/556 549/824/726
f 549/824/726 574/631/583 548/822/725
f 603/825/727 583/544/498 586/648/600
f 606/826/728 591/557/511 605/510/465
f 596/827/729 585/561/515 589/560/514
f 593/828/730 583/544/498 594/829/731
f 608/830/732 594/829/731 609/831/733
f 614/832/734 585/561/515 596/827/729
f 618/833/735 605/510/465 632/834/736
f 609/831/733 603/825/727 617/835/737
f 591/557/511 607/836/738 592/644/596
f 597/837/739 589/560/514 590/600/553
f 586/648/600 595/838/740 603/825/727
f 587/642/594 607/836/738 595/838/740
f 581/545/499 598/839/741 582/840/550
f 582/597/550 597/837/739 590/600/553
f 630/841/742 609/831/733 617/835/737
f 633/842/743 618/833/735 632/834/736
f 623/843/744 611/844/745 614/832/734
f 608/830/732 621/845/746 620/846/747
f 628/847/748 602/582/536 601/609/561
f 599/646/598 627/848/749 600/632/584
f 606/826/728 619/849/750 607/836/738
f 611/844/745 601/609/561 585/561/515
f 615/850/751 596/827/729 597/837/739
f 600/632/584 613/851/752 588/630/582
f 610/852/753 599/646/598 584/602/555
f 595/838/740 617/835/737 603/825/727
f 629/853/754 584/602/555 602/582/536
f 588/630/582 631/854/755 604/512/467
f 607/836/738 612/855/756 595/838/740
f 608/830/732 598/839/741 593/828/730
f 616/856/757 597/837/739 598/857/741
f 604/512/467 632/834/736 605/510/465
f 628/847/748 647/538/492 629/853/754
f 620/846/747 636/858/758 635/525/480
f 638/554/508 623/843/744 641/859/759
f 633/842/743 650/515/470 651/860/760
f 619/849/750 633/842/743 634/861/761
f 615/850/751 623/843/744 614/832/734
f 612/855/756 630/841/742 617/835/737
f 612/855/756 634/861/761 622/862/762
f 620/846/747 616/863/757 608/830/732
f 625/864/763 615/850/751 616/856/757
f 644/542/496 627/848/749 626/865/764
f 633/842/743 652/866/765 634/861/761
f 638/554/508 628/847/748 611/844/745
f 642/518/473 623/843/744 624/867/766
f 645/675/626 613/851/752 627/848/749
f 610/852/753 644/542/496 626/865/764
f 622/862/762 648/540/494 630/841/742
f 629/853/754 637/537/491 610/852/753
f 640/546/500 631/854/755 613/851/752
f 634/861/761 639/531/485 622/862/762
f 635/525/480 625/868/763 620/846/747
f 643/516/471 624/867/766 625/864/763
f 631/854/755 650/515/470 632/834/736
f 386/679/630 636/858/758 396/678/629
f 396/678/629 648/540/494 391/539/493
f 659/869/767 658/870/768 651/860/760
f 653/871/769 415/532/486 654/556/510
f 656/662/614 411/514/469 412/523/478
f 653/871/769 368/660/612 416/659/611
f 657/555/509 664/872/770 654/556/510
f 658/870/768 664/872/770 657/555/509
f 664/872/770 663/873/771 654/556/510
f 654/556/510 661/874/772 653/871/769
f 655/875/773 662/876/774 667/877/775
f 667/877/775 660/878/776 655/875/773
f 666/879/777 659/869/767 660/878/776
f 668/548/502 406/517/472 405/673/625
f 673/880/778 402/881/779 672/882/780
f 402/881/779 669/883/781 671/681/631
f 673/880/778 638/554/508 641/859/759
f 669/883/781 357/671/623 399/670/622
f 401/884/782 674/885/783 679/886/784
f 359/887/785 674/885/783 675/888/786
f 677/889/787 675/888/786 670/549/503
f 677/889/787 668/548/502 678/890/788
f 678/890/788 405/673/625 361/891/789
f 672/882/780 402/881/779 671/681/631
f 659/869/767 665/892/790 658/870/768
f 402/881/779 676/893/791 669/883/781
f 641/859/759 670/549/503 675/888/786
f 641/859/759 675/888/786 674/885/783
f 671/681/631 400/552/506 638/554/508
f 673/880/778 672/882/780 638/554/508
f 672/882/780 671/681/631 638/554/508
f 641/859/759 674/885/783 673/880/778
f 658/870/768 657/555/509 651/860/760
f 651/860/760 650/515/470 659/869/767
f 650/515/470 411/514/469 655/875/773
f 659/869/767 650/515/470 660/878/776
f 655/875/773 660/878/776 650/515/470
f 641/859/759 642/518/473 670/549/503
f 642/518/473 406/517/472 670/549/503
f 415/532/486 652/866/765 657/555/509
f 652/866/765 651/860/760 657/555/509
f 585/561/515 575/610/562 566/559/513
f 636/858/758 630/841/742 648/540/494
f 681/894/792 682/895/793 769/896/794
f 686/897/795 680/898/796 681/894/792
f 683/899/797 682/895/793 680/898/796
f 685/900/798 680/898/796 684/901/799
f 688/902/800 684/901/799 687/903/801
f 690/904/802 684/901/799 686/897/795
f 688/902/800 689/905/803 698/906/804
f 690/904/802 689/905/803 687/903/801
f 692/907/805 690/904/802 686/897/795
f 693/908/806 692/909/805 694/910/807
f 695/911/808 691/912/809 693/908/806
f 698/913/804 695/911/808 696/914/810
f 697/915/811 698/916/804 696/917/810
f 699/918/812 688/902/800 698/906/804
f 703/919/813 699/920/812 697/915/811
f 699/918/812 704/921/814 700/922/815
f 703/919/813 702/923/816 701/924/817
f 704/921/814 702/925/816 705/926/818
f 706/927/819 704/921/814 705/926/818
f 710/928/820 705/926/818 707/929/821
f 709/930/822 705/926/818 702/925/816
f 711/931/823 707/929/821 708/932/824
f 709/930/822 708/932/824 707/929/821
f 710/928/820 685/900/798 706/927/819
f 710/928/820 712/933/825 683/899/797
f 711/931/823 774/934/826 712/933/825
f 713/935/827 711/931/823 714/936/828
f 711/931/823 708/932/824 714/936/828
f 715/937/829 713/935/827 714/936/828
f 716/938/830 715/937/829 714/936/828
f 717/939/831 714/936/828 708/932/824
f 717/940/831 719/941/832 716/942/830
f 721/943/833 716/942/830 719/941/832
f 724/944/834 721/943/833 722/945/835
f 724/944/834 723/946/836 725/947/837
f 724/948/834 727/949/838 726/950/839
f 718/951/840 726/950/839 715/937/829
f 713/935/827 715/937/829 726/950/839
f 726/950/839 727/949/838 729/952/841
f 713/935/827 726/950/839 730/953/842
f 728/954/843 726/950/839 729/952/841
f 728/954/843 730/953/842 726/950/839
f 731/955/844 728/954/843 741/956/845
f 734/957/846 730/953/842 731/955/844
f 732/958/847 713/935/827 730/953/842
f 732/958/847 774/934/826 713/935/827
f 734/957/846 733/959/848 732/958/847
f 736/960/849 735/961/850 734/962/846
f 734/962/846 738/963/851 736/960/849
f 731/964/844 739/965/852 738/963/851
f 741/966/845 740/967/853 739/965/852
f 741/956/845 729/952/841 742/968/854
f 725/969/837 729/952/841 727/949/838
f 742/970/854 723/946/836 740/967/853
f 735/971/850 743/972/855 744/973/856
f 745/974/857 744/973/856 743/972/855
f 747/975/858 746/976/859 748/977/860
f 747/978/858 750/979/861 749/980/862
f 744/981/856 749/980/862 752/982/863
f 749/980/862 750/979/861 754/983/864
f 751/984/865 749/980/862 753/985/866
f 752/982/863 751/984/865 773/986/867
f 754/983/864 753/985/866 749/980/862
f 756/987/868 754/983/864 755/988/869
f 748/989/860 754/983/864 750/979/861
f 757/990/870 756/991/868 755/992/869
f 748/977/860 757/990/870 755/992/869
f 756/991/868 759/993/871 760/994/872
f 759/993/871 762/995/873 760/994/872
f 761/996/874 765/997/875 762/995/873
f 766/998/876 763/999/877 764/1000/878
f 766/1001/876 767/1002/879 765/1003/875
f 768/1004/880 765/1003/875 767/1002/879
f 751/984/865 767/1002/879 769/896/794
f 682/895/793 751/984/865 769/896/794
f 766/1001/876 681/894/792 769/896/794
f 768/1004/880 751/984/865 770/1005/881
f 770/1005/881 762/1006/873 768/1004/880
f 770/1005/881 751/984/865 753/985/866
f 760/1007/872 753/985/866 756/987/868
f 772/1008/882 766/998/876 764/1000/878
f 694/910/807 771/1009/883 772/1008/882
f 771/1010/883 686/897/795 681/894/792
f 733/959/848 744/981/856 752/982/863
f 774/934/826 752/982/863 773/986/867
f 712/933/825 773/986/867 682/895/793
f 720/1011/884 709/1012/822 775/1013/885
f 775/1013/885 702/923/816 776/1014/886
f 706/927/819 688/902/800 700/922/815
f 778/1015/887 780/1016/888 777/1017/889
f 781/1018/890 778/1019/887 777/1020/889
f 777/1021/889 779/1022/891 782/1023/892
f 779/1024/891 780/1025/888 835/1026/893
f 783/1027/894 781/1028/890 777/1021/889
f 782/1023/892 783/1027/894 777/1021/889
f 783/1027/894 785/1029/895 781/1018/890
f 784/1030/896 782/1023/892 787/1031/897
f 784/1030/896 853/1032/898 785/1029/895
f 789/1033/899 784/1030/896 787/1031/897
f 787/1031/897 790/1034/900 789/1033/899
f 787/1031/897 855/1035/901 788/1036/902
f 791/1037/903 790/1034/900 792/1038/904
f 794/1039/905 789/1033/899 791/1037/903
f 791/1037/903 854/1040/906 793/1041/907
f 793/1041/907 794/1039/905 791/1037/903
f 794/1039/905 853/1032/898 786/1042/908
f 796/1043/909 795/1044/910 794/1039/905
f 798/1045/911 797/1046/912 796/1043/909
f 798/1045/911 793/1041/907 801/1047/913
f 800/1048/914 799/1049/915 798/1045/911
f 800/1048/914 801/1047/913 803/1050/916
f 803/1050/916 802/1051/917 804/1052/918
f 801/1047/913 854/1040/906 802/1051/917
f 804/1052/918 805/1053/919 803/1050/916
f 800/1048/914 803/1050/916 805/1054/919
f 805/1054/919 806/1055/920 808/1056/921
f 809/1057/922 807/1058/923 805/1054/919
f 800/1048/914 805/1054/919 807/1058/923
f 808/1056/921 809/1057/922 805/1054/919
f 812/1059/924 807/1060/923 809/1061/922
f 809/1062/922 815/1063/925 811/1064/926
f 809/1061/922 810/1065/927 812/1059/924
f 809/1062/922 814/1066/928 810/1067/927
f 807/1060/923 812/1059/924 800/1048/914
f 851/1068/929 812/1059/924 810/1065/927
f 814/1066/928 813/1069/930 852/1070/931
f 815/1063/925 813/1069/930 811/1064/926
f 808/1071/921 817/1072/932 815/1073/925
f 817/1072/932 816/1074/933 815/1073/925
f 822/1075/934 817/1072/932 818/1076/935
f 820/1077/936 819/1078/937 817/1072/932
f 823/1079/938 821/1080/939 820/1077/936
f 824/1081/940 820/1077/936 822/1075/934
f 824/1081/940 826/1082/941 823/1079/938
f 823/1079/938 828/1083/942 825/1084/943
f 827/1085/944 829/1086/945 826/1082/941
f 826/1082/941 830/1087/946 828/1083/942
f 829/1086/945 833/1088/947 830/1087/946
f 831/1089/948 832/1090/949 829/1086/945
f 832/1090/949 836/1091/950 833/1088/947
f 834/1092/951 835/1026/893 832/1090/949
f 835/1026/893 837/1093/952 836/1091/950
f 838/1094/953 836/1091/950 837/1093/952
f 840/1095/954 837/1093/952 780/1016/888
f 841/1096/955 838/1094/953 840/1095/954
f 830/1087/946 838/1094/953 839/1097/956
f 842/1098/957 840/1095/954 778/1015/887
f 845/1099/958 841/1096/955 842/1098/957
f 843/1100/959 839/1097/956 841/1096/955
f 846/1101/960 844/1102/961 843/1100/959
f 848/1103/962 843/1100/959 845/1099/958
f 846/1101/960 850/1104/963 847/1105/964
f 848/1103/962 849/1106/965 846/1101/960
f 849/1106/965 852/1070/931 850/1104/963
f 851/1107/929 814/1066/928 849/1106/965
f 848/1108/962 799/1049/915 851/1068/929
f 850/1104/963 825/1084/943 847/1105/964
f 819/1078/937 850/1104/963 852/1070/931
f 819/1078/937 813/1069/930 816/1074/933
f 795/1044/910 848/1108/962 845/1109/958
f 825/1084/943 844/1102/961 847/1105/964
f 842/1110/957 795/1044/910 845/1109/958
f 844/1102/961 830/1087/946 839/1097/956
f 785/1029/895 842/1110/957 778/1019/887
f 834/1111/951 855/1035/901 779/1112/891
f 831/1113/948 788/1036/902 834/1111/951
f 792/1038/904 831/1113/948 827/1114/944
f 824/1115/940 792/1038/904 827/1114/944
f 802/1051/917 824/1115/940 822/1116/934
f 804/1052/918 822/1116/934 818/1117/935
f 818/1117/935 806/1118/920 804/1052/918
f 779/1022/891 855/1119/901 782/1023/892
f 138/501/456 349/1120/966 351/489/445
f 349/1120/966 348/1121/967 351/489/445
f 37/1/1 35/59/50 95/2/2
f 21/4/4 27/60/51 83/5/5
f 31/7/7 38/138/38 36/8/8
f 80/10/10 25/14/13 18/11/11
f 83/13/5 27/1122/51 25/14/13
f 113/15/14 6/46/40 11/16/15
f 14/18/17 3/1123/968 111/19/18
f 36/8/8 39/39/36 22/21/20
f 43/22/21 42/67/57 24/23/22
f 85/25/24 31/7/7 30/9/9
f 32/27/26 31/44/7 85/28/24
f 99/30/28 44/70/32 40/31/29
f 92/33/31 41/68/58 44/34/32
f 9/36/33 7/48/37 115/37/34
f 39/39/36 43/69/21 28/40/23
f 7/41/37 6/46/40 113/15/14
f 32/27/26 37/141/1 38/43/38
f 7/41/37 8/1124/41 5/45/39
f 9/36/33 10/1125/46 8/47/41
f 15/49/42 16/1126/45 13/50/43
f 15/51/42 11/16/15 12/52/44
f 12/52/44 11/16/15 6/46/40
f 10/54/46 9/145/33 2/55/47
f 4/57/49 3/1123/968 14/18/17
f 32/58/26 17/128/105 35/59/50
f 27/60/51 21/4/4 23/61/52
f 29/62/53 23/61/52 22/21/20
f 25/14/13 27/1122/51 29/63/53
f 26/64/54 29/63/53 28/24/23
f 25/14/13 26/64/54 20/65/55
f 20/65/55 26/64/54 24/23/22
f 42/67/57 43/22/21 44/34/32
f 43/69/21 39/39/36 40/31/29
f 33/71/59 42/67/57 41/68/58
f 42/67/57 33/71/59 19/66/56
f 95/2/2 35/59/50 70/73/61
f 90/75/63 63/121/71 57/76/64
f 67/78/66 66/96/83 69/79/67
f 87/81/69 81/12/12 18/11/11
f 90/83/63 87/81/69 61/82/70
f 117/85/72 118/134/110 51/86/73
f 111/19/18 3/1123/968 54/88/75
f 69/79/67 66/96/83 58/90/77
f 60/92/79 75/126/104 76/93/80
f 91/95/82 89/129/106 66/96/83
f 91/97/82 67/1127/66 68/98/84
f 105/100/86 104/146/115 73/101/87
f 100/103/89 105/1128/86 77/104/88
f 110/106/91 47/115/94 49/107/92
f 64/109/81 76/127/80 72/91/78
f 117/85/72 46/87/74 47/110/94
f 68/98/84 67/1127/66 71/112/68
f 45/113/95 48/1129/96 47/110/94
f 48/114/96 50/120/100 49/107/92
f 53/116/97 56/1130/969 55/117/98
f 55/118/98 56/1131/969 52/119/99
f 46/87/74 51/86/73 52/119/99
f 2/55/47 49/107/92 50/120/100
f 54/88/75 3/1123/968 4/57/49
f 35/59/50 17/128/105 68/98/84
f 63/121/71 65/123/102 59/122/101
f 65/123/102 64/109/81 58/90/77
f 61/82/70 62/125/103 65/124/102
f 62/125/103 60/92/79 64/94/81
f 20/65/55 62/125/103 61/82/70
f 20/65/55 19/66/56 60/92/79
f 75/126/104 74/105/90 77/104/88
f 76/127/80 77/102/88 73/101/87
f 33/71/59 34/72/60 74/105/90
f 19/66/56 33/71/59 75/126/104
f 17/128/105 79/1132/970 86/99/85
f 89/129/106 88/77/65 57/76/64
f 78/130/27 79/1132/970 17/128/105
f 21/4/4 82/6/6 84/26/25
f 71/80/68 69/79/67 103/131/107
f 71/112/68 102/1133/108 101/74/62
f 119/133/109 105/1128/86 100/103/89
f 118/134/110 104/146/115 105/100/86
f 74/105/90 34/72/60 93/136/111
f 73/101/87 104/146/115 103/131/107
f 107/137/112 95/2/2 101/74/62
f 38/138/38 98/147/116 96/139/113
f 94/140/3 98/148/116 38/43/38
f 92/33/31 99/35/28 108/142/114
f 99/30/28 97/32/30 114/17/16
f 41/68/58 92/33/31 93/136/111
f 96/139/113 97/32/30 40/31/29
f 94/3/3 95/2/2 107/137/112
f 9/145/33 112/144/35 107/137/112
f 15/51/42 108/143/114 114/17/16
f 14/18/17 106/20/19 108/142/114
f 49/107/92 2/55/47 107/137/112
f 55/118/98 51/86/73 118/134/110
f 54/88/75 55/117/98 119/133/109
f 102/132/108 103/131/107 117/85/72
f 101/74/62 102/1133/108 110/106/91
f 100/103/89 93/136/111 111/19/18
f 104/146/115 118/134/110 117/85/72
f 98/147/116 115/42/34 113/15/14
f 94/140/3 112/38/35 115/37/34
f 92/33/31 106/20/19 111/19/18
f 113/15/14 114/17/16 97/32/30
f 120/149/117 295/1134/117 298/150/118
f 124/151/119 298/150/118 291/152/120
f 128/154/122 161/174/142 281/155/123
f 308/157/125 301/205/173 300/158/126
f 279/156/124 280/442/398 277/160/128
f 227/162/130 226/169/137 221/163/131
f 296/165/133 293/176/144 158/166/134
f 227/162/130 232/326/288 237/168/136
f 182/180/148 168/372/332 236/181/149
f 174/183/151 180/1135/971 217/184/152
f 224/189/157 231/333/294 164/190/158
f 260/192/160 202/334/295 203/193/161
f 263/194/162 203/193/161 200/201/169
f 301/205/173 308/157/125 205/206/174
f 197/211/171 204/329/171 201/204/172
f 256/215/182 255/255/222 195/216/183
f 252/223/190 256/215/182 198/217/184
f 244/182/150 252/223/190 194/224/191
f 276/231/198 327/319/281 314/232/199
f 322/234/201 303/293/255 306/235/202
f 272/237/204 268/400/359 208/238/205
f 276/231/198 216/233/200 179/240/207
f 270/242/209 210/320/282 128/154/122
f 323/244/211 326/314/276 307/245/212
f 330/247/214 323/244/211 310/246/213
f 299/249/216 318/323/285 319/236/203
f 273/250/217 135/229/196 175/228/195
f 205/206/174 213/1136/972 207/252/219
f 153/167/135 195/216/183 255/255/222
f 294/264/231 220/256/223 225/265/232
f 184/267/234 246/177/145 331/179/147
f 265/275/242 325/317/279 316/276/243
f 257/286/245 253/279/245 261/278/245
f 211/207/175 207/252/219 172/288/250
f 275/290/252 240/1137/973 238/291/253
f 303/293/255 322/234/201 273/250/217
f 178/294/256 173/404/336 177/295/257
f 321/297/259 320/325/287 329/298/260
f 214/185/153 217/184/152 313/300/262
f 312/302/264 305/324/286 304/301/263
f 265/275/242 269/277/244 266/303/265
f 274/292/254 321/297/259 328/299/261
f 290/305/267 295/1138/268 120/306/268
f 290/305/267 121/307/269 123/308/270
f 259/310/272 258/202/170 219/208/176
f 128/154/122 278/161/129 282/253/220
f 127/312/274 125/153/121 291/152/120
f 326/314/276 264/437/393 206/315/277
f 317/316/278 316/276/243 325/317/279
f 327/319/281 330/247/214 311/248/215
f 210/320/282 270/242/209 315/321/283
f 318/323/285 299/249/216 302/322/284
f 305/324/286 312/302/264 309/159/127
f 320/325/287 317/316/278 324/318/280
f 232/326/288 223/1139/974 267/327/289
f 196/328/290 199/1140/975 204/329/171
f 123/308/270 122/441/397 280/331/292
f 228/332/293 159/210/178 164/190/158
f 246/177/145 184/267/234 202/334/295
f 277/338/298 126/1141/976 127/312/274
f 254/340/300 257/286/245 262/287/245
f 163/342/302 172/288/250 209/343/303
f 332/346/306 251/274/241 136/347/307
f 148/354/314 145/360/320 142/355/315
f 143/352/312 142/355/315 145/360/320
f 146/357/317 149/359/319 148/354/314
f 196/361/321 195/216/183 153/167/135
f 151/363/323 199/1140/975 196/328/290
f 164/190/158 159/210/178 160/367/327
f 229/374/334 230/243/210 225/265/232
f 241/241/208 179/240/207 181/378/338
f 181/296/258 177/295/257 239/382/342
f 220/256/223 255/255/222 254/386/346
f 218/164/132 221/163/131 254/340/300
f 227/390/350 228/332/293 231/333/294
f 159/210/178 150/209/177 151/401/360
f 153/167/135 158/166/134 157/402/361
f 154/191/159 164/190/158 163/368/328
f 176/230/197 177/1142/257 173/376/336
f 173/404/336 178/294/256 180/405/363
f 161/174/142 210/320/282 211/407/364
f 202/334/295 184/267/234 185/409/366
f 182/180/148 183/417/374 169/373/333
f 195/216/183 196/361/321 197/413/370
f 200/201/169 203/193/161 204/414/371
f 198/217/184 197/413/370 193/416/373
f 203/193/161 202/334/295 201/410/367
f 194/224/191 193/416/373 183/417/374
f 184/267/234 166/268/235 165/418/375
f 212/239/206 213/420/377 205/419/376
f 212/239/206 208/238/205 207/384/344
f 156/421/378 155/1143/977 209/385/345
f 174/377/337 214/463/419 215/251/218
f 216/233/200 217/464/420 180/381/341
f 218/311/273 219/208/176 228/332/293
f 222/388/348 224/189/157 154/191/159
f 226/375/335 225/265/232 220/256/223
f 223/389/349 232/391/351 231/333/294
f 158/166/134 161/174/142 162/408/365
f 240/422/379 242/383/343 239/382/342
f 269/424/380 270/242/209 230/243/210
f 245/425/381 246/177/145 260/192/160
f 235/394/354 243/434/390 244/182/150
f 248/259/226 235/261/228 170/429/385
f 257/431/387 254/386/346 255/255/222
f 262/432/388 263/194/162 258/202/170
f 253/433/389 257/431/387 256/215/182
f 261/426/382 260/192/160 263/194/162
f 243/434/390 253/433/389 252/223/190
f 234/435/391 233/178/146 246/177/145
f 265/436/392 271/438/394 272/237/204
f 266/398/357 268/400/359 272/237/204
f 267/399/358 223/1144/978 222/439/395
f 135/229/196 273/250/217 274/440/396
f 240/397/356 275/467/423 276/231/198
f 122/441/397 126/1141/976 277/338/298
f 280/442/398 279/156/124 281/155/123
f 282/253/220 278/161/129 277/160/128
f 290/445/401 287/443/399 286/330/291
f 288/257/224 283/444/400 291/446/402
f 290/445/401 289/175/143 293/176/144
f 298/448/404 295/447/403 296/165/133
f 309/449/405 310/246/213 307/245/212
f 313/451/407 314/232/199 311/248/215
f 305/453/409 306/235/202 303/293/255
f 301/455/411 302/322/284 299/249/216
f 324/457/413 325/466/422 326/314/276
f 328/458/414 329/465/421 330/247/214
f 320/459/415 321/462/418 322/234/201
f 316/460/416 317/461/417 318/323/285
f 317/461/417 320/459/415 319/236/203
f 300/456/412 299/249/216 306/235/202
f 211/407/364 210/320/282 302/322/284
f 269/424/380 316/460/416 315/321/283
f 321/462/418 274/440/396 273/250/217
f 304/454/410 303/293/255 215/251/218
f 310/246/213 309/449/405 312/452/408
f 206/315/277 205/419/376 308/450/406
f 314/232/199 313/451/407 217/464/420
f 329/465/421 324/457/413 323/244/211
f 325/466/422 265/436/392 264/437/393
f 275/467/423 328/458/414 327/319/281
f 297/266/233 292/258/225 291/446/402
f 152/364/324 157/369/329 160/468/424
f 239/396/342 177/1142/257 176/230/197
f 150/209/177 200/201/169 199/415/372
f 137/479/435 350/505/460 191/345/305
f 251/274/241 248/259/226 347/484/440
f 187/186/154 129/487/443 170/485/441
f 347/486/442 187/186/154 192/199/167
f 258/202/170 200/201/169 150/209/177
f 156/421/378 208/238/205 268/400/359
f 247/491/247 338/335/296 171/492/447
f 333/493/448 334/428/384 249/269/236
f 349/349/309 192/199/167 191/345/305
f 264/437/393 272/237/204 212/239/206
f 334/412/369 333/495/450 146/494/449
f 269/277/244 229/392/352 237/168/136
f 160/468/424 157/369/329 172/288/250
f 351/489/445 348/1121/967 350/507/462
f 605/510/465 579/558/512 568/511/466
f 649/513/468 394/535/489 411/514/469
f 643/516/471 407/680/481 406/517/472
f 363/519/474 354/682/632 395/520/475
f 366/522/477 365/661/613 412/523/478
f 635/525/480 386/679/630 407/526/481
f 360/528/482 403/665/617 390/529/483
f 639/531/485 652/866/765 415/532/486
f 649/513/468 640/546/500 413/534/488
f 404/536/490 398/541/495 637/537/491
f 639/531/485 418/533/487 391/539/493
f 398/541/495 387/676/627 644/542/496
f 573/543/497 572/551/505 583/544/498
f 640/546/500 645/675/626 409/547/501
f 563/550/504 586/648/600 583/544/498
f 400/552/506 389/677/628 646/553/507
f 591/557/511 580/645/597 579/558/512
f 566/559/513 567/601/554 589/560/514
f 381/562/516 538/637/589 518/563/517
f 532/568/522 522/808/711 375/566/520
f 384/570/524 467/621/573 520/571/525
f 551/573/527 522/808/711 531/574/528
f 602/582/536 584/602/555 565/583/537
f 466/567/521 521/596/549 523/585/539
f 376/586/540 523/585/539 524/587/541
f 525/589/543 528/803/546 373/590/544
f 528/592/546 530/595/548 371/593/547
f 530/595/548 532/568/522 372/569/523
f 375/566/520 522/808/711 521/596/549
f 582/597/550 590/600/553 578/598/551
f 590/600/553 589/560/514 567/601/554
f 584/602/555 599/646/598 564/603/556
f 569/604/557 588/630/582 604/512/467
f 581/545/499 582/840/550 577/605/552
f 364/606/558 410/666/618 388/607/559
f 374/591/545 370/564/518 518/563/517
f 601/609/561 602/582/536 576/584/538
f 547/611/563 526/804/708 519/612/564
f 543/619/571 379/640/592 382/616/568
f 377/588/542 524/587/541 520/571/525
f 544/622/574 534/620/572 557/623/575
f 480/627/579 476/765/676 474/628/580
f 588/630/582 569/604/557 574/631/583
f 469/615/567 383/635/587 535/633/585
f 383/635/587 384/570/524 536/572/526
f 380/636/588 539/639/591 538/637/589
f 378/638/590 541/641/593 539/639/591
f 379/640/592 543/619/571 541/641/593
f 382/616/568 469/615/567 533/634/586
f 587/642/594 570/647/599 571/643/595
f 592/644/596 571/643/595 580/645/597
f 600/632/584 574/631/583 564/603/556
f 570/647/599 587/642/594 586/648/600
f 363/519/474 392/521/476 417/649/601
f 367/657/609 366/522/477 393/524/479
f 369/650/602 417/649/601 416/659/611
f 365/661/613 662/876/774 656/662/614
f 355/663/615 356/608/560 388/607/559
f 355/663/615 397/664/616 403/665/617
f 364/606/558 367/657/609 414/658/610
f 353/667/619 362/1145/624 408/668/620
f 358/530/484 390/529/483 399/670/622
f 362/672/624 361/891/789 405/673/625
f 645/675/626 644/542/496 387/676/627
f 389/677/628 404/536/490 647/538/492
f 396/678/629 391/539/493 392/521/476
f 417/649/601 418/533/487 415/532/486
f 392/521/476 391/539/493 418/533/487
f 393/524/479 394/535/489 413/534/488
f 410/666/618 414/658/610 413/534/488
f 410/666/618 409/547/501 387/676/627
f 393/524/479 412/523/478 411/514/469
f 396/678/629 395/520/475 385/669/621
f 408/674/620 405/673/625 406/517/472
f 385/669/621 408/668/620 407/526/481
f 390/529/483 403/665/617 404/536/490
f 671/681/631 669/883/781 399/670/622
f 397/664/616 398/541/495 404/536/490
f 397/664/616 388/607/559 387/676/627
f 390/529/483 389/677/628 400/552/506
f 353/667/619 385/669/621 395/520/475
f 423/689/639 425/716/662 426/690/640
f 427/692/642 423/689/639 424/691/641
f 429/579/533 427/692/642 428/693/643
f 432/580/534 429/579/533 430/694/644
f 440/696/646 439/715/661 437/618/570
f 438/697/647 437/618/570 441/617/569
f 442/698/648 441/617/569 443/699/649
f 444/700/650 443/699/649 432/580/534
f 461/701/651 422/577/531 445/576/530
f 445/576/530 436/705/655 464/703/653
f 421/704/654 420/578/532 422/577/531
f 436/705/655 435/626/578 462/706/656
f 420/578/532 421/704/654 459/707/608
f 419/708/657 459/707/608 447/709/607
f 435/626/578 433/625/577 434/711/604
f 433/625/577 449/714/660 450/712/605
f 448/710/658 447/709/607 451/683/633
f 455/581/535 456/686/636 458/688/638
f 455/581/535 454/713/659 453/685/635
f 449/714/660 458/688/638 457/687/637
f 440/696/646 457/687/637 456/686/636
f 452/684/634 451/683/633 426/690/640
f 513/717/663 496/735/680 495/718/664
f 508/720/666 486/732/677 489/721/667
f 517/723/669 508/720/666 506/722/668
f 483/725/671 490/739/683 493/726/672
f 503/728/674 480/627/579 479/629/581
f 476/730/676 513/717/663 511/719/665
f 486/732/677 483/725/671 484/727/673
f 496/735/680 517/723/669 514/724/670
f 490/739/683 501/757/687 498/740/684
f 371/593/547 459/656/608 421/741/654
f 460/654/606 459/656/608 371/593/547
f 378/638/590 434/652/604 463/651/603
f 381/562/516 370/564/518 446/742/652
f 380/636/588 381/562/516 464/743/653
f 378/638/590 380/636/588 462/744/656
f 374/591/545 461/745/651 446/742/652
f 373/590/544 421/1146/654 461/745/651
f 473/746/685 503/728/674 504/729/675
f 442/748/648 383/635/587 469/615/567
f 444/750/650 384/570/524 383/635/587
f 438/749/647 469/615/567 468/614/566
f 377/588/542 467/621/573 431/752/645
f 466/567/521 376/586/540 428/754/643
f 376/586/540 377/588/542 430/753/644
f 431/752/645 467/621/573 384/570/524
f 465/565/519 466/567/521 424/755/641
f 501/757/687 473/746/685 470/747/686
f 512/760/690 513/717/663 476/730/676
f 478/762/691 479/629/581 474/628/580
f 481/764/689 477/1147/688 476/765/676
f 485/766/692 488/1148/707 489/721/667
f 482/767/681 483/725/671 486/732/677
f 491/769/693 500/779/702 501/757/687
f 498/740/684 499/777/700 492/770/694
f 485/766/692 484/727/673 493/726/672
f 495/718/664 514/724/670 515/771/695
f 516/773/697 517/723/669 496/735/680
f 510/775/679 511/719/665 495/718/664
f 498/740/684 470/747/686 471/776/699
f 472/778/701 473/746/685 501/757/687
f 482/767/681 491/769/693 490/739/683
f 470/747/686 504/729/675 505/780/703
f 502/781/704 503/728/674 473/746/685
f 502/781/704 481/764/689 480/627/579
f 479/629/581 478/762/691 505/780/703
f 507/782/705 515/771/695 514/724/670
f 489/721/667 488/1148/707 507/782/705
f 509/783/706 487/768/682 486/732/677
f 512/760/690 497/774/698 496/735/680
f 510/775/679 475/1149/678 474/731/580
f 509/783/706 508/720/666 517/723/669
f 528/803/546 525/589/543 526/804/708
f 530/595/548 528/592/546 527/806/709
f 532/568/522 530/595/548 529/807/710
f 525/589/543 518/563/517 519/612/564
f 537/809/712 538/637/589 539/639/591
f 540/810/713 539/639/591 541/641/593
f 542/811/714 541/641/593 543/619/571
f 519/612/564 518/563/517 538/637/589
f 546/613/565 519/612/564 537/809/712
f 563/550/504 572/551/505 546/613/565
f 536/572/526 548/822/725 559/813/716
f 544/622/574 560/624/576 562/814/717
f 542/811/714 562/814/717 561/815/718
f 540/810/713 561/815/718 545/812/715
f 535/633/585 559/813/716 558/816/719
f 580/645/597 560/624/576 557/623/575
f 547/611/563 546/613/565 572/551/505
f 551/573/527 552/820/723 521/596/549
f 553/817/720 550/821/724 524/587/541
f 533/634/586 558/816/719 557/623/575
f 556/818/721 554/575/529 531/574/528
f 555/819/722 556/818/721 529/807/710
f 547/611/563 555/823/722 527/805/709
f 552/820/723 553/817/720 523/585/539
f 567/601/554 566/559/513 551/573/527
f 550/821/724 549/824/726 520/571/525
f 520/571/525 549/824/726 548/822/725
f 548/822/725 574/631/583 569/604/557
f 562/814/717 560/624/576 580/645/597
f 561/815/718 562/814/717 571/643/595
f 545/812/715 561/815/718 570/647/599
f 559/813/716 569/604/557 568/511/466
f 566/559/513 575/610/562 552/820/723
f 576/584/538 565/583/537 550/821/724
f 558/816/719 568/511/466 579/558/512
f 556/818/721 578/598/551 567/601/554
f 577/599/552 578/598/551 556/818/721
f 573/543/497 577/605/552 555/823/722
f 575/610/562 576/584/538 553/817/720
f 550/821/724 565/583/537 564/603/556
f 549/824/726 564/603/556 574/631/583
f 603/825/727 594/829/731 583/544/498
f 593/828/730 581/545/499 583/544/498
f 608/830/732 593/828/730 594/829/731
f 614/832/734 611/844/745 585/561/515
f 618/833/735 606/826/728 605/510/465
f 609/831/733 594/829/731 603/825/727
f 591/557/511 606/826/728 607/836/738
f 597/837/739 596/827/729 589/560/514
f 586/648/600 587/642/594 595/838/740
f 587/642/594 592/644/596 607/836/738
f 581/545/499 593/828/730 598/839/741
f 582/597/550 598/857/741 597/837/739
f 630/841/742 621/845/746 609/831/733
f 608/830/732 609/831/733 621/845/746
f 628/847/748 629/853/754 602/582/536
f 599/646/598 626/865/764 627/848/749
f 606/826/728 618/833/735 619/849/750
f 611/844/745 628/847/748 601/609/561
f 615/850/751 614/832/734 596/827/729
f 600/632/584 627/848/749 613/851/752
f 610/852/753 626/865/764 599/646/598
f 595/838/740 612/855/756 617/835/737
f 629/853/754 610/852/753 584/602/555
f 588/630/582 613/851/752 631/854/755
f 607/836/738 619/849/750 612/855/756
f 608/830/732 616/863/757 598/839/741
f 616/856/757 615/850/751 597/837/739
f 604/512/467 631/854/755 632/834/736
f 628/847/748 646/553/507 647/538/492
f 620/846/747 621/845/746 636/858/758
f 638/554/508 611/844/745 623/843/744
f 633/842/743 632/834/736 650/515/470
f 619/849/750 618/833/735 633/842/743
f 615/850/751 624/867/766 623/843/744
f 612/855/756 622/862/762 630/841/742
f 612/855/756 619/849/750 634/861/761
f 620/846/747 625/868/763 616/863/757
f 625/864/763 624/867/766 615/850/751
f 644/542/496 645/675/626 627/848/749
f 633/842/743 651/860/760 652/866/765
f 638/554/508 646/553/507 628/847/748
f 642/518/473 641/859/759 623/843/744
f 645/675/626 640/546/500 613/851/752
f 610/852/753 637/537/491 644/542/496
f 622/862/762 639/531/485 648/540/494
f 629/853/754 647/538/492 637/537/491
f 640/546/500 649/513/468 631/854/755
f 634/861/761 652/866/765 639/531/485
f 635/525/480 643/527/471 625/868/763
f 643/516/471 642/518/473 624/867/766
f 631/854/755 649/513/468 650/515/470
f 386/679/630 635/525/480 636/858/758
f 396/678/629 636/858/758 648/540/494
f 653/871/769 416/659/611 415/532/486
f 656/662/614 655/875/773 411/514/469
f 653/871/769 661/874/772 368/660/612
f 658/870/768 665/892/790 664/872/770
f 654/556/510 663/873/771 661/874/772
f 655/875/773 656/662/614 662/876/774
f 667/877/775 666/879/777 660/878/776
f 666/879/777 665/892/790 659/869/767
f 673/880/778 401/884/782 402/881/779
f 669/883/781 676/893/791 357/671/623
f 401/884/782 673/880/778 674/885/783
f 359/887/785 679/886/784 674/885/783
f 677/889/787 359/887/785 675/888/786
f 677/889/787 670/549/503 668/548/502
f 678/890/788 668/548/502 405/673/625
f 585/561/515 601/609/561 575/610/562
f 636/858/758 621/845/746 630/841/742
f 681/894/792 680/898/796 682/895/793
f 686/897/795 684/901/799 680/898/796
f 683/899/797 712/933/825 682/895/793
f 685/900/798 683/899/797 680/898/796
f 688/902/800 685/900/798 684/901/799
f 690/904/802 687/903/801 684/901/799
f 688/902/800 687/903/801 689/905/803
f 690/904/802 691/1150/809 689/905/803
f 692/907/805 691/1150/809 690/904/802
f 693/908/806 691/912/809 692/909/805
f 695/911/808 689/1151/803 691/912/809
f 698/913/804 689/1151/803 695/911/808
f 697/915/811 699/920/812 698/916/804
f 699/918/812 700/922/815 688/902/800
f 703/919/813 701/924/817 699/920/812
f 699/918/812 701/1152/817 704/921/814
f 703/919/813 776/1014/886 702/923/816
f 704/921/814 701/1152/817 702/925/816
f 706/927/819 700/922/815 704/921/814
f 710/928/820 706/927/819 705/926/818
f 709/930/822 707/929/821 705/926/818
f 711/931/823 710/928/820 707/929/821
f 709/930/822 717/939/831 708/932/824
f 710/928/820 683/899/797 685/900/798
f 710/928/820 711/931/823 712/933/825
f 711/931/823 713/935/827 774/934/826
f 716/938/830 718/951/840 715/937/829
f 717/939/831 716/938/830 714/936/828
f 717/940/831 720/1011/884 719/941/832
f 721/943/833 718/1153/840 716/942/830
f 724/944/834 718/1153/840 721/943/833
f 724/944/834 722/945/835 723/946/836
f 724/948/834 725/969/837 727/949/838
f 718/951/840 724/948/834 726/950/839
f 731/955/844 730/953/842 728/954/843
f 734/957/846 732/958/847 730/953/842
f 732/958/847 733/959/848 774/934/826
f 734/957/846 735/1154/850 733/959/848
f 736/960/849 737/1155/979 735/961/850
f 734/962/846 731/964/844 738/963/851
f 731/964/844 741/966/845 739/965/852
f 741/966/845 742/970/854 740/967/853
f 741/956/845 728/954/843 729/952/841
f 725/969/837 742/968/854 729/952/841
f 742/970/854 725/947/837 723/946/836
f 735/971/850 737/1156/979 743/972/855
f 745/974/857 747/975/858 744/973/856
f 747/975/858 745/974/857 746/976/859
f 747/978/858 748/989/860 750/979/861
f 744/981/856 747/978/858 749/980/862
f 752/982/863 749/980/862 751/984/865
f 756/987/868 753/985/866 754/983/864
f 748/989/860 755/988/869 754/983/864
f 757/990/870 758/1157/980 756/991/868
f 748/977/860 746/976/859 757/990/870
f 756/991/868 758/1157/980 759/993/871
f 759/993/871 761/996/874 762/995/873
f 761/996/874 763/999/877 765/997/875
f 766/998/876 765/997/875 763/999/877
f 766/1001/876 769/896/794 767/1002/879
f 768/1004/880 762/1006/873 765/1003/875
f 751/984/865 768/1004/880 767/1002/879
f 682/895/793 773/986/867 751/984/865
f 766/1001/876 771/1010/883 681/894/792
f 770/1005/881 760/1007/872 762/1006/873
f 760/1007/872 770/1005/881 753/985/866
f 772/1008/882 771/1009/883 766/998/876
f 694/910/807 692/909/805 771/1009/883
f 771/1010/883 692/907/805 686/897/795
f 733/959/848 735/1154/850 744/981/856
f 774/934/826 733/959/848 752/982/863
f 712/933/825 774/934/826 773/986/867
f 720/1011/884 717/940/831 709/1012/822
f 775/1013/885 709/1012/822 702/923/816
f 706/927/819 685/900/798 688/902/800
f 778/1015/887 840/1095/954 780/1016/888
f 781/1018/890 785/1029/895 778/1019/887
f 779/1024/891 777/1158/889 780/1025/888
f 783/1027/894 784/1030/896 785/1029/895
f 784/1030/896 783/1027/894 782/1023/892
f 784/1030/896 786/1042/908 853/1032/898
f 789/1033/899 786/1042/908 784/1030/896
f 787/1031/897 788/1036/902 790/1034/900
f 787/1031/897 782/1023/892 855/1035/901
f 791/1037/903 789/1033/899 790/1034/900
f 794/1039/905 786/1042/908 789/1033/899
f 791/1037/903 792/1038/904 854/1040/906
f 793/1041/907 796/1043/909 794/1039/905
f 794/1039/905 795/1044/910 853/1032/898
f 796/1043/909 797/1046/912 795/1044/910
f 798/1045/911 799/1049/915 797/1046/912
f 798/1045/911 796/1043/909 793/1041/907
f 800/1048/914 812/1059/924 799/1049/915
f 800/1048/914 798/1045/911 801/1047/913
f 803/1050/916 801/1047/913 802/1051/917
f 801/1047/913 793/1041/907 854/1040/906
f 804/1052/918 806/1118/920 805/1053/919
f 809/1062/922 808/1159/921 815/1063/925
f 809/1062/922 811/1064/926 814/1066/928
f 851/1068/929 799/1049/915 812/1059/924
f 814/1066/928 811/1064/926 813/1069/930
f 815/1063/925 816/1074/933 813/1069/930
f 808/1071/921 818/1076/935 817/1072/932
f 817/1072/932 819/1078/937 816/1074/933
f 822/1075/934 820/1077/936 817/1072/932
f 820/1077/936 821/1080/939 819/1078/937
f 823/1079/938 825/1084/943 821/1080/939
f 824/1081/940 823/1079/938 820/1077/936
f 824/1081/940 827/1085/944 826/1082/941
f 823/1079/938 826/1082/941 828/1083/942
f 827/1085/944 831/1089/948 829/1086/945
f 826/1082/941 829/1086/945 830/1087/946
f 829/1086/945 832/1090/949 833/1088/947
f 831/1089/948 834/1092/951 832/1090/949
f 832/1090/949 835/1026/893 836/1091/950
f 834/1092/951 779/1024/891 835/1026/893
f 835/1026/893 780/1025/888 837/1093/952
f 838/1094/953 833/1088/947 836/1091/950
f 840/1095/954 838/1094/953 837/1093/952
f 841/1096/955 839/1097/956 838/1094/953
f 830/1087/946 833/1088/947 838/1094/953
f 842/1098/957 841/1096/955 840/1095/954
f 845/1099/958 843/1100/959 841/1096/955
f 843/1100/959 844/1102/961 839/1097/956
f 846/1101/960 847/1105/964 844/1102/961
f 848/1103/962 846/1101/960 843/1100/959
f 846/1101/960 849/1106/965 850/1104/963
f 848/1103/962 851/1107/929 849/1106/965
f 849/1106/965 814/1066/928 852/1070/931
f 851/1107/929 810/1067/927 814/1066/928
f 848/1108/962 797/1046/912 799/1049/915
f 850/1104/963 821/1080/939 825/1084/943
f 819/1078/937 821/1080/939 850/1104/963
f 819/1078/937 852/1070/931 813/1069/930
f 795/1044/910 797/1046/912 848/1108/962
f 825/1084/943 828/1083/942 844/1102/961
f 842/1110/957 853/1032/898 795/1044/910
f 844/1102/961 828/1083/942 830/1087/946
f 785/1029/895 853/1032/898 842/1110/957
f 834/1111/951 788/1036/902 855/1035/901
f 831/1113/948 790/1034/900 788/1036/902
f 792/1038/904 790/1034/900 831/1113/948
f 824/1115/940 854/1040/906 792/1038/904
f 802/1051/917 854/1040/906 824/1115/940
f 804/1052/918 802/1051/917 822/1116/934
f 818/1117/935 808/1160/921 806/1118/920
