# Blender 4.4.1
# www.blender.org
mtllib wine.mtl
o uploads_files_2530253_Molotov+Cocktail+SP+Obj
v -0.054689 -0.054689 0.058888
v -0.071454 -0.029597 0.058888
v 0.000000 0.000000 0.058888
v -0.029597 -0.071454 0.058888
v -0.000000 -0.077342 0.058888
v 0.029597 -0.071454 0.058888
v 0.054689 -0.054689 0.058888
v 0.071454 -0.029597 0.058888
v 0.077342 -0.000000 0.058888
v 0.071454 0.029597 0.058888
v 0.054689 0.054689 0.058888
v 0.029597 0.071454 0.058888
v 0.000000 0.077342 0.058888
v -0.029597 0.071454 0.058888
v -0.054689 0.054689 0.058888
v -0.071454 0.029597 0.058888
v -0.077342 -0.000000 0.058888
v -0.450954 -0.186791 2.208100
v -0.471307 -0.195221 2.074820
v -0.360723 -0.360722 2.074820
v -0.345146 -0.345145 2.208100
v -0.195222 -0.471307 2.074820
v -0.186792 -0.450954 2.208100
v -0.000000 -0.510139 2.074820
v -0.000000 -0.488109 2.208100
v 0.195221 -0.471307 2.074820
v 0.186791 -0.450954 2.208100
v 0.360722 -0.360723 2.074820
v 0.345145 -0.345146 2.208100
v 0.471307 -0.195222 2.074820
v 0.450954 -0.186792 2.208100
v 0.510139 -0.000001 2.074820
v 0.488110 -0.000000 2.208100
v 0.471307 0.195221 2.074820
v 0.450954 0.186791 2.208100
v 0.360722 0.360722 2.074820
v 0.345146 0.345145 2.208100
v 0.195222 0.471307 2.074820
v 0.186792 0.450954 2.208100
v -0.000000 0.510138 2.074820
v -0.000000 0.488109 2.208100
v -0.195221 0.471307 2.074820
v -0.186791 0.450954 2.208100
v -0.360722 0.360722 2.074820
v -0.345145 0.345145 2.208100
v -0.471307 0.195222 2.074820
v -0.450954 0.186791 2.208100
v -0.510138 -0.000000 2.074820
v -0.488109 -0.000000 2.208100
v 0.144189 0.348103 2.450030
v 0.169401 0.408971 2.335150
v 0.000000 0.442667 2.335150
v -0.000000 0.376784 2.450030
v 0.266427 0.266426 2.450030
v 0.313013 0.313012 2.335150
v 0.348103 0.144189 2.450030
v 0.408971 0.169401 2.335150
v 0.376784 -0.000000 2.450030
v 0.442667 -0.000000 2.335150
v 0.348103 -0.144189 2.450030
v 0.408971 -0.169401 2.335150
v 0.266426 -0.266427 2.450030
v 0.313012 -0.313013 2.335150
v 0.144189 -0.348103 2.450030
v 0.169401 -0.408971 2.335150
v 0.000000 -0.376784 2.450030
v -0.000000 -0.442667 2.335150
v -0.144189 -0.348103 2.450030
v -0.169401 -0.408971 2.335150
v -0.266427 -0.266426 2.450030
v -0.313013 -0.313012 2.335150
v -0.348103 -0.144189 2.450030
v -0.408971 -0.169401 2.335150
v -0.376784 -0.000000 2.450030
v -0.442667 -0.000000 2.335150
v -0.348103 0.144189 2.450030
v -0.408971 0.169401 2.335150
v -0.266426 0.266427 2.450030
v -0.313013 0.313013 2.335150
v -0.144189 0.348103 2.450030
v -0.169401 0.408971 2.335150
v -0.241151 -0.241151 -0.030709
v -0.305737 -0.305737 -0.030709
v -0.399465 -0.165464 -0.030709
v -0.315079 -0.130510 -0.030709
v -0.130510 -0.315079 -0.030709
v -0.165464 -0.399465 -0.030709
v -0.000000 -0.341039 -0.030709
v -0.000000 -0.432377 -0.030709
v 0.130510 -0.315079 -0.030709
v 0.165463 -0.399465 -0.030709
v 0.241151 -0.241151 -0.030709
v 0.305737 -0.305737 -0.030709
v 0.315079 -0.130510 -0.030709
v 0.399465 -0.165464 -0.030709
v 0.341039 -0.000000 -0.030709
v 0.432378 -0.000000 -0.030709
v 0.315079 0.130510 -0.030709
v 0.399465 0.165464 -0.030709
v 0.241151 0.241151 -0.030709
v 0.305737 0.305737 -0.030709
v 0.130510 0.315079 -0.030709
v 0.165464 0.399465 -0.030709
v -0.000000 0.341039 -0.030709
v 0.000000 0.432378 -0.030709
v -0.130510 0.315079 -0.030709
v -0.165464 0.399465 -0.030709
v -0.241151 0.241151 -0.030709
v -0.305737 0.305737 -0.030709
v -0.315079 0.130510 -0.030709
v -0.399465 0.165464 -0.030709
v -0.341039 0.000000 -0.030709
v -0.432378 -0.000000 -0.030709
v -0.208511 -0.208511 -0.006527
v -0.272432 -0.112845 -0.006527
v -0.112845 -0.272432 -0.006527
v -0.000000 -0.294879 -0.006527
v 0.112845 -0.272432 -0.006527
v 0.208511 -0.208511 -0.006527
v 0.272432 -0.112845 -0.006527
v 0.294879 -0.000000 -0.006527
v 0.272432 0.112845 -0.006527
v 0.208511 0.208511 -0.006527
v 0.112845 0.272432 -0.006527
v 0.000000 0.294878 -0.006527
v -0.112845 0.272433 -0.006527
v -0.208511 0.208511 -0.006527
v -0.272432 0.112845 -0.006527
v -0.294879 0.000000 -0.006528
v -0.135100 -0.135099 0.035883
v -0.186212 -0.186212 0.014020
v -0.243298 -0.100777 0.014020
v -0.176516 -0.073115 0.035883
v -0.073115 -0.176516 0.035883
v -0.100777 -0.243297 0.014020
v 0.000000 -0.191060 0.035883
v -0.000000 -0.263343 0.014020
v 0.073115 -0.176516 0.035883
v 0.100777 -0.243298 0.014020
v 0.135100 -0.135100 0.035883
v 0.186212 -0.186212 0.014020
v 0.176516 -0.073115 0.035883
v 0.243298 -0.100777 0.014020
v 0.191060 -0.000000 0.035883
v 0.263343 -0.000000 0.014020
v 0.176516 0.073115 0.035883
v 0.243298 0.100777 0.014020
v 0.135100 0.135100 0.035883
v 0.186212 0.186212 0.014020
v 0.073115 0.176516 0.035883
v 0.100777 0.243298 0.014020
v 0.000000 0.191060 0.035883
v 0.000000 0.263343 0.014020
v -0.073115 0.176516 0.035883
v -0.100777 0.243298 0.014020
v -0.135100 0.135100 0.035883
v -0.186212 0.186212 0.014020
v -0.176516 0.073115 0.035883
v -0.243298 0.100777 0.014020
v -0.191060 -0.000000 0.035883
v -0.263343 -0.000000 0.014020
v 0.471307 0.195221 1.579450
v 0.471307 0.195221 1.087340
v 0.360722 0.360722 1.087340
v 0.360722 0.360722 1.579450
v 0.510139 -0.000000 1.579450
v 0.510139 -0.000000 1.087340
v 0.471307 -0.195222 1.579450
v 0.471307 -0.195222 1.087340
v 0.360722 -0.360723 1.579450
v 0.360722 -0.360723 1.087340
v 0.195221 -0.471307 1.579450
v 0.195221 -0.471307 1.087340
v -0.000000 -0.510139 1.579450
v -0.000000 -0.510139 1.087340
v -0.195222 -0.471307 1.579450
v -0.195222 -0.471307 1.087340
v -0.360723 -0.360722 1.579450
v -0.360723 -0.360722 1.087340
v -0.471307 -0.195221 1.579450
v -0.471307 -0.195221 1.087340
v -0.510139 -0.000000 1.579450
v -0.510139 -0.000000 1.087340
v -0.471307 0.195222 1.579450
v -0.471307 0.195222 1.087340
v -0.360722 0.360722 1.579450
v -0.360722 0.360722 1.087340
v -0.195221 0.471307 1.579450
v -0.195221 0.471307 1.087340
v 0.000000 0.510139 1.579450
v 0.000000 0.510139 1.087340
v 0.195222 0.471307 1.579450
v 0.195222 0.471307 1.087340
v 0.360722 0.360722 0.595219
v 0.195222 0.471307 0.595219
v 0.471307 0.195221 0.595219
v 0.510139 -0.000000 0.595219
v 0.471307 -0.195222 0.595219
v 0.360722 -0.360723 0.595219
v 0.195221 -0.471307 0.595219
v -0.000000 -0.510139 0.595219
v -0.195222 -0.471307 0.595219
v -0.360723 -0.360722 0.595219
v -0.471307 -0.195221 0.595219
v -0.510139 -0.000000 0.595219
v -0.471307 0.195222 0.595219
v -0.360723 0.360722 0.595219
v -0.195221 0.471307 0.595219
v 0.000000 0.510139 0.595219
v -0.471307 -0.195221 0.154823
v -0.360723 -0.360722 0.154823
v -0.195222 -0.471307 0.154823
v -0.000000 -0.510139 0.154823
v 0.195221 -0.471307 0.154823
v 0.360722 -0.360723 0.154823
v 0.471307 -0.195222 0.154824
v 0.510139 -0.000000 0.154823
v 0.471307 0.195221 0.154823
v 0.360722 0.360722 0.154823
v 0.195222 0.471307 0.154823
v 0.000000 0.510139 0.154824
v -0.195221 0.471307 0.154823
v -0.360723 0.360722 0.154823
v -0.471307 0.195222 0.154823
v -0.510138 0.000000 0.154823
v -0.341380 -0.341380 0.028825
v -0.446035 -0.184754 0.028825
v -0.184754 -0.446035 0.028825
v -0.000000 -0.482785 0.028825
v 0.184753 -0.446035 0.028825
v 0.341380 -0.341380 0.028825
v 0.446035 -0.184754 0.028825
v 0.482785 -0.000000 0.028825
v 0.446035 0.184754 0.028825
v 0.341380 0.341380 0.028825
v 0.184754 0.446035 0.028825
v 0.000000 0.482785 0.028825
v -0.184754 0.446035 0.028825
v -0.341380 0.341380 0.028825
v -0.446035 0.184754 0.028825
v -0.482785 0.000000 0.028825
v -0.464024 -0.192205 0.096920
v -0.355149 -0.355148 0.096919
v -0.192205 -0.464024 0.096919
v -0.000000 -0.502256 0.096920
v 0.192205 -0.464024 0.096919
v 0.355148 -0.355149 0.096919
v 0.464024 -0.192205 0.096919
v 0.502256 -0.000000 0.096919
v 0.464024 0.192205 0.096919
v 0.355149 0.355149 0.096919
v 0.192205 0.464024 0.096919
v 0.000000 0.502256 0.096919
v -0.192205 0.464024 0.096919
v -0.355149 0.355149 0.096919
v -0.464024 0.192205 0.096919
v -0.502256 0.000000 0.096919
v -0.057632 -0.057632 0.098888
v 0.000000 0.000000 0.098888
v -0.075300 -0.031190 0.098888
v -0.031190 -0.075300 0.098888
v -0.000000 -0.081504 0.098888
v 0.031190 -0.075300 0.098888
v 0.057632 -0.057632 0.098888
v 0.075300 -0.031190 0.098888
v 0.081504 -0.000000 0.098888
v 0.075300 0.031190 0.098888
v 0.057632 0.057632 0.098888
v 0.031190 0.075300 0.098888
v 0.000000 0.081504 0.098888
v -0.031190 0.075300 0.098888
v -0.057632 0.057632 0.098888
v -0.075300 0.031190 0.098888
v -0.081504 0.000000 0.098888
v -0.331884 -0.331884 2.071570
v -0.433628 -0.179614 2.071570
v -0.413604 -0.171320 2.201520
v -0.316559 -0.316558 2.201520
v -0.179615 -0.433627 2.071570
v -0.171320 -0.413604 2.201520
v -0.000000 -0.469355 2.071570
v -0.000000 -0.447681 2.201520
v 0.179614 -0.433628 2.071570
v 0.171320 -0.413604 2.201520
v 0.331884 -0.331884 2.071570
v 0.316558 -0.316559 2.201520
v 0.433628 -0.179615 2.071570
v 0.413604 -0.171320 2.201520
v 0.469355 -0.000000 2.071570
v 0.447681 -0.000000 2.201520
v 0.433628 0.179614 2.071570
v 0.413604 0.171320 2.201520
v 0.331884 0.331884 2.071570
v 0.316558 0.316558 2.201520
v 0.179614 0.433628 2.071570
v 0.171320 0.413604 2.201520
v 0.000000 0.469355 2.071570
v 0.000000 0.447681 2.201520
v -0.179614 0.433628 2.071570
v -0.171320 0.413604 2.201520
v -0.331884 0.331884 2.071570
v -0.316558 0.316558 2.201520
v -0.433628 0.179614 2.071570
v -0.413604 0.171320 2.201520
v -0.469355 -0.000000 2.071570
v -0.447681 -0.000000 2.201520
v 0.000000 0.405341 2.331470
v 0.155117 0.374486 2.331470
v 0.126186 0.304640 2.461420
v 0.000000 0.329740 2.461420
v 0.286619 0.286619 2.331470
v 0.233161 0.233161 2.461420
v 0.374486 0.155117 2.331470
v 0.304640 0.126186 2.461420
v 0.405341 -0.000000 2.331470
v 0.329740 -0.000000 2.461420
v 0.374486 -0.155117 2.331470
v 0.304640 -0.126186 2.461420
v 0.286619 -0.286620 2.331470
v 0.233161 -0.233161 2.461420
v 0.155117 -0.374486 2.331470
v 0.126186 -0.304640 2.461420
v -0.000000 -0.405341 2.331470
v -0.000000 -0.329740 2.461420
v -0.155117 -0.374486 2.331470
v -0.126186 -0.304640 2.461420
v -0.286620 -0.286619 2.331470
v -0.233161 -0.233161 2.461420
v -0.374486 -0.155117 2.331470
v -0.304640 -0.126186 2.461420
v -0.405341 -0.000000 2.331470
v -0.329740 -0.000000 2.461420
v -0.374486 0.155117 2.331470
v -0.304640 0.126186 2.461420
v -0.286619 0.286619 2.331470
v -0.233161 0.233161 2.461420
v -0.155117 0.374486 2.331470
v -0.126186 0.304640 2.461420
v 0.075098 0.181304 2.591370
v 0.000000 0.196241 2.591370
v 0.138764 0.138764 2.591370
v 0.181304 0.075098 2.591370
v 0.196241 -0.000000 2.591370
v 0.181304 -0.075099 2.591370
v 0.138764 -0.138764 2.591370
v 0.075098 -0.181303 2.591370
v -0.000000 -0.196241 2.591370
v -0.075098 -0.181303 2.591370
v -0.138764 -0.138764 2.591370
v -0.181303 -0.075098 2.591370
v -0.196241 -0.000000 2.591370
v -0.181304 0.075098 2.591370
v -0.138764 0.138764 2.591370
v -0.075098 0.181304 2.591370
v -0.381777 -0.158137 0.009291
v -0.292200 -0.292200 0.009291
v -0.248370 -0.248370 0.009291
v -0.324511 -0.134417 0.009291
v -0.158138 -0.381777 0.009291
v -0.134417 -0.324511 0.009291
v -0.000000 -0.413233 0.009291
v -0.000000 -0.351248 0.009291
v 0.158137 -0.381778 0.009291
v 0.134417 -0.324511 0.009291
v 0.292200 -0.292200 0.009291
v 0.248370 -0.248370 0.009291
v 0.381777 -0.158138 0.009291
v 0.324511 -0.134417 0.009291
v 0.413233 -0.000000 0.009291
v 0.351248 -0.000000 0.009291
v 0.381777 0.158137 0.009291
v 0.324511 0.134417 0.009291
v 0.292200 0.292200 0.009291
v 0.248370 0.248370 0.009291
v 0.158137 0.381777 0.009291
v 0.134417 0.324511 0.009291
v 0.000000 0.413233 0.009291
v 0.000000 0.351248 0.009291
v -0.158137 0.381777 0.009291
v -0.134417 0.324511 0.009291
v -0.292200 0.292200 0.009291
v -0.248370 0.248370 0.009291
v -0.381777 0.158137 0.009291
v -0.324511 0.134417 0.009291
v -0.413233 0.000000 0.009291
v -0.351248 0.000000 0.009291
v -0.223317 -0.223317 0.027851
v -0.291778 -0.120858 0.027851
v -0.120858 -0.291778 0.027851
v -0.000000 -0.315818 0.027851
v 0.120858 -0.291778 0.027851
v 0.223317 -0.223317 0.027851
v 0.291778 -0.120858 0.027851
v 0.315818 -0.000000 0.027851
v 0.291778 0.120858 0.027852
v 0.223317 0.223317 0.027852
v 0.120858 0.291778 0.027852
v 0.000000 0.315818 0.027852
v -0.120858 0.291778 0.027852
v -0.223317 0.223317 0.027852
v -0.291778 0.120858 0.027852
v -0.315818 0.000000 0.027851
v -0.259609 -0.107533 0.050539
v -0.198696 -0.198696 0.050539
v -0.142278 -0.142278 0.074671
v -0.185895 -0.077000 0.074671
v -0.107534 -0.259609 0.050539
v -0.077000 -0.185895 0.074671
v -0.000000 -0.280998 0.050539
v -0.000000 -0.201211 0.074671
v 0.107533 -0.259609 0.050539
v 0.077000 -0.185895 0.074671
v 0.198696 -0.198696 0.050539
v 0.142278 -0.142278 0.074671
v 0.259609 -0.107533 0.050539
v 0.185895 -0.077000 0.074671
v 0.280998 -0.000000 0.050539
v 0.201211 -0.000000 0.074671
v 0.259609 0.107533 0.050539
v 0.185895 0.077000 0.074672
v 0.198696 0.198696 0.050539
v 0.142278 0.142278 0.074672
v 0.107533 0.259609 0.050539
v 0.077000 0.185895 0.074672
v 0.000000 0.280998 0.050539
v 0.000000 0.201211 0.074672
v -0.107533 0.259609 0.050539
v -0.077000 0.185895 0.074672
v -0.198696 0.198696 0.050539
v -0.142278 0.142278 0.074672
v -0.259609 0.107533 0.050539
v -0.185895 0.077000 0.074672
v -0.280998 0.000000 0.050539
v -0.201211 0.000000 0.074671
v 0.331884 0.331884 1.087340
v 0.433628 0.179614 1.087340
v 0.433628 0.179614 1.579450
v 0.331884 0.331884 1.579450
v 0.469355 -0.000000 1.087340
v 0.469355 -0.000000 1.579450
v 0.433628 -0.179615 1.087340
v 0.433628 -0.179615 1.579450
v 0.331884 -0.331884 1.087340
v 0.331884 -0.331884 1.579450
v 0.179614 -0.433628 1.087340
v 0.179614 -0.433628 1.579450
v -0.000000 -0.469355 1.087340
v -0.000000 -0.469355 1.579450
v -0.179615 -0.433627 1.087340
v -0.179615 -0.433627 1.579450
v -0.331884 -0.331884 1.087340
v -0.331884 -0.331884 1.579450
v -0.433628 -0.179614 1.087340
v -0.433628 -0.179614 1.579450
v -0.469355 -0.000000 1.087340
v -0.469355 -0.000000 1.579450
v -0.433628 0.179614 1.087340
v -0.433628 0.179614 1.579450
v -0.331884 0.331884 1.087340
v -0.331884 0.331884 1.579450
v -0.179614 0.433628 1.087340
v -0.179614 0.433628 1.579450
v 0.000000 0.469355 1.087340
v 0.000000 0.469355 1.579450
v 0.179614 0.433628 1.087340
v 0.179614 0.433628 1.579450
v 0.179614 0.433628 0.595219
v 0.331884 0.331884 0.595219
v 0.433628 0.179614 0.595219
v 0.469355 -0.000000 0.595219
v 0.433628 -0.179615 0.595219
v 0.331884 -0.331884 0.595219
v 0.179614 -0.433628 0.595219
v -0.000000 -0.469355 0.595219
v -0.179615 -0.433627 0.595219
v -0.331884 -0.331884 0.595219
v -0.433628 -0.179614 0.595219
v -0.469355 -0.000000 0.595219
v -0.433628 0.179614 0.595219
v -0.331884 0.331884 0.595219
v -0.179614 0.433628 0.595219
v 0.000000 0.469355 0.595219
v -0.181303 -0.075098 3.144240
v -0.138764 -0.138764 3.144240
v -0.075098 -0.181303 3.144240
v -0.000000 -0.196241 3.144240
v 0.075098 -0.181303 3.144240
v 0.138764 -0.138764 3.144240
v 0.181304 -0.075099 3.144240
v 0.196241 -0.000000 3.144240
v 0.181304 0.075098 3.144240
v 0.138764 0.138764 3.144240
v 0.075098 0.181304 3.144240
v 0.000000 0.196241 3.144240
v -0.075098 0.181304 3.144240
v -0.138764 0.138764 3.144240
v -0.181304 0.075098 3.144240
v -0.196241 -0.000000 3.144240
v -0.331884 -0.331884 0.157482
v -0.433628 -0.179614 0.157482
v -0.179615 -0.433627 0.157482
v -0.000000 -0.469355 0.157482
v 0.179614 -0.433628 0.157482
v 0.331884 -0.331884 0.157482
v 0.433628 -0.179615 0.157482
v 0.469355 -0.000000 0.157482
v 0.433628 0.179614 0.157482
v 0.331884 0.331884 0.157482
v 0.179614 0.433628 0.157482
v 0.000000 0.469355 0.157482
v -0.179614 0.433628 0.157482
v -0.331884 0.331884 0.157482
v -0.433628 0.179614 0.157482
v -0.469355 -0.000000 0.157482
v -0.411922 -0.170623 0.047827
v -0.315271 -0.315271 0.047827
v -0.170624 -0.411922 0.047827
v -0.000000 -0.445861 0.047827
v 0.170623 -0.411922 0.047827
v 0.315271 -0.315271 0.047827
v 0.411922 -0.170624 0.047827
v 0.445861 -0.000000 0.047827
v 0.411922 0.170624 0.047827
v 0.315271 0.315271 0.047827
v 0.170624 0.411922 0.047827
v 0.000000 0.445861 0.047827
v -0.170624 0.411922 0.047827
v -0.315271 0.315271 0.047827
v -0.411922 0.170624 0.047827
v -0.445861 -0.000000 0.047827
v -0.427028 -0.176880 0.105007
v -0.326833 -0.326833 0.105007
v -0.176881 -0.427028 0.105007
v -0.000000 -0.462211 0.105007
v 0.176880 -0.427028 0.105007
v 0.326833 -0.326833 0.105007
v 0.427028 -0.176881 0.105007
v 0.462211 -0.000000 0.105007
v 0.427028 0.176881 0.105007
v 0.326833 0.326833 0.105007
v 0.176881 0.427028 0.105007
v 0.000000 0.462211 0.105007
v -0.176881 0.427028 0.105007
v -0.326833 0.326833 0.105007
v -0.427028 0.176881 0.105007
v -0.462211 -0.000000 0.105007
v -0.000000 -0.196241 3.231320
v 0.075098 -0.181303 3.231320
v 0.075098 0.181304 3.231320
v 0.000000 0.196241 3.231320
v 0.138764 -0.138764 3.231320
v -0.075098 0.181304 3.231320
v -0.138764 0.138764 3.231320
v -0.181304 0.075098 3.231320
v -0.196241 -0.000000 3.231320
v -0.181303 -0.075098 3.231320
v -0.138764 -0.138764 3.231320
v -0.075098 -0.181303 3.231320
v 0.181304 -0.075099 3.231320
v 0.196241 -0.000000 3.231320
v 0.181304 0.075098 3.231320
v 0.138764 0.138764 3.231320
v 0.167366 0.167365 3.324220
v 0.173330 0.173329 3.309890
v 0.093805 0.226466 3.309890
v 0.090577 0.218673 3.324220
v 0.179233 0.179232 3.289280
v 0.179233 0.179232 3.258520
v 0.097000 0.234178 3.258520
v 0.097000 0.234178 3.289270
v 0.234178 0.097000 3.289280
v 0.234178 0.097000 3.258520
v 0.253473 -0.000000 3.289280
v 0.253473 -0.000000 3.258520
v 0.234178 -0.097000 3.289280
v 0.234178 -0.097001 3.258520
v 0.179232 -0.179232 3.289280
v 0.179233 -0.179232 3.258520
v 0.096998 -0.234179 3.289280
v 0.096995 -0.234179 3.258520
v 0.000001 -0.253473 3.289280
v 0.000003 -0.253473 3.258520
v -0.097000 -0.234178 3.289280
v -0.097000 -0.234178 3.258520
v -0.179233 -0.179232 3.289280
v -0.179233 -0.179231 3.258520
v -0.234178 -0.097000 3.289280
v -0.234178 -0.097000 3.258520
v -0.253473 -0.000001 3.289280
v -0.253473 -0.000001 3.258520
v -0.234178 0.097000 3.289280
v -0.234178 0.097000 3.258520
v -0.179232 0.179232 3.289280
v -0.179233 0.179232 3.258520
v -0.096999 0.234179 3.289280
v -0.096997 0.234179 3.258520
v -0.000002 0.253473 3.289280
v -0.000007 0.253474 3.258520
v 0.218674 0.090577 3.324220
v 0.226466 0.093805 3.309890
v 0.236690 -0.000000 3.324220
v 0.245125 -0.000000 3.309890
v 0.218674 -0.090578 3.324220
v 0.226466 -0.093806 3.309890
v 0.167365 -0.167366 3.324220
v 0.173330 -0.173330 3.309890
v 0.090577 -0.218673 3.324220
v 0.093804 -0.226466 3.309890
v -0.000000 -0.236690 3.324220
v 0.000001 -0.245125 3.309890
v -0.090578 -0.218673 3.324220
v -0.093805 -0.226466 3.309890
v -0.167366 -0.167365 3.324220
v -0.173330 -0.173329 3.309890
v -0.218673 -0.090578 3.324220
v -0.226466 -0.093806 3.309890
v -0.236690 -0.000000 3.324220
v -0.245125 -0.000001 3.309890
v -0.218674 0.090577 3.324220
v -0.226466 0.093805 3.309890
v -0.167365 0.167365 3.324220
v -0.173330 0.173330 3.309890
v -0.090577 0.218673 3.324220
v -0.093804 0.226466 3.309890
v -0.000000 0.236690 3.324220
v -0.000002 0.245125 3.309890
v 0.114695 0.276897 2.547010
v -0.000000 0.299711 2.547010
v 0.211928 0.211927 2.547010
v 0.276897 0.114694 2.547010
v 0.299711 -0.000000 2.547010
v 0.276897 -0.114694 2.547010
v 0.211927 -0.211928 2.547010
v 0.114694 -0.276897 2.547010
v 0.000000 -0.299711 2.547010
v -0.114694 -0.276897 2.547010
v -0.211928 -0.211927 2.547010
v -0.276897 -0.114695 2.547010
v -0.299711 0.000000 2.547010
v -0.276897 0.114694 2.547010
v -0.211928 0.211928 2.547010
v -0.114694 0.276897 2.547010
v -0.218982 -0.090707 2.829500
v -0.218982 -0.090707 2.694650
v -0.167602 -0.167602 2.694650
v -0.167602 -0.167602 2.829500
v -0.090705 -0.218983 2.694650
v -0.090705 -0.218983 2.829500
v 0.000001 -0.237025 2.694650
v 0.000001 -0.237025 2.829500
v 0.090705 -0.218983 2.694650
v 0.090704 -0.218983 2.829500
v 0.167602 -0.167602 2.694650
v 0.167602 -0.167602 2.829500
v 0.218983 -0.090705 2.694650
v 0.218983 -0.090706 2.829500
v 0.237025 -0.000001 2.694650
v 0.237025 -0.000001 2.829500
v 0.218983 0.090704 2.694650
v 0.218983 0.090705 2.829500
v 0.167603 0.167601 2.694650
v 0.167603 0.167601 2.829500
v 0.090705 0.218983 2.694650
v 0.090705 0.218983 2.829500
v -0.000000 0.237025 2.694650
v -0.000002 0.237025 2.829500
v -0.090705 0.218983 2.694650
v -0.090705 0.218983 2.829500
v -0.167603 0.167602 2.694650
v -0.167602 0.167602 2.829500
v -0.218983 0.090705 2.694650
v -0.218983 0.090705 2.829500
v -0.237025 -0.000000 2.829500
v -0.237025 0.000000 2.694650
v -0.000000 0.253338 2.614690
v 0.096948 0.234055 2.614690
v 0.179138 0.179136 2.614690
v 0.234055 0.096947 2.614690
v 0.253338 -0.000001 2.614690
v 0.234055 -0.096948 2.614690
v 0.179137 -0.179138 2.614690
v 0.096948 -0.234054 2.614690
v 0.000001 -0.253339 2.614690
v -0.096948 -0.234055 2.614690
v -0.179138 -0.179137 2.614690
v -0.234054 -0.096950 2.614690
v -0.253338 0.000000 2.614690
v -0.234054 0.096948 2.614690
v -0.179138 0.179137 2.614690
v -0.096948 0.234054 2.614690
v 0.138764 0.138764 3.308100
v 0.075098 0.181304 3.308100
v 0.181304 0.075098 3.308100
v 0.196241 -0.000000 3.308100
v 0.181304 -0.075099 3.308100
v 0.138764 -0.138764 3.308100
v 0.075098 -0.181303 3.308100
v -0.000000 -0.196241 3.308100
v -0.075098 -0.181303 3.308100
v -0.138764 -0.138764 3.308100
v -0.181303 -0.075098 3.308100
v -0.196241 -0.000000 3.308100
v -0.181304 0.075098 3.308100
v -0.138764 0.138764 3.308100
v -0.075098 0.181304 3.308100
v 0.000000 0.196241 3.308100
v 0.148277 0.148277 3.325990
v 0.080247 0.193734 3.325990
v 0.193734 0.080247 3.325990
v 0.209695 -0.000000 3.325990
v 0.193734 -0.080247 3.325990
v 0.148277 -0.148277 3.325990
v 0.080247 -0.193733 3.325990
v -0.000000 -0.209695 3.325990
v -0.080247 -0.193733 3.325990
v -0.148277 -0.148277 3.325990
v -0.193733 -0.080247 3.325990
v -0.209695 -0.000000 3.325990
v -0.193734 0.080247 3.325990
v -0.148277 0.148277 3.325990
v -0.080247 0.193734 3.325990
v 0.000000 0.209695 3.325990
v -0.189351 -0.078432 3.324340
v -0.144923 -0.144923 3.324340
v -0.078432 -0.189351 3.324340
v -0.000000 -0.204952 3.324340
v 0.078432 -0.189351 3.324340
v 0.144923 -0.144923 3.324340
v 0.189351 -0.078432 3.324340
v 0.204952 -0.000000 3.324340
v 0.189351 0.078431 3.324340
v 0.144923 0.144923 3.324340
v 0.078432 0.189351 3.324340
v 0.000000 0.204952 3.324340
v -0.078432 0.189351 3.324340
v -0.144923 0.144923 3.324340
v -0.189351 0.078431 3.324340
v -0.204952 -0.000000 3.324340
v 0.173330 0.173329 3.243240
v 0.093805 0.226466 3.243240
v 0.226466 0.093806 3.243240
v 0.245125 0.000000 3.243240
v 0.226466 -0.093806 3.243240
v 0.173331 -0.173329 3.243240
v 0.093800 -0.226467 3.243240
v 0.000003 -0.245126 3.243240
v -0.093806 -0.226466 3.243240
v -0.173330 -0.173329 3.243240
v -0.226466 -0.093806 3.243240
v -0.245125 -0.000001 3.243240
v -0.226466 0.093805 3.243240
v -0.173330 0.173329 3.243240
v -0.093802 0.226467 3.243240
v -0.000007 0.245126 3.243230
v -0.237025 -0.000001 3.086200
v -0.237025 -0.000000 2.964360
v -0.218982 -0.090706 2.964360
v -0.218982 -0.090706 3.086200
v -0.218983 0.090705 3.086200
v -0.218983 0.090705 2.964360
v -0.167602 0.167602 3.086200
v -0.167602 0.167602 2.964360
v -0.090703 0.218983 3.086200
v -0.090704 0.218983 2.964360
v -0.000005 0.237026 3.086200
v -0.000003 0.237026 2.964360
v 0.090705 0.218983 3.086200
v 0.090705 0.218983 2.964360
v 0.167603 0.167601 3.086200
v 0.167603 0.167601 2.964360
v 0.218983 0.090706 3.086200
v 0.218983 0.090705 2.964360
v 0.237025 -0.000000 3.086200
v 0.237025 -0.000000 2.964360
v 0.218982 -0.090706 3.086200
v 0.218983 -0.090706 2.964360
v 0.167603 -0.167602 3.086200
v 0.167602 -0.167602 2.964360
v 0.090702 -0.218983 3.086200
v 0.090703 -0.218983 2.964360
v 0.000002 -0.237025 3.086200
v 0.000001 -0.237025 2.964360
v -0.090705 -0.218983 3.086200
v -0.090705 -0.218983 2.964360
v -0.167603 -0.167601 3.086200
v -0.167603 -0.167601 2.964360
v -0.245125 -0.000001 3.103770
v -0.226466 -0.093806 3.103770
v -0.226466 0.093805 3.103770
v -0.173330 0.173329 3.103770
v -0.093803 0.226467 3.103770
v -0.000005 0.245126 3.103770
v 0.093805 0.226466 3.103770
v 0.173330 0.173329 3.103770
v 0.226466 0.093805 3.103770
v 0.245125 -0.000000 3.103770
v 0.226466 -0.093806 3.103770
v 0.173330 -0.173329 3.103770
v 0.093801 -0.226467 3.103770
v 0.000002 -0.245126 3.103770
v -0.093805 -0.226466 3.103770
v -0.173330 -0.173329 3.103770
v 0.075914 -0.182871 3.290520
v 0.000169 -0.197938 3.291150
v -0.000857 -0.195979 3.167140
v 0.074139 -0.181061 3.166520
v 0.000169 0.197938 3.291150
v 0.075915 0.182871 3.290520
v 0.074139 0.181061 3.166520
v -0.000857 0.195979 3.167140
v 0.137717 -0.138578 3.165990
v 0.140128 -0.139964 3.289990
v -0.075852 0.181061 3.167760
v -0.075576 0.182871 3.291770
v -0.139430 0.138578 3.168290
v -0.139789 0.139964 3.292310
v -0.181912 0.074998 3.168640
v -0.182696 0.075747 3.292660
v -0.196829 -0.000000 3.168760
v -0.197762 -0.000000 3.292780
v -0.181912 -0.074998 3.168640
v -0.182696 -0.075748 3.292660
v -0.139430 -0.138578 3.168290
v -0.139790 -0.139963 3.292310
v -0.075852 -0.181061 3.167760
v -0.075576 -0.182871 3.291770
v 0.180198 -0.074998 3.165640
v 0.183034 -0.075748 3.289630
v 0.195116 -0.000000 3.165520
v 0.198101 -0.000000 3.289510
v 0.180198 0.074998 3.165640
v 0.183034 0.075747 3.289630
v 0.140128 0.139963 3.289990
v 0.137717 0.138578 3.165990
v 0.144360 0.143508 3.373040
v 0.078520 0.187503 3.373580
v 0.188353 0.077666 3.372680
v 0.203801 -0.000000 3.372550
v 0.188353 -0.077666 3.372680
v 0.144360 -0.143508 3.373040
v 0.078520 -0.187503 3.373580
v 0.000857 -0.202951 3.374230
v -0.076807 -0.187503 3.374870
v -0.142647 -0.143508 3.375410
v -0.186639 -0.077666 3.375780
v -0.202088 -0.000000 3.375910
v -0.186639 0.077666 3.375780
v -0.142647 0.143508 3.375410
v -0.076807 0.187503 3.374870
v 0.000857 0.202951 3.374230
v 0.080940 0.191994 3.441230
v 0.148357 0.146946 3.440670
v 0.193404 0.079526 3.440300
v 0.209222 -0.000000 3.440170
v 0.193404 -0.079527 3.440300
v 0.148357 -0.146946 3.440670
v 0.080940 -0.191994 3.441230
v 0.001416 -0.207812 3.441890
v -0.078107 -0.191994 3.442540
v -0.145524 -0.146946 3.443100
v -0.190571 -0.079527 3.443470
v -0.206389 -0.000000 3.443600
v -0.190571 0.079526 3.443470
v -0.145524 0.146946 3.443100
v -0.078107 0.191994 3.442540
v 0.001416 0.207812 3.441890
v 0.001976 -0.082775 3.509540
v 0.084748 -0.082775 3.508860
v 0.084748 -0.000000 3.508860
v 0.001976 -0.000000 3.509540
v 0.084748 0.082775 3.508860
v 0.001976 0.082775 3.509540
v -0.080796 -0.000000 3.510230
v -0.080796 0.082775 3.510230
v -0.080796 -0.082775 3.510230
v 0.201218 0.082547 3.503160
v 0.154460 0.152528 3.503550
v 0.153746 0.151787 3.506860
v 0.200277 0.082146 3.506480
v 0.151480 0.149508 3.508310
v 0.197312 0.080913 3.507930
v 0.084482 -0.199288 3.504120
v 0.154460 -0.152529 3.503550
v 0.153746 -0.151787 3.506860
v 0.084108 -0.198319 3.507440
v 0.151480 -0.149509 3.508310
v 0.082887 -0.195342 3.508870
v -0.197344 -0.082548 3.506460
v -0.150586 -0.152528 3.506070
v -0.149817 -0.151787 3.509370
v -0.196348 -0.082147 3.509760
v -0.147527 -0.149508 3.510780
v -0.193359 -0.080914 3.511160
v -0.080608 0.199288 3.505490
v -0.150586 0.152528 3.506070
v -0.149817 0.151787 3.509370
v -0.080179 0.198319 3.508800
v -0.147527 0.149509 3.510780
v -0.078934 0.195342 3.510210
v -0.197344 0.082548 3.506460
v -0.213763 -0.000000 3.506590
v -0.080608 -0.199288 3.505490
v 0.001937 -0.215708 3.504810
v 0.201218 -0.082548 3.503160
v 0.217637 -0.000000 3.503020
v 0.084482 0.199288 3.504120
v 0.001937 0.215708 3.504810
v 0.082887 0.195342 3.508870
v 0.001976 0.211437 3.509540
v -0.078934 -0.195342 3.510210
v 0.001976 -0.211437 3.509540
v 0.197312 -0.080914 3.507930
v 0.213406 -0.000000 3.507790
v -0.193359 0.080913 3.511160
v -0.209453 -0.000000 3.511290
v 0.084108 0.198319 3.507440
v 0.216616 -0.000000 3.506340
v 0.200277 -0.082147 3.506480
v 0.001964 -0.214659 3.508120
v -0.080179 -0.198319 3.508800
v -0.212687 -0.000000 3.509890
v -0.196348 0.082146 3.509760
v 0.001965 0.214659 3.508120
v -0.096735 0.112305 3.225700
v -0.096553 0.129019 3.234220
v -0.132222 0.126157 3.291940
v -0.128721 0.111211 3.275290
v -0.170592 0.108800 3.340640
v -0.168258 0.123135 3.350120
v -0.191235 0.155428 3.358080
v -0.202186 0.121995 3.343120
v -0.419523 0.135117 2.962890
v -0.398101 0.196542 2.935770
v -0.420480 0.202872 2.745640
v -0.454323 0.138304 2.793230
v -0.544317 0.147738 2.451690
v -0.476820 0.223088 2.371130
v -0.535590 0.226451 2.216170
v -0.617903 0.153113 2.286430
v -0.613713 0.228583 2.107510
v -0.716547 0.166277 2.164430
v -0.098671 0.096543 3.253750
v -0.097568 0.104526 3.236610
v -0.136071 0.103493 3.291710
v -0.140583 0.095734 3.308090
v -0.185434 0.095145 3.366090
v -0.176945 0.102027 3.350630
v -0.214051 0.104498 3.346320
v -0.230472 0.087226 3.356050
v -0.455733 0.064906 3.032200
v -0.431918 0.097929 2.987270
v -0.478648 0.097682 2.829950
v -0.516311 0.060776 2.881560
v -0.673868 0.053942 2.579060
v -0.600262 0.098491 2.508510
v -0.695428 0.102095 2.348420
v -0.791725 0.057048 2.426450
v -0.804639 0.108671 2.223040
v -0.906501 0.056466 2.298230
v -0.099811 0.088803 3.265130
v -0.136142 0.087545 3.308580
v -0.192479 0.086837 3.375720
v -0.242009 0.076440 3.363180
v -0.471089 0.056445 3.057630
v -0.538101 0.048922 2.915030
v -0.713617 0.038807 2.616770
v -0.842246 0.039707 2.476020
v -0.970515 0.036404 2.347370
v -0.101278 0.080078 3.273670
v -0.100132 0.073249 3.259960
v -0.101299 0.080682 3.274790
v -0.196635 0.075176 3.375410
v -0.198599 0.075646 3.379220
v -0.196003 0.072661 3.369100
v -0.248585 0.059024 3.355570
v -0.248631 0.073964 3.378770
v -0.486763 0.039900 3.087090
v -0.480539 0.048721 3.075030
v -0.550398 0.025747 2.940660
v -0.553293 0.000403 2.951700
v -0.744796 -0.049816 2.665550
v -0.738736 -0.003160 2.652040
v -0.883289 -0.013792 2.491360
v -0.894986 -0.073989 2.482470
v -0.987237 -0.032753 2.380860
v -1.010220 -0.110513 2.384480
v -0.101601 0.057034 3.262940
v -0.148451 0.056607 3.311950
v -0.202044 0.055557 3.367730
v -0.257059 0.046668 3.362470
v -0.498209 -0.000135 3.086840
v -0.565526 -0.040393 2.959340
v -0.770294 -0.093515 2.676820
v -0.923696 -0.119669 2.495150
v -1.034660 -0.158854 2.390310
v -0.975050 -0.156891 2.519530
v -1.072060 -0.200852 2.414830
v -0.816549 -0.129160 2.697620
v -0.517201 -0.032302 3.106330
v -0.589915 -0.074001 2.979410
v -0.213155 0.039962 3.381160
v -0.273925 0.024188 3.369870
v -0.101614 0.037362 3.277450
v -0.157184 0.038508 3.329170
v -0.686435 -0.114503 2.832170
v -0.651848 -0.079516 2.811750
v -0.633669 -0.036872 2.802320
v -0.633971 0.004443 2.791510
v -0.618230 0.042061 2.760330
v -0.586020 0.056730 2.725030
v -0.528377 0.098648 2.662000
v -0.485010 0.144162 2.612580
v -0.429957 0.213299 2.542460
v -0.704813 0.230435 2.006150
v -0.828871 0.182970 2.054000
v -0.926904 0.117150 2.104790
v -1.026440 0.054341 2.172150
v -1.099730 0.031274 2.222920
v -1.106110 -0.054039 2.269180
v -1.138150 -0.150940 2.268320
v -1.153190 -0.201809 2.273130
v -1.168770 -0.249705 2.287360
v -0.220625 0.165932 3.316790
v -0.236842 0.127013 3.305000
v -0.250184 0.104317 3.308700
v -0.268973 0.082006 3.321020
v -0.279082 0.072562 3.329810
v -0.284251 0.054222 3.325200
v -0.285743 0.073894 3.350660
v -0.294538 0.043529 3.333970
v -0.311134 0.018811 3.342320
v -0.454922 -0.003364 3.201070
v -0.435481 0.027711 3.185550
v -0.433631 0.065664 3.180800
v -0.412078 0.040715 3.186270
v -0.411117 0.062736 3.170260
v -0.399475 0.068856 3.150830
v -0.377578 0.099586 3.116660
v -0.367736 0.134219 3.103810
v -0.347903 0.191709 3.094940
v -0.271844 0.129297 3.255150
v -0.254602 0.173641 3.262260
v -0.289672 0.181819 3.210120
v -0.307542 0.131581 3.207400
v -0.318670 0.101420 3.213700
v -0.283718 0.103121 3.261470
v -0.340706 0.073749 3.236960
v -0.306091 0.078088 3.275520
v -0.351292 0.067569 3.251120
v -0.315989 0.069877 3.288450
v -0.354816 0.047765 3.253320
v -0.337769 0.049408 3.269000
v -0.355144 0.075452 3.278080
v -0.331169 0.073802 3.302960
v -0.367544 0.040195 3.264030
v -0.331188 0.041314 3.298000
v -0.386757 0.011644 3.275940
v -0.348061 0.014747 3.309020
v -0.133021 0.126509 3.291450
v -0.097362 0.129330 3.233730
v -0.097647 0.112199 3.225100
v -0.134485 0.110597 3.282260
v -0.190672 0.155641 3.357170
v -0.168679 0.123688 3.349180
v -0.171095 0.108940 3.339490
v -0.201747 0.121869 3.342030
v -0.419648 0.202325 2.745510
v -0.397225 0.196107 2.935540
v -0.418666 0.134654 2.962640
v -0.453512 0.137672 2.793250
v -0.535121 0.225616 2.215870
v -0.476239 0.222308 2.370900
v -0.543822 0.147112 2.450710
v -0.617433 0.152310 2.286020
v -0.613382 0.227704 2.107160
v -0.716200 0.165420 2.164050
v -0.137923 0.102844 3.292900
v -0.098222 0.103916 3.236140
v -0.099288 0.095915 3.253260
v -0.142555 0.095311 3.309060
v -0.213663 0.103861 3.345590
v -0.177477 0.101713 3.349710
v -0.185699 0.094681 3.364960
v -0.230306 0.086227 3.355730
v -0.478017 0.096842 2.830110
v -0.431204 0.097317 2.986860
v -0.455326 0.064023 3.031850
v -0.515214 0.059828 2.883570
v -0.695111 0.101187 2.348140
v -0.599781 0.097621 2.508350
v -0.673534 0.053007 2.578920
v -0.791482 0.056096 2.426250
v -0.804749 0.107704 2.222530
v -0.906737 0.055483 2.297650
v -0.100645 0.088652 3.264430
v -0.146519 0.087757 3.319200
v -0.192393 0.086862 3.373970
v -0.241826 0.076085 3.362000
v -0.470708 0.055568 3.057170
v -0.537903 0.048034 2.914100
v -0.713276 0.037924 2.616280
v -0.845009 0.038855 2.471960
v -0.970938 0.035525 2.345950
v -0.149281 0.070157 3.312770
v -0.101564 0.070466 3.258760
v -0.102772 0.077059 3.272080
v -0.150808 0.074849 3.324150
v -0.249472 0.056580 3.353340
v -0.196998 0.069849 3.366790
v -0.199067 0.072744 3.376100
v -0.249265 0.071267 3.376050
v -0.549734 0.025290 2.939910
v -0.480955 0.047329 3.074080
v -0.487743 0.037956 3.084050
v -0.552404 0.000046 2.951410
v -0.882584 -0.014141 2.490710
v -0.737985 -0.003629 2.651510
v -0.744194 -0.050163 2.664780
v -0.894090 -0.074323 2.482050
v -0.983616 -0.032934 2.383110
v -1.010280 -0.111057 2.383100
v -0.102375 0.057002 3.262190
v -0.152365 0.056323 3.314450
v -0.202465 0.055697 3.366660
v -0.256453 0.046708 3.361330
v -0.497459 -0.000602 3.086290
v -0.564856 -0.040960 2.958670
v -0.769951 -0.094182 2.676000
v -0.923122 -0.120387 2.494700
v -1.034190 -0.159608 2.389740
v -0.974525 -0.157700 2.519260
v -1.071410 -0.201553 2.414500
v -0.816060 -0.129967 2.697280
v -0.516456 -0.032920 3.106070
v -0.589201 -0.074668 2.979190
v -0.213450 0.039419 3.380180
v -0.273530 0.023587 3.369150
v -0.102258 0.036963 3.276800
v -0.157854 0.038191 3.328490
v -0.651088 -0.080094 2.811380
v -0.685844 -0.115261 2.831860
v -0.632842 -0.037178 2.801830
v -0.633202 0.004001 2.790960
v -0.617818 0.041202 2.759800
v -0.585589 0.055822 2.724950
v -0.527774 0.097849 2.661880
v -0.484123 0.143809 2.611740
v -0.429248 0.212602 2.542290
v -0.704537 0.229537 2.005810
v -0.828574 0.182094 2.053620
v -0.926598 0.116270 2.104430
v -1.026200 0.053396 2.171910
v -1.099220 0.030422 2.222440
v -1.105430 -0.054368 2.268510
v -1.137450 -0.151228 2.267660
v -1.152470 -0.202289 2.272600
v -1.168070 -0.250292 2.286960
v -0.219830 0.165804 3.316200
v -0.236110 0.126724 3.304340
v -0.249557 0.103703 3.308190
v -0.268217 0.081281 3.320820
v -0.278844 0.072010 3.328660
v -0.286005 0.051673 3.322210
v -0.286895 0.070893 3.347440
v -0.293727 0.043352 3.333210
v -0.310579 0.018224 3.341730
v -0.434795 0.027319 3.184850
v -0.454229 -0.003985 3.200690
v -0.424758 0.063182 3.190280
v -0.421003 0.036861 3.174930
v -0.411495 0.061839 3.168520
v -0.399012 0.067976 3.150610
v -0.376860 0.098982 3.116240
v -0.366892 0.133843 3.103410
v -0.347048 0.191351 3.094550
v -0.288863 0.181545 3.209600
v -0.253805 0.173426 3.261690
v -0.271004 0.128947 3.254690
v -0.306767 0.131253 3.206860
v -0.283496 0.102490 3.260410
v -0.317921 0.100822 3.213330
v -0.303509 0.077275 3.278190
v -0.339933 0.072910 3.237070
v -0.314473 0.069381 3.288680
v -0.351172 0.066807 3.249960
v -0.321872 0.048171 3.285030
v -0.358551 0.045008 3.248630
v -0.321594 0.070817 3.310610
v -0.357444 0.071986 3.274080
v -0.329473 0.041067 3.298250
v -0.366717 0.039891 3.263410
v -0.347481 0.014157 3.308460
v -0.386160 0.011028 3.275420
vn 0.1222 0.1222 -0.9850
vn 0.1597 0.0661 -0.9850
vn -0.0000 -0.0000 -1.0000
vn 0.0661 0.1597 -0.9850
vn -0.0000 0.1728 -0.9850
vn -0.0661 0.1597 -0.9850
vn -0.1222 0.1222 -0.9850
vn -0.1597 0.0661 -0.9850
vn -0.1728 -0.0000 -0.9850
vn -0.1597 -0.0661 -0.9850
vn -0.1222 -0.1222 -0.9850
vn -0.0661 -0.1597 -0.9850
vn -0.0000 -0.1728 -0.9850
vn 0.0661 -0.1597 -0.9850
vn 0.1222 -0.1222 -0.9850
vn 0.1597 -0.0661 -0.9850
vn 0.1728 -0.0000 -0.9850
vn -0.8957 -0.3710 0.2451
vn -0.9233 -0.3825 0.0339
vn -0.7067 -0.7067 0.0339
vn -0.6855 -0.6855 0.2451
vn -0.3825 -0.9233 0.0339
vn -0.3710 -0.8957 0.2450
vn -0.0000 -0.9994 0.0339
vn -0.0000 -0.9695 0.2451
vn 0.3825 -0.9233 0.0339
vn 0.3710 -0.8957 0.2451
vn 0.7067 -0.7067 0.0339
vn 0.6855 -0.6855 0.2451
vn 0.9233 -0.3825 0.0339
vn 0.8957 -0.3710 0.2450
vn 0.9994 -0.0000 0.0339
vn 0.9695 -0.0000 0.2451
vn 0.9234 0.3825 0.0339
vn 0.8957 0.3710 0.2451
vn 0.7067 0.7067 0.0339
vn 0.6855 0.6855 0.2451
vn 0.3825 0.9233 0.0339
vn 0.3710 0.8957 0.2451
vn -0.0000 0.9994 0.0339
vn -0.0000 0.9695 0.2451
vn -0.3825 0.9233 0.0339
vn -0.3710 0.8957 0.2451
vn -0.7067 0.7067 0.0339
vn -0.6855 0.6855 0.2451
vn -0.9233 0.3825 0.0339
vn -0.8957 0.3710 0.2450
vn -0.9994 -0.0000 0.0339
vn -0.9695 -0.0000 0.2451
vn 0.3198 0.7721 0.5491
vn 0.3493 0.8432 0.4087
vn -0.0000 0.9127 0.4087
vn -0.0000 0.8358 0.5491
vn 0.5910 0.5910 0.5490
vn 0.6454 0.6454 0.4087
vn 0.7721 0.3198 0.5491
vn 0.8432 0.3493 0.4087
vn 0.8358 -0.0000 0.5491
vn 0.9127 -0.0000 0.4087
vn 0.7721 -0.3198 0.5491
vn 0.8432 -0.3493 0.4087
vn 0.5910 -0.5910 0.5490
vn 0.6454 -0.6454 0.4087
vn 0.3198 -0.7722 0.5490
vn 0.3493 -0.8432 0.4087
vn -0.0000 -0.8358 0.5490
vn -0.0000 -0.9127 0.4087
vn -0.3198 -0.7722 0.5490
vn -0.3493 -0.8432 0.4087
vn -0.5910 -0.5910 0.5491
vn -0.6454 -0.6454 0.4087
vn -0.7722 -0.3198 0.5490
vn -0.8432 -0.3493 0.4087
vn -0.8358 -0.0000 0.5491
vn -0.9127 -0.0000 0.4087
vn -0.7721 0.3198 0.5491
vn -0.8432 0.3493 0.4087
vn -0.5910 0.5910 0.5490
vn -0.6454 0.6454 0.4087
vn -0.3198 0.7721 0.5491
vn -0.3493 0.8432 0.4087
vn 0.0908 0.0908 -0.9917
vn 0.1187 0.0492 -0.9917
vn 0.0492 0.1187 -0.9917
vn -0.0000 0.1285 -0.9917
vn -0.0492 0.1187 -0.9917
vn -0.0908 0.0908 -0.9917
vn -0.1187 0.0492 -0.9917
vn -0.1285 -0.0000 -0.9917
vn -0.1187 -0.0492 -0.9917
vn -0.0908 -0.0908 -0.9917
vn -0.0492 -0.1187 -0.9917
vn -0.0000 -0.1285 -0.9917
vn 0.0492 -0.1187 -0.9917
vn 0.0908 -0.0908 -0.9917
vn 0.1187 -0.0492 -0.9917
vn 0.1285 -0.0000 -0.9917
vn 0.3481 0.3481 -0.8705
vn 0.4548 0.1884 -0.8705
vn 0.1884 0.4548 -0.8705
vn -0.0000 0.4922 -0.8705
vn -0.1884 0.4548 -0.8705
vn -0.3481 0.3481 -0.8705
vn -0.4548 0.1884 -0.8705
vn -0.4922 -0.0000 -0.8705
vn -0.4548 -0.1884 -0.8705
vn -0.3481 -0.3481 -0.8705
vn -0.1884 -0.4548 -0.8705
vn -0.0000 -0.4922 -0.8705
vn 0.1884 -0.4548 -0.8705
vn 0.3481 -0.3481 -0.8705
vn 0.4548 -0.1884 -0.8705
vn 0.4922 -0.0000 -0.8705
vn 0.1781 0.1781 -0.9678
vn 0.2863 0.2863 -0.9144
vn 0.3741 0.1550 -0.9144
vn 0.2327 0.0964 -0.9678
vn 0.0964 0.2327 -0.9678
vn 0.1550 0.3741 -0.9144
vn -0.0000 0.2518 -0.9678
vn -0.0000 0.4049 -0.9144
vn -0.0964 0.2327 -0.9678
vn -0.1550 0.3741 -0.9144
vn -0.1781 0.1781 -0.9678
vn -0.2863 0.2863 -0.9144
vn -0.2327 0.0964 -0.9678
vn -0.3741 0.1550 -0.9144
vn -0.2518 -0.0000 -0.9678
vn -0.4049 -0.0000 -0.9144
vn -0.2327 -0.0964 -0.9678
vn -0.3741 -0.1550 -0.9144
vn -0.1781 -0.1781 -0.9678
vn -0.2863 -0.2863 -0.9144
vn -0.0964 -0.2327 -0.9678
vn -0.1550 -0.3741 -0.9144
vn -0.0000 -0.2518 -0.9678
vn -0.0000 -0.4049 -0.9144
vn 0.0964 -0.2327 -0.9678
vn 0.1550 -0.3741 -0.9144
vn 0.1781 -0.1781 -0.9678
vn 0.2863 -0.2863 -0.9144
vn 0.2327 -0.0964 -0.9678
vn 0.3741 -0.1550 -0.9144
vn 0.2518 -0.0000 -0.9678
vn 0.4049 -0.0000 -0.9144
vn 0.9239 0.3827 -0.0000
vn 0.7071 0.7071 -0.0000
vn 1.0000 -0.0000 -0.0000
vn 0.9239 -0.3827 -0.0000
vn 0.7071 -0.7071 -0.0000
vn 0.3827 -0.9239 -0.0000
vn -0.0000 -1.0000 -0.0000
vn -0.3827 -0.9239 -0.0000
vn -0.7071 -0.7071 -0.0000
vn -0.9239 -0.3827 -0.0000
vn -1.0000 -0.0000 -0.0000
vn -0.9239 0.3827 -0.0000
vn -0.7071 0.7071 -0.0000
vn -0.3827 0.9239 -0.0000
vn -0.0000 1.0000 -0.0000
vn 0.3827 0.9239 -0.0000
vn -0.9238 -0.3826 -0.0155
vn -0.7070 -0.7070 -0.0155
vn -0.3826 -0.9238 -0.0155
vn -0.0000 -0.9999 -0.0155
vn 0.3826 -0.9238 -0.0155
vn 0.7070 -0.7070 -0.0155
vn 0.9238 -0.3826 -0.0155
vn 0.9999 -0.0000 -0.0155
vn 0.9238 0.3826 -0.0155
vn 0.7070 0.7070 -0.0155
vn 0.3826 0.9238 -0.0155
vn -0.0000 0.9999 -0.0155
vn -0.3826 0.9238 -0.0155
vn -0.7070 0.7070 -0.0155
vn -0.9238 0.3826 -0.0155
vn -0.9999 -0.0000 -0.0155
vn -0.5397 -0.5397 -0.6462
vn -0.6271 -0.6271 -0.4621
vn -0.8193 -0.3394 -0.4621
vn -0.7051 -0.2921 -0.6462
vn -0.2921 -0.7051 -0.6462
vn -0.3394 -0.8193 -0.4621
vn -0.0000 -0.7632 -0.6462
vn -0.0000 -0.8868 -0.4621
vn 0.2921 -0.7051 -0.6462
vn 0.3394 -0.8193 -0.4621
vn 0.5397 -0.5397 -0.6462
vn 0.6271 -0.6271 -0.4621
vn 0.7051 -0.2921 -0.6462
vn 0.8193 -0.3394 -0.4620
vn 0.7632 -0.0000 -0.6462
vn 0.8868 -0.0000 -0.4621
vn 0.7051 0.2921 -0.6462
vn 0.8193 0.3394 -0.4621
vn 0.5397 0.5397 -0.6462
vn 0.6271 0.6271 -0.4621
vn 0.2921 0.7051 -0.6462
vn 0.3394 0.8193 -0.4620
vn -0.0000 0.7632 -0.6462
vn -0.0000 0.8868 -0.4621
vn -0.2921 0.7051 -0.6462
vn -0.3394 0.8193 -0.4621
vn -0.5397 0.5397 -0.6462
vn -0.6271 0.6271 -0.4621
vn -0.7051 0.2921 -0.6462
vn -0.8193 0.3394 -0.4621
vn -0.7632 -0.0000 -0.6462
vn -0.8869 -0.0000 -0.4620
vn -0.9034 -0.3742 -0.2094
vn -0.6914 -0.6914 -0.2094
vn -0.3742 -0.9034 -0.2094
vn -0.0000 -0.9778 -0.2094
vn 0.3742 -0.9034 -0.2094
vn 0.6914 -0.6914 -0.2094
vn 0.9034 -0.3742 -0.2094
vn 0.9778 -0.0000 -0.2094
vn 0.9034 0.3742 -0.2094
vn 0.6914 0.6914 -0.2094
vn 0.3742 0.9034 -0.2094
vn -0.0000 0.9778 -0.2094
vn -0.3742 0.9034 -0.2094
vn -0.6914 0.6914 -0.2094
vn -0.9034 0.3742 -0.2094
vn -0.9778 -0.0000 -0.2094
vn -0.1222 -0.1222 0.9850
vn -0.0000 -0.0000 1.0000
vn -0.1596 -0.0661 0.9850
vn -0.0661 -0.1596 0.9850
vn -0.0000 -0.1728 0.9850
vn 0.0661 -0.1596 0.9850
vn 0.1222 -0.1222 0.9850
vn 0.1596 -0.0661 0.9850
vn 0.1728 -0.0000 0.9850
vn 0.1596 0.0661 0.9850
vn 0.1222 0.1222 0.9850
vn 0.0661 0.1596 0.9850
vn -0.0000 0.1728 0.9850
vn -0.0661 0.1596 0.9850
vn -0.1222 0.1222 0.9850
vn -0.1596 0.0661 0.9850
vn -0.1728 -0.0000 0.9850
vn 0.7067 0.7067 -0.0336
vn 0.9234 0.3825 -0.0336
vn 0.8981 0.3720 -0.2344
vn 0.6874 0.6874 -0.2344
vn 0.3825 0.9234 -0.0336
vn 0.3720 0.8981 -0.2344
vn -0.0000 0.9994 -0.0336
vn -0.0000 0.9721 -0.2344
vn -0.3825 0.9234 -0.0336
vn -0.3720 0.8981 -0.2344
vn -0.7067 0.7067 -0.0336
vn -0.6874 0.6874 -0.2345
vn -0.9234 0.3825 -0.0337
vn -0.8981 0.3720 -0.2344
vn -0.9994 -0.0000 -0.0337
vn -0.9721 -0.0000 -0.2345
vn -0.9234 -0.3825 -0.0336
vn -0.8982 -0.3720 -0.2344
vn -0.7067 -0.7067 -0.0337
vn -0.6874 -0.6874 -0.2344
vn -0.3825 -0.9234 -0.0337
vn -0.3720 -0.8981 -0.2344
vn -0.0000 -0.9994 -0.0337
vn -0.0000 -0.9721 -0.2344
vn 0.3825 -0.9234 -0.0337
vn 0.3720 -0.8981 -0.2344
vn 0.7067 -0.7067 -0.0337
vn 0.6874 -0.6874 -0.2344
vn 0.9234 -0.3825 -0.0336
vn 0.8981 -0.3720 -0.2344
vn 0.9994 -0.0000 -0.0337
vn 0.9721 -0.0000 -0.2344
vn -0.0000 -0.9160 -0.4011
vn -0.3506 -0.8463 -0.4010
vn -0.3060 -0.7387 -0.6006
vn -0.0000 -0.7996 -0.6006
vn -0.6477 -0.6477 -0.4011
vn -0.5654 -0.5654 -0.6006
vn -0.8463 -0.3506 -0.4011
vn -0.7387 -0.3060 -0.6006
vn -0.9161 -0.0000 -0.4010
vn -0.7996 -0.0000 -0.6006
vn -0.8463 0.3506 -0.4011
vn -0.7387 0.3060 -0.6006
vn -0.6478 0.6478 -0.4010
vn -0.5654 0.5654 -0.6006
vn -0.3506 0.8463 -0.4011
vn -0.3060 0.7387 -0.6006
vn -0.0000 0.9161 -0.4010
vn -0.0000 0.7996 -0.6006
vn 0.3506 0.8463 -0.4011
vn 0.3060 0.7387 -0.6006
vn 0.6477 0.6477 -0.4011
vn 0.5654 0.5654 -0.6006
vn 0.8463 0.3506 -0.4011
vn 0.7387 0.3060 -0.6006
vn 0.9161 -0.0000 -0.4010
vn 0.7996 -0.0000 -0.6006
vn 0.8463 -0.3506 -0.4010
vn 0.7387 -0.3060 -0.6006
vn 0.6477 -0.6477 -0.4011
vn 0.5654 -0.5654 -0.6006
vn 0.3506 -0.8463 -0.4010
vn 0.3060 -0.7387 -0.6006
vn -0.2669 -0.6444 -0.7166
vn -0.0000 -0.6975 -0.7166
vn -0.4932 -0.4932 -0.7166
vn -0.6444 -0.2669 -0.7166
vn -0.6975 -0.0000 -0.7166
vn -0.6444 0.2669 -0.7166
vn -0.4932 0.4932 -0.7166
vn -0.2669 0.6444 -0.7166
vn -0.0000 0.6975 -0.7166
vn 0.2669 0.6444 -0.7166
vn 0.4932 0.4932 -0.7166
vn 0.6444 0.2669 -0.7166
vn 0.6975 -0.0000 -0.7166
vn 0.6444 -0.2669 -0.7166
vn 0.4932 -0.4932 -0.7166
vn 0.2669 -0.6444 -0.7166
vn -0.1036 -0.1036 0.9892
vn -0.1354 -0.0561 0.9892
vn -0.0561 -0.1354 0.9892
vn -0.0000 -0.1466 0.9892
vn 0.0561 -0.1354 0.9892
vn 0.1036 -0.1036 0.9892
vn 0.1354 -0.0561 0.9892
vn 0.1466 -0.0000 0.9892
vn 0.1354 0.0561 0.9892
vn 0.1036 0.1036 0.9892
vn 0.0561 0.1354 0.9892
vn -0.0000 0.1466 0.9892
vn -0.0561 0.1354 0.9892
vn -0.1036 0.1036 0.9892
vn -0.1354 0.0561 0.9892
vn -0.1466 -0.0000 0.9892
vn -0.3533 -0.3533 0.8662
vn -0.4617 -0.1912 0.8662
vn -0.1912 -0.4617 0.8662
vn -0.0000 -0.4997 0.8662
vn 0.1912 -0.4617 0.8662
vn 0.3533 -0.3533 0.8662
vn 0.4616 -0.1912 0.8662
vn 0.4997 -0.0000 0.8662
vn 0.4617 0.1912 0.8662
vn 0.3533 0.3533 0.8662
vn 0.1912 0.4616 0.8662
vn -0.0000 0.4997 0.8662
vn -0.1912 0.4617 0.8662
vn -0.3533 0.3533 0.8662
vn -0.4617 0.1912 0.8662
vn -0.4997 -0.0000 0.8662
vn -0.3745 -0.1551 0.9141
vn -0.2867 -0.2867 0.9141
vn -0.1790 -0.1790 0.9674
vn -0.2338 -0.0968 0.9675
vn -0.1551 -0.3745 0.9141
vn -0.0969 -0.2338 0.9674
vn -0.0000 -0.4054 0.9141
vn -0.0000 -0.2531 0.9674
vn 0.1551 -0.3745 0.9141
vn 0.0969 -0.2338 0.9674
vn 0.2867 -0.2867 0.9141
vn 0.1789 -0.1789 0.9675
vn 0.3745 -0.1551 0.9141
vn 0.2338 -0.0968 0.9675
vn 0.4054 -0.0000 0.9141
vn 0.2530 -0.0000 0.9675
vn 0.3745 0.1551 0.9141
vn 0.2338 0.0968 0.9675
vn 0.2867 0.2867 0.9141
vn 0.1789 0.1789 0.9675
vn 0.1551 0.3745 0.9141
vn 0.0969 0.2338 0.9674
vn -0.0000 0.4054 0.9141
vn -0.0000 0.2531 0.9674
vn -0.1551 0.3745 0.9141
vn -0.0969 0.2338 0.9674
vn -0.2867 0.2867 0.9141
vn -0.1789 0.1789 0.9675
vn -0.3745 0.1551 0.9141
vn -0.2338 0.0968 0.9675
vn -0.4054 -0.0000 0.9141
vn -0.2531 -0.0000 0.9674
vn 0.7070 0.7070 0.0143
vn 0.9238 0.3827 0.0143
vn 0.3826 0.9238 0.0143
vn -0.0000 0.9999 0.0143
vn -0.3826 0.9238 0.0143
vn -0.7070 0.7070 0.0143
vn -0.9238 0.3826 0.0143
vn -0.9999 -0.0000 0.0143
vn -0.9238 -0.3826 0.0143
vn -0.7070 -0.7070 0.0143
vn -0.3826 -0.9238 0.0143
vn -0.0000 -0.9999 0.0143
vn 0.3826 -0.9238 0.0143
vn 0.7070 -0.7070 0.0143
vn 0.9238 -0.3826 0.0143
vn 0.9999 -0.0000 0.0143
vn 0.8300 0.3438 0.4392
vn 0.6353 0.6353 0.4392
vn 0.5397 0.5397 0.6462
vn 0.7051 0.2921 0.6462
vn 0.3438 0.8300 0.4392
vn 0.2921 0.7051 0.6462
vn -0.0000 0.8984 0.4392
vn -0.0000 0.7632 0.6462
vn -0.3438 0.8300 0.4392
vn -0.2921 0.7051 0.6462
vn -0.6353 0.6353 0.4392
vn -0.5397 0.5397 0.6462
vn -0.8300 0.3438 0.4392
vn -0.7051 0.2921 0.6462
vn -0.8984 -0.0000 0.4392
vn -0.7632 -0.0000 0.6462
vn -0.8300 -0.3438 0.4392
vn -0.7051 -0.2921 0.6462
vn -0.6353 -0.6353 0.4392
vn -0.5397 -0.5397 0.6462
vn -0.3438 -0.8300 0.4392
vn -0.2921 -0.7051 0.6462
vn -0.0000 -0.8984 0.4392
vn -0.0000 -0.7632 0.6462
vn 0.3438 -0.8300 0.4392
vn 0.2921 -0.7051 0.6462
vn 0.6353 -0.6353 0.4392
vn 0.5397 -0.5397 0.6462
vn 0.8300 -0.3438 0.4392
vn 0.7051 -0.2921 0.6462
vn 0.8984 -0.0000 0.4392
vn 0.7632 -0.0000 0.6462
vn 0.9039 0.3744 0.2068
vn 0.6918 0.6918 0.2068
vn 0.3744 0.9039 0.2068
vn -0.0000 0.9784 0.2068
vn -0.3744 0.9039 0.2068
vn -0.6918 0.6918 0.2068
vn -0.9039 0.3744 0.2068
vn -0.9784 -0.0000 0.2068
vn -0.9039 -0.3744 0.2068
vn -0.6918 -0.6918 0.2068
vn -0.3744 -0.9039 0.2068
vn -0.0000 -0.9784 0.2068
vn 0.3744 -0.9039 0.2068
vn 0.6918 -0.6918 0.2068
vn 0.9039 -0.3744 0.2068
vn 0.9784 -0.0000 0.2068
vn 0.6094 0.6094 0.5072
vn 0.6390 0.6390 0.4282
vn 0.3458 0.8349 0.4283
vn 0.3298 0.7962 0.5073
vn 0.6986 0.6986 0.1544
vn 0.6969 0.6969 -0.1695
vn 0.3771 0.9105 -0.1695
vn 0.3781 0.9128 0.1544
vn 0.9128 0.3781 0.1544
vn 0.9105 0.3772 -0.1695
vn 0.9880 -0.0000 0.1544
vn 0.9855 -0.0000 -0.1695
vn 0.9128 -0.3781 0.1544
vn 0.9105 -0.3771 -0.1695
vn 0.6986 -0.6986 0.1544
vn 0.6969 -0.6969 -0.1695
vn 0.3781 -0.9128 0.1544
vn 0.3771 -0.9105 -0.1695
vn -0.0000 -0.9880 0.1544
vn -0.0000 -0.9855 -0.1695
vn -0.3781 -0.9128 0.1544
vn -0.3771 -0.9105 -0.1695
vn -0.6986 -0.6986 0.1544
vn -0.6969 -0.6969 -0.1695
vn -0.9128 -0.3781 0.1544
vn -0.9105 -0.3772 -0.1695
vn -0.9880 -0.0000 0.1544
vn -0.9855 -0.0000 -0.1695
vn -0.9128 0.3781 0.1544
vn -0.9105 0.3771 -0.1695
vn -0.6986 0.6986 0.1544
vn -0.6969 0.6969 -0.1695
vn -0.3781 0.9128 0.1544
vn -0.3772 0.9105 -0.1695
vn -0.0000 0.9880 0.1544
vn -0.0000 0.9855 -0.1695
vn 0.7962 0.3298 0.5072
vn 0.8349 0.3458 0.4283
vn 0.8618 -0.0000 0.5073
vn 0.9037 -0.0000 0.4282
vn 0.7962 -0.3298 0.5072
vn 0.8349 -0.3458 0.4283
vn 0.6094 -0.6094 0.5073
vn 0.6390 -0.6390 0.4283
vn 0.3298 -0.7962 0.5073
vn 0.3458 -0.8349 0.4282
vn -0.0000 -0.8618 0.5073
vn -0.0000 -0.9037 0.4282
vn -0.3298 -0.7962 0.5073
vn -0.3458 -0.8349 0.4282
vn -0.6094 -0.6094 0.5072
vn -0.6390 -0.6390 0.4282
vn -0.7962 -0.3298 0.5073
vn -0.8349 -0.3458 0.4282
vn -0.8618 -0.0000 0.5073
vn -0.9037 -0.0000 0.4282
vn -0.7962 0.3298 0.5072
vn -0.8349 0.3458 0.4283
vn -0.6094 0.6094 0.5073
vn -0.6390 0.6390 0.4282
vn -0.3298 0.7962 0.5073
vn -0.3458 0.8349 0.4282
vn -0.0000 0.8618 0.5073
vn -0.0000 0.9037 0.4282
vn 0.3049 0.7361 0.6044
vn -0.0000 0.7967 0.6044
vn 0.5634 0.5634 0.6044
vn 0.7361 0.3049 0.6044
vn 0.7967 -0.0000 0.6044
vn 0.7361 -0.3049 0.6044
vn 0.5634 -0.5634 0.6044
vn 0.3049 -0.7361 0.6044
vn -0.0000 -0.7967 0.6044
vn -0.3049 -0.7361 0.6044
vn -0.5634 -0.5634 0.6044
vn -0.7361 -0.3049 0.6044
vn -0.7967 -0.0000 0.6044
vn -0.7361 0.3049 0.6044
vn -0.5634 0.5634 0.6044
vn -0.3049 0.7361 0.6043
vn -0.9210 -0.3815 0.0785
vn -0.7049 -0.7049 0.0785
vn -0.3815 -0.9210 0.0785
vn -0.0000 -0.9969 0.0785
vn 0.3815 -0.9210 0.0785
vn 0.7049 -0.7049 0.0785
vn 0.9210 -0.3815 0.0785
vn 0.9969 -0.0000 0.0785
vn 0.9210 0.3815 0.0785
vn 0.7049 0.7049 0.0785
vn 0.3815 0.9210 0.0785
vn -0.0000 0.9969 0.0785
vn -0.3815 0.9210 0.0785
vn -0.7049 0.7049 0.0785
vn -0.9210 0.3815 0.0785
vn -0.9969 -0.0000 0.0785
vn -0.0000 0.9119 0.4105
vn 0.3490 0.8424 0.4105
vn 0.6448 0.6448 0.4105
vn 0.8424 0.3490 0.4105
vn 0.9119 -0.0000 0.4105
vn 0.8424 -0.3490 0.4105
vn 0.6448 -0.6448 0.4105
vn 0.3490 -0.8424 0.4105
vn -0.0000 -0.9119 0.4105
vn -0.3490 -0.8424 0.4105
vn -0.6448 -0.6448 0.4105
vn -0.8424 -0.3489 0.4105
vn -0.9119 -0.0000 0.4105
vn -0.8424 0.3490 0.4105
vn -0.6448 0.6448 0.4105
vn -0.3490 0.8424 0.4105
vn -0.7036 -0.7036 0.0994
vn -0.3808 -0.9193 0.0995
vn -0.9193 -0.3808 0.0995
vn -0.9950 -0.0000 0.0994
vn -0.9193 0.3808 0.0995
vn -0.7036 0.7036 0.0995
vn -0.3808 0.9193 0.0995
vn -0.0000 0.9950 0.0995
vn 0.3808 0.9193 0.0994
vn 0.7036 0.7036 0.0994
vn 0.9193 0.3808 0.0995
vn 0.9950 -0.0000 0.0994
vn 0.9193 -0.3808 0.0995
vn 0.7036 -0.7036 0.0995
vn 0.3808 -0.9193 0.0994
vn -0.0000 -0.9950 0.0995
vn 0.0131 0.0131 0.9998
vn 0.0463 0.0463 0.9979
vn 0.0250 0.0604 0.9979
vn 0.0071 0.0171 0.9998
vn 0.0171 0.0071 0.9998
vn 0.0608 0.0252 0.9978
vn 0.0186 -0.0000 0.9998
vn 0.0658 -0.0000 0.9978
vn 0.0171 -0.0071 0.9998
vn 0.0604 -0.0250 0.9979
vn 0.0131 -0.0131 0.9998
vn 0.0463 -0.0463 0.9979
vn 0.0071 -0.0171 0.9998
vn 0.0250 -0.0604 0.9979
vn -0.0000 -0.0185 0.9998
vn -0.0000 -0.0658 0.9978
vn -0.0071 -0.0171 0.9998
vn -0.0250 -0.0604 0.9979
vn -0.0131 -0.0131 0.9998
vn -0.0463 -0.0463 0.9979
vn -0.0172 -0.0071 0.9998
vn -0.0604 -0.0250 0.9979
vn -0.0186 -0.0000 0.9998
vn -0.0654 -0.0000 0.9979
vn -0.0171 0.0071 0.9998
vn -0.0604 0.0250 0.9979
vn -0.0131 0.0131 0.9998
vn -0.0463 0.0463 0.9979
vn -0.0071 0.0171 0.9998
vn -0.0250 0.0604 0.9979
vn -0.0000 0.0185 0.9998
vn -0.0000 0.0654 0.9979
vn 0.8142 0.3372 0.4727
vn 0.6231 0.6231 0.4727
vn 0.2333 0.2332 0.9440
vn 0.3048 0.1263 0.9440
vn 0.3372 0.8142 0.4727
vn 0.1262 0.3047 0.9440
vn -0.0000 0.8812 0.4727
vn -0.0000 0.3299 0.9440
vn -0.3372 0.8142 0.4727
vn -0.1262 0.3048 0.9440
vn -0.6231 0.6231 0.4726
vn -0.2333 0.2333 0.9440
vn -0.8142 0.3372 0.4726
vn -0.3048 0.1262 0.9440
vn -0.8812 -0.0000 0.4727
vn -0.3299 -0.0000 0.9440
vn -0.8142 -0.3372 0.4726
vn -0.3048 -0.1263 0.9440
vn -0.6232 -0.6231 0.4727
vn -0.2332 -0.2333 0.9440
vn -0.3372 -0.8142 0.4726
vn -0.1262 -0.3048 0.9440
vn -0.0000 -0.8812 0.4727
vn -0.0000 -0.3299 0.9440
vn 0.3372 -0.8142 0.4726
vn 0.1263 -0.3048 0.9440
vn 0.6231 -0.6231 0.4726
vn 0.2333 -0.2333 0.9440
vn 0.8142 -0.3372 0.4726
vn 0.3048 -0.1262 0.9440
vn 0.8812 -0.0000 0.4727
vn 0.3299 -0.0000 0.9440
vn 0.7059 0.7059 -0.0576
vn 0.3820 0.9224 -0.0576
vn 0.9223 0.3821 -0.0577
vn 0.9983 -0.0000 -0.0576
vn 0.9223 -0.3820 -0.0576
vn 0.7059 -0.7059 -0.0577
vn 0.3820 -0.9223 -0.0577
vn -0.0000 -0.9983 -0.0576
vn -0.3821 -0.9223 -0.0576
vn -0.7059 -0.7059 -0.0577
vn -0.9223 -0.3821 -0.0577
vn -0.9983 -0.0000 -0.0576
vn -0.9223 0.3820 -0.0576
vn -0.7059 0.7059 -0.0576
vn -0.3821 0.9223 -0.0576
vn -0.0000 0.9983 -0.0576
vn -0.9981 -0.0000 -0.0615
vn -0.9221 -0.3820 -0.0615
vn -0.9221 0.3820 -0.0615
vn -0.7057 0.7058 -0.0615
vn -0.3820 0.9221 -0.0616
vn -0.0000 0.9981 -0.0615
vn 0.3820 0.9221 -0.0615
vn 0.7058 0.7058 -0.0615
vn 0.9221 0.3819 -0.0615
vn 0.9981 -0.0000 -0.0615
vn 0.9221 -0.3820 -0.0615
vn 0.7058 -0.7058 -0.0616
vn 0.3820 -0.9221 -0.0616
vn -0.0000 -0.9981 -0.0616
vn -0.3820 -0.9221 -0.0615
vn -0.7058 -0.7058 -0.0615
vn -0.9988 -0.0000 -0.0484
vn -0.9228 -0.3822 -0.0484
vn -0.9228 0.3822 -0.0484
vn -0.7063 0.7063 -0.0484
vn -0.3822 0.9228 -0.0485
vn -0.0000 0.9988 -0.0484
vn 0.3822 0.9228 -0.0484
vn 0.7063 0.7063 -0.0484
vn 0.9228 0.3822 -0.0484
vn 0.9988 -0.0000 -0.0484
vn 0.9228 -0.3822 -0.0485
vn 0.7063 -0.7063 -0.0484
vn 0.3822 -0.9228 -0.0484
vn -0.0000 -0.9988 -0.0485
vn -0.3822 -0.9228 -0.0484
vn -0.7063 -0.7063 -0.0484
vn 0.1949 -0.9807 -0.0171
vn 0.1949 0.9807 -0.0171
vn 0.5553 -0.8314 -0.0201
vn 0.5554 -0.8314 -0.0201
vn -0.1952 0.9807 -0.0139
vn -0.5556 0.8314 -0.0109
vn -0.8315 0.5555 -0.0086
vn -0.9808 0.1951 -0.0074
vn -0.9808 -0.1951 -0.0074
vn -0.8315 -0.5555 -0.0086
vn -0.5556 -0.8314 -0.0109
vn -0.1952 -0.9807 -0.0139
vn 0.8312 -0.5555 -0.0224
vn 0.9805 -0.1951 -0.0236
vn 0.9805 0.1951 -0.0236
vn 0.5554 0.8314 -0.0201
vn 0.8312 0.5555 -0.0224
vn 0.7050 0.7056 -0.0718
vn 0.5541 0.8300 -0.0637
vn 0.3813 0.9219 -0.0691
vn 0.9213 0.3819 -0.0736
vn 0.8295 0.5546 -0.0659
vn 0.9973 -0.0000 -0.0739
vn 0.9786 0.1948 -0.0672
vn 0.9786 0.1947 -0.0672
vn 0.9213 -0.3819 -0.0733
vn 0.9786 -0.1947 -0.0672
vn 0.7050 -0.7056 -0.0718
vn 0.8295 -0.5546 -0.0659
vn 0.3813 -0.9219 -0.0686
vn 0.5541 -0.8300 -0.0637
vn -0.0005 -0.9979 -0.0655
vn 0.1942 -0.9791 -0.0607
vn -0.3824 -0.9219 -0.0628
vn -0.1952 -0.9791 -0.0575
vn -0.7061 -0.7056 -0.0602
vn -0.5551 -0.8300 -0.0545
vn -0.9224 -0.3819 -0.0584
vn -0.8305 -0.5546 -0.0522
vn -0.9983 -0.0000 -0.0577
vn -0.9795 -0.1947 -0.0510
vn -0.9795 -0.1948 -0.0510
vn -0.9224 0.3819 -0.0579
vn -0.9795 0.1947 -0.0510
vn -0.9795 0.1948 -0.0510
vn -0.7061 0.7056 -0.0602
vn -0.8305 0.5546 -0.0522
vn -0.3824 0.9219 -0.0625
vn -0.5551 0.8300 -0.0545
vn -0.0005 0.9978 -0.0656
vn -0.1952 0.9791 -0.0575
vn 0.1942 0.9791 -0.0607
vn 0.3800 0.9194 -0.1012
vn 0.7029 0.7037 -0.1036
vn 0.9186 0.3808 -0.1057
vn 0.9943 -0.0000 -0.1062
vn 0.9186 -0.3808 -0.1055
vn 0.7029 -0.7037 -0.1037
vn 0.3800 -0.9194 -0.1012
vn -0.0008 -0.9952 -0.0981
vn -0.3816 -0.9194 -0.0948
vn -0.7045 -0.7037 -0.0926
vn -0.9202 -0.3808 -0.0903
vn -0.9959 -0.0000 -0.0902
vn -0.9202 0.3808 -0.0905
vn -0.7045 0.7037 -0.0922
vn -0.3816 0.9194 -0.0949
vn -0.0008 0.9951 -0.0984
vn 0.0083 -0.0000 1.0000
vn 0.0082 -0.0000 1.0000
vn 0.9181 0.3806 -0.1105
vn 0.7025 0.7033 -0.1087
vn 0.6766 0.6741 0.2965
vn 0.8833 0.3649 0.2945
vn 0.3814 0.1548 0.9114
vn 0.2936 0.2861 0.9121
vn 0.0214 0.0131 0.9997
vn 0.0229 0.0060 0.9997
vn 0.3798 -0.9190 -0.1061
vn 0.7024 -0.7034 -0.1087
vn 0.6765 -0.6741 0.2965
vn 0.3674 -0.8809 0.2985
vn 0.1624 -0.3738 0.9132
vn 0.2936 -0.2861 0.9121
vn 0.0215 -0.0132 0.9997
vn 0.0143 -0.0146 0.9998
vn -0.9198 -0.3807 -0.0953
vn -0.7042 -0.7033 -0.0971
vn -0.6715 -0.6741 0.3078
vn -0.8782 -0.3648 0.3094
vn -0.3660 -0.1547 0.9177
vn -0.2785 -0.2861 0.9168
vn -0.0049 -0.0132 0.9999
vn -0.0063 -0.0061 1.0000
vn -0.3815 0.9190 -0.0998
vn -0.7042 0.7034 -0.0971
vn -0.6715 0.6740 0.3078
vn -0.3623 0.8808 0.3048
vn -0.1472 0.3736 0.9158
vn -0.2785 0.2861 0.9168
vn -0.0049 0.0131 0.9999
vn 0.0023 0.0146 0.9999
vn -0.9198 0.3807 -0.0953
vn -0.9955 -0.0000 -0.0947
vn -0.3815 -0.9190 -0.0998
vn -0.0008 -0.9947 -0.1029
vn 0.9181 -0.3806 -0.1105
vn 0.9938 -0.0000 -0.1111
vn 0.3798 0.9190 -0.1060
vn -0.0008 0.9947 -0.1029
vn 0.0143 0.0145 0.9998
vn 0.0083 0.0146 0.9999
vn 0.0022 -0.0146 0.9999
vn 0.0083 -0.0146 0.9999
vn 0.0228 -0.0060 0.9997
vn 0.0228 -0.0000 0.9997
vn -0.0063 0.0060 1.0000
vn -0.0063 -0.0000 1.0000
vn 0.3673 0.8808 0.2989
vn 0.1624 0.3737 0.9132
vn 0.9558 -0.0000 0.2939
vn 0.4117 -0.0000 0.9113
vn 0.8833 -0.3648 0.2945
vn 0.3813 -0.1548 0.9114
vn 0.0025 -0.9533 0.3021
vn 0.0076 -0.4045 0.9145
vn -0.3624 -0.8808 0.3048
vn -0.1472 -0.3737 0.9158
vn -0.9507 -0.0000 0.3100
vn -0.3973 -0.0000 0.9177
vn -0.8782 0.3648 0.3094
vn -0.3660 0.1548 0.9177
vn 0.0025 0.9534 0.3017
vn 0.0076 0.4045 0.9145
vn 0.8407 -0.0939 0.5333
vn 0.8090 -0.3116 0.4985
vn 0.7956 -0.3606 0.4868
vn 0.8391 -0.1124 0.5322
vn 0.6077 -0.0654 0.7915
vn 0.2725 -0.4716 0.8387
vn -0.7463 0.0243 0.6652
vn -0.5765 0.0801 0.8132
vn -0.8547 0.4622 0.2363
vn -0.8720 0.4426 0.2090
vn -0.8146 0.5668 0.1230
vn -0.7922 0.5907 0.1536
vn -0.5321 0.8121 0.2393
vn -0.5707 0.7853 0.2400
vn -0.4640 0.8324 0.3029
vn -0.4304 0.8522 0.2976
vn -0.3319 0.8768 0.3480
vn -0.3284 0.8698 0.3683
vn 0.5953 0.6571 0.4624
vn 0.6605 0.5855 0.4700
vn 0.6963 0.5169 0.4980
vn 0.6875 0.4872 0.5385
vn 0.2720 0.6724 0.6884
vn 0.3619 0.6048 0.7094
vn -0.4177 0.6532 0.6316
vn -0.4116 0.7607 0.5020
vn -0.5100 0.8399 0.1857
vn -0.7095 0.6623 0.2407
vn -0.6307 0.7532 0.1869
vn -0.4638 0.8714 0.1601
vn -0.2946 0.9359 0.1931
vn -0.3979 0.8892 0.2259
vn -0.3263 0.9075 0.2645
vn -0.2458 0.9460 0.2113
vn -0.2990 0.8952 0.3305
vn -0.2438 0.9402 0.2380
vn 0.6990 0.4965 0.5146
vn 0.7531 0.0243 0.6574
vn 0.4080 0.1796 0.8952
vn -0.4541 0.2407 0.8578
vn -0.4822 0.8543 0.1938
vn -0.5145 0.8322 0.2066
vn -0.4245 0.8445 0.3264
vn -0.4040 0.8424 0.3565
vn -0.4394 0.8024 0.4038
vn 0.6851 -0.3603 0.6331
vn 0.7877 0.4055 0.4639
vn 0.7980 0.0531 0.6004
vn 0.7022 -0.2698 0.6589
vn 0.3099 0.0963 0.9459
vn 0.2744 0.5465 0.7912
vn -0.1265 0.9914 0.0348
vn -0.2681 0.3749 0.8875
vn -0.8424 0.3834 0.3786
vn -0.6235 0.7398 0.2528
vn -0.7828 0.5169 0.3465
vn -0.8743 0.2868 0.3916
vn -0.7397 0.3416 0.5797
vn -0.6980 0.4533 0.5543
vn -0.6857 0.4007 0.6076
vn -0.7188 0.3287 0.6125
vn -0.6755 0.3375 0.6556
vn -0.6937 0.3031 0.6534
vn 0.7206 -0.0794 0.6888
vn 0.7190 -0.0795 0.6904
vn 0.3720 -0.1276 0.9194
vn -0.4258 0.1583 0.8909
vn -0.8319 0.4426 0.3347
vn -0.7993 0.5222 0.2974
vn -0.5961 0.6796 0.4275
vn -0.5942 0.6923 0.4093
vn -0.6704 0.5852 0.4562
vn -0.5292 0.8049 0.2684
vn -0.6739 0.6431 0.3637
vn -0.4855 0.8148 0.3168
vn -0.7483 0.6211 0.2330
vn -0.6906 0.6885 0.2216
vn 0.1247 0.5208 0.8445
vn -0.4647 0.5904 0.6599
vn 0.6444 0.3990 0.6524
vn 0.6684 0.3061 0.6779
vn -0.5518 0.7660 0.3299
vn -0.6748 0.6329 0.3795
vn -0.8038 0.3359 0.4909
vn -0.7657 0.4451 0.4642
vn -0.4925 0.8289 0.2654
vn -0.3851 0.9073 0.1688
vn -0.5139 0.8349 0.1969
vn -0.6621 0.7267 0.1831
vn -0.6730 0.7151 0.1891
vn -0.2758 0.8978 0.3435
vn -0.2964 0.8758 0.3808
vn -0.3052 0.8800 0.3641
vn -0.2486 0.9364 0.2476
vn -0.4766 0.7534 0.4529
vn -0.6773 0.3063 0.6689
vn -0.7004 0.3013 0.6471
vn -0.7115 0.5304 0.4610
vn -0.7042 0.5871 0.3993
vn -0.7995 0.1545 0.5804
vn -0.7665 0.2643 0.5853
vn -0.6146 0.6168 0.4917
vn -0.5150 0.7591 0.3981
vn -0.6511 0.4521 0.6096
vn 0.0805 0.9856 -0.1490
vn -0.3532 0.8499 0.3912
vn -0.6663 0.1987 0.7187
vn -0.5635 0.5879 0.5804
vn -0.7092 0.6160 0.3429
vn -0.7920 0.3703 0.4854
vn -0.6283 0.6867 0.3656
vn -0.0258 0.9954 -0.0926
vn -0.5359 0.7814 0.3197
vn -0.5044 0.8293 0.2405
vn -0.7109 0.6159 0.3395
vn -0.8435 0.3824 0.3772
vn -0.8569 0.3668 0.3622
vn -0.7736 0.3037 0.5562
vn -0.7929 0.2184 0.5689
vn -0.8179 0.2964 0.4931
vn -0.8008 0.3322 0.4984
vn -0.6718 0.6068 0.4249
vn -0.6464 0.6062 0.4633
vn -0.4884 0.8193 0.3004
vn -0.5093 0.7829 0.3573
vn -0.5800 0.6907 0.4320
vn -0.6412 0.5380 0.5471
vn 0.2172 0.9361 -0.2768
vn 0.0754 0.9899 -0.1198
vn -0.5383 0.7221 0.4345
vn -0.3267 0.8891 0.3206
vn -0.7290 0.2950 0.6177
vn -0.6785 0.2723 0.6823
vn -0.6196 0.6189 0.4828
vn -0.5620 0.5972 0.5722
vn -0.7980 0.3523 -0.4890
vn -0.8090 0.3116 -0.4985
vn -0.8407 0.0927 -0.5336
vn -0.8392 0.1072 -0.5331
vn 0.7469 -0.0245 -0.6645
vn -0.2638 0.4708 -0.8419
vn -0.6015 0.0596 -0.7967
vn 0.5782 -0.0836 -0.8116
vn 0.8147 -0.5666 -0.1231
vn 0.8720 -0.4426 -0.2091
vn 0.8546 -0.4624 -0.2363
vn 0.7918 -0.5911 -0.1538
vn 0.4640 -0.8324 -0.3029
vn 0.5708 -0.7852 -0.2400
vn 0.5320 -0.8122 -0.2393
vn 0.4301 -0.8523 -0.2977
vn 0.3320 -0.8768 -0.3480
vn 0.3284 -0.8698 -0.3682
vn -0.6912 -0.5267 -0.4948
vn -0.6645 -0.5792 -0.4722
vn -0.5959 -0.6562 -0.4631
vn -0.6753 -0.5153 -0.5277
vn 0.4193 -0.6527 -0.6310
vn -0.3570 -0.6012 -0.7149
vn -0.2406 -0.6833 -0.6894
vn 0.4149 -0.7597 -0.5008
vn 0.6300 -0.7538 -0.1868
vn 0.7098 -0.6619 -0.2409
vn 0.5109 -0.8393 -0.1861
vn 0.4645 -0.8709 -0.1602
vn 0.3263 -0.9075 -0.2645
vn 0.3983 -0.8890 -0.2259
vn 0.2946 -0.9359 -0.1931
vn 0.2460 -0.9459 -0.2115
vn 0.2989 -0.8953 -0.3304
vn 0.2440 -0.9401 -0.2382
vn -0.7646 -0.0127 -0.6444
vn -0.7576 0.1376 -0.6380
vn -0.4170 -0.0256 -0.9085
vn 0.4429 -0.1872 -0.8768
vn 0.4837 -0.8530 -0.1961
vn 0.5133 -0.8330 -0.2062
vn 0.4237 -0.8450 -0.3262
vn 0.4029 -0.8434 -0.3554
vn 0.4403 -0.8014 -0.4049
vn -0.7609 -0.0337 -0.6480
vn -0.7586 -0.0120 -0.6515
vn -0.6933 -0.1783 -0.6982
vn -0.7211 0.1101 -0.6840
vn 0.1910 -0.9712 -0.1422
vn -0.2615 -0.4363 -0.8609
vn -0.5235 0.0216 -0.8517
vn 0.2523 -0.5053 -0.8252
vn 0.7835 -0.5155 -0.3470
vn 0.6320 -0.7290 -0.2631
vn 0.8423 -0.3811 -0.3811
vn 0.8746 -0.2853 -0.3920
vn 0.6857 -0.4015 -0.6072
vn 0.6979 -0.4533 -0.5545
vn 0.7396 -0.3423 -0.5795
vn 0.7188 -0.3304 -0.6117
vn 0.6757 -0.3366 -0.6558
vn 0.6936 -0.3039 -0.6531
vn -0.7187 -0.0231 -0.6949
vn -0.7178 0.0250 -0.6958
vn -0.4245 0.1471 -0.8934
vn 0.4253 -0.1900 -0.8849
vn 0.8299 -0.4466 -0.3343
vn 0.7991 -0.5225 -0.2973
vn 0.5964 -0.6793 -0.4277
vn 0.5947 -0.6917 -0.4098
vn 0.6703 -0.5853 -0.4562
vn 0.5293 -0.8049 -0.2685
vn 0.6738 -0.6434 -0.3634
vn 0.4858 -0.8145 -0.3171
vn 0.7486 -0.6208 -0.2331
vn 0.6907 -0.6883 -0.2216
vn -0.1160 -0.5191 -0.8468
vn 0.4654 -0.5890 -0.6607
vn -0.6444 -0.3990 -0.6523
vn -0.6671 -0.3123 -0.6764
vn 0.6748 -0.6327 -0.3798
vn 0.5518 -0.7659 -0.3300
vn 0.8037 -0.3364 -0.4909
vn 0.7661 -0.4442 -0.4646
vn 0.4914 -0.8296 -0.2650
vn 0.3858 -0.9070 -0.1689
vn 0.5145 -0.8346 -0.1968
vn 0.6620 -0.7267 -0.1832
vn 0.6733 -0.7149 -0.1889
vn 0.2758 -0.8978 -0.3434
vn 0.2964 -0.8758 -0.3808
vn 0.3052 -0.8799 -0.3642
vn 0.2488 -0.9363 -0.2479
vn 0.4783 -0.7513 -0.4547
vn 0.6772 -0.3065 -0.6689
vn 0.7004 -0.3015 -0.6470
vn 0.7115 -0.5302 -0.4612
vn 0.7042 -0.5871 -0.3993
vn 0.7994 -0.1539 -0.5807
vn 0.7662 -0.2657 -0.5851
vn 0.6152 -0.6157 -0.4923
vn 0.5165 -0.7576 -0.3991
vn 0.6537 -0.4332 -0.6205
vn 0.0831 -0.9965 -0.0020
vn 0.3896 -0.8197 -0.4199
vn 0.6576 -0.2395 -0.7143
vn 0.5633 -0.5878 -0.5807
vn 0.7870 -0.3926 -0.4758
vn 0.7094 -0.6156 -0.3432
vn 0.5900 -0.7413 -0.3199
vn 0.1677 -0.9854 -0.0281
vn 0.5517 -0.7635 -0.3357
vn 0.5053 -0.8286 -0.2412
vn 0.7107 -0.6162 -0.3395
vn 0.8434 -0.3825 -0.3772
vn 0.8569 -0.3668 -0.3622
vn 0.8179 -0.2963 -0.4933
vn 0.7929 -0.2182 -0.5690
vn 0.7734 -0.3043 -0.5561
vn 0.8007 -0.3323 -0.4984
vn 0.6459 -0.6068 -0.4632
vn 0.6711 -0.6078 -0.4246
vn 0.5104 -0.7820 -0.3577
vn 0.4901 -0.8177 -0.3019
vn 0.6391 -0.5387 -0.5489
vn 0.6038 -0.6506 -0.4606
vn -0.0276 -0.9959 0.0863
vn -0.0759 -0.9827 0.1690
vn 0.3147 -0.8990 -0.3044
vn 0.3745 -0.8846 -0.2779
vn 0.6740 -0.2901 -0.6794
vn 0.7231 -0.3108 -0.6168
vn 0.5621 -0.5970 -0.5724
vn 0.6196 -0.6187 -0.4830
vn 0.2613 0.9426 0.2078
vn 0.3054 0.9228 0.2348
vn 0.3115 0.9199 0.2384
vn 0.5276 0.3781 -0.7607
vn 0.5277 0.3781 -0.7607
vn 0.8190 0.5061 0.2706
vn 0.8189 0.5061 0.2706
vn 0.8189 0.5061 0.2707
vn 0.4468 0.8927 -0.0586
vn 0.4428 0.8946 -0.0610
vn 0.5616 0.8274 -0.0103
vn 0.5692 0.8222 -0.0080
vn 0.7440 0.6309 -0.2201
vn 0.7415 0.6364 -0.2127
vn 0.7400 0.5594 -0.3735
vn 0.7385 0.5576 -0.3791
vn 0.6844 0.4869 -0.5427
vn 0.6838 0.4861 -0.5441
vn 0.7452 -0.6150 -0.2577
vn 0.6927 -0.6442 -0.3243
vn 0.7387 -0.6167 -0.2719
vn 0.6613 -0.6474 -0.3788
vn 0.6545 -0.6609 -0.3673
vn 0.7643 -0.5486 0.3389
vn 0.3280 0.4083 -0.8519
vn 0.3280 0.4084 -0.8519
vn 0.3279 0.4084 -0.8519
vn 0.3922 0.2683 -0.8799
vn -0.4244 -0.6453 0.6352
vn -0.4005 -0.6962 0.5958
vn -0.5006 -0.5932 0.6304
vn -0.5375 -0.5835 0.6089
vn -0.5544 -0.5873 0.5896
vn -0.5498 -0.5927 0.5886
vn -0.4899 -0.7036 0.5147
vn -0.5081 -0.6853 0.5217
vn -0.4585 -0.7295 0.5075
vn -0.4411 -0.7401 0.5077
vn -0.0045 -0.8276 0.5614
vn -0.1149 -0.8248 0.5536
vn 0.1912 -0.8741 0.4466
vn 0.2218 -0.8901 0.3982
vn 0.2525 -0.9218 0.2941
vn 0.2520 -0.9221 0.2936
vn 0.2330 -0.9337 0.2719
vn 0.6986 -0.4220 -0.5778
vn 0.6039 -0.6611 -0.4453
vn -0.5317 -0.6309 0.5650
vn -0.5282 -0.6461 0.5510
vn 0.6802 0.7290 -0.0767
vn 0.6721 0.7378 -0.0620
vn 0.6655 0.4572 -0.5900
vn 0.6655 0.4571 -0.5900
vn -0.4236 0.2223 -0.8781
vn -0.5087 0.1824 -0.8414
vn -0.4480 0.2113 -0.8687
vn -0.5847 0.1024 -0.8047
vn -0.5528 0.1486 -0.8199
vn -0.5877 0.0819 -0.8049
vn -0.5930 0.0850 -0.8007
vn -0.7479 -0.1579 -0.6448
vn -0.6290 0.0244 -0.7770
vn -0.7897 -0.2465 -0.5618
vn -0.7897 -0.2464 -0.5618
vn -0.6255 0.2135 -0.7505
vn -0.6130 0.1499 -0.7758
vn -0.6221 0.1947 -0.7584
vn -0.5794 -0.0256 -0.8146
vn -0.5970 0.0692 -0.7993
vn -0.5721 -0.0579 -0.8181
vn -0.5722 -0.0579 -0.8181
vn -0.3846 -0.7264 0.5696
vn 0.1189 0.9797 0.1615
vn 0.1689 0.9824 0.0800
vn 0.1764 0.9820 0.0674
vn -0.3068 -0.8042 0.5091
vn -0.3181 -0.8046 0.5014
vn 0.3544 0.8969 0.2644
vn -0.4110 -0.7574 0.5073
vn -0.4000 -0.7635 0.5070
vn 0.3583 0.9294 -0.0881
vn 0.3537 0.9313 -0.0871
vn 0.2456 0.9692 -0.0159
vn 0.2389 0.9710 -0.0116
vn 0.2992 0.9522 -0.0612
vn 0.3036 0.9505 -0.0659
vn -0.3745 -0.7801 0.5012
vn -0.3788 -0.7768 0.5031
vn -0.3527 -0.7981 0.4885
vn -0.3513 -0.7995 0.4872
vt 0.574969 0.088021
vt 0.576431 0.083559
vt 0.586917 0.089463
vt 0.575327 0.092703
vt 0.577449 0.096891
vt 0.581012 0.099949
vt 0.585475 0.101410
vt 0.590156 0.101053
vt 0.594345 0.098931
vt 0.597403 0.095367
vt 0.598864 0.090905
vt 0.598506 0.086223
vt 0.596384 0.082035
vt 0.592821 0.078977
vt 0.588359 0.077516
vt 0.583677 0.077873
vt 0.579488 0.079995
vt 0.228485 0.417799
vt 0.228485 0.445042
vt 0.198128 0.445042
vt 0.198128 0.417799
vt 0.166424 0.445042
vt 0.166424 0.417799
vt 0.135853 0.445042
vt 0.135853 0.417799
vt 0.105346 0.445042
vt 0.105346 0.417799
vt 0.076409 0.445042
vt 0.075991 0.417799
vt 0.048139 0.445042
vt 0.048139 0.417799
vt 0.017930 0.445042
vt 0.017930 0.417799
vt 0.496573 0.417799
vt 0.496573 0.445042
vt 0.470355 0.445042
vt 0.470355 0.417799
vt 0.438685 0.445042
vt 0.438685 0.417799
vt 0.409860 0.445042
vt 0.409860 0.417799
vt 0.375468 0.445042
vt 0.375468 0.417799
vt 0.345487 0.445042
vt 0.345487 0.417799
vt 0.315614 0.445042
vt 0.315614 0.417799
vt 0.288593 0.445042
vt 0.288593 0.417799
vt 0.257272 0.445042
vt 0.257272 0.417799
vt 0.409860 0.381753
vt 0.409860 0.399666
vt 0.375468 0.399666
vt 0.375468 0.381753
vt 0.438685 0.381753
vt 0.438685 0.399666
vt 0.470355 0.381753
vt 0.470355 0.399666
vt 0.496573 0.381753
vt 0.496573 0.399666
vt 0.048139 0.381753
vt 0.048139 0.399666
vt 0.017930 0.399666
vt 0.017930 0.381753
vt 0.075991 0.381753
vt 0.075991 0.399666
vt 0.105346 0.381753
vt 0.105346 0.399666
vt 0.135853 0.381753
vt 0.135853 0.399666
vt 0.166424 0.381753
vt 0.166424 0.399666
vt 0.198128 0.381753
vt 0.198128 0.399666
vt 0.228485 0.381753
vt 0.228485 0.399666
vt 0.257272 0.381753
vt 0.257272 0.399666
vt 0.288593 0.381753
vt 0.288593 0.399666
vt 0.315614 0.381753
vt 0.315614 0.399666
vt 0.345487 0.381753
vt 0.345487 0.399666
vt 0.531234 0.082894
vt 0.516813 0.081192
vt 0.525315 0.054993
vt 0.537986 0.062085
vt 0.532958 0.104703
vt 0.518984 0.108649
vt 0.542898 0.124192
vt 0.531497 0.133185
vt 0.559539 0.138393
vt 0.552447 0.151065
vt 0.580347 0.145146
vt 0.578645 0.159567
vt 0.602157 0.143421
vt 0.606102 0.157396
vt 0.621645 0.133482
vt 0.630639 0.144883
vt 0.635847 0.116841
vt 0.648519 0.123932
vt 0.642600 0.096032
vt 0.657021 0.097735
vt 0.640875 0.074223
vt 0.654850 0.070277
vt 0.630936 0.054734
vt 0.642336 0.045741
vt 0.614295 0.040533
vt 0.621386 0.027861
vt 0.593486 0.033780
vt 0.595188 0.019359
vt 0.571677 0.035505
vt 0.567731 0.021530
vt 0.552188 0.045444
vt 0.543195 0.034043
vt 0.539413 0.083842
vt 0.545180 0.066091
vt 0.540878 0.102449
vt 0.549352 0.119079
vt 0.563545 0.131200
vt 0.581296 0.136967
vt 0.599903 0.135502
vt 0.616532 0.127028
vt 0.628653 0.112835
vt 0.634421 0.095084
vt 0.632955 0.076477
vt 0.624481 0.059847
vt 0.610289 0.047726
vt 0.592538 0.041959
vt 0.573931 0.043424
vt 0.557301 0.051898
vt 0.557035 0.085899
vt 0.545296 0.084524
vt 0.550354 0.068972
vt 0.560674 0.074735
vt 0.557946 0.097605
vt 0.546574 0.100827
vt 0.563267 0.108072
vt 0.553994 0.115401
vt 0.572189 0.115706
vt 0.566426 0.126025
vt 0.583353 0.119344
vt 0.581978 0.131084
vt 0.595059 0.118433
vt 0.598281 0.129806
vt 0.605526 0.113112
vt 0.612854 0.122386
vt 0.613160 0.104190
vt 0.623479 0.109954
vt 0.616798 0.093027
vt 0.628538 0.094402
vt 0.615887 0.081320
vt 0.627260 0.078099
vt 0.610566 0.070854
vt 0.619840 0.063525
vt 0.601644 0.063220
vt 0.607408 0.052900
vt 0.590480 0.059582
vt 0.591856 0.047842
vt 0.578774 0.060492
vt 0.575552 0.049120
vt 0.568307 0.065814
vt 0.560979 0.056540
vt 0.047127 0.269737
vt 0.047128 0.194051
vt 0.076736 0.194051
vt 0.076736 0.269737
vt 0.018129 0.269737
vt 0.018129 0.194051
vt 0.466291 0.269737
vt 0.466291 0.194051
vt 0.497695 0.194051
vt 0.497695 0.269737
vt 0.437158 0.269737
vt 0.437158 0.194051
vt 0.407551 0.269737
vt 0.407551 0.194051
vt 0.377716 0.269737
vt 0.377716 0.194051
vt 0.347750 0.269737
vt 0.347750 0.194051
vt 0.317698 0.269737
vt 0.317698 0.194051
vt 0.287586 0.269737
vt 0.287586 0.194051
vt 0.257431 0.269737
vt 0.257431 0.194051
vt 0.227250 0.269737
vt 0.227250 0.194051
vt 0.197059 0.269737
vt 0.197059 0.194051
vt 0.166877 0.269737
vt 0.166877 0.194051
vt 0.136730 0.269737
vt 0.136730 0.194051
vt 0.106657 0.269737
vt 0.106657 0.194051
vt 0.076736 0.345567
vt 0.106658 0.345567
vt 0.047128 0.345567
vt 0.018129 0.345567
vt 0.466291 0.345567
vt 0.497695 0.345567
vt 0.437158 0.345567
vt 0.407551 0.345567
vt 0.377716 0.345567
vt 0.347750 0.345567
vt 0.317698 0.345567
vt 0.287586 0.345567
vt 0.257431 0.345567
vt 0.227250 0.345567
vt 0.197059 0.345567
vt 0.166877 0.345567
vt 0.136730 0.345567
vt 0.076736 0.117787
vt 0.106657 0.117787
vt 0.047128 0.117787
vt 0.018129 0.117787
vt 0.466291 0.117787
vt 0.497695 0.117787
vt 0.437158 0.117787
vt 0.407551 0.117787
vt 0.377716 0.117787
vt 0.347750 0.117787
vt 0.317698 0.117787
vt 0.287586 0.117787
vt 0.257431 0.117787
vt 0.227250 0.117787
vt 0.197059 0.117787
vt 0.166877 0.117787
vt 0.136730 0.117787
vt 0.287586 0.048989
vt 0.317698 0.048989
vt 0.347750 0.048989
vt 0.377716 0.048989
vt 0.407551 0.048989
vt 0.437158 0.048989
vt 0.466291 0.048989
vt 0.497695 0.048989
vt 0.018129 0.048989
vt 0.047127 0.048989
vt 0.076736 0.048989
vt 0.106657 0.048989
vt 0.136730 0.048989
vt 0.166877 0.048989
vt 0.197059 0.048989
vt 0.227250 0.048989
vt 0.257431 0.048989
vt 0.317698 0.016928
vt 0.317698 0.028644
vt 0.287586 0.028644
vt 0.287586 0.016928
vt 0.347750 0.016928
vt 0.347750 0.028644
vt 0.377716 0.016928
vt 0.377716 0.028644
vt 0.407551 0.016928
vt 0.407551 0.028644
vt 0.437158 0.016928
vt 0.437158 0.028644
vt 0.466291 0.016928
vt 0.466291 0.028644
vt 0.497776 0.016928
vt 0.497695 0.028644
vt 0.047128 0.016928
vt 0.047128 0.028644
vt 0.018129 0.028644
vt 0.018129 0.016928
vt 0.076736 0.016928
vt 0.076736 0.028644
vt 0.106658 0.016928
vt 0.106657 0.028644
vt 0.136730 0.016928
vt 0.136730 0.028644
vt 0.166877 0.016928
vt 0.166877 0.028644
vt 0.197059 0.016928
vt 0.197059 0.028644
vt 0.227250 0.016928
vt 0.227250 0.028644
vt 0.257431 0.016928
vt 0.257431 0.028644
vt 0.287586 0.039719
vt 0.317698 0.039719
vt 0.347750 0.039719
vt 0.377716 0.039719
vt 0.407551 0.039719
vt 0.437158 0.039719
vt 0.466291 0.039719
vt 0.497695 0.039719
vt 0.018129 0.039719
vt 0.047127 0.039719
vt 0.076736 0.039719
vt 0.106658 0.039719
vt 0.136730 0.039719
vt 0.166877 0.039719
vt 0.197059 0.039719
vt 0.227250 0.039719
vt 0.257431 0.039719
vt 0.589092 0.248625
vt 0.585863 0.260934
vt 0.584136 0.248326
vt 0.593557 0.250798
vt 0.596850 0.254514
vt 0.598470 0.259207
vt 0.598171 0.264163
vt 0.595998 0.268627
vt 0.592283 0.271920
vt 0.587589 0.273541
vt 0.582633 0.273242
vt 0.578169 0.271069
vt 0.574876 0.267353
vt 0.573256 0.262660
vt 0.573555 0.257704
vt 0.575727 0.253240
vt 0.579443 0.249947
vt 0.550636 0.851525
vt 0.563622 0.849521
vt 0.566590 0.859887
vt 0.554357 0.861885
vt 0.537234 0.854296
vt 0.541784 0.864843
vt 0.523265 0.857790
vt 0.528819 0.869149
vt 0.713717 0.857712
vt 0.727865 0.860965
vt 0.722133 0.872760
vt 0.708973 0.868573
vt 0.700215 0.854815
vt 0.696249 0.865347
vt 0.687153 0.852463
vt 0.683886 0.862907
vt 0.674420 0.850627
vt 0.671810 0.861072
vt 0.661933 0.849227
vt 0.659949 0.859698
vt 0.649623 0.848186
vt 0.648241 0.858683
vt 0.637428 0.847450
vt 0.636634 0.857966
vt 0.625295 0.846990
vt 0.625081 0.857515
vt 0.613170 0.846799
vt 0.613542 0.857320
vt 0.600999 0.846897
vt 0.601973 0.857399
vt 0.588728 0.847327
vt 0.590329 0.857795
vt 0.576293 0.848166
vt 0.578556 0.858584
vt 0.624824 0.868529
vt 0.635689 0.868966
vt 0.634529 0.881203
vt 0.624534 0.880785
vt 0.646593 0.869649
vt 0.644529 0.881844
vt 0.657560 0.870612
vt 0.654522 0.882732
vt 0.668623 0.871916
vt 0.664501 0.883918
vt 0.679821 0.873673
vt 0.674456 0.885495
vt 0.691194 0.876074
vt 0.684364 0.887640
vt 0.702748 0.879435
vt 0.694146 0.890707
vt 0.714383 0.884245
vt 0.703511 0.895441
vt 0.536247 0.880008
vt 0.547673 0.875402
vt 0.555616 0.886414
vt 0.546381 0.890436
vt 0.559028 0.872485
vt 0.565221 0.883963
vt 0.570225 0.870615
vt 0.574971 0.882420
vt 0.581280 0.869431
vt 0.584797 0.881449
vt 0.592231 0.868728
vt 0.594676 0.880875
vt 0.603120 0.868385
vt 0.604597 0.880604
vt 0.613975 0.868331
vt 0.614553 0.880582
vt 0.633028 0.896713
vt 0.624313 0.896298
vt 0.641681 0.897327
vt 0.650203 0.898151
vt 0.658514 0.899202
vt 0.666516 0.900500
vt 0.674088 0.902071
vt 0.681074 0.903939
vt 0.687285 0.906115
vt 0.567311 0.899074
vt 0.560861 0.900390
vt 0.574437 0.898007
vt 0.582080 0.897185
vt 0.590113 0.896593
vt 0.598431 0.896219
vt 0.606951 0.896049
vt 0.615600 0.896077
vt 0.576856 0.193877
vt 0.603203 0.195534
vt 0.600676 0.205067
vt 0.578169 0.203650
vt 0.626910 0.207148
vt 0.620928 0.214988
vt 0.644368 0.226951
vt 0.635841 0.231904
vt 0.652920 0.251927
vt 0.643146 0.253240
vt 0.651262 0.278274
vt 0.641730 0.275747
vt 0.639648 0.301981
vt 0.631808 0.295999
vt 0.619846 0.319439
vt 0.614892 0.310912
vt 0.594870 0.327991
vt 0.593557 0.318217
vt 0.568523 0.326333
vt 0.571050 0.316801
vt 0.544815 0.314719
vt 0.550798 0.306879
vt 0.527357 0.294917
vt 0.535884 0.289963
vt 0.518806 0.269941
vt 0.528580 0.268627
vt 0.520463 0.243594
vt 0.529996 0.246120
vt 0.532077 0.219886
vt 0.539917 0.225869
vt 0.551880 0.202428
vt 0.556833 0.210955
vt 0.599042 0.211193
vt 0.579004 0.209936
vt 0.617073 0.220023
vt 0.630354 0.235081
vt 0.636860 0.254074
vt 0.635603 0.274113
vt 0.626774 0.292144
vt 0.611716 0.305425
vt 0.592722 0.311931
vt 0.572684 0.310674
vt 0.554652 0.301845
vt 0.541372 0.286787
vt 0.534865 0.267793
vt 0.536122 0.247755
vt 0.544952 0.229723
vt 0.560010 0.216443
vt 0.579862 0.216443
vt 0.597345 0.217534
vt 0.593977 0.230186
vt 0.581593 0.229421
vt 0.613079 0.225231
vt 0.605126 0.235631
vt 0.624670 0.238364
vt 0.613342 0.244929
vt 0.630353 0.254933
vt 0.617375 0.256663
vt 0.629263 0.272416
vt 0.616611 0.269048
vt 0.621565 0.288150
vt 0.611165 0.280197
vt 0.608432 0.299741
vt 0.601867 0.288413
vt 0.591863 0.305424
vt 0.590133 0.292446
vt 0.574381 0.304334
vt 0.577749 0.291682
vt 0.558646 0.296636
vt 0.566600 0.286236
vt 0.547055 0.283503
vt 0.558383 0.276938
vt 0.541372 0.266934
vt 0.554350 0.265204
vt 0.542463 0.249451
vt 0.555115 0.252819
vt 0.550160 0.233717
vt 0.560561 0.241670
vt 0.563293 0.222126
vt 0.569858 0.233454
vt 0.654936 0.770550
vt 0.669420 0.771059
vt 0.667076 0.810207
vt 0.653261 0.809345
vt 0.683960 0.771618
vt 0.681004 0.811289
vt 0.698569 0.772184
vt 0.695075 0.812581
vt 0.713256 0.772704
vt 0.709316 0.814045
vt 0.728025 0.773122
vt 0.723750 0.815590
vt 0.742884 0.773390
vt 0.738409 0.817042
vt 0.508873 0.771295
vt 0.523752 0.770853
vt 0.527627 0.812863
vt 0.512897 0.814588
vt 0.538573 0.770432
vt 0.542134 0.811319
vt 0.553329 0.770063
vt 0.556439 0.810062
vt 0.568008 0.769775
vt 0.570561 0.809126
vt 0.582610 0.769593
vt 0.584526 0.808504
vt 0.597141 0.769533
vt 0.598366 0.808173
vt 0.611617 0.769603
vt 0.612118 0.808109
vt 0.626059 0.769802
vt 0.625823 0.808291
vt 0.640491 0.770123
vt 0.639524 0.808705
vt 0.640810 0.731283
vt 0.655359 0.731537
vt 0.669931 0.731761
vt 0.684543 0.731899
vt 0.699215 0.731883
vt 0.713961 0.731633
vt 0.728788 0.731083
vt 0.743685 0.730233
vt 0.508425 0.728318
vt 0.523291 0.729011
vt 0.538174 0.729581
vt 0.553007 0.729978
vt 0.567773 0.730246
vt 0.582471 0.730444
vt 0.597110 0.730623
vt 0.611702 0.730815
vt 0.626263 0.731036
vt 0.587662 0.941811
vt 0.581145 0.941881
vt 0.574734 0.941931
vt 0.568401 0.941942
vt 0.673785 0.947864
vt 0.667627 0.946939
vt 0.661343 0.946048
vt 0.654936 0.945203
vt 0.648408 0.944421
vt 0.641772 0.943721
vt 0.635048 0.943118
vt 0.628260 0.942630
vt 0.621432 0.942255
vt 0.614594 0.941985
vt 0.607773 0.941821
vt 0.600994 0.941752
vt 0.594283 0.941757
vt 0.540481 0.693784
vt 0.554917 0.694533
vt 0.525942 0.692533
vt 0.511208 0.690461
vt 0.726295 0.694493
vt 0.740715 0.692283
vt 0.711975 0.695758
vt 0.697730 0.696381
vt 0.683520 0.696611
vt 0.669314 0.696607
vt 0.655096 0.696472
vt 0.640855 0.696270
vt 0.626591 0.696045
vt 0.612301 0.695816
vt 0.597989 0.695584
vt 0.583656 0.695328
vt 0.569301 0.695004
vt 0.555666 0.685453
vt 0.541517 0.684723
vt 0.542004 0.680672
vt 0.556007 0.681395
vt 0.527451 0.683477
vt 0.528206 0.679442
vt 0.513516 0.681007
vt 0.514973 0.677022
vt 0.738480 0.682884
vt 0.724797 0.685457
vt 0.724041 0.681454
vt 0.737024 0.678963
vt 0.710998 0.686689
vt 0.710527 0.682643
vt 0.697101 0.687283
vt 0.696798 0.683223
vt 0.683130 0.687505
vt 0.682939 0.683440
vt 0.669098 0.687503
vt 0.668988 0.683436
vt 0.655014 0.687371
vt 0.654965 0.683304
vt 0.640883 0.687174
vt 0.640884 0.683108
vt 0.626714 0.686951
vt 0.626759 0.682886
vt 0.612516 0.686724
vt 0.612602 0.682660
vt 0.598300 0.686493
vt 0.598430 0.682429
vt 0.584077 0.686238
vt 0.584258 0.682174
vt 0.569861 0.685916
vt 0.570108 0.681854
vt 0.555257 0.690259
vt 0.540944 0.689517
vt 0.526601 0.688255
vt 0.512218 0.685943
vt 0.739808 0.687778
vt 0.725619 0.690223
vt 0.711526 0.691482
vt 0.697439 0.692094
vt 0.683339 0.692322
vt 0.669213 0.692320
vt 0.655057 0.692187
vt 0.640868 0.691988
vt 0.626648 0.691765
vt 0.612400 0.691536
vt 0.598133 0.691305
vt 0.583850 0.691049
vt 0.569558 0.690726
vt 0.672891 0.954539
vt 0.666635 0.953867
vt 0.627664 0.949782
vt 0.620957 0.949397
vt 0.660361 0.953108
vt 0.614237 0.949134
vt 0.607523 0.948972
vt 0.600836 0.948899
vt 0.594194 0.948893
vt 0.587613 0.948920
vt 0.581112 0.948929
vt 0.574711 0.948843
vt 0.568481 0.948579
vt 0.653984 0.952317
vt 0.647513 0.951557
vt 0.640959 0.950869
vt 0.634338 0.950278
vt 0.079450 0.682780
vt 0.079450 0.677383
vt 0.109083 0.677383
vt 0.109083 0.682779
vt 0.079450 0.670037
vt 0.079450 0.659711
vt 0.109083 0.659711
vt 0.109083 0.670037
vt 0.050105 0.670037
vt 0.050105 0.659712
vt 0.018948 0.670037
vt 0.018948 0.659711
vt 0.466804 0.670037
vt 0.466804 0.659712
vt 0.496819 0.659712
vt 0.496819 0.670037
vt 0.437037 0.670037
vt 0.437037 0.659711
vt 0.407157 0.670037
vt 0.407157 0.659711
vt 0.377255 0.670037
vt 0.377255 0.659712
vt 0.347365 0.670037
vt 0.347365 0.659711
vt 0.317499 0.670037
vt 0.317499 0.659712
vt 0.287661 0.670037
vt 0.287661 0.659712
vt 0.257853 0.670037
vt 0.257853 0.659712
vt 0.228063 0.670037
vt 0.228063 0.659712
vt 0.198286 0.670037
vt 0.198286 0.659712
vt 0.168534 0.670037
vt 0.168534 0.659712
vt 0.138802 0.670037
vt 0.138802 0.659712
vt 0.050105 0.682779
vt 0.050105 0.677383
vt 0.018948 0.682779
vt 0.018948 0.677383
vt 0.466804 0.682779
vt 0.466804 0.677383
vt 0.496819 0.677383
vt 0.496819 0.682779
vt 0.437037 0.682779
vt 0.437037 0.677383
vt 0.407157 0.682779
vt 0.407157 0.677383
vt 0.377255 0.682779
vt 0.377255 0.677383
vt 0.347365 0.682779
vt 0.347365 0.677383
vt 0.317499 0.682779
vt 0.317499 0.677383
vt 0.287661 0.682779
vt 0.287661 0.677383
vt 0.257853 0.682779
vt 0.257853 0.677383
vt 0.228063 0.682779
vt 0.228063 0.677383
vt 0.198286 0.682779
vt 0.198286 0.677383
vt 0.168535 0.682779
vt 0.168534 0.677383
vt 0.138802 0.682779
vt 0.138802 0.677383
vt 0.409860 0.366576
vt 0.375468 0.366576
vt 0.438685 0.366576
vt 0.470355 0.366576
vt 0.496573 0.366576
vt 0.048139 0.366576
vt 0.017930 0.366576
vt 0.075991 0.366576
vt 0.105346 0.366576
vt 0.135853 0.366576
vt 0.166424 0.366576
vt 0.198128 0.366576
vt 0.228485 0.366576
vt 0.257272 0.366576
vt 0.288593 0.366576
vt 0.315614 0.366576
vt 0.345487 0.366576
vt 0.287661 0.520704
vt 0.287661 0.478582
vt 0.317499 0.478582
vt 0.317499 0.520704
vt 0.347365 0.478582
vt 0.347365 0.520704
vt 0.377255 0.478582
vt 0.377255 0.520704
vt 0.407157 0.478582
vt 0.407157 0.520704
vt 0.437037 0.478582
vt 0.437037 0.520704
vt 0.466805 0.478582
vt 0.466804 0.520704
vt 0.496819 0.478582
vt 0.496819 0.520704
vt 0.018948 0.520704
vt 0.018948 0.478582
vt 0.050105 0.478582
vt 0.050105 0.520704
vt 0.079450 0.478582
vt 0.079449 0.520704
vt 0.109083 0.478582
vt 0.109083 0.520704
vt 0.138802 0.478582
vt 0.138802 0.520704
vt 0.168535 0.478582
vt 0.168535 0.520704
vt 0.198286 0.478582
vt 0.198286 0.520704
vt 0.228063 0.478582
vt 0.228063 0.520704
vt 0.257853 0.520704
vt 0.257853 0.478582
vt 0.375468 0.353303
vt 0.409860 0.353303
vt 0.109083 0.453059
vt 0.138802 0.453059
vt 0.438685 0.353303
vt 0.079450 0.453059
vt 0.470355 0.353303
vt 0.050105 0.453059
vt 0.496573 0.353303
vt 0.018948 0.453059
vt 0.017930 0.353303
vt 0.048139 0.353303
vt 0.466804 0.453059
vt 0.496819 0.453059
vt 0.075991 0.353303
vt 0.437037 0.453059
vt 0.105346 0.353303
vt 0.407157 0.453059
vt 0.135853 0.353303
vt 0.377255 0.453059
vt 0.166424 0.353303
vt 0.347365 0.453059
vt 0.198128 0.353303
vt 0.317499 0.453059
vt 0.228485 0.353303
vt 0.287661 0.453059
vt 0.257272 0.353303
vt 0.257853 0.453059
vt 0.288593 0.353303
vt 0.228063 0.453059
vt 0.315614 0.353303
vt 0.198286 0.453059
vt 0.345487 0.353303
vt 0.168534 0.453059
vt 0.633772 0.956536
vt 0.627174 0.956046
vt 0.640331 0.957127
vt 0.646843 0.957811
vt 0.653302 0.958565
vt 0.659710 0.959348
vt 0.666064 0.960081
vt 0.672315 0.960554
vt 0.574411 0.955043
vt 0.568062 0.954539
vt 0.580896 0.955181
vt 0.587443 0.955188
vt 0.594027 0.955166
vt 0.600639 0.955172
vt 0.607270 0.955244
vt 0.613911 0.955405
vt 0.620550 0.955668
vt 0.079450 0.691136
vt 0.109083 0.691136
vt 0.050105 0.691136
vt 0.018944 0.691136
vt 0.466805 0.691136
vt 0.496819 0.691136
vt 0.437037 0.691136
vt 0.407157 0.691136
vt 0.377255 0.691136
vt 0.347365 0.691136
vt 0.317499 0.691136
vt 0.287661 0.691136
vt 0.257853 0.691136
vt 0.228063 0.691136
vt 0.198286 0.691136
vt 0.168534 0.691136
vt 0.138802 0.691136
vt 0.587398 0.956681
vt 0.580831 0.956674
vt 0.317499 0.692667
vt 0.287661 0.692667
vt 0.574287 0.956539
vt 0.347365 0.692667
vt 0.567754 0.956001
vt 0.377255 0.692667
vt 0.672389 0.962033
vt 0.665969 0.961571
vt 0.407157 0.692667
vt 0.659573 0.960835
vt 0.437037 0.692667
vt 0.653153 0.960051
vt 0.466804 0.692667
vt 0.646694 0.959296
vt 0.496819 0.692667
vt 0.640191 0.958613
vt 0.050105 0.692667
vt 0.018961 0.692667
vt 0.633645 0.958023
vt 0.079450 0.692667
vt 0.627064 0.957535
vt 0.109083 0.692667
vt 0.620457 0.957157
vt 0.138802 0.692667
vt 0.613836 0.956895
vt 0.168534 0.692667
vt 0.607211 0.956736
vt 0.198286 0.692667
vt 0.600592 0.956664
vt 0.228063 0.692667
vt 0.593986 0.956658
vt 0.257853 0.692667
vt 0.079450 0.653874
vt 0.109083 0.653874
vt 0.050105 0.653874
vt 0.018948 0.653874
vt 0.466805 0.653874
vt 0.496819 0.653874
vt 0.437037 0.653874
vt 0.407157 0.653874
vt 0.377255 0.653874
vt 0.347365 0.653874
vt 0.317499 0.653874
vt 0.287661 0.653874
vt 0.257853 0.653874
vt 0.228063 0.653874
vt 0.198286 0.653874
vt 0.168535 0.653874
vt 0.138802 0.653874
vt 0.257853 0.602009
vt 0.257853 0.563163
vt 0.287661 0.563163
vt 0.287661 0.602009
vt 0.228063 0.602009
vt 0.228063 0.563163
vt 0.198286 0.602009
vt 0.198286 0.563163
vt 0.168535 0.602009
vt 0.168534 0.563163
vt 0.138802 0.602009
vt 0.138802 0.563163
vt 0.109083 0.602009
vt 0.109083 0.563163
vt 0.079450 0.602009
vt 0.079450 0.563163
vt 0.050105 0.602009
vt 0.050105 0.563163
vt 0.018948 0.602009
vt 0.018948 0.563163
vt 0.466804 0.602009
vt 0.466804 0.563163
vt 0.496819 0.563163
vt 0.496819 0.602009
vt 0.437037 0.602009
vt 0.437037 0.563163
vt 0.407157 0.602009
vt 0.407157 0.563163
vt 0.377255 0.602009
vt 0.377255 0.563163
vt 0.347365 0.602009
vt 0.347365 0.563163
vt 0.317499 0.602009
vt 0.317499 0.563163
vt 0.257853 0.608264
vt 0.287661 0.608264
vt 0.228063 0.608264
vt 0.198286 0.608264
vt 0.168534 0.608264
vt 0.138802 0.608264
vt 0.109083 0.608264
vt 0.079450 0.608264
vt 0.050105 0.608264
vt 0.018948 0.608264
vt 0.466804 0.608264
vt 0.496819 0.608264
vt 0.437037 0.608264
vt 0.407157 0.608264
vt 0.377255 0.608264
vt 0.347365 0.608264
vt 0.317499 0.608264
vt 0.407537 0.809609
vt 0.377756 0.809609
vt 0.377756 0.762981
vt 0.407537 0.762981
vt 0.138945 0.809609
vt 0.108947 0.809609
vt 0.108947 0.762981
vt 0.138945 0.762981
vt 0.437311 0.762981
vt 0.437311 0.809609
vt 0.168870 0.762981
vt 0.168870 0.809609
vt 0.198754 0.762981
vt 0.198754 0.809609
vt 0.228614 0.762981
vt 0.228614 0.809609
vt 0.258461 0.762981
vt 0.258461 0.809609
vt 0.288300 0.762981
vt 0.288299 0.809609
vt 0.318130 0.762981
vt 0.318129 0.809609
vt 0.347950 0.762981
vt 0.347949 0.809609
vt 0.467076 0.762981
vt 0.467075 0.809609
vt 0.496772 0.762981
vt 0.496772 0.809609
vt 0.048546 0.762981
vt 0.048546 0.809609
vt 0.018152 0.809609
vt 0.018152 0.762981
vt 0.078838 0.809609
vt 0.078838 0.762981
vt 0.078838 0.840733
vt 0.108947 0.840733
vt 0.048546 0.840733
vt 0.018152 0.840733
vt 0.467075 0.840733
vt 0.496772 0.840733
vt 0.437311 0.840733
vt 0.407537 0.840733
vt 0.377755 0.840733
vt 0.347949 0.840733
vt 0.318129 0.840733
vt 0.288299 0.840733
vt 0.258461 0.840733
vt 0.228614 0.840733
vt 0.198754 0.840733
vt 0.168870 0.840733
vt 0.138945 0.840733
vt 0.108947 0.866254
vt 0.078837 0.866255
vt 0.048546 0.866255
vt 0.018152 0.866255
vt 0.496772 0.866255
vt 0.467076 0.866254
vt 0.437311 0.866254
vt 0.407537 0.866255
vt 0.377755 0.866254
vt 0.347950 0.866255
vt 0.318129 0.866255
vt 0.288299 0.866255
vt 0.258461 0.866255
vt 0.228614 0.866255
vt 0.198754 0.866254
vt 0.168870 0.866255
vt 0.138945 0.866254
vt 0.802070 0.093708
vt 0.801587 0.127859
vt 0.767496 0.127524
vt 0.767985 0.093392
vt 0.733398 0.127188
vt 0.733881 0.093083
vt 0.768446 0.059254
vt 0.734333 0.058965
vt 0.802511 0.059557
vt 0.048546 0.890226
vt 0.078838 0.890225
vt 0.078838 0.891547
vt 0.048546 0.891547
vt 0.078838 0.892873
vt 0.048546 0.892874
vt 0.407537 0.890226
vt 0.437311 0.890226
vt 0.437311 0.891547
vt 0.407537 0.891547
vt 0.437311 0.892873
vt 0.407537 0.892874
vt 0.288299 0.890225
vt 0.318130 0.890226
vt 0.318130 0.891547
vt 0.288299 0.891547
vt 0.318130 0.892874
vt 0.288299 0.892874
vt 0.168870 0.890225
vt 0.198754 0.890226
vt 0.198754 0.891547
vt 0.168870 0.891547
vt 0.198754 0.892874
vt 0.168870 0.892874
vt 0.228614 0.890225
vt 0.258461 0.890226
vt 0.347949 0.890226
vt 0.377755 0.890225
vt 0.467076 0.890226
vt 0.496772 0.890226
vt 0.018152 0.890226
vt 0.108947 0.890226
vt 0.138945 0.890226
vt 0.686988 0.125959
vt 0.680775 0.092595
vt 0.687886 0.059339
vt 0.848781 0.060786
vt 0.855023 0.094254
vt 0.847985 0.127576
vt 0.828675 0.155674
vt 0.800105 0.174286
vt 0.766675 0.180578
vt 0.733476 0.173583
vt 0.705518 0.154380
vt 0.707168 0.031232
vt 0.735683 0.012563
vt 0.769086 0.006185
vt 0.802316 0.013099
vt 0.830287 0.032276
vt 0.108947 0.891547
vt 0.108947 0.892873
vt 0.018152 0.891547
vt 0.018152 0.892873
vt 0.496772 0.891547
vt 0.467076 0.891547
vt 0.496772 0.892873
vt 0.467076 0.892873
vt 0.377756 0.891547
vt 0.377756 0.892874
vt 0.347949 0.891547
vt 0.347949 0.892874
vt 0.258461 0.891547
vt 0.258461 0.892874
vt 0.228614 0.891547
vt 0.228614 0.892873
vt 0.138945 0.891547
vt 0.138945 0.892873
vt 0.768021 0.500356
vt 0.758934 0.498291
vt 0.761658 0.486853
vt 0.769782 0.490243
vt 0.771891 0.476284
vt 0.763210 0.475334
vt 0.744707 0.471849
vt 0.763843 0.469243
vt 0.756169 0.390253
vt 0.721007 0.388791
vt 0.714755 0.356723
vt 0.752669 0.360859
vt 0.742392 0.300696
vt 0.696593 0.292000
vt 0.693998 0.262782
vt 0.738698 0.269736
vt 0.695404 0.239063
vt 0.735176 0.242153
vt 0.777533 0.497408
vt 0.772567 0.499317
vt 0.774378 0.487646
vt 0.779225 0.485587
vt 0.780635 0.473365
vt 0.776187 0.475057
vt 0.773935 0.467991
vt 0.783596 0.465681
vt 0.799619 0.398285
vt 0.778264 0.392567
vt 0.777309 0.364410
vt 0.801337 0.369746
vt 0.803852 0.309726
vt 0.773215 0.305253
vt 0.771369 0.273135
vt 0.803818 0.276074
vt 0.771215 0.244000
vt 0.806235 0.246165
vt 0.782248 0.496457
vt 0.784074 0.486767
vt 0.785645 0.472408
vt 0.789440 0.464420
vt 0.806603 0.402014
vt 0.810649 0.373595
vt 0.816724 0.311562
vt 0.819174 0.278294
vt 0.823290 0.247497
vt 0.787448 0.495925
vt 0.790716 0.499223
vt 0.787144 0.495643
vt 0.796586 0.472404
vt 0.796987 0.472004
vt 0.794483 0.472267
vt 0.796663 0.460666
vt 0.802177 0.466025
vt 0.818841 0.405443
vt 0.812441 0.404926
vt 0.824845 0.376410
vt 0.839752 0.377229
vt 0.868256 0.316224
vt 0.841659 0.314811
vt 0.849894 0.277208
vt 0.883251 0.275002
vt 0.861656 0.251046
vt 0.904041 0.248722
vt 0.800498 0.500225
vt 0.803053 0.488875
vt 0.808287 0.476777
vt 0.817355 0.468933
vt 0.842705 0.402608
vt 0.863308 0.376326
vt 0.893473 0.315008
vt 0.909040 0.273322
vt 0.931147 0.246667
vt 0.932048 0.271418
vt 0.955831 0.245812
vt 0.915362 0.312906
vt 0.861348 0.403204
vt 0.883145 0.376931
vt 0.818074 0.477370
vt 0.830755 0.470393
vt 0.811327 0.500866
vt 0.814103 0.488951
vt 0.905591 0.345408
vt 0.884571 0.345975
vt 0.860151 0.346824
vt 0.836516 0.345561
vt 0.814123 0.342324
vt 0.802403 0.339512
vt 0.774280 0.334364
vt 0.746035 0.329948
vt 0.704255 0.322689
vt 0.698814 0.215568
vt 0.732392 0.213645
vt 0.771806 0.213851
vt 0.811160 0.215788
vt 0.829261 0.218538
vt 0.872909 0.222246
vt 0.926692 0.218817
vt 0.955168 0.217498
vt 0.982026 0.217770
vt 0.738607 0.462929
vt 0.760288 0.459698
vt 0.772493 0.458360
vt 0.784191 0.456488
vt 0.789131 0.455704
vt 0.797746 0.453367
vt 0.806088 0.459675
vt 0.822273 0.461519
vt 0.836384 0.462923
vt 0.848862 0.424022
vt 0.832262 0.424462
vt 0.815284 0.426880
vt 0.804344 0.425073
vt 0.795383 0.421486
vt 0.791707 0.419383
vt 0.775065 0.416350
vt 0.756029 0.416139
vt 0.724014 0.417382
vt 0.758286 0.448545
vt 0.733957 0.451462
vt 0.729326 0.440197
vt 0.756804 0.437629
vt 0.772563 0.436673
vt 0.771943 0.447590
vt 0.787135 0.437131
vt 0.784901 0.446108
vt 0.790948 0.438034
vt 0.789570 0.446427
vt 0.800171 0.438115
vt 0.799451 0.441687
vt 0.811274 0.445477
vt 0.809852 0.450270
vt 0.828098 0.444064
vt 0.825965 0.452899
vt 0.842995 0.443718
vt 0.840560 0.453762
vt 0.824548 0.761993
vt 0.822245 0.772873
vt 0.814378 0.770844
vt 0.817352 0.760276
vt 0.848403 0.743725
vt 0.830543 0.749804
vt 0.820756 0.748768
vt 0.829354 0.743822
vt 0.878476 0.640585
vt 0.871234 0.669210
vt 0.839384 0.669743
vt 0.844153 0.642818
vt 0.902690 0.558793
vt 0.898147 0.584261
vt 0.856724 0.588087
vt 0.862162 0.560181
vt 0.904150 0.537993
vt 0.867749 0.535203
vt 0.814307 0.757773
vt 0.811382 0.768303
vt 0.808554 0.765520
vt 0.810847 0.755034
vt 0.818836 0.741106
vt 0.816242 0.746933
vt 0.811878 0.744867
vt 0.809026 0.737941
vt 0.822090 0.644785
vt 0.819652 0.670802
vt 0.800397 0.674504
vt 0.800624 0.648442
vt 0.832361 0.561093
vt 0.828854 0.590393
vt 0.801317 0.592644
vt 0.802776 0.561719
vt 0.834406 0.534684
vt 0.801802 0.534254
vt 0.805630 0.763952
vt 0.806846 0.753392
vt 0.807224 0.743502
vt 0.803527 0.736363
vt 0.794026 0.677237
vt 0.792322 0.650792
vt 0.789831 0.593590
vt 0.788869 0.562022
vt 0.785921 0.533688
vt 0.797260 0.753844
vt 0.796988 0.765062
vt 0.793656 0.763742
vt 0.794473 0.752707
vt 0.795928 0.731713
vt 0.796517 0.742241
vt 0.793959 0.741986
vt 0.789934 0.735613
vt 0.779885 0.652338
vt 0.788413 0.679177
vt 0.782661 0.678587
vt 0.766702 0.651920
vt 0.761592 0.560798
vt 0.767777 0.595366
vt 0.743936 0.595681
vt 0.731237 0.558511
vt 0.751540 0.537471
vt 0.712056 0.534817
vt 0.783561 0.764733
vt 0.784371 0.753562
vt 0.783538 0.742829
vt 0.776555 0.734839
vt 0.762287 0.673968
vt 0.745600 0.649410
vt 0.721020 0.594111
vt 0.707432 0.556997
vt 0.687247 0.533078
vt 0.686513 0.555478
vt 0.664849 0.532523
vt 0.701186 0.592354
vt 0.745273 0.672821
vt 0.727661 0.649109
vt 0.773953 0.741670
vt 0.763405 0.733454
vt 0.773603 0.762598
vt 0.775076 0.751526
vt 0.728140 0.621843
vt 0.709210 0.620962
vt 0.750115 0.623484
vt 0.771120 0.623599
vt 0.790875 0.621969
vt 0.801289 0.620173
vt 0.826398 0.617156
vt 0.851869 0.614691
vt 0.889393 0.610798
vt 0.904353 0.516589
vt 0.873298 0.509578
vt 0.836008 0.507666
vt 0.799768 0.506915
vt 0.782177 0.505687
vt 0.740140 0.511284
vt 0.691526 0.507920
vt 0.665644 0.506806
vt 0.641112 0.506418
vt 0.852884 0.735248
vt 0.832299 0.734477
vt 0.820587 0.732622
vt 0.809194 0.729829
vt 0.804603 0.728501
vt 0.795902 0.724814
vt 0.787376 0.729138
vt 0.773354 0.727756
vt 0.759975 0.725984
vt 0.769365 0.694179
vt 0.754175 0.691371
vt 0.783119 0.700443
vt 0.792762 0.697011
vt 0.802429 0.696192
vt 0.805875 0.694850
vt 0.820917 0.693250
vt 0.837925 0.693716
vt 0.866942 0.694747
vt 0.861132 0.714924
vt 0.856812 0.724944
vt 0.834211 0.723927
vt 0.835988 0.713671
vt 0.821516 0.722507
vt 0.821647 0.712443
vt 0.809311 0.720797
vt 0.808210 0.711815
vt 0.805154 0.720257
vt 0.804676 0.712035
vt 0.795848 0.717597
vt 0.795245 0.710208
vt 0.785732 0.722201
vt 0.784690 0.715469
vt 0.771368 0.719973
vt 0.770776 0.711869
vt 0.757827 0.717517
vt 0.757065 0.708656
vt 0.822452 0.772925
vt 0.824715 0.762072
vt 0.768063 0.500551
vt 0.758744 0.498433
vt 0.830472 0.750055
vt 0.848458 0.743897
vt 0.871494 0.669242
vt 0.878780 0.640637
vt 0.898552 0.584315
vt 0.903121 0.558828
vt 0.904601 0.538004
vt 0.777862 0.497587
vt 0.772885 0.499488
vt 0.782302 0.496663
vt 0.789166 0.496723
vt 0.792192 0.499939
vt 0.800495 0.500415
vt 0.956249 0.245836
vt 0.932514 0.271441
vt 0.915827 0.312927
vt 0.883541 0.376962
vt 0.861710 0.403232
vt 0.831097 0.470542
vt 0.818401 0.477472
vt 0.814336 0.489017
vt 0.811556 0.501033
vt 0.906032 0.345428
vt 0.889760 0.610861
vt 0.904813 0.516590
vt 0.699142 0.215167
vt 0.732738 0.213313
vt 0.772177 0.213553
vt 0.811575 0.215467
vt 0.829656 0.218353
vt 0.873055 0.222064
vt 0.926828 0.218630
vt 0.955421 0.217309
vt 0.982426 0.217657
vt 0.853052 0.735285
vt 0.836725 0.463024
vt 0.849216 0.424036
vt 0.867175 0.694769
vt 0.857001 0.724969
vt 0.861337 0.714950
vt 0.843349 0.443736
vt 0.840910 0.453827
s 1
usemtl 1001
f 1/1/1 2/2/2 3/3/3
f 4/4/4 1/1/1 3/3/3
f 5/5/5 4/4/4 3/3/3
f 6/6/6 5/5/5 3/3/3
f 7/7/7 6/6/6 3/3/3
f 8/8/8 7/7/7 3/3/3
f 9/9/9 8/8/8 3/3/3
f 10/10/10 9/9/9 3/3/3
f 11/11/11 10/10/10 3/3/3
f 12/12/12 11/11/11 3/3/3
f 13/13/13 12/12/12 3/3/3
f 14/14/14 13/13/13 3/3/3
f 15/15/15 14/14/14 3/3/3
f 16/16/16 15/15/15 3/3/3
f 17/17/17 16/16/16 3/3/3
f 2/2/2 17/17/17 3/3/3
f 18/18/18 19/19/19 20/20/20
f 20/20/20 21/21/21 18/18/18
f 21/21/21 20/20/20 22/22/22
f 22/22/22 23/23/23 21/21/21
f 23/23/23 22/22/22 24/24/24
f 24/24/24 25/25/25 23/23/23
f 25/25/25 24/24/24 26/26/26
f 26/26/26 27/27/27 25/25/25
f 27/27/27 26/26/26 28/28/28
f 28/28/28 29/29/29 27/27/27
f 29/29/29 28/28/28 30/30/30
f 30/30/30 31/31/31 29/29/29
f 31/31/31 30/30/30 32/32/32
f 32/32/32 33/33/33 31/31/31
f 33/34/33 32/35/32 34/36/34
f 34/36/34 35/37/35 33/34/33
f 35/37/35 34/36/34 36/38/36
f 36/38/36 37/39/37 35/37/35
f 37/39/37 36/38/36 38/40/38
f 38/40/38 39/41/39 37/39/37
f 39/41/39 38/40/38 40/42/40
f 40/42/40 41/43/41 39/41/39
f 41/43/41 40/42/40 42/44/42
f 42/44/42 43/45/43 41/43/41
f 43/45/43 42/44/42 44/46/44
f 44/46/44 45/47/45 43/45/43
f 45/47/45 44/46/44 46/48/46
f 46/48/46 47/49/47 45/47/45
f 47/49/47 46/48/46 48/50/48
f 48/50/48 49/51/49 47/49/47
f 49/51/49 48/50/48 19/19/19
f 19/19/19 18/18/18 49/51/49
f 50/52/50 51/53/51 52/54/52
f 52/54/52 53/55/53 50/52/50
f 54/56/54 55/57/55 51/53/51
f 51/53/51 50/52/50 54/56/54
f 56/58/56 57/59/57 55/57/55
f 55/57/55 54/56/54 56/58/56
f 58/60/58 59/61/59 57/59/57
f 57/59/57 56/58/56 58/60/58
f 60/62/60 61/63/61 59/64/59
f 59/64/59 58/65/58 60/62/60
f 62/66/62 63/67/63 61/63/61
f 61/63/61 60/62/60 62/66/62
f 64/68/64 65/69/65 63/67/63
f 63/67/63 62/66/62 64/68/64
f 66/70/66 67/71/67 65/69/65
f 65/69/65 64/68/64 66/70/66
f 68/72/68 69/73/69 67/71/67
f 67/71/67 66/70/66 68/72/68
f 70/74/70 71/75/71 69/73/69
f 69/73/69 68/72/68 70/74/70
f 72/76/72 73/77/73 71/75/71
f 71/75/71 70/74/70 72/76/72
f 74/78/74 75/79/75 73/77/73
f 73/77/73 72/76/72 74/78/74
f 76/80/76 77/81/77 75/79/75
f 75/79/75 74/78/74 76/80/76
f 78/82/78 79/83/79 77/81/77
f 77/81/77 76/80/76 78/82/78
f 80/84/80 81/85/81 79/83/79
f 79/83/79 78/82/78 80/84/80
f 53/55/53 52/54/52 81/85/81
f 81/85/81 80/84/80 53/55/53
f 51/53/51 39/41/39 41/43/41
f 41/43/41 52/54/52 51/53/51
f 55/57/55 37/39/37 39/41/39
f 39/41/39 51/53/51 55/57/55
f 57/59/57 35/37/35 37/39/37
f 37/39/37 55/57/55 57/59/57
f 59/61/59 33/34/33 35/37/35
f 35/37/35 57/59/57 59/61/59
f 61/63/61 31/31/31 33/33/33
f 33/33/33 59/64/59 61/63/61
f 63/67/63 29/29/29 31/31/31
f 31/31/31 61/63/61 63/67/63
f 65/69/65 27/27/27 29/29/29
f 29/29/29 63/67/63 65/69/65
f 67/71/67 25/25/25 27/27/27
f 27/27/27 65/69/65 67/71/67
f 69/73/69 23/23/23 25/25/25
f 25/25/25 67/71/67 69/73/69
f 71/75/71 21/21/21 23/23/23
f 23/23/23 69/73/69 71/75/71
f 73/77/73 18/18/18 21/21/21
f 21/21/21 71/75/71 73/77/73
f 75/79/75 49/51/49 18/18/18
f 18/18/18 73/77/73 75/79/75
f 77/81/77 47/49/47 49/51/49
f 49/51/49 75/79/75 77/81/77
f 79/83/79 45/47/45 47/49/47
f 47/49/47 77/81/77 79/83/79
f 81/85/81 43/45/43 45/47/45
f 45/47/45 79/83/79 81/85/81
f 52/54/52 41/43/41 43/45/43
f 43/45/43 81/85/81 52/54/52
f 82/86/82 83/87/3 84/88/3
f 84/88/3 85/89/83 82/86/82
f 86/90/84 87/91/3 83/87/3
f 83/87/3 82/86/82 86/90/84
f 88/92/85 89/93/3 87/91/3
f 87/91/3 86/90/84 88/92/85
f 90/94/86 91/95/3 89/93/3
f 89/93/3 88/92/85 90/94/86
f 92/96/87 93/97/3 91/95/3
f 91/95/3 90/94/86 92/96/87
f 94/98/88 95/99/3 93/97/3
f 93/97/3 92/96/87 94/98/88
f 96/100/89 97/101/3 95/99/3
f 95/99/3 94/98/88 96/100/89
f 98/102/90 99/103/3 97/101/3
f 97/101/3 96/100/89 98/102/90
f 100/104/91 101/105/3 99/103/3
f 99/103/3 98/102/90 100/104/91
f 102/106/92 103/107/3 101/105/3
f 101/105/3 100/104/91 102/106/92
f 104/108/93 105/109/3 103/107/3
f 103/107/3 102/106/92 104/108/93
f 106/110/94 107/111/3 105/109/3
f 105/109/3 104/108/93 106/110/94
f 108/112/95 109/113/3 107/111/3
f 107/111/3 106/110/94 108/112/95
f 110/114/96 111/115/3 109/113/3
f 109/113/3 108/112/95 110/114/96
f 112/116/97 113/117/3 111/115/3
f 111/115/3 110/114/96 112/116/97
f 85/89/83 84/88/3 113/117/3
f 113/117/3 112/116/97 85/89/83
f 114/118/98 82/86/82 85/89/83
f 85/89/83 115/119/99 114/118/98
f 116/120/100 86/90/84 82/86/82
f 82/86/82 114/118/98 116/120/100
f 117/121/101 88/92/85 86/90/84
f 86/90/84 116/120/100 117/121/101
f 118/122/102 90/94/86 88/92/85
f 88/92/85 117/121/101 118/122/102
f 119/123/103 92/96/87 90/94/86
f 90/94/86 118/122/102 119/123/103
f 120/124/104 94/98/88 92/96/87
f 92/96/87 119/123/103 120/124/104
f 121/125/105 96/100/89 94/98/88
f 94/98/88 120/124/104 121/125/105
f 122/126/106 98/102/90 96/100/89
f 96/100/89 121/125/105 122/126/106
f 123/127/107 100/104/91 98/102/90
f 98/102/90 122/126/106 123/127/107
f 124/128/108 102/106/92 100/104/91
f 100/104/91 123/127/107 124/128/108
f 125/129/109 104/108/93 102/106/92
f 102/106/92 124/128/108 125/129/109
f 126/130/110 106/110/94 104/108/93
f 104/108/93 125/129/109 126/130/110
f 127/131/111 108/112/95 106/110/94
f 106/110/94 126/130/110 127/131/111
f 128/132/112 110/114/96 108/112/95
f 108/112/95 127/131/111 128/132/112
f 129/133/113 112/116/97 110/114/96
f 110/114/96 128/132/112 129/133/113
f 115/119/99 85/89/83 112/116/97
f 112/116/97 129/133/113 115/119/99
f 130/134/114 131/135/115 132/136/116
f 132/136/116 133/137/117 130/134/114
f 134/138/118 135/139/119 131/135/115
f 131/135/115 130/134/114 134/138/118
f 136/140/120 137/141/121 135/139/119
f 135/139/119 134/138/118 136/140/120
f 138/142/122 139/143/123 137/141/121
f 137/141/121 136/140/120 138/142/122
f 140/144/124 141/145/125 139/143/123
f 139/143/123 138/142/122 140/144/124
f 142/146/126 143/147/127 141/145/125
f 141/145/125 140/144/124 142/146/126
f 144/148/128 145/149/129 143/147/127
f 143/147/127 142/146/126 144/148/128
f 146/150/130 147/151/131 145/149/129
f 145/149/129 144/148/128 146/150/130
f 148/152/132 149/153/133 147/151/131
f 147/151/131 146/150/130 148/152/132
f 150/154/134 151/155/135 149/153/133
f 149/153/133 148/152/132 150/154/134
f 152/156/136 153/157/137 151/155/135
f 151/155/135 150/154/134 152/156/136
f 154/158/138 155/159/139 153/157/137
f 153/157/137 152/156/136 154/158/138
f 156/160/140 157/161/141 155/159/139
f 155/159/139 154/158/138 156/160/140
f 158/162/142 159/163/143 157/161/141
f 157/161/141 156/160/140 158/162/142
f 160/164/144 161/165/145 159/163/143
f 159/163/143 158/162/142 160/164/144
f 133/137/117 132/136/116 161/165/145
f 161/165/145 160/164/144 133/137/117
f 1/1/1 130/134/114 133/137/117
f 133/137/117 2/2/2 1/1/1
f 4/4/4 134/138/118 130/134/114
f 130/134/114 1/1/1 4/4/4
f 5/5/5 136/140/120 134/138/118
f 134/138/118 4/4/4 5/5/5
f 6/6/6 138/142/122 136/140/120
f 136/140/120 5/5/5 6/6/6
f 7/7/7 140/144/124 138/142/122
f 138/142/122 6/6/6 7/7/7
f 8/8/8 142/146/126 140/144/124
f 140/144/124 7/7/7 8/8/8
f 9/9/9 144/148/128 142/146/126
f 142/146/126 8/8/8 9/9/9
f 10/10/10 146/150/130 144/148/128
f 144/148/128 9/9/9 10/10/10
f 11/11/11 148/152/132 146/150/130
f 146/150/130 10/10/10 11/11/11
f 12/12/12 150/154/134 148/152/132
f 148/152/132 11/11/11 12/12/12
f 13/13/13 152/156/136 150/154/134
f 150/154/134 12/12/12 13/13/13
f 14/14/14 154/158/138 152/156/136
f 152/156/136 13/13/13 14/14/14
f 15/15/15 156/160/140 154/158/138
f 154/158/138 14/14/14 15/15/15
f 16/16/16 158/162/142 156/160/140
f 156/160/140 15/15/15 16/16/16
f 17/17/17 160/164/144 158/162/142
f 158/162/142 16/16/16 17/17/17
f 2/2/2 133/137/117 160/164/144
f 160/164/144 17/17/17 2/2/2
f 162/166/146 163/167/146 164/168/147
f 164/168/147 165/169/147 162/166/146
f 166/170/148 167/171/148 163/167/146
f 163/167/146 162/166/146 166/170/148
f 168/172/149 169/173/149 167/174/148
f 167/174/148 166/175/148 168/172/149
f 170/176/150 171/177/150 169/173/149
f 169/173/149 168/172/149 170/176/150
f 172/178/151 173/179/151 171/177/150
f 171/177/150 170/176/150 172/178/151
f 174/180/152 175/181/152 173/179/151
f 173/179/151 172/178/151 174/180/152
f 176/182/153 177/183/153 175/181/152
f 175/181/152 174/180/152 176/182/153
f 178/184/154 179/185/154 177/183/153
f 177/183/153 176/182/153 178/184/154
f 180/186/155 181/187/155 179/185/154
f 179/185/154 178/184/154 180/186/155
f 182/188/156 183/189/156 181/187/155
f 181/187/155 180/186/155 182/188/156
f 184/190/157 185/191/157 183/189/156
f 183/189/156 182/188/156 184/190/157
f 186/192/158 187/193/158 185/191/157
f 185/191/157 184/190/157 186/192/158
f 188/194/159 189/195/159 187/193/158
f 187/193/158 186/192/158 188/194/159
f 190/196/160 191/197/160 189/195/159
f 189/195/159 188/194/159 190/196/160
f 192/198/161 193/199/161 191/197/160
f 191/197/160 190/196/160 192/198/161
f 165/169/147 164/168/147 193/199/161
f 193/199/161 192/198/161 165/169/147
f 36/200/36 165/169/147 192/198/161
f 192/198/161 38/201/38 36/200/36
f 34/202/34 162/166/146 165/169/147
f 165/169/147 36/200/36 34/202/34
f 32/203/32 166/170/148 162/166/146
f 162/166/146 34/202/34 32/203/32
f 30/204/30 168/172/149 166/175/148
f 166/175/148 32/205/32 30/204/30
f 28/206/28 170/176/150 168/172/149
f 168/172/149 30/204/30 28/206/28
f 26/207/26 172/178/151 170/176/150
f 170/176/150 28/206/28 26/207/26
f 24/208/24 174/180/152 172/178/151
f 172/178/151 26/207/26 24/208/24
f 22/209/22 176/182/153 174/180/152
f 174/180/152 24/208/24 22/209/22
f 20/210/20 178/184/154 176/182/153
f 176/182/153 22/209/22 20/210/20
f 19/211/19 180/186/155 178/184/154
f 178/184/154 20/210/20 19/211/19
f 48/212/48 182/188/156 180/186/155
f 180/186/155 19/211/19 48/212/48
f 46/213/46 184/190/157 182/188/156
f 182/188/156 48/212/48 46/213/46
f 44/214/44 186/192/158 184/190/157
f 184/190/157 46/213/46 44/214/44
f 42/215/42 188/194/159 186/192/158
f 186/192/158 44/214/44 42/215/42
f 40/216/40 190/196/160 188/194/159
f 188/194/159 42/215/42 40/216/40
f 38/201/38 192/198/161 190/196/160
f 190/196/160 40/216/40 38/201/38
f 164/168/147 194/217/147 195/218/161
f 195/218/161 193/199/161 164/168/147
f 163/167/146 196/219/146 194/217/147
f 194/217/147 164/168/147 163/167/146
f 167/171/148 197/220/148 196/219/146
f 196/219/146 163/167/146 167/171/148
f 169/173/149 198/221/149 197/222/148
f 197/222/148 167/174/148 169/173/149
f 171/177/150 199/223/150 198/221/149
f 198/221/149 169/173/149 171/177/150
f 173/179/151 200/224/151 199/223/150
f 199/223/150 171/177/150 173/179/151
f 175/181/152 201/225/152 200/224/151
f 200/224/151 173/179/151 175/181/152
f 177/183/153 202/226/153 201/225/152
f 201/225/152 175/181/152 177/183/153
f 179/185/154 203/227/154 202/226/153
f 202/226/153 177/183/153 179/185/154
f 181/187/155 204/228/155 203/227/154
f 203/227/154 179/185/154 181/187/155
f 183/189/156 205/229/156 204/228/155
f 204/228/155 181/187/155 183/189/156
f 185/191/157 206/230/157 205/229/156
f 205/229/156 183/189/156 185/191/157
f 187/193/158 207/231/158 206/230/157
f 206/230/157 185/191/157 187/193/158
f 189/195/159 208/232/159 207/231/158
f 207/231/158 187/193/158 189/195/159
f 191/197/160 209/233/160 208/232/159
f 208/232/159 189/195/159 191/197/160
f 193/199/161 195/218/161 209/233/160
f 209/233/160 191/197/160 193/199/161
f 204/228/155 210/234/162 211/235/163
f 211/235/163 203/227/154 204/228/155
f 203/227/154 211/235/163 212/236/164
f 212/236/164 202/226/153 203/227/154
f 202/226/153 212/236/164 213/237/165
f 213/237/165 201/225/152 202/226/153
f 201/225/152 213/237/165 214/238/166
f 214/238/166 200/224/151 201/225/152
f 200/224/151 214/238/166 215/239/167
f 215/239/167 199/223/150 200/224/151
f 199/223/150 215/239/167 216/240/168
f 216/240/168 198/221/149 199/223/150
f 198/221/149 216/240/168 217/241/169
f 217/241/169 197/222/148 198/221/149
f 197/220/148 217/242/169 218/243/170
f 218/243/170 196/219/146 197/220/148
f 196/219/146 218/243/170 219/244/171
f 219/244/171 194/217/147 196/219/146
f 194/217/147 219/244/171 220/245/172
f 220/245/172 195/218/161 194/217/147
f 195/218/161 220/245/172 221/246/173
f 221/246/173 209/233/160 195/218/161
f 209/233/160 221/246/173 222/247/174
f 222/247/174 208/232/159 209/233/160
f 208/232/159 222/247/174 223/248/175
f 223/248/175 207/231/158 208/232/159
f 207/231/158 223/248/175 224/249/176
f 224/249/176 206/230/157 207/231/158
f 206/230/157 224/249/176 225/250/177
f 225/250/177 205/229/156 206/230/157
f 205/229/156 225/250/177 210/234/162
f 210/234/162 204/228/155 205/229/156
f 83/251/178 226/252/179 227/253/180
f 227/253/180 84/254/181 83/251/178
f 87/255/182 228/256/183 226/252/179
f 226/252/179 83/251/178 87/255/182
f 89/257/184 229/258/185 228/256/183
f 228/256/183 87/255/182 89/257/184
f 91/259/186 230/260/187 229/258/185
f 229/258/185 89/257/184 91/259/186
f 93/261/188 231/262/189 230/260/187
f 230/260/187 91/259/186 93/261/188
f 95/263/190 232/264/191 231/262/189
f 231/262/189 93/261/188 95/263/190
f 97/265/192 233/266/193 232/264/191
f 232/264/191 95/263/190 97/265/192
f 99/267/194 234/268/195 233/269/193
f 233/269/193 97/270/192 99/267/194
f 101/271/196 235/272/197 234/268/195
f 234/268/195 99/267/194 101/271/196
f 103/273/198 236/274/199 235/272/197
f 235/272/197 101/271/196 103/273/198
f 105/275/200 237/276/201 236/274/199
f 236/274/199 103/273/198 105/275/200
f 107/277/202 238/278/203 237/276/201
f 237/276/201 105/275/200 107/277/202
f 109/279/204 239/280/205 238/278/203
f 238/278/203 107/277/202 109/279/204
f 111/281/206 240/282/207 239/280/205
f 239/280/205 109/279/204 111/281/206
f 113/283/208 241/284/209 240/282/207
f 240/282/207 111/281/206 113/283/208
f 84/254/181 227/253/180 241/284/209
f 241/284/209 113/283/208 84/254/181
f 211/235/163 210/234/162 242/285/210
f 242/285/210 243/286/211 211/235/163
f 226/252/179 243/286/211 242/285/210
f 242/285/210 227/253/180 226/252/179
f 212/236/164 211/235/163 243/286/211
f 243/286/211 244/287/212 212/236/164
f 228/256/183 244/287/212 243/286/211
f 243/286/211 226/252/179 228/256/183
f 213/237/165 212/236/164 244/287/212
f 244/287/212 245/288/213 213/237/165
f 229/258/185 245/288/213 244/287/212
f 244/287/212 228/256/183 229/258/185
f 214/238/166 213/237/165 245/288/213
f 245/288/213 246/289/214 214/238/166
f 230/260/187 246/289/214 245/288/213
f 245/288/213 229/258/185 230/260/187
f 215/239/167 214/238/166 246/289/214
f 246/289/214 247/290/215 215/239/167
f 231/262/189 247/290/215 246/289/214
f 246/289/214 230/260/187 231/262/189
f 216/240/168 215/239/167 247/290/215
f 247/290/215 248/291/216 216/240/168
f 232/264/191 248/291/216 247/290/215
f 247/290/215 231/262/189 232/264/191
f 217/241/169 216/240/168 248/291/216
f 248/291/216 249/292/217 217/241/169
f 233/266/193 249/292/217 248/291/216
f 248/291/216 232/264/191 233/266/193
f 218/243/170 217/242/169 249/293/217
f 249/293/217 250/294/218 218/243/170
f 234/268/195 250/294/218 249/293/217
f 249/293/217 233/269/193 234/268/195
f 219/244/171 218/243/170 250/294/218
f 250/294/218 251/295/219 219/244/171
f 235/272/197 251/295/219 250/294/218
f 250/294/218 234/268/195 235/272/197
f 220/245/172 219/244/171 251/295/219
f 251/295/219 252/296/220 220/245/172
f 236/274/199 252/296/220 251/295/219
f 251/295/219 235/272/197 236/274/199
f 221/246/173 220/245/172 252/296/220
f 252/296/220 253/297/221 221/246/173
f 237/276/201 253/297/221 252/296/220
f 252/296/220 236/274/199 237/276/201
f 222/247/174 221/246/173 253/297/221
f 253/297/221 254/298/222 222/247/174
f 238/278/203 254/298/222 253/297/221
f 253/297/221 237/276/201 238/278/203
f 223/248/175 222/247/174 254/298/222
f 254/298/222 255/299/223 223/248/175
f 239/280/205 255/299/223 254/298/222
f 254/298/222 238/278/203 239/280/205
f 224/249/176 223/248/175 255/299/223
f 255/299/223 256/300/224 224/249/176
f 240/282/207 256/300/224 255/299/223
f 255/299/223 239/280/205 240/282/207
f 225/250/177 224/249/176 256/300/224
f 256/300/224 257/301/225 225/250/177
f 241/284/209 257/301/225 256/300/224
f 256/300/224 240/282/207 241/284/209
f 227/253/180 242/285/210 257/301/225
f 257/301/225 241/284/209 227/253/180
f 257/301/225 242/285/210 210/234/162
f 210/234/162 225/250/177 257/301/225
f 149/153/133 123/127/107 122/126/106
f 122/126/106 147/151/131 149/153/133
f 151/155/135 124/128/108 123/127/107
f 123/127/107 149/153/133 151/155/135
f 153/157/137 125/129/109 124/128/108
f 124/128/108 151/155/135 153/157/137
f 155/159/139 126/130/110 125/129/109
f 125/129/109 153/157/137 155/159/139
f 157/161/141 127/131/111 126/130/110
f 126/130/110 155/159/139 157/161/141
f 159/163/143 128/132/112 127/131/111
f 127/131/111 157/161/141 159/163/143
f 161/165/145 129/133/113 128/132/112
f 128/132/112 159/163/143 161/165/145
f 132/136/116 115/119/99 129/133/113
f 129/133/113 161/165/145 132/136/116
f 131/135/115 114/118/98 115/119/99
f 115/119/99 132/136/116 131/135/115
f 135/139/119 116/120/100 114/118/98
f 114/118/98 131/135/115 135/139/119
f 137/141/121 117/121/101 116/120/100
f 116/120/100 135/139/119 137/141/121
f 139/143/123 118/122/102 117/121/101
f 117/121/101 137/141/121 139/143/123
f 141/145/125 119/123/103 118/122/102
f 118/122/102 139/143/123 141/145/125
f 143/147/127 120/124/104 119/123/103
f 119/123/103 141/145/125 143/147/127
f 145/149/129 121/125/105 120/124/104
f 120/124/104 143/147/127 145/149/129
f 147/151/131 122/126/106 121/125/105
f 121/125/105 145/149/129 147/151/131
f 258/302/226 259/303/227 260/304/228
f 261/305/229 259/303/227 258/302/226
f 262/306/230 259/303/227 261/305/229
f 263/307/231 259/303/227 262/306/230
f 264/308/232 259/303/227 263/307/231
f 265/309/233 259/303/227 264/308/232
f 266/310/234 259/303/227 265/309/233
f 267/311/235 259/303/227 266/310/234
f 268/312/236 259/303/227 267/311/235
f 269/313/237 259/303/227 268/312/236
f 270/314/238 259/303/227 269/313/237
f 271/315/239 259/303/227 270/314/238
f 272/316/240 259/303/227 271/315/239
f 273/317/241 259/303/227 272/316/240
f 274/318/242 259/303/227 273/317/241
f 260/304/228 259/303/227 274/318/242
f 275/319/243 276/320/244 277/321/245
f 277/321/245 278/322/246 275/319/243
f 279/323/247 275/319/243 278/322/246
f 278/322/246 280/324/248 279/323/247
f 281/325/249 279/323/247 280/324/248
f 280/324/248 282/326/250 281/325/249
f 283/327/251 281/328/249 282/329/250
f 282/329/250 284/330/252 283/327/251
f 285/331/253 283/327/251 284/330/252
f 284/330/252 286/332/254 285/331/253
f 287/333/255 285/331/253 286/332/254
f 286/332/254 288/334/256 287/333/255
f 289/335/257 287/333/255 288/334/256
f 288/334/256 290/336/258 289/335/257
f 291/337/259 289/335/257 290/336/258
f 290/336/258 292/338/260 291/337/259
f 293/339/261 291/337/259 292/338/260
f 292/338/260 294/340/262 293/339/261
f 295/341/263 293/339/261 294/340/262
f 294/340/262 296/342/264 295/341/263
f 297/343/265 295/341/263 296/342/264
f 296/342/264 298/344/266 297/343/265
f 299/345/267 297/343/265 298/344/266
f 298/344/266 300/346/268 299/345/267
f 301/347/269 299/345/267 300/346/268
f 300/346/268 302/348/270 301/347/269
f 303/349/271 301/347/269 302/348/270
f 302/348/270 304/350/272 303/349/271
f 305/351/273 303/349/271 304/350/272
f 304/350/272 306/352/274 305/351/273
f 276/320/244 305/351/273 306/352/274
f 306/352/274 277/321/245 276/320/244
f 307/353/275 308/354/276 309/355/277
f 309/355/277 310/356/278 307/353/275
f 308/354/276 311/357/279 312/358/280
f 312/358/280 309/355/277 308/354/276
f 311/357/279 313/359/281 314/360/282
f 314/360/282 312/358/280 311/357/279
f 313/359/281 315/361/283 316/362/284
f 316/362/284 314/360/282 313/359/281
f 315/361/283 317/363/285 318/364/286
f 318/364/286 316/362/284 315/361/283
f 317/363/285 319/365/287 320/366/288
f 320/366/288 318/364/286 317/363/285
f 319/365/287 321/367/289 322/368/290
f 322/368/290 320/366/288 319/365/287
f 321/367/289 323/369/291 324/370/292
f 324/370/292 322/368/290 321/367/289
f 323/371/291 325/372/293 326/373/294
f 326/373/294 324/374/292 323/371/291
f 325/372/293 327/375/295 328/376/296
f 328/376/296 326/373/294 325/372/293
f 327/375/295 329/377/297 330/378/298
f 330/378/298 328/376/296 327/375/295
f 329/377/297 331/379/299 332/380/300
f 332/380/300 330/378/298 329/377/297
f 331/379/299 333/381/301 334/382/302
f 334/382/302 332/380/300 331/379/299
f 333/381/301 335/383/303 336/384/304
f 336/384/304 334/382/302 333/381/301
f 335/383/303 337/385/305 338/386/306
f 338/386/306 336/384/304 335/383/303
f 337/385/305 307/353/275 310/356/278
f 310/356/278 338/386/306 337/385/305
f 298/344/266 296/342/264 308/354/276
f 308/354/276 307/353/275 298/344/266
f 296/342/264 294/340/262 311/357/279
f 311/357/279 308/354/276 296/342/264
f 294/340/262 292/338/260 313/359/281
f 313/359/281 311/357/279 294/340/262
f 292/338/260 290/336/258 315/361/283
f 315/361/283 313/359/281 292/338/260
f 290/336/258 288/334/256 317/363/285
f 317/363/285 315/361/283 290/336/258
f 288/334/256 286/332/254 319/365/287
f 319/365/287 317/363/285 288/334/256
f 286/332/254 284/330/252 321/367/289
f 321/367/289 319/365/287 286/332/254
f 284/330/252 282/329/250 323/369/291
f 323/369/291 321/367/289 284/330/252
f 282/326/250 280/324/248 325/372/293
f 325/372/293 323/371/291 282/326/250
f 280/324/248 278/322/246 327/375/295
f 327/375/295 325/372/293 280/324/248
f 278/322/246 277/321/245 329/377/297
f 329/377/297 327/375/295 278/322/246
f 277/321/245 306/352/274 331/379/299
f 331/379/299 329/377/297 277/321/245
f 306/352/274 304/350/272 333/381/301
f 333/381/301 331/379/299 306/352/274
f 304/350/272 302/348/270 335/383/303
f 335/383/303 333/381/301 304/350/272
f 302/348/270 300/346/268 337/385/305
f 337/385/305 335/383/303 302/348/270
f 300/346/268 298/344/266 307/353/275
f 307/353/275 337/385/305 300/346/268
f 310/356/278 309/355/277 339/387/307
f 339/387/307 340/388/308 310/356/278
f 309/355/277 312/358/280 341/389/309
f 341/389/309 339/387/307 309/355/277
f 312/358/280 314/360/282 342/390/310
f 342/390/310 341/389/309 312/358/280
f 314/360/282 316/362/284 343/391/311
f 343/391/311 342/390/310 314/360/282
f 316/362/284 318/364/286 344/392/312
f 344/392/312 343/391/311 316/362/284
f 318/364/286 320/366/288 345/393/313
f 345/393/313 344/392/312 318/364/286
f 320/366/288 322/368/290 346/394/314
f 346/394/314 345/393/313 320/366/288
f 322/368/290 324/370/292 347/395/315
f 347/395/315 346/394/314 322/368/290
f 324/374/292 326/373/294 348/396/316
f 348/396/316 347/397/315 324/374/292
f 326/373/294 328/376/296 349/398/317
f 349/398/317 348/396/316 326/373/294
f 328/376/296 330/378/298 350/399/318
f 350/399/318 349/398/317 328/376/296
f 330/378/298 332/380/300 351/400/319
f 351/400/319 350/399/318 330/378/298
f 332/380/300 334/382/302 352/401/320
f 352/401/320 351/400/319 332/380/300
f 334/382/302 336/384/304 353/402/321
f 353/402/321 352/401/320 334/382/302
f 336/384/304 338/386/306 354/403/322
f 354/403/322 353/402/321 336/384/304
f 338/386/306 310/356/278 340/388/308
f 340/388/308 354/403/322 338/386/306
f 355/404/227 356/405/227 357/406/323
f 357/406/323 358/407/324 355/404/227
f 356/405/227 359/408/227 360/409/325
f 360/409/325 357/406/323 356/405/227
f 359/408/227 361/410/227 362/411/326
f 362/411/326 360/409/325 359/408/227
f 361/410/227 363/412/227 364/413/327
f 364/413/327 362/411/326 361/410/227
f 363/412/227 365/414/227 366/415/328
f 366/415/328 364/413/327 363/412/227
f 365/414/227 367/416/227 368/417/329
f 368/417/329 366/415/328 365/414/227
f 367/416/227 369/418/227 370/419/330
f 370/419/330 368/417/329 367/416/227
f 369/418/227 371/420/227 372/421/331
f 372/421/331 370/419/330 369/418/227
f 371/420/227 373/422/227 374/423/332
f 374/423/332 372/421/331 371/420/227
f 373/422/227 375/424/227 376/425/333
f 376/425/333 374/423/332 373/422/227
f 375/424/227 377/426/227 378/427/334
f 378/427/334 376/425/333 375/424/227
f 377/426/227 379/428/227 380/429/335
f 380/429/335 378/427/334 377/426/227
f 379/428/227 381/430/227 382/431/336
f 382/431/336 380/429/335 379/428/227
f 381/430/227 383/432/227 384/433/337
f 384/433/337 382/431/336 381/430/227
f 383/432/227 385/434/227 386/435/338
f 386/435/338 384/433/337 383/432/227
f 385/434/227 355/404/227 358/407/324
f 358/407/324 386/435/338 385/434/227
f 358/407/324 357/406/323 387/436/339
f 387/436/339 388/437/340 358/407/324
f 357/406/323 360/409/325 389/438/341
f 389/438/341 387/436/339 357/406/323
f 360/409/325 362/411/326 390/439/342
f 390/439/342 389/438/341 360/409/325
f 362/411/326 364/413/327 391/440/343
f 391/440/343 390/439/342 362/411/326
f 364/413/327 366/415/328 392/441/344
f 392/441/344 391/440/343 364/413/327
f 366/415/328 368/417/329 393/442/345
f 393/442/345 392/441/344 366/415/328
f 368/417/329 370/419/330 394/443/346
f 394/443/346 393/442/345 368/417/329
f 370/419/330 372/421/331 395/444/347
f 395/444/347 394/443/346 370/419/330
f 372/421/331 374/423/332 396/445/348
f 396/445/348 395/444/347 372/421/331
f 374/423/332 376/425/333 397/446/349
f 397/446/349 396/445/348 374/423/332
f 376/425/333 378/427/334 398/447/350
f 398/447/350 397/446/349 376/425/333
f 378/427/334 380/429/335 399/448/351
f 399/448/351 398/447/350 378/427/334
f 380/429/335 382/431/336 400/449/352
f 400/449/352 399/448/351 380/429/335
f 382/431/336 384/433/337 401/450/353
f 401/450/353 400/449/352 382/431/336
f 384/433/337 386/435/338 402/451/354
f 402/451/354 401/450/353 384/433/337
f 386/435/338 358/407/324 388/437/340
f 388/437/340 402/451/354 386/435/338
f 403/452/355 404/453/356 405/454/357
f 405/454/357 406/455/358 403/452/355
f 404/453/356 407/456/359 408/457/360
f 408/457/360 405/454/357 404/453/356
f 407/456/359 409/458/361 410/459/362
f 410/459/362 408/457/360 407/456/359
f 409/458/361 411/460/363 412/461/364
f 412/461/364 410/459/362 409/458/361
f 411/460/363 413/462/365 414/463/366
f 414/463/366 412/461/364 411/460/363
f 413/462/365 415/464/367 416/465/368
f 416/465/368 414/463/366 413/462/365
f 415/464/367 417/466/369 418/467/370
f 418/467/370 416/465/368 415/464/367
f 417/466/369 419/468/371 420/469/372
f 420/469/372 418/467/370 417/466/369
f 419/468/371 421/470/373 422/471/374
f 422/471/374 420/469/372 419/468/371
f 421/470/373 423/472/375 424/473/376
f 424/473/376 422/471/374 421/470/373
f 423/472/375 425/474/377 426/475/378
f 426/475/378 424/473/376 423/472/375
f 425/474/377 427/476/379 428/477/380
f 428/477/380 426/475/378 425/474/377
f 427/476/379 429/478/381 430/479/382
f 430/479/382 428/477/380 427/476/379
f 429/478/381 431/480/383 432/481/384
f 432/481/384 430/479/382 429/478/381
f 431/480/383 433/482/385 434/483/386
f 434/483/386 432/481/384 431/480/383
f 433/482/385 403/452/355 406/455/358
f 406/455/358 434/483/386 433/482/385
f 406/455/358 405/454/357 258/302/226
f 258/302/226 260/304/228 406/455/358
f 405/454/357 408/457/360 261/305/229
f 261/305/229 258/302/226 405/454/357
f 408/457/360 410/459/362 262/306/230
f 262/306/230 261/305/229 408/457/360
f 410/459/362 412/461/364 263/307/231
f 263/307/231 262/306/230 410/459/362
f 412/461/364 414/463/366 264/308/232
f 264/308/232 263/307/231 412/461/364
f 414/463/366 416/465/368 265/309/233
f 265/309/233 264/308/232 414/463/366
f 416/465/368 418/467/370 266/310/234
f 266/310/234 265/309/233 416/465/368
f 418/467/370 420/469/372 267/311/235
f 267/311/235 266/310/234 418/467/370
f 420/469/372 422/471/374 268/312/236
f 268/312/236 267/311/235 420/469/372
f 422/471/374 424/473/376 269/313/237
f 269/313/237 268/312/236 422/471/374
f 424/473/376 426/475/378 270/314/238
f 270/314/238 269/313/237 424/473/376
f 426/475/378 428/477/380 271/315/239
f 271/315/239 270/314/238 426/475/378
f 428/477/380 430/479/382 272/316/240
f 272/316/240 271/315/239 428/477/380
f 430/479/382 432/481/384 273/317/241
f 273/317/241 272/316/240 430/479/382
f 432/481/384 434/483/386 274/318/242
f 274/318/242 273/317/241 432/481/384
f 434/483/386 406/455/358 260/304/228
f 260/304/228 274/318/242 434/483/386
f 435/484/154 436/485/155 437/486/155
f 437/486/155 438/487/154 435/484/154
f 436/485/155 439/488/156 440/489/156
f 440/489/156 437/486/155 436/485/155
f 439/488/156 441/490/157 442/491/157
f 442/491/157 440/489/156 439/488/156
f 441/490/157 443/492/158 444/493/158
f 444/493/158 442/491/157 441/490/157
f 443/492/158 445/494/159 446/495/159
f 446/495/159 444/493/158 443/492/158
f 445/494/159 447/496/160 448/497/160
f 448/497/160 446/495/159 445/494/159
f 447/498/160 449/499/161 450/500/161
f 450/500/161 448/501/160 447/498/160
f 449/499/161 451/502/147 452/503/147
f 452/503/147 450/500/161 449/499/161
f 451/502/147 453/504/146 454/505/146
f 454/505/146 452/503/147 451/502/147
f 453/504/146 455/506/148 456/507/148
f 456/507/148 454/505/146 453/504/146
f 455/506/148 457/508/149 458/509/149
f 458/509/149 456/507/148 455/506/148
f 457/508/149 459/510/150 460/511/150
f 460/511/150 458/509/149 457/508/149
f 459/510/150 461/512/151 462/513/151
f 462/513/151 460/511/150 459/510/150
f 461/512/151 463/514/152 464/515/152
f 464/515/152 462/513/151 461/512/151
f 463/514/152 465/516/153 466/517/153
f 466/517/153 464/515/152 463/514/152
f 465/516/153 435/484/154 438/487/154
f 438/487/154 466/517/153 465/516/153
f 466/517/153 438/487/154 293/339/261
f 293/339/261 295/341/263 466/517/153
f 438/487/154 437/486/155 291/337/259
f 291/337/259 293/339/261 438/487/154
f 437/486/155 440/489/156 289/335/257
f 289/335/257 291/337/259 437/486/155
f 440/489/156 442/491/157 287/333/255
f 287/333/255 289/335/257 440/489/156
f 442/491/157 444/493/158 285/331/253
f 285/331/253 287/333/255 442/491/157
f 444/493/158 446/495/159 283/327/251
f 283/327/251 285/331/253 444/493/158
f 446/495/159 448/497/160 281/328/249
f 281/328/249 283/327/251 446/495/159
f 448/501/160 450/500/161 279/323/247
f 279/323/247 281/325/249 448/501/160
f 450/500/161 452/503/147 275/319/243
f 275/319/243 279/323/247 450/500/161
f 452/503/147 454/505/146 276/320/244
f 276/320/244 275/319/243 452/503/147
f 454/505/146 456/507/148 305/351/273
f 305/351/273 276/320/244 454/505/146
f 456/507/148 458/509/149 303/349/271
f 303/349/271 305/351/273 456/507/148
f 458/509/149 460/511/150 301/347/269
f 301/347/269 303/349/271 458/509/149
f 460/511/150 462/513/151 299/345/267
f 299/345/267 301/347/269 460/511/150
f 462/513/151 464/515/152 297/343/265
f 297/343/265 299/345/267 462/513/151
f 464/515/152 466/517/153 295/341/263
f 295/341/263 297/343/265 464/515/152
f 467/518/153 468/519/154 435/484/154
f 435/484/154 465/516/153 467/518/153
f 468/519/154 469/520/155 436/485/155
f 436/485/155 435/484/154 468/519/154
f 469/520/155 470/521/156 439/488/156
f 439/488/156 436/485/155 469/520/155
f 470/521/156 471/522/157 441/490/157
f 441/490/157 439/488/156 470/521/156
f 471/522/157 472/523/158 443/492/158
f 443/492/158 441/490/157 471/522/157
f 472/523/158 473/524/159 445/494/159
f 445/494/159 443/492/158 472/523/158
f 473/524/159 474/525/160 447/496/160
f 447/496/160 445/494/159 473/524/159
f 474/526/160 475/527/161 449/499/161
f 449/499/161 447/498/160 474/526/160
f 475/527/161 476/528/147 451/502/147
f 451/502/147 449/499/161 475/527/161
f 476/528/147 477/529/146 453/504/146
f 453/504/146 451/502/147 476/528/147
f 477/529/146 478/530/148 455/506/148
f 455/506/148 453/504/146 477/529/146
f 478/530/148 479/531/149 457/508/149
f 457/508/149 455/506/148 478/530/148
f 479/531/149 480/532/150 459/510/150
f 459/510/150 457/508/149 479/531/149
f 480/532/150 481/533/151 461/512/151
f 461/512/151 459/510/150 480/532/150
f 481/533/151 482/534/152 463/514/152
f 463/514/152 461/512/151 481/533/151
f 482/534/152 467/518/153 465/516/153
f 465/516/153 463/514/152 482/534/152
f 349/398/147 350/399/146 483/535/146
f 483/535/146 484/536/147 349/398/147
f 348/396/161 349/398/147 484/536/147
f 484/536/147 485/537/161 348/396/161
f 347/397/160 348/396/161 485/537/161
f 485/537/161 486/538/160 347/397/160
f 346/394/159 347/395/160 486/539/160
f 486/539/160 487/540/159 346/394/159
f 345/393/158 346/394/159 487/540/159
f 487/540/159 488/541/158 345/393/158
f 344/392/157 345/393/158 488/541/158
f 488/541/158 489/542/157 344/392/157
f 343/391/156 344/392/157 489/542/157
f 489/542/157 490/543/156 343/391/156
f 342/390/155 343/391/156 490/543/156
f 490/543/156 491/544/155 342/390/155
f 341/389/154 342/390/155 491/544/155
f 491/544/155 492/545/154 341/389/154
f 339/387/153 341/389/154 492/545/154
f 492/545/154 493/546/153 339/387/153
f 340/388/152 339/387/153 493/546/153
f 493/546/153 494/547/152 340/388/152
f 354/403/151 340/388/152 494/547/152
f 494/547/152 495/548/151 354/403/151
f 353/402/150 354/403/151 495/548/151
f 495/548/151 496/549/150 353/402/150
f 352/401/149 353/402/150 496/549/150
f 496/549/150 497/550/149 352/401/149
f 351/400/148 352/401/149 497/550/149
f 497/550/149 498/551/148 351/400/148
f 350/399/146 351/400/148 498/551/148
f 498/551/148 483/535/146 350/399/146
f 499/552/387 500/553/388 477/529/146
f 477/529/146 476/528/147 499/552/387
f 501/554/389 499/552/387 476/528/147
f 476/528/147 475/527/161 501/554/389
f 502/555/390 501/554/389 475/527/161
f 475/527/161 474/526/160 502/555/390
f 503/556/391 502/557/390 474/525/160
f 474/525/160 473/524/159 503/556/391
f 504/558/392 503/556/391 473/524/159
f 473/524/159 472/523/158 504/558/392
f 505/559/393 504/558/392 472/523/158
f 472/523/158 471/522/157 505/559/393
f 506/560/394 505/559/393 471/522/157
f 471/522/157 470/521/156 506/560/394
f 507/561/395 506/560/394 470/521/156
f 470/521/156 469/520/155 507/561/395
f 508/562/396 507/561/395 469/520/155
f 469/520/155 468/519/154 508/562/396
f 509/563/397 508/562/396 468/519/154
f 468/519/154 467/518/153 509/563/397
f 510/564/398 509/563/397 467/518/153
f 467/518/153 482/534/152 510/564/398
f 511/565/399 510/564/398 482/534/152
f 482/534/152 481/533/151 511/565/399
f 512/566/400 511/565/399 481/533/151
f 481/533/151 480/532/150 512/566/400
f 513/567/401 512/566/400 480/532/150
f 480/532/150 479/531/149 513/567/401
f 514/568/402 513/567/401 479/531/149
f 479/531/149 478/530/148 514/568/402
f 500/553/388 514/568/402 478/530/148
f 478/530/148 477/529/146 500/553/388
f 515/569/403 516/570/404 356/571/405
f 356/571/405 355/572/406 515/569/403
f 516/570/404 517/573/407 359/574/408
f 359/574/408 356/571/405 516/570/404
f 517/573/407 518/575/409 361/576/410
f 361/576/410 359/574/408 517/573/407
f 518/577/409 519/578/411 363/579/412
f 363/579/412 361/580/410 518/577/409
f 519/578/411 520/581/413 365/582/414
f 365/582/414 363/579/412 519/578/411
f 520/581/413 521/583/415 367/584/416
f 367/584/416 365/582/414 520/581/413
f 521/583/415 522/585/417 369/586/418
f 369/586/418 367/584/416 521/583/415
f 522/585/417 523/587/419 371/588/420
f 371/588/420 369/586/418 522/585/417
f 523/587/419 524/589/421 373/590/422
f 373/590/422 371/588/420 523/587/419
f 524/589/421 525/591/423 375/592/424
f 375/592/424 373/590/422 524/589/421
f 525/591/423 526/593/425 377/594/426
f 377/594/426 375/592/424 525/591/423
f 526/593/425 527/595/427 379/596/428
f 379/596/428 377/594/426 526/593/425
f 527/595/427 528/597/429 381/598/430
f 381/598/430 379/596/428 527/595/427
f 528/597/429 529/599/431 383/600/432
f 383/600/432 381/598/430 528/597/429
f 529/599/431 530/601/433 385/602/434
f 385/602/434 383/600/432 529/599/431
f 530/601/433 515/569/403 355/572/406
f 355/572/406 385/602/434 530/601/433
f 531/603/435 500/553/388 499/552/387
f 499/552/387 532/604/436 531/603/435
f 531/603/435 532/604/436 516/570/404
f 516/570/404 515/569/403 531/603/435
f 532/604/436 499/552/387 501/554/389
f 501/554/389 533/605/437 532/604/436
f 532/604/436 533/605/437 517/573/407
f 517/573/407 516/570/404 532/604/436
f 533/605/437 501/554/389 502/555/390
f 502/555/390 534/606/438 533/605/437
f 533/605/437 534/606/438 518/575/409
f 518/575/409 517/573/407 533/605/437
f 534/607/438 502/557/390 503/556/391
f 503/556/391 535/608/439 534/607/438
f 534/607/438 535/608/439 519/578/411
f 519/578/411 518/577/409 534/607/438
f 535/608/439 503/556/391 504/558/392
f 504/558/392 536/609/440 535/608/439
f 535/608/439 536/609/440 520/581/413
f 520/581/413 519/578/411 535/608/439
f 536/609/440 504/558/392 505/559/393
f 505/559/393 537/610/441 536/609/440
f 536/609/440 537/610/441 521/583/415
f 521/583/415 520/581/413 536/609/440
f 537/610/441 505/559/393 506/560/394
f 506/560/394 538/611/442 537/610/441
f 537/610/441 538/611/442 522/585/417
f 522/585/417 521/583/415 537/610/441
f 538/611/442 506/560/394 507/561/395
f 507/561/395 539/612/443 538/611/442
f 538/611/442 539/612/443 523/587/419
f 523/587/419 522/585/417 538/611/442
f 539/612/443 507/561/395 508/562/396
f 508/562/396 540/613/444 539/612/443
f 539/612/443 540/613/444 524/589/421
f 524/589/421 523/587/419 539/612/443
f 540/613/444 508/562/396 509/563/397
f 509/563/397 541/614/445 540/613/444
f 540/613/444 541/614/445 525/591/423
f 525/591/423 524/589/421 540/613/444
f 541/614/445 509/563/397 510/564/398
f 510/564/398 542/615/446 541/614/445
f 541/614/445 542/615/446 526/593/425
f 526/593/425 525/591/423 541/614/445
f 542/615/446 510/564/398 511/565/399
f 511/565/399 543/616/447 542/615/446
f 542/615/446 543/616/447 527/595/427
f 527/595/427 526/593/425 542/615/446
f 543/616/447 511/565/399 512/566/400
f 512/566/400 544/617/448 543/616/447
f 543/616/447 544/617/448 528/597/429
f 528/597/429 527/595/427 543/616/447
f 544/617/448 512/566/400 513/567/401
f 513/567/401 545/618/449 544/617/448
f 544/617/448 545/618/449 529/599/431
f 529/599/431 528/597/429 544/617/448
f 545/618/449 513/567/401 514/568/402
f 514/568/402 546/619/450 545/618/449
f 545/618/449 546/619/450 530/601/433
f 530/601/433 529/599/431 545/618/449
f 546/619/450 531/603/435 515/569/403
f 515/569/403 530/601/433 546/619/450
f 500/553/388 531/603/435 546/619/450
f 546/619/450 514/568/402 500/553/388
f 395/444/347 396/445/348 421/470/373
f 421/470/373 419/468/371 395/444/347
f 396/445/348 397/446/349 423/472/375
f 423/472/375 421/470/373 396/445/348
f 397/446/349 398/447/350 425/474/377
f 425/474/377 423/472/375 397/446/349
f 398/447/350 399/448/351 427/476/379
f 427/476/379 425/474/377 398/447/350
f 399/448/351 400/449/352 429/478/381
f 429/478/381 427/476/379 399/448/351
f 400/449/352 401/450/353 431/480/383
f 431/480/383 429/478/381 400/449/352
f 401/450/353 402/451/354 433/482/385
f 433/482/385 431/480/383 401/450/353
f 402/451/354 388/437/340 403/452/355
f 403/452/355 433/482/385 402/451/354
f 388/437/340 387/436/339 404/453/356
f 404/453/356 403/452/355 388/437/340
f 387/436/339 389/438/341 407/456/359
f 407/456/359 404/453/356 387/436/339
f 389/438/341 390/439/342 409/458/361
f 409/458/361 407/456/359 389/438/341
f 390/439/342 391/440/343 411/460/363
f 411/460/363 409/458/361 390/439/342
f 391/440/343 392/441/344 413/462/365
f 413/462/365 411/460/363 391/440/343
f 392/441/344 393/442/345 415/464/367
f 415/464/367 413/462/365 392/441/344
f 393/442/345 394/443/346 417/466/369
f 417/466/369 415/464/367 393/442/345
f 394/443/346 395/444/347 419/468/371
f 419/468/371 417/466/369 394/443/346
f 486/539/160 547/620/160 548/621/159
f 548/621/159 487/540/159 486/539/160
f 493/546/153 549/622/153 550/623/152
f 550/623/152 494/547/152 493/546/153
f 548/621/159 551/624/158 488/541/158
f 488/541/158 487/540/159 548/621/159
f 550/623/152 552/625/151 495/548/151
f 495/548/151 494/547/152 550/623/152
f 552/625/151 553/626/150 496/549/150
f 496/549/150 495/548/151 552/625/151
f 553/626/150 554/627/149 497/550/149
f 497/550/149 496/549/150 553/626/150
f 554/627/149 555/628/148 498/551/148
f 498/551/148 497/550/149 554/627/149
f 555/628/148 556/629/146 483/535/146
f 483/535/146 498/551/148 555/628/148
f 556/629/146 557/630/147 484/536/147
f 484/536/147 483/535/146 556/629/146
f 557/630/147 558/631/161 485/537/161
f 485/537/161 484/536/147 557/630/147
f 485/537/161 558/631/161 547/632/160
f 547/632/160 486/538/160 485/537/161
f 551/624/158 559/633/157 489/542/157
f 489/542/157 488/541/158 551/624/158
f 559/633/157 560/634/156 490/543/156
f 490/543/156 489/542/157 559/633/157
f 560/634/156 561/635/155 491/544/155
f 491/544/155 490/543/156 560/634/156
f 492/545/154 562/636/154 549/622/153
f 549/622/153 493/546/153 492/545/154
f 561/635/155 562/636/154 492/545/154
f 492/545/154 491/544/155 561/635/155
f 563/637/451 564/638/452 565/639/453
f 565/639/453 566/640/454 563/637/451
f 567/641/455 568/642/456 569/643/457
f 569/643/457 570/644/458 567/641/455
f 571/645/459 572/646/460 568/642/456
f 568/642/456 567/641/455 571/645/459
f 573/647/461 574/648/462 572/646/460
f 572/646/460 571/645/459 573/647/461
f 575/649/463 576/650/464 574/651/462
f 574/651/462 573/652/461 575/649/463
f 577/653/465 578/654/466 576/650/464
f 576/650/464 575/649/463 577/653/465
f 579/655/467 580/656/468 578/654/466
f 578/654/466 577/653/465 579/655/467
f 581/657/469 582/658/470 580/656/468
f 580/656/468 579/655/467 581/657/469
f 583/659/471 584/660/472 582/658/470
f 582/658/470 581/657/469 583/659/471
f 585/661/473 586/662/474 584/660/472
f 584/660/472 583/659/471 585/661/473
f 587/663/475 588/664/476 586/662/474
f 586/662/474 585/661/473 587/663/475
f 589/665/477 590/666/478 588/664/476
f 588/664/476 587/663/475 589/665/477
f 591/667/479 592/668/480 590/666/478
f 590/666/478 589/665/477 591/667/479
f 593/669/481 594/670/482 592/668/480
f 592/668/480 591/667/479 593/669/481
f 595/671/483 596/672/484 594/670/482
f 594/670/482 593/669/481 595/671/483
f 597/673/485 598/674/486 596/672/484
f 596/672/484 595/671/483 597/673/485
f 570/644/458 569/643/457 598/674/486
f 598/674/486 597/673/485 570/644/458
f 599/675/487 600/676/488 564/638/452
f 564/638/452 563/637/451 599/675/487
f 601/677/489 602/678/490 600/676/488
f 600/676/488 599/675/487 601/677/489
f 603/679/491 604/680/492 602/681/490
f 602/681/490 601/682/489 603/679/491
f 605/683/493 606/684/494 604/680/492
f 604/680/492 603/679/491 605/683/493
f 607/685/495 608/686/496 606/684/494
f 606/684/494 605/683/493 607/685/495
f 609/687/497 610/688/498 608/686/496
f 608/686/496 607/685/495 609/687/497
f 611/689/499 612/690/500 610/688/498
f 610/688/498 609/687/497 611/689/499
f 613/691/501 614/692/502 612/690/500
f 612/690/500 611/689/499 613/691/501
f 615/693/503 616/694/504 614/692/502
f 614/692/502 613/691/501 615/693/503
f 617/695/505 618/696/506 616/694/504
f 616/694/504 615/693/503 617/695/505
f 619/697/507 620/698/508 618/696/506
f 618/696/506 617/695/505 619/697/507
f 621/699/509 622/700/510 620/698/508
f 620/698/508 619/697/507 621/699/509
f 623/701/511 624/702/512 622/700/510
f 622/700/510 621/699/509 623/701/511
f 625/703/513 626/704/514 624/702/512
f 624/702/512 623/701/511 625/703/513
f 565/639/453 626/704/514 625/703/513
f 625/703/513 566/640/454 565/639/453
f 627/705/515 50/52/50 53/55/53
f 53/55/53 628/706/516 627/705/515
f 629/707/517 54/56/54 50/52/50
f 50/52/50 627/705/515 629/707/517
f 630/708/518 56/58/56 54/56/54
f 54/56/54 629/707/517 630/708/518
f 631/709/519 58/60/58 56/58/56
f 56/58/56 630/708/518 631/709/519
f 632/710/520 60/62/60 58/65/58
f 58/65/58 631/711/519 632/710/520
f 633/712/521 62/66/62 60/62/60
f 60/62/60 632/710/520 633/712/521
f 634/713/522 64/68/64 62/66/62
f 62/66/62 633/712/521 634/713/522
f 635/714/523 66/70/66 64/68/64
f 64/68/64 634/713/522 635/714/523
f 636/715/524 68/72/68 66/70/66
f 66/70/66 635/714/523 636/715/524
f 637/716/525 70/74/70 68/72/68
f 68/72/68 636/715/524 637/716/525
f 638/717/526 72/76/72 70/74/70
f 70/74/70 637/716/525 638/717/526
f 639/718/527 74/78/74 72/76/72
f 72/76/72 638/717/526 639/718/527
f 640/719/528 76/80/76 74/78/74
f 74/78/74 639/718/527 640/719/528
f 641/720/529 78/82/78 76/80/76
f 76/80/76 640/719/528 641/720/529
f 642/721/530 80/84/80 78/82/78
f 78/82/78 641/720/529 642/721/530
f 628/706/516 53/55/53 80/84/80
f 80/84/80 642/721/530 628/706/516
f 643/722/155 644/723/531 645/724/532
f 645/724/532 646/725/154 643/722/155
f 646/725/154 645/724/532 647/726/533
f 647/726/533 648/727/153 646/725/154
f 648/727/153 647/726/533 649/728/534
f 649/728/534 650/729/152 648/727/153
f 650/729/152 649/728/534 651/730/535
f 651/730/535 652/731/151 650/729/152
f 652/731/151 651/730/535 653/732/536
f 653/732/536 654/733/150 652/731/151
f 654/733/150 653/732/536 655/734/537
f 655/734/537 656/735/149 654/733/150
f 656/735/149 655/734/537 657/736/538
f 657/736/538 658/737/148 656/735/149
f 658/738/148 657/739/538 659/740/539
f 659/740/539 660/741/146 658/738/148
f 660/741/146 659/740/539 661/742/540
f 661/742/540 662/743/147 660/741/146
f 662/743/147 661/742/540 663/744/541
f 663/744/541 664/745/161 662/743/147
f 664/745/161 663/744/541 665/746/542
f 665/746/542 666/747/160 664/745/161
f 666/747/160 665/746/542 667/748/543
f 667/748/543 668/749/159 666/747/160
f 668/749/159 667/748/543 669/750/544
f 669/750/544 670/751/158 668/749/159
f 670/751/158 669/750/544 671/752/545
f 671/752/545 672/753/157 670/751/158
f 673/754/156 672/753/157 671/752/545
f 671/752/545 674/755/546 673/754/156
f 673/754/156 674/755/546 644/723/531
f 644/723/531 643/722/155 673/754/156
f 627/705/515 628/706/516 675/756/547
f 675/756/547 676/757/548 627/705/515
f 676/758/548 675/759/547 665/746/542
f 665/746/542 663/744/541 676/758/548
f 629/707/517 627/705/515 676/757/548
f 676/757/548 677/760/549 629/707/517
f 677/761/549 676/758/548 663/744/541
f 663/744/541 661/742/540 677/761/549
f 630/708/518 629/707/517 677/760/549
f 677/760/549 678/762/550 630/708/518
f 678/763/550 677/761/549 661/742/540
f 661/742/540 659/740/539 678/763/550
f 631/709/519 630/708/518 678/762/550
f 678/762/550 679/764/551 631/709/519
f 679/765/551 678/763/550 659/740/539
f 659/740/539 657/739/538 679/765/551
f 632/710/520 631/711/519 679/766/551
f 679/766/551 680/767/552 632/710/520
f 680/768/552 679/769/551 657/736/538
f 657/736/538 655/734/537 680/768/552
f 633/712/521 632/710/520 680/767/552
f 680/767/552 681/770/553 633/712/521
f 681/771/553 680/768/552 655/734/537
f 655/734/537 653/732/536 681/771/553
f 634/713/522 633/712/521 681/770/553
f 681/770/553 682/772/554 634/713/522
f 682/773/554 681/771/553 653/732/536
f 653/732/536 651/730/535 682/773/554
f 635/714/523 634/713/522 682/772/554
f 682/772/554 683/774/555 635/714/523
f 683/775/555 682/773/554 651/730/535
f 651/730/535 649/728/534 683/775/555
f 636/715/524 635/714/523 683/774/555
f 683/774/555 684/776/556 636/715/524
f 684/777/556 683/775/555 649/728/534
f 649/728/534 647/726/533 684/777/556
f 637/716/525 636/715/524 684/776/556
f 684/776/556 685/778/557 637/716/525
f 685/779/557 684/777/556 647/726/533
f 647/726/533 645/724/532 685/779/557
f 638/717/526 637/716/525 685/778/557
f 685/778/557 686/780/558 638/717/526
f 686/781/558 685/779/557 645/724/532
f 645/724/532 644/723/531 686/781/558
f 639/718/527 638/717/526 686/780/558
f 686/780/558 687/782/559 639/718/527
f 687/783/559 686/781/558 644/723/531
f 644/723/531 674/755/546 687/783/559
f 640/719/528 639/718/527 687/782/559
f 687/782/559 688/784/560 640/719/528
f 688/785/560 687/783/559 674/755/546
f 674/755/546 671/752/545 688/785/560
f 641/720/529 640/719/528 688/784/560
f 688/784/560 689/786/561 641/720/529
f 689/787/561 688/785/560 671/752/545
f 671/752/545 669/750/544 689/787/561
f 642/721/530 641/720/529 689/786/561
f 689/786/561 690/788/562 642/721/530
f 690/789/562 689/787/561 669/750/544
f 669/750/544 667/748/543 690/789/562
f 667/748/543 665/746/542 675/759/547
f 675/759/547 690/789/562 667/748/543
f 690/788/562 675/756/547 628/706/516
f 628/706/516 642/721/530 690/788/562
f 549/622/153 562/636/154 691/790/563
f 691/790/563 692/791/564 549/622/153
f 562/636/154 561/635/155 693/792/565
f 693/792/565 691/790/563 562/636/154
f 561/635/155 560/634/156 694/793/566
f 694/793/566 693/792/565 561/635/155
f 560/634/156 559/633/157 695/794/567
f 695/794/567 694/793/566 560/634/156
f 559/633/157 551/624/158 696/795/568
f 696/795/568 695/794/567 559/633/157
f 551/624/158 548/621/159 697/796/569
f 697/796/569 696/795/568 551/624/158
f 548/621/159 547/620/160 698/797/570
f 698/797/570 697/796/569 548/621/159
f 547/632/160 558/631/161 699/798/571
f 699/798/571 698/799/570 547/632/160
f 558/631/161 557/630/147 700/800/572
f 700/800/572 699/798/571 558/631/161
f 557/630/147 556/629/146 701/801/573
f 701/801/573 700/800/572 557/630/147
f 556/629/146 555/628/148 702/802/574
f 702/802/574 701/801/573 556/629/146
f 555/628/148 554/627/149 703/803/575
f 703/803/575 702/802/574 555/628/148
f 554/627/149 553/626/150 704/804/576
f 704/804/576 703/803/575 554/627/149
f 553/626/150 552/625/151 705/805/577
f 705/805/577 704/804/576 553/626/150
f 552/625/151 550/623/152 706/806/578
f 706/806/578 705/805/577 552/625/151
f 550/623/152 549/622/153 692/791/564
f 692/791/564 706/806/578 550/623/152
f 707/807/579 563/637/580 566/640/581
f 566/640/581 708/808/582 707/807/579
f 709/809/583 599/675/584 563/637/580
f 563/637/580 707/807/579 709/809/583
f 710/810/585 601/677/586 599/675/584
f 599/675/584 709/809/583 710/810/585
f 711/811/587 603/679/588 601/682/586
f 601/682/586 710/812/585 711/811/587
f 712/813/589 605/683/590 603/679/588
f 603/679/588 711/811/587 712/813/589
f 713/814/591 607/685/592 605/683/590
f 605/683/590 712/813/589 713/814/591
f 714/815/593 609/687/594 607/685/592
f 607/685/592 713/814/591 714/815/593
f 715/816/595 611/689/596 609/687/594
f 609/687/594 714/815/593 715/816/595
f 716/817/597 613/691/598 611/689/596
f 611/689/596 715/816/595 716/817/597
f 717/818/599 615/693/600 613/691/598
f 613/691/598 716/817/597 717/818/599
f 718/819/601 617/695/602 615/693/600
f 615/693/600 717/818/599 718/819/601
f 719/820/603 619/697/604 617/695/602
f 617/695/602 718/819/601 719/820/603
f 720/821/605 621/699/606 619/697/604
f 619/697/604 719/820/603 720/821/605
f 721/822/607 623/701/608 621/699/606
f 621/699/606 720/821/605 721/822/607
f 722/823/609 625/703/610 623/701/608
f 623/701/608 721/822/607 722/823/609
f 708/808/582 566/640/581 625/703/610
f 625/703/610 722/823/609 708/808/582
f 700/800/572 701/801/573 723/824/611
f 723/824/611 724/825/612 700/800/572
f 724/826/613 723/827/614 717/818/599
f 717/818/599 716/817/597 724/826/613
f 699/798/571 700/800/572 724/825/612
f 724/825/612 725/828/615 699/798/571
f 725/829/616 724/826/613 716/817/597
f 716/817/597 715/816/595 725/829/616
f 698/799/570 699/798/571 725/828/615
f 725/828/615 726/830/617 698/799/570
f 726/831/618 725/829/616 715/816/595
f 715/816/595 714/815/593 726/831/618
f 697/796/569 698/797/570 726/832/617
f 726/832/617 727/833/619 697/796/569
f 727/834/620 726/831/618 714/815/593
f 714/815/593 713/814/591 727/834/620
f 696/795/568 697/796/569 727/833/619
f 727/833/619 728/835/621 696/795/568
f 728/836/622 727/834/620 713/814/591
f 713/814/591 712/813/589 728/836/622
f 695/794/567 696/795/568 728/835/621
f 728/835/621 729/837/623 695/794/567
f 729/838/624 728/836/622 712/813/589
f 712/813/589 711/811/587 729/838/624
f 694/793/566 695/794/567 729/837/623
f 729/837/623 730/839/625 694/793/566
f 730/840/626 729/838/624 711/811/587
f 711/811/587 710/812/585 730/840/626
f 693/792/565 694/793/566 730/839/625
f 730/839/625 731/841/627 693/792/565
f 731/842/628 730/843/626 710/810/585
f 710/810/585 709/809/583 731/842/628
f 691/790/563 693/792/565 731/841/627
f 731/841/627 732/844/629 691/790/563
f 732/845/630 731/842/628 709/809/583
f 709/809/583 707/807/579 732/845/630
f 692/791/564 691/790/563 732/844/629
f 732/844/629 733/846/631 692/791/564
f 733/847/632 732/845/630 707/807/579
f 707/807/579 708/808/582 733/847/632
f 706/806/578 692/791/564 733/846/631
f 733/846/631 734/848/633 706/806/578
f 734/849/634 733/847/632 708/808/582
f 708/808/582 722/823/609 734/849/634
f 705/805/577 706/806/578 734/848/633
f 734/848/633 735/850/635 705/805/577
f 735/851/636 734/849/634 722/823/609
f 722/823/609 721/822/607 735/851/636
f 704/804/576 705/805/577 735/850/635
f 735/850/635 736/852/637 704/804/576
f 736/853/638 735/851/636 721/822/607
f 721/822/607 720/821/605 736/853/638
f 703/803/575 704/804/576 736/852/637
f 736/852/637 737/854/639 703/803/575
f 737/855/640 736/853/638 720/821/605
f 720/821/605 719/820/603 737/855/640
f 702/802/574 703/803/575 737/854/639
f 737/854/639 738/856/641 702/802/574
f 738/857/642 737/855/640 719/820/603
f 719/820/603 718/819/601 738/857/642
f 718/819/601 717/818/599 723/827/614
f 723/827/614 738/857/642 718/819/601
f 738/856/641 723/824/611 701/801/573
f 701/801/573 702/802/574 738/856/641
f 568/642/456 739/858/643 740/859/644
f 740/859/644 569/643/457 568/642/456
f 570/644/458 565/639/453 564/638/452
f 564/638/452 567/641/455 570/644/458
f 572/646/460 741/860/645 739/858/643
f 739/858/643 568/642/456 572/646/460
f 567/641/455 564/638/452 600/676/488
f 600/676/488 571/645/459 567/641/455
f 574/648/462 742/861/646 741/860/645
f 741/860/645 572/646/460 574/648/462
f 571/645/459 600/676/488 602/678/490
f 602/678/490 573/647/461 571/645/459
f 576/650/464 743/862/647 742/863/646
f 742/863/646 574/651/462 576/650/464
f 573/652/461 602/681/490 604/680/492
f 604/680/492 575/649/463 573/652/461
f 578/654/466 744/864/648 743/862/647
f 743/862/647 576/650/464 578/654/466
f 575/649/463 604/680/492 606/684/494
f 606/684/494 577/653/465 575/649/463
f 580/656/468 745/865/649 744/864/648
f 744/864/648 578/654/466 580/656/468
f 577/653/465 606/684/494 608/686/496
f 608/686/496 579/655/467 577/653/465
f 582/658/470 746/866/650 745/865/649
f 745/865/649 580/656/468 582/658/470
f 579/655/467 608/686/496 610/688/498
f 610/688/498 581/657/469 579/655/467
f 584/660/472 747/867/651 746/866/650
f 746/866/650 582/658/470 584/660/472
f 581/657/469 610/688/498 612/690/500
f 612/690/500 583/659/471 581/657/469
f 586/662/474 748/868/652 747/867/651
f 747/867/651 584/660/472 586/662/474
f 583/659/471 612/690/500 614/692/502
f 614/692/502 585/661/473 583/659/471
f 588/664/476 749/869/653 748/868/652
f 748/868/652 586/662/474 588/664/476
f 585/661/473 614/692/502 616/694/504
f 616/694/504 587/663/475 585/661/473
f 590/666/478 750/870/654 749/869/653
f 749/869/653 588/664/476 590/666/478
f 587/663/475 616/694/504 618/696/506
f 618/696/506 589/665/477 587/663/475
f 592/668/480 751/871/655 750/870/654
f 750/870/654 590/666/478 592/668/480
f 589/665/477 618/696/506 620/698/508
f 620/698/508 591/667/479 589/665/477
f 594/670/482 752/872/656 751/871/655
f 751/871/655 592/668/480 594/670/482
f 591/667/479 620/698/508 622/700/510
f 622/700/510 593/669/481 591/667/479
f 596/672/484 753/873/657 752/872/656
f 752/872/656 594/670/482 596/672/484
f 593/669/481 622/700/510 624/702/512
f 624/702/512 595/671/483 593/669/481
f 598/674/486 754/874/658 753/873/657
f 753/873/657 596/672/484 598/674/486
f 595/671/483 624/702/512 626/704/514
f 626/704/514 597/673/485 595/671/483
f 569/643/457 740/859/644 754/874/658
f 754/874/658 598/674/486 569/643/457
f 597/673/485 626/704/514 565/639/453
f 565/639/453 570/644/458 597/673/485
f 755/875/659 756/876/156 757/877/155
f 757/877/155 758/878/660 755/875/659
f 755/875/659 759/879/661 760/880/157
f 760/880/157 756/876/156 755/875/659
f 761/881/662 762/882/158 760/880/157
f 760/880/157 759/879/661 761/881/662
f 763/883/663 764/884/159 762/882/158
f 762/882/158 761/881/662 763/883/663
f 765/885/664 766/886/160 764/884/159
f 764/884/159 763/883/663 765/885/664
f 767/887/665 768/888/161 766/886/160
f 766/886/160 765/885/664 767/887/665
f 769/889/666 770/890/147 768/888/161
f 768/888/161 767/887/665 769/889/666
f 771/891/667 772/892/146 770/890/147
f 770/890/147 769/889/666 771/891/667
f 773/893/668 774/894/148 772/892/146
f 772/892/146 771/891/667 773/893/668
f 775/895/669 776/896/149 774/897/148
f 774/897/148 773/898/668 775/895/669
f 777/899/670 778/900/150 776/896/149
f 776/896/149 775/895/669 777/899/670
f 779/901/671 780/902/151 778/900/150
f 778/900/150 777/899/670 779/901/671
f 781/903/672 782/904/152 780/902/151
f 780/902/151 779/901/671 781/903/672
f 783/905/673 784/906/153 782/904/152
f 782/904/152 781/903/672 783/905/673
f 785/907/674 786/908/154 784/906/153
f 784/906/153 783/905/673 785/907/674
f 758/878/660 757/877/155 786/908/154
f 786/908/154 785/907/674 758/878/660
f 750/870/654 787/909/675 788/910/676
f 788/910/676 749/869/653 750/870/654
f 750/870/654 751/871/655 789/911/677
f 789/911/677 787/909/675 750/870/654
f 752/872/656 790/912/678 789/911/677
f 789/911/677 751/871/655 752/872/656
f 753/873/657 791/913/679 790/912/678
f 790/912/678 752/872/656 753/873/657
f 754/874/658 792/914/680 791/913/679
f 791/913/679 753/873/657 754/874/658
f 740/859/644 793/915/681 792/914/680
f 792/914/680 754/874/658 740/859/644
f 739/858/643 794/916/682 793/915/681
f 793/915/681 740/859/644 739/858/643
f 741/860/645 795/917/683 794/916/682
f 794/916/682 739/858/643 741/860/645
f 742/861/646 796/918/684 795/917/683
f 795/917/683 741/860/645 742/861/646
f 743/862/647 797/919/685 796/920/684
f 796/920/684 742/863/646 743/862/647
f 744/864/648 798/921/686 797/919/685
f 797/919/685 743/862/647 744/864/648
f 745/865/649 799/922/687 798/921/686
f 798/921/686 744/864/648 745/865/649
f 746/866/650 800/923/688 799/922/687
f 799/922/687 745/865/649 746/866/650
f 747/867/651 801/924/689 800/923/688
f 800/923/688 746/866/650 747/867/651
f 748/868/652 802/925/690 801/924/689
f 801/924/689 747/867/651 748/868/652
f 749/869/653 788/910/676 802/925/690
f 802/925/690 748/868/652 749/869/653
f 756/876/156 673/754/156 643/722/155
f 643/722/155 757/877/155 756/876/156
f 756/876/156 760/880/157 672/753/157
f 672/753/157 673/754/156 756/876/156
f 762/882/158 670/751/158 672/753/157
f 672/753/157 760/880/157 762/882/158
f 764/884/159 668/749/159 670/751/158
f 670/751/158 762/882/158 764/884/159
f 766/886/160 666/747/160 668/749/159
f 668/749/159 764/884/159 766/886/160
f 768/888/161 664/745/161 666/747/160
f 666/747/160 766/886/160 768/888/161
f 770/890/147 662/743/147 664/745/161
f 664/745/161 768/888/161 770/890/147
f 772/892/146 660/741/146 662/743/147
f 662/743/147 770/890/147 772/892/146
f 774/894/148 658/738/148 660/741/146
f 660/741/146 772/892/146 774/894/148
f 776/896/149 656/735/149 658/737/148
f 658/737/148 774/897/148 776/896/149
f 778/900/150 654/733/150 656/735/149
f 656/735/149 776/896/149 778/900/150
f 780/902/151 652/731/151 654/733/150
f 654/733/150 778/900/150 780/902/151
f 782/904/152 650/729/152 652/731/151
f 652/731/151 780/902/151 782/904/152
f 784/906/153 648/727/153 650/729/152
f 650/729/152 782/904/152 784/906/153
f 786/908/154 646/725/154 648/727/153
f 648/727/153 784/906/153 786/908/154
f 757/877/155 643/722/155 646/725/154
f 646/725/154 786/908/154 757/877/155
f 792/914/680 765/885/664 763/883/663
f 763/883/663 791/913/679 792/914/680
f 793/915/681 767/887/665 765/885/664
f 765/885/664 792/914/680 793/915/681
f 794/916/682 769/889/666 767/887/665
f 767/887/665 793/915/681 794/916/682
f 795/917/683 771/891/667 769/889/666
f 769/889/666 794/916/682 795/917/683
f 796/918/684 773/893/668 771/891/667
f 771/891/667 795/917/683 796/918/684
f 797/919/685 775/895/669 773/898/668
f 773/898/668 796/920/684 797/919/685
f 798/921/686 777/899/670 775/895/669
f 775/895/669 797/919/685 798/921/686
f 799/922/687 779/901/671 777/899/670
f 777/899/670 798/921/686 799/922/687
f 800/923/688 781/903/672 779/901/671
f 779/901/671 799/922/687 800/923/688
f 801/924/689 783/905/673 781/903/672
f 781/903/672 800/923/688 801/924/689
f 802/925/690 785/907/674 783/905/673
f 783/905/673 801/924/689 802/925/690
f 788/910/676 758/878/660 785/907/674
f 785/907/674 802/925/690 788/910/676
f 787/909/675 755/875/659 758/878/660
f 758/878/660 788/910/676 787/909/675
f 787/909/675 789/911/677 759/879/661
f 759/879/661 755/875/659 787/909/675
f 790/912/678 761/881/662 759/879/661
f 759/879/661 789/911/677 790/912/678
f 791/913/679 763/883/663 761/881/662
f 761/881/662 790/912/678 791/913/679
f 803/926/691 804/927/691 805/928/691
f 805/928/691 806/929/691 803/926/691
f 807/930/692 808/931/692 809/932/692
f 809/932/692 810/933/692 807/930/692
f 811/934/693 812/935/693 803/926/693
f 803/926/694 806/929/694 811/934/694
f 813/936/695 814/937/695 807/930/695
f 807/930/695 810/933/695 813/936/695
f 815/938/696 816/939/696 814/937/696
f 814/937/696 813/936/696 815/938/696
f 817/940/697 818/941/697 816/939/697
f 816/939/697 815/938/697 817/940/697
f 819/942/698 820/943/698 818/941/698
f 818/941/698 817/940/698 819/942/698
f 821/944/699 822/945/699 820/943/699
f 820/943/699 819/942/699 821/944/699
f 823/946/700 824/947/700 822/945/700
f 822/945/700 821/944/700 823/946/700
f 825/948/701 826/949/701 824/947/701
f 824/947/701 823/946/701 825/948/701
f 804/927/702 826/949/702 825/948/702
f 825/948/702 805/928/702 804/927/702
f 827/950/703 828/951/703 812/935/703
f 812/935/703 811/934/703 827/950/703
f 829/952/704 830/953/704 828/951/704
f 828/951/704 827/950/704 829/952/704
f 831/954/705 832/955/705 830/956/705
f 830/956/705 829/957/705 831/954/705
f 808/931/706 833/958/706 834/959/706
f 834/959/706 809/932/706 808/931/706
f 834/959/707 833/958/707 832/955/707
f 832/955/707 831/954/707 834/959/707
f 835/960/708 833/958/709 808/931/709
f 808/931/709 836/961/710 835/960/708
f 837/962/711 832/955/712 833/958/712
f 833/958/712 835/960/708 837/962/711
f 838/963/713 830/956/714 832/955/715
f 832/955/715 837/962/711 838/963/713
f 839/964/716 828/951/717 830/953/717
f 830/953/717 838/965/713 839/964/716
f 840/966/718 812/935/719 828/951/719
f 828/951/719 839/964/716 840/966/718
f 841/967/720 803/926/721 812/935/721
f 812/935/721 840/966/718 841/967/720
f 842/968/722 804/927/723 803/926/723
f 803/926/723 841/967/720 842/968/722
f 843/969/724 826/949/725 804/927/725
f 804/927/725 842/968/722 843/969/724
f 844/970/726 824/947/727 826/949/727
f 826/949/727 843/969/724 844/970/726
f 845/971/728 822/945/729 824/947/729
f 824/947/729 844/970/726 845/971/728
f 846/972/730 820/943/731 822/945/732
f 822/945/732 845/971/728 846/972/730
f 847/973/733 818/941/734 820/943/735
f 820/943/735 846/972/730 847/973/733
f 848/974/736 816/939/737 818/941/737
f 818/941/737 847/973/733 848/974/736
f 849/975/738 814/937/739 816/939/739
f 816/939/739 848/974/736 849/975/738
f 850/976/740 807/930/741 814/937/741
f 814/937/741 849/975/738 850/976/740
f 836/961/710 808/931/742 807/930/742
f 807/930/742 850/976/740 836/961/710
f 835/960/708 836/961/710 851/977/743
f 851/977/743 852/978/744 835/960/708
f 837/962/711 835/960/708 852/978/744
f 852/978/744 853/979/745 837/962/711
f 838/963/713 837/962/711 853/979/745
f 853/979/745 854/980/746 838/963/713
f 839/964/716 838/965/713 854/981/746
f 854/981/746 855/982/747 839/964/716
f 840/966/718 839/964/716 855/982/747
f 855/982/747 856/983/748 840/966/718
f 841/967/720 840/966/718 856/983/748
f 856/983/748 857/984/749 841/967/720
f 842/968/722 841/967/720 857/984/749
f 857/984/749 858/985/750 842/968/722
f 843/969/724 842/968/722 858/985/750
f 858/985/750 859/986/751 843/969/724
f 844/970/726 843/969/724 859/986/751
f 859/986/751 860/987/752 844/970/726
f 845/971/728 844/970/726 860/987/752
f 860/987/752 861/988/753 845/971/728
f 846/972/730 845/971/728 861/988/753
f 861/988/753 862/989/754 846/972/730
f 847/973/733 846/972/730 862/989/754
f 862/989/754 863/990/755 847/973/733
f 848/974/736 847/973/733 863/990/755
f 863/990/755 864/991/756 848/974/736
f 849/975/738 848/974/736 864/991/756
f 864/991/756 865/992/757 849/975/738
f 850/976/740 849/975/738 865/992/757
f 865/992/757 866/993/758 850/976/740
f 836/961/710 850/976/740 866/993/758
f 866/993/758 851/977/743 836/961/710
f 867/994/759 868/995/760 869/996/759
f 869/996/759 870/997/759 867/994/759
f 870/997/759 869/996/759 871/998/760
f 871/998/760 872/999/759 870/997/759
f 873/1000/759 870/997/759 872/999/759
f 872/999/759 874/1001/759 873/1000/759
f 870/997/759 873/1000/759 875/1002/759
f 875/1002/759 867/994/759 870/997/759
f 876/1003/761 877/1004/762 878/1005/763
f 878/1005/763 879/1006/764 876/1003/761
f 879/1006/765 878/1005/766 880/1007/767
f 880/1007/767 881/1008/768 879/1006/765
f 882/1009/769 883/1010/770 884/1011/771
f 884/1011/771 885/1012/772 882/1009/769
f 885/1012/773 884/1011/774 886/1013/775
f 886/1013/775 887/1014/776 885/1012/773
f 888/1015/777 889/1016/778 890/1017/779
f 890/1017/779 891/1018/780 888/1015/777
f 891/1018/781 890/1017/782 892/1019/783
f 892/1019/783 893/1020/784 891/1018/781
f 894/1021/785 895/1022/786 896/1023/787
f 896/1023/787 897/1024/788 894/1021/785
f 897/1024/789 896/1023/790 898/1025/791
f 898/1025/791 899/1026/792 897/1024/789
f 865/992/757 864/991/756 895/1022/786
f 895/1022/786 894/1021/785 865/992/757
f 864/991/756 863/990/755 900/1027/793
f 900/1027/793 895/1022/786 864/991/756
f 863/990/755 862/989/754 901/1028/794
f 901/1028/794 900/1027/793 863/990/755
f 862/989/754 861/988/753 888/1015/777
f 888/1015/777 901/1028/794 862/989/754
f 861/988/753 860/987/752 889/1016/778
f 889/1016/778 888/1015/777 861/988/753
f 860/987/752 859/986/751 902/1029/795
f 902/1029/795 889/1016/778 860/987/752
f 859/986/751 858/985/750 903/1030/796
f 903/1030/796 902/1029/795 859/986/751
f 858/985/750 857/984/749 882/1009/769
f 882/1009/769 903/1030/796 858/985/750
f 857/984/749 856/983/748 883/1010/770
f 883/1010/770 882/1009/769 857/984/749
f 856/983/748 855/982/747 904/1031/797
f 904/1031/797 883/1010/770 856/983/748
f 855/982/747 854/981/746 905/1032/798
f 905/1032/798 904/1031/797 855/982/747
f 854/980/746 853/979/745 876/1003/761
f 876/1003/761 905/1033/798 854/980/746
f 853/979/745 852/978/744 877/1004/762
f 877/1004/762 876/1003/761 853/979/745
f 852/978/744 851/977/743 906/1034/799
f 906/1034/799 877/1004/762 852/978/744
f 851/977/743 866/993/758 907/1035/800
f 907/1035/800 906/1034/799 851/977/743
f 866/993/758 865/992/757 894/1021/785
f 894/1021/785 907/1035/800 866/993/758
f 872/999/759 871/998/760 908/1036/801
f 908/1036/801 909/1037/802 872/999/759
f 909/1037/802 899/1038/792 874/1001/759
f 874/1001/759 872/999/759 909/1037/802
f 910/1039/803 911/1040/804 867/994/759
f 867/994/759 875/1002/759 910/1039/803
f 911/1040/804 887/1041/776 868/995/760
f 868/995/760 867/994/759 911/1040/804
f 886/1042/775 912/1043/805 868/995/760
f 868/995/760 887/1041/776 886/1042/775
f 912/1043/805 913/1044/806 869/996/759
f 869/996/759 868/995/760 912/1043/805
f 913/1044/806 881/1045/768 871/998/760
f 871/998/760 869/996/759 913/1044/806
f 881/1045/768 880/1046/767 908/1036/801
f 908/1036/801 871/998/760 881/1045/768
f 898/1047/791 914/1048/807 874/1001/759
f 874/1001/759 899/1038/792 898/1047/791
f 915/1049/808 873/1000/759 874/1001/759
f 874/1001/759 914/1048/807 915/1049/808
f 915/1049/808 893/1050/784 875/1002/759
f 875/1002/759 873/1000/759 915/1049/808
f 892/1051/783 910/1039/803 875/1002/759
f 875/1002/759 893/1050/784 892/1051/783
f 877/1004/762 906/1034/799 916/1052/809
f 916/1052/809 878/1005/763 877/1004/762
f 878/1005/766 916/1052/810 908/1053/801
f 908/1053/801 880/1007/767 878/1005/766
f 905/1033/798 876/1003/761 879/1006/764
f 879/1006/764 917/1054/811 905/1033/798
f 917/1054/812 879/1006/765 881/1008/768
f 881/1008/768 913/1055/806 917/1054/812
f 904/1031/797 905/1032/798 917/1056/811
f 917/1056/811 918/1057/813 904/1031/797
f 918/1057/814 917/1056/812 913/1058/806
f 913/1058/806 912/1059/805 918/1057/814
f 883/1010/770 904/1031/797 918/1057/813
f 918/1057/813 884/1011/771 883/1010/770
f 884/1011/774 918/1057/814 912/1059/805
f 912/1059/805 886/1013/775 884/1011/774
f 903/1030/796 882/1009/769 885/1012/772
f 885/1012/772 919/1060/815 903/1030/796
f 919/1060/816 885/1012/773 887/1014/776
f 887/1014/776 911/1061/804 919/1060/816
f 902/1029/795 903/1030/796 919/1060/815
f 919/1060/815 920/1062/817 902/1029/795
f 920/1062/818 919/1060/816 911/1061/804
f 911/1061/804 910/1063/803 920/1062/818
f 889/1016/778 902/1029/795 920/1062/817
f 920/1062/817 890/1017/779 889/1016/778
f 890/1017/782 920/1062/818 910/1063/803
f 910/1063/803 892/1019/783 890/1017/782
f 901/1028/794 888/1015/777 891/1018/780
f 891/1018/780 921/1064/819 901/1028/794
f 921/1064/820 891/1018/781 893/1020/784
f 893/1020/784 915/1065/808 921/1064/820
f 900/1027/793 901/1028/794 921/1064/819
f 921/1064/819 922/1066/821 900/1027/793
f 922/1066/822 921/1064/820 915/1065/808
f 915/1065/808 914/1067/807 922/1066/822
f 895/1022/786 900/1027/793 922/1066/821
f 922/1066/821 896/1023/787 895/1022/786
f 896/1023/790 922/1066/822 914/1067/807
f 914/1067/807 898/1025/791 896/1023/790
f 907/1035/800 894/1021/785 897/1024/788
f 897/1024/788 923/1068/823 907/1035/800
f 923/1068/824 897/1024/789 899/1026/792
f 899/1026/792 909/1069/802 923/1068/824
f 909/1069/802 908/1053/801 916/1052/810
f 916/1052/810 923/1068/824 909/1069/802
f 923/1068/823 916/1052/809 906/1034/799
f 906/1034/799 907/1035/800 923/1068/823
f 924/1070/825 925/1071/826 926/1072/827
f 926/1072/827 927/1073/828 924/1070/825
f 928/1074/829 929/1075/830 930/1076/831
f 930/1076/831 931/1077/832 928/1074/829
f 932/1078/833 933/1079/834 934/1080/835
f 934/1080/835 935/1081/836 932/1078/833
f 936/1082/837 937/1083/838 938/1084/839
f 938/1084/839 939/1085/840 936/1082/837
f 939/1085/840 938/1084/839 940/1086/841
f 940/1086/841 941/1087/842 939/1085/840
f 942/1088/843 943/1089/844 944/1090/845
f 944/1090/845 945/1091/846 942/1088/843
f 946/1092/847 947/1093/848 948/1094/849
f 948/1094/849 949/1095/850 946/1092/847
f 950/1096/851 951/1097/852 952/1098/853
f 952/1098/853 953/1099/854 950/1096/851
f 954/1100/855 955/1101/856 956/1102/857
f 956/1102/857 957/1103/858 954/1100/855
f 957/1103/858 956/1102/857 958/1104/859
f 958/1104/859 959/1105/860 957/1103/858
f 960/1106/861 942/1088/843 945/1091/846
f 945/1091/846 961/1107/862 960/1106/861
f 962/1108/863 946/1092/847 949/1095/850
f 949/1095/850 963/1109/864 962/1108/863
f 964/1110/865 950/1096/851 953/1099/854
f 953/1099/854 965/1111/866 964/1110/865
f 966/1112/867 954/1100/855 957/1103/858
f 957/1103/858 967/1113/868 966/1112/867
f 967/1113/868 957/1103/858 959/1105/860
f 959/1105/860 968/1114/869 967/1113/868
f 969/1115/870 970/1116/871 971/1117/872
f 971/1117/872 972/1118/873 969/1115/870
f 973/1119/874 974/1120/875 975/1121/876
f 975/1121/876 976/1122/877 973/1119/874
f 977/1123/878 978/1124/879 979/1125/880
f 979/1125/880 980/1126/881 977/1123/878
f 981/1127/882 982/1128/883 983/1129/884
f 983/1129/884 984/1130/885 981/1127/882
f 984/1130/885 983/1129/884 985/1131/886
f 985/1131/886 986/1132/887 984/1130/885
f 987/1133/888 969/1115/870 972/1118/873
f 972/1118/873 988/1134/889 987/1133/888
f 989/1135/890 973/1119/874 976/1122/877
f 976/1122/877 990/1136/891 989/1135/890
f 991/1137/892 977/1123/878 980/1126/881
f 980/1126/881 992/1138/893 991/1137/892
f 993/1139/894 981/1127/882 984/1130/885
f 984/1130/885 994/1140/895 993/1139/894
f 994/1140/895 984/1130/885 986/1132/887
f 986/1132/887 995/1141/896 994/1140/895
f 983/1129/884 967/1113/868 968/1114/869
f 968/1114/869 985/1131/886 983/1129/884
f 982/1128/883 966/1112/867 967/1113/868
f 967/1113/868 983/1129/884 982/1128/883
f 978/1124/879 964/1110/865 965/1111/866
f 965/1111/866 979/1125/880 978/1124/879
f 974/1120/875 962/1108/863 963/1109/864
f 963/1109/864 975/1121/876 974/1120/875
f 960/1106/861 961/1107/862 971/1117/872
f 960/1106/861 971/1117/872 970/1116/871
f 996/1142/897 994/1140/895 995/1141/896
f 995/1141/896 997/1143/898 996/1142/897
f 998/1144/899 993/1139/894 994/1140/895
f 994/1140/895 996/1142/897 998/1144/899
f 999/1145/900 991/1137/892 992/1138/893
f 992/1138/893 1000/1146/901 999/1145/900
f 1001/1147/902 989/1135/890 990/1136/891
f 990/1136/891 1002/1148/903 1001/1147/902
f 1003/1149/904 987/1133/888 988/1134/889
f 988/1134/889 1004/1150/905 1003/1149/904
f 956/1102/857 939/1085/840 941/1087/842
f 941/1087/842 958/1104/859 956/1102/857
f 955/1101/856 936/1082/837 939/1085/840
f 939/1085/840 956/1102/857 955/1101/856
f 951/1097/852 932/1078/833 935/1081/836
f 935/1081/836 952/1098/853 951/1097/852
f 947/1093/848 928/1074/829 931/1077/832
f 931/1077/832 948/1094/849 947/1093/848
f 943/1089/844 924/1070/825 927/1073/828
f 927/1073/828 944/1090/845 943/1089/844
f 1005/1151/906 1006/1152/907 993/1139/894
f 993/1139/894 998/1144/899 1005/1151/906
f 1006/1152/907 1007/1153/908 981/1127/882
f 981/1127/882 993/1139/894 1006/1152/907
f 1007/1153/908 1008/1154/909 982/1128/883
f 982/1128/883 981/1127/882 1007/1153/908
f 1008/1154/909 1009/1155/910 966/1112/867
f 966/1112/867 982/1128/883 1008/1154/909
f 1009/1155/910 1010/1156/911 954/1100/855
f 954/1100/855 966/1112/867 1009/1155/910
f 1010/1156/911 1011/1157/912 955/1101/856
f 955/1101/856 954/1100/855 1010/1156/911
f 1011/1157/912 1012/1158/913 936/1082/837
f 936/1082/837 955/1101/856 1011/1157/912
f 1012/1158/913 1013/1159/914 937/1083/838
f 937/1083/838 936/1082/837 1012/1158/913
f 941/1087/842 940/1086/841 1014/1160/915
f 1014/1160/915 1015/1161/916 941/1087/842
f 1016/1162/917 958/1104/859 941/1087/842
f 941/1087/842 1015/1161/916 1016/1162/917
f 1017/1163/918 959/1105/860 958/1104/859
f 958/1104/859 1016/1162/917 1017/1163/918
f 1018/1164/919 968/1114/869 959/1105/860
f 959/1105/860 1017/1163/918 1018/1164/919
f 1019/1165/920 985/1131/886 968/1114/869
f 968/1114/869 1018/1164/919 1019/1165/920
f 1020/1166/921 986/1132/887 985/1131/886
f 985/1131/886 1019/1165/920 1020/1166/921
f 1021/1167/922 995/1141/896 986/1132/887
f 986/1132/887 1020/1166/921 1021/1167/922
f 1022/1168/923 997/1143/898 995/1141/896
f 995/1141/896 1021/1167/922 1022/1168/923
f 935/1081/836 934/1080/835 1013/1159/914
f 1013/1159/914 1012/1158/913 935/1081/836
f 1011/1157/912 952/1098/853 935/1081/836
f 935/1081/836 1012/1158/913 1011/1157/912
f 1010/1156/911 953/1099/854 952/1098/853
f 952/1098/853 1011/1157/912 1010/1156/911
f 1009/1155/910 965/1111/866 953/1099/854
f 953/1099/854 1010/1156/911 1009/1155/910
f 1008/1154/909 979/1125/880 965/1111/866
f 965/1111/866 1009/1155/910 1008/1154/909
f 1007/1153/908 980/1126/881 979/1125/880
f 979/1125/880 1008/1154/909 1007/1153/908
f 1006/1152/907 992/1138/893 980/1126/881
f 980/1126/881 1007/1153/908 1006/1152/907
f 1005/1151/906 1000/1146/901 992/1138/893
f 992/1138/893 1006/1152/907 1005/1151/906
f 931/1077/832 930/1076/831 1023/1169/924
f 1023/1169/924 1024/1170/925 931/1077/832
f 1025/1171/926 948/1094/849 931/1077/832
f 931/1077/832 1024/1170/925 1025/1171/926
f 1026/1172/927 949/1095/850 948/1094/849
f 948/1094/849 1025/1171/926 1026/1172/927
f 1027/1173/928 963/1109/864 949/1095/850
f 949/1095/850 1026/1172/927 1027/1173/928
f 1028/1174/929 975/1121/876 963/1109/864
f 963/1109/864 1027/1173/928 1028/1174/929
f 1029/1175/930 976/1122/877 975/1121/876
f 975/1121/876 1028/1174/929 1029/1175/930
f 1030/1176/931 990/1136/891 976/1122/877
f 976/1122/877 1029/1175/930 1030/1176/931
f 1031/1177/932 1002/1148/903 990/1136/891
f 990/1136/891 1030/1176/931 1031/1177/932
f 927/1073/828 926/1072/827 929/1075/830
f 929/1075/830 928/1074/829 927/1073/828
f 947/1093/848 944/1090/845 927/1073/828
f 927/1073/828 928/1074/829 947/1093/848
f 946/1092/847 945/1091/846 944/1090/845
f 944/1090/845 947/1093/848 946/1092/847
f 962/1108/863 961/1107/862 945/1091/846
f 945/1091/846 946/1092/847 962/1108/863
f 974/1120/875 971/1117/872 961/1107/862
f 961/1107/862 962/1108/863 974/1120/875
f 972/1118/873 971/1117/872 974/1120/875
f 972/1118/873 974/1120/875 973/1119/874
f 989/1135/890 988/1134/889 972/1118/873
f 972/1118/873 973/1119/874 989/1135/890
f 1001/1147/902 1004/1150/905 988/1134/889
f 988/1134/889 989/1135/890 1001/1147/902
f 1032/1178/933 1033/1179/934 991/1137/892
f 991/1137/892 999/1145/900 1032/1178/933
f 1033/1179/934 1034/1180/935 977/1123/878
f 977/1123/878 991/1137/892 1033/1179/934
f 1034/1180/935 1035/1181/936 978/1124/879
f 978/1124/879 977/1123/878 1034/1180/935
f 1035/1181/936 1036/1182/937 964/1110/865
f 964/1110/865 978/1124/879 1035/1181/936
f 1036/1182/937 1037/1183/938 950/1096/851
f 950/1096/851 964/1110/865 1036/1182/937
f 1037/1183/938 1038/1184/939 951/1097/852
f 951/1097/852 950/1096/851 1037/1183/938
f 1038/1184/939 1039/1185/940 932/1078/833
f 932/1078/833 951/1097/852 1038/1184/939
f 1039/1185/940 1040/1186/941 933/1079/834
f 933/1079/834 932/1078/833 1039/1185/940
f 1041/1187/942 1042/1188/943 1043/1189/944
f 1043/1189/944 1044/1190/945 1041/1187/942
f 1045/1191/946 1046/1192/947 1041/1187/942
f 1041/1187/942 1044/1190/945 1045/1191/946
f 1047/1193/948 1048/1194/949 1046/1192/947
f 1046/1192/947 1045/1191/946 1047/1193/948
f 1049/1195/950 1050/1196/951 1048/1194/949
f 1048/1194/949 1047/1193/948 1049/1195/950
f 1051/1197/952 1052/1198/953 1050/1196/951
f 1050/1196/951 1049/1195/950 1051/1197/952
f 1053/1199/954 1054/1200/955 1052/1198/953
f 1052/1198/953 1051/1197/952 1053/1199/954
f 1055/1201/956 1056/1202/957 1054/1200/955
f 1054/1200/955 1053/1199/954 1055/1201/956
f 1057/1203/958 1058/1204/959 1056/1202/957
f 1056/1202/957 1055/1201/956 1057/1203/958
f 1024/1170/925 1023/1169/924 1042/1188/943
f 1042/1188/943 1041/1187/942 1024/1170/925
f 1046/1192/947 1025/1171/926 1024/1170/925
f 1024/1170/925 1041/1187/942 1046/1192/947
f 1048/1194/949 1026/1172/927 1025/1171/926
f 1025/1171/926 1046/1192/947 1048/1194/949
f 1050/1196/951 1027/1173/928 1026/1172/927
f 1026/1172/927 1048/1194/949 1050/1196/951
f 1052/1198/953 1028/1174/929 1027/1173/928
f 1027/1173/928 1050/1196/951 1052/1198/953
f 1054/1200/955 1029/1175/930 1028/1174/929
f 1028/1174/929 1052/1198/953 1054/1200/955
f 1056/1202/957 1030/1176/931 1029/1175/930
f 1029/1175/930 1054/1200/955 1056/1202/957
f 1058/1204/959 1031/1177/932 1030/1176/931
f 1030/1176/931 1056/1202/957 1058/1204/959
f 1044/1190/945 1043/1189/944 1040/1186/941
f 1040/1186/941 1039/1185/940 1044/1190/945
f 1038/1184/939 1045/1191/946 1044/1190/945
f 1044/1190/945 1039/1185/940 1038/1184/939
f 1037/1183/938 1047/1193/948 1045/1191/946
f 1045/1191/946 1038/1184/939 1037/1183/938
f 1036/1182/937 1049/1195/950 1047/1193/948
f 1047/1193/948 1037/1183/938 1036/1182/937
f 1035/1181/936 1051/1197/952 1049/1195/950
f 1049/1195/950 1036/1182/937 1035/1181/936
f 1034/1180/935 1053/1199/954 1051/1197/952
f 1051/1197/952 1035/1181/936 1034/1180/935
f 1033/1179/934 1055/1201/956 1053/1199/954
f 1053/1199/954 1034/1180/935 1033/1179/934
f 1032/1178/933 1057/1203/958 1055/1201/956
f 1055/1201/956 1033/1179/934 1032/1178/933
f 1059/1205/960 1060/1206/961 1061/1207/962
f 1061/1207/962 1062/1208/963 1059/1205/960
f 1063/1209/964 1064/1210/965 1065/1211/966
f 1065/1211/966 1066/1212/967 1063/1209/964
f 1067/1213/968 1068/1214/969 1069/1215/970
f 1069/1215/970 1070/1216/971 1067/1213/968
f 1071/1217/972 1072/1218/973 1073/1219/974
f 1073/1219/974 1074/1220/975 1071/1217/972
f 1075/1221/976 1071/1217/972 1074/1220/975
f 1074/1220/975 1076/1222/977 1075/1221/976
f 1077/1223/978 1078/1224/979 1079/1225/980
f 1079/1225/980 1080/1226/981 1077/1223/978
f 1081/1227/982 1082/1228/983 1083/1229/984
f 1083/1229/984 1084/1230/985 1081/1227/982
f 1085/1231/986 1086/1232/987 1087/1233/988
f 1087/1233/988 1088/1234/989 1085/1231/986
f 1089/1235/990 1090/1236/991 1091/1237/992
f 1091/1237/992 1092/1238/993 1089/1235/990
f 1093/1239/994 1089/1235/990 1092/1238/993
f 1092/1238/993 1094/1240/995 1093/1239/994
f 1080/1226/981 1079/1225/980 1095/1241/996
f 1095/1241/996 1096/1242/997 1080/1226/981
f 1084/1230/985 1083/1229/984 1097/1243/998
f 1097/1243/998 1098/1244/999 1084/1230/985
f 1088/1234/989 1087/1233/988 1099/1245/1000
f 1099/1245/1000 1100/1246/1001 1088/1234/989
f 1092/1238/993 1091/1237/992 1101/1247/1002
f 1101/1247/1002 1102/1248/1003 1092/1238/993
f 1094/1240/995 1092/1238/993 1102/1248/1003
f 1102/1248/1003 1103/1249/1004 1094/1240/995
f 1104/1250/1005 1105/1251/1006 1106/1252/1007
f 1106/1252/1007 1107/1253/1008 1104/1250/1005
f 1108/1254/1009 1109/1255/1010 1110/1256/1011
f 1110/1256/1011 1111/1257/1012 1108/1254/1009
f 1112/1258/1013 1113/1259/1014 1114/1260/1015
f 1114/1260/1015 1115/1261/1016 1112/1258/1013
f 1116/1262/1017 1117/1263/1018 1118/1264/1019
f 1118/1264/1019 1119/1265/1020 1116/1262/1017
f 1120/1266/1021 1116/1262/1017 1119/1265/1020
f 1119/1265/1020 1121/1267/1022 1120/1266/1021
f 1107/1253/1008 1106/1252/1007 1122/1268/1023
f 1122/1268/1023 1123/1269/1024 1107/1253/1008
f 1111/1257/1012 1110/1256/1011 1124/1270/1025
f 1124/1270/1025 1125/1271/1026 1111/1257/1012
f 1115/1261/1016 1114/1260/1015 1126/1272/1027
f 1126/1272/1027 1127/1273/1028 1115/1261/1016
f 1119/1265/1020 1118/1264/1019 1128/1274/1029
f 1128/1274/1029 1129/1275/1030 1119/1265/1020
f 1121/1267/1022 1119/1265/1020 1129/1275/1030
f 1129/1275/1030 1130/1276/1031 1121/1267/1022
f 1103/1249/1004 1102/1248/1003 1116/1262/1017
f 1116/1262/1017 1120/1266/1021 1103/1249/1004
f 1102/1248/1003 1101/1247/1002 1117/1263/1018
f 1117/1263/1018 1116/1262/1017 1102/1248/1003
f 1100/1246/1001 1099/1245/1000 1113/1259/1014
f 1113/1259/1014 1112/1258/1013 1100/1246/1001
f 1098/1244/999 1097/1243/998 1109/1255/1010
f 1109/1255/1010 1108/1254/1009 1098/1244/999
f 1096/1242/997 1095/1241/996 1105/1251/1006
f 1105/1251/1006 1104/1250/1005 1096/1242/997
f 1130/1276/1031 1129/1275/1030 1131/1277/1032
f 1131/1277/1032 1132/1278/1033 1130/1276/1031
f 1129/1275/1030 1128/1274/1029 1133/1279/1034
f 1133/1279/1034 1131/1277/1032 1129/1275/1030
f 1127/1273/1028 1126/1272/1027 1134/1280/1035
f 1134/1280/1035 1135/1281/1036 1127/1273/1028
f 1125/1271/1026 1124/1270/1025 1136/1282/1037
f 1136/1282/1037 1137/1283/1038 1125/1271/1026
f 1123/1269/1024 1122/1268/1023 1138/1284/1039
f 1138/1284/1039 1139/1285/1040 1123/1269/1024
f 1076/1222/977 1074/1220/975 1089/1235/990
f 1089/1235/990 1093/1239/994 1076/1222/977
f 1074/1220/975 1073/1219/974 1090/1236/991
f 1090/1236/991 1089/1235/990 1074/1220/975
f 1070/1216/971 1069/1215/970 1086/1232/987
f 1086/1232/987 1085/1231/986 1070/1216/971
f 1066/1212/967 1065/1211/966 1082/1228/983
f 1082/1228/983 1081/1227/982 1066/1212/967
f 1062/1208/963 1061/1207/962 1078/1224/979
f 1078/1224/979 1077/1223/978 1062/1208/963
f 1128/1274/1029 1140/1286/1041 1141/1287/1042
f 1141/1287/1042 1133/1279/1034 1128/1274/1029
f 1118/1264/1019 1142/1288/1043 1140/1286/1041
f 1140/1286/1041 1128/1274/1029 1118/1264/1019
f 1117/1263/1018 1143/1289/1044 1142/1288/1043
f 1142/1288/1043 1118/1264/1019 1117/1263/1018
f 1101/1247/1002 1144/1290/1045 1143/1289/1044
f 1143/1289/1044 1117/1263/1018 1101/1247/1002
f 1091/1237/992 1145/1291/1046 1144/1290/1045
f 1144/1290/1045 1101/1247/1002 1091/1237/992
f 1090/1236/991 1146/1292/1047 1145/1291/1046
f 1145/1291/1046 1091/1237/992 1090/1236/991
f 1073/1219/974 1147/1293/1048 1146/1292/1047
f 1146/1292/1047 1090/1236/991 1073/1219/974
f 1072/1218/973 1148/1294/1049 1147/1293/1048
f 1147/1293/1048 1073/1219/974 1072/1218/973
f 1149/1295/1050 1075/1221/976 1076/1222/977
f 1076/1222/977 1150/1296/1051 1149/1295/1050
f 1076/1222/977 1093/1239/994 1151/1297/1052
f 1151/1297/1052 1150/1296/1051 1076/1222/977
f 1093/1239/994 1094/1240/995 1152/1298/1053
f 1152/1298/1053 1151/1297/1052 1093/1239/994
f 1094/1240/995 1103/1249/1004 1153/1299/1054
f 1153/1299/1054 1152/1298/1053 1094/1240/995
f 1103/1249/1004 1120/1266/1021 1154/1300/1055
f 1154/1300/1055 1153/1299/1054 1103/1249/1004
f 1120/1266/1021 1121/1267/1022 1155/1301/1056
f 1155/1301/1056 1154/1300/1055 1120/1266/1021
f 1121/1267/1022 1130/1276/1031 1156/1302/1057
f 1156/1302/1057 1155/1301/1056 1121/1267/1022
f 1130/1276/1031 1132/1278/1033 1157/1303/1058
f 1157/1303/1058 1156/1302/1057 1130/1276/1031
f 1148/1294/1049 1067/1213/968 1070/1216/971
f 1070/1216/971 1147/1293/1048 1148/1294/1049
f 1070/1216/971 1085/1231/986 1146/1292/1047
f 1146/1292/1047 1147/1293/1048 1070/1216/971
f 1085/1231/986 1088/1234/989 1145/1291/1046
f 1145/1291/1046 1146/1292/1047 1085/1231/986
f 1088/1234/989 1100/1246/1001 1144/1290/1045
f 1144/1290/1045 1145/1291/1046 1088/1234/989
f 1100/1246/1001 1112/1258/1013 1143/1289/1044
f 1143/1289/1044 1144/1290/1045 1100/1246/1001
f 1112/1258/1013 1115/1261/1016 1142/1288/1043
f 1142/1288/1043 1143/1289/1044 1112/1258/1013
f 1115/1261/1016 1127/1273/1028 1140/1286/1041
f 1140/1286/1041 1142/1288/1043 1115/1261/1016
f 1127/1273/1028 1135/1281/1036 1141/1287/1042
f 1141/1287/1042 1140/1286/1041 1127/1273/1028
f 1158/1304/1059 1063/1209/964 1066/1212/967
f 1066/1212/967 1159/1305/1060 1158/1304/1059
f 1066/1212/967 1081/1227/982 1160/1306/1061
f 1160/1306/1061 1159/1305/1060 1066/1212/967
f 1081/1227/982 1084/1230/985 1161/1307/1062
f 1161/1307/1062 1160/1306/1061 1081/1227/982
f 1084/1230/985 1098/1244/999 1162/1308/1063
f 1162/1308/1063 1161/1307/1062 1084/1230/985
f 1098/1244/999 1108/1254/1009 1163/1309/1064
f 1163/1309/1064 1162/1308/1063 1098/1244/999
f 1108/1254/1009 1111/1257/1012 1164/1310/1065
f 1164/1310/1065 1163/1309/1064 1108/1254/1009
f 1111/1257/1012 1125/1271/1026 1165/1311/1066
f 1165/1311/1066 1164/1310/1065 1111/1257/1012
f 1125/1271/1026 1137/1283/1038 1166/1312/1067
f 1166/1312/1067 1165/1311/1066 1125/1271/1026
f 1064/1210/965 1059/1205/960 1062/1208/963
f 1062/1208/963 1065/1211/966 1064/1210/965
f 1062/1208/963 1077/1223/978 1082/1228/983
f 1082/1228/983 1065/1211/966 1062/1208/963
f 1077/1223/978 1080/1226/981 1083/1229/984
f 1083/1229/984 1082/1228/983 1077/1223/978
f 1080/1226/981 1096/1242/997 1097/1243/998
f 1097/1243/998 1083/1229/984 1080/1226/981
f 1096/1242/997 1104/1250/1005 1109/1255/1010
f 1109/1255/1010 1097/1243/998 1096/1242/997
f 1104/1250/1005 1107/1253/1008 1110/1256/1011
f 1110/1256/1011 1109/1255/1010 1104/1250/1005
f 1107/1253/1008 1123/1269/1024 1124/1270/1025
f 1124/1270/1025 1110/1256/1011 1107/1253/1008
f 1123/1269/1024 1139/1285/1040 1136/1282/1037
f 1136/1282/1037 1124/1270/1025 1123/1269/1024
f 1126/1272/1027 1167/1313/1068 1168/1314/1069
f 1168/1314/1069 1134/1280/1035 1126/1272/1027
f 1114/1260/1015 1169/1315/1070 1167/1313/1068
f 1167/1313/1068 1126/1272/1027 1114/1260/1015
f 1113/1259/1014 1170/1316/1071 1169/1315/1070
f 1169/1315/1070 1114/1260/1015 1113/1259/1014
f 1099/1245/1000 1171/1317/1072 1170/1316/1071
f 1170/1316/1071 1113/1259/1014 1099/1245/1000
f 1087/1233/988 1172/1318/1073 1171/1317/1072
f 1171/1317/1072 1099/1245/1000 1087/1233/988
f 1086/1232/987 1173/1319/1074 1172/1318/1073
f 1172/1318/1073 1087/1233/988 1086/1232/987
f 1069/1215/970 1174/1320/1075 1173/1319/1074
f 1173/1319/1074 1086/1232/987 1069/1215/970
f 1068/1214/969 1175/1321/1076 1174/1320/1075
f 1174/1320/1075 1069/1215/970 1068/1214/969
f 1176/1322/1077 1177/1323/1078 1178/1324/1079
f 1178/1324/1079 1179/1325/1080 1176/1322/1077
f 1178/1324/1079 1180/1326/1081 1181/1327/1082
f 1181/1327/1082 1179/1325/1080 1178/1324/1079
f 1180/1326/1081 1182/1328/1083 1183/1329/1084
f 1183/1329/1084 1181/1327/1082 1180/1326/1081
f 1182/1328/1083 1184/1330/1085 1185/1331/1086
f 1185/1331/1086 1183/1329/1084 1182/1328/1083
f 1184/1330/1085 1186/1332/1087 1187/1333/1088
f 1187/1333/1088 1185/1331/1086 1184/1330/1085
f 1186/1332/1087 1188/1334/1089 1189/1335/1090
f 1189/1335/1090 1187/1333/1088 1186/1332/1087
f 1188/1334/1089 1190/1336/1091 1191/1337/1092
f 1191/1337/1092 1189/1335/1090 1188/1334/1089
f 1190/1336/1091 1192/1338/1093 1193/1339/1094
f 1193/1339/1094 1191/1337/1092 1190/1336/1091
f 1177/1323/1078 1158/1304/1059 1159/1305/1060
f 1159/1305/1060 1178/1324/1079 1177/1323/1078
f 1159/1305/1060 1160/1306/1061 1180/1326/1081
f 1180/1326/1081 1178/1324/1079 1159/1305/1060
f 1160/1306/1061 1161/1307/1062 1182/1328/1083
f 1182/1328/1083 1180/1326/1081 1160/1306/1061
f 1161/1307/1062 1162/1308/1063 1184/1330/1085
f 1184/1330/1085 1182/1328/1083 1161/1307/1062
f 1162/1308/1063 1163/1309/1064 1186/1332/1087
f 1186/1332/1087 1184/1330/1085 1162/1308/1063
f 1163/1309/1064 1164/1310/1065 1188/1334/1089
f 1188/1334/1089 1186/1332/1087 1163/1309/1064
f 1164/1310/1065 1165/1311/1066 1190/1336/1091
f 1190/1336/1091 1188/1334/1089 1164/1310/1065
f 1165/1311/1066 1166/1312/1067 1192/1338/1093
f 1192/1338/1093 1190/1336/1091 1165/1311/1066
f 1175/1321/1076 1176/1322/1077 1179/1325/1080
f 1179/1325/1080 1174/1320/1075 1175/1321/1076
f 1179/1325/1080 1181/1327/1082 1173/1319/1074
f 1173/1319/1074 1174/1320/1075 1179/1325/1080
f 1181/1327/1082 1183/1329/1084 1172/1318/1073
f 1172/1318/1073 1173/1319/1074 1181/1327/1082
f 1183/1329/1084 1185/1331/1086 1171/1317/1072
f 1171/1317/1072 1172/1318/1073 1183/1329/1084
f 1185/1331/1086 1187/1333/1088 1170/1316/1071
f 1170/1316/1071 1171/1317/1072 1185/1331/1086
f 1187/1333/1088 1189/1335/1090 1169/1315/1070
f 1169/1315/1070 1170/1316/1071 1187/1333/1088
f 1189/1335/1090 1191/1337/1092 1167/1313/1068
f 1167/1313/1068 1169/1315/1070 1189/1335/1090
f 1191/1337/1092 1193/1339/1094 1168/1314/1069
f 1168/1314/1069 1167/1313/1068 1191/1337/1092
f 925/1340/1095 1060/1206/1095 1059/1205/1096
f 1059/1205/1096 926/1341/1097 925/1340/1095
f 924/1070/1098 1061/1342/1098 1060/1343/1099
f 1060/1343/1099 925/1071/1099 924/1070/1098
f 929/1344/1100 1064/1210/1101 1063/1209/1101
f 1063/1209/1101 930/1345/1102 929/1344/1100
f 933/1346/1103 1068/1214/1104 1067/1213/1105
f 1067/1213/1105 934/1347/1106 933/1346/1103
f 937/1348/1107 1072/1218/1108 1071/1217/1109
f 1071/1217/1109 938/1349/1110 937/1348/1107
f 938/1349/1110 1071/1217/1109 1075/1221/1111
f 1075/1221/1111 940/1350/1112 938/1349/1110
f 942/1088/1113 1079/1351/1114 1078/1352/1115
f 1078/1352/1115 943/1089/1116 942/1088/1113
f 960/1106/1117 1095/1353/1117 1079/1351/1114
f 1079/1351/1114 942/1088/1113 960/1106/1117
f 969/1115/1118 1106/1354/1007 1105/1355/1006
f 1105/1355/1006 970/1116/1118 969/1115/1118
f 987/1133/1119 1122/1356/1120 1106/1354/1121
f 1106/1354/1121 969/1115/1121 987/1133/1119
f 970/1116/1122 1105/1355/1122 1095/1353/1122
f 1095/1353/1122 960/1106/1122 970/1116/1122
f 997/1143/1123 1132/1357/1124 1131/1358/1125
f 1131/1358/1125 996/1142/1126 997/1143/1123
f 996/1142/1126 1131/1358/1125 1133/1359/1127
f 1133/1359/1127 998/1144/1128 996/1142/1126
f 1000/1146/1129 1135/1360/1130 1134/1361/1131
f 1134/1361/1131 999/1145/1132 1000/1146/1129
f 1002/1148/1133 1137/1362/1134 1136/1363/1135
f 1136/1363/1135 1001/1147/1136 1002/1148/1133
f 1004/1150/1137 1139/1364/1138 1138/1365/1139
f 1138/1365/1139 1003/1149/1139 1004/1150/1137
f 1003/1149/1140 1138/1365/1140 1122/1356/1140
f 1122/1356/1140 987/1133/1140 1003/1149/1140
f 943/1089/1116 1078/1352/1115 1061/1342/1141
f 1061/1342/1141 924/1070/1141 943/1089/1116
f 998/1144/1128 1133/1359/1127 1141/1366/1142
f 1141/1366/1142 1005/1151/1143 998/1144/1128
f 1013/1367/1144 1148/1294/1145 1072/1218/1108
f 1072/1218/1108 937/1348/1107 1013/1367/1144
f 940/1350/1112 1075/1221/1111 1149/1295/1146
f 1149/1295/1146 1014/1368/1147 940/1350/1112
f 1014/1160/1148 1149/1369/1148 1150/1370/1149
f 1150/1370/1149 1015/1161/1150 1014/1160/1148
f 1015/1161/1150 1150/1370/1149 1151/1371/1151
f 1151/1371/1151 1016/1162/1152 1015/1161/1150
f 1016/1162/1152 1151/1371/1151 1152/1372/1153
f 1152/1372/1153 1017/1163/1154 1016/1162/1152
f 1017/1163/1154 1152/1372/1153 1153/1373/1155
f 1153/1373/1155 1018/1164/1156 1017/1163/1154
f 1018/1164/1156 1153/1373/1155 1154/1374/1157
f 1154/1374/1157 1019/1165/1158 1018/1164/1156
f 1019/1165/1159 1154/1374/1159 1155/1375/1160
f 1155/1375/1160 1020/1166/1161 1019/1165/1159
f 1020/1166/1161 1155/1375/1160 1156/1376/1162
f 1156/1376/1162 1021/1167/1163 1020/1166/1161
f 1021/1167/1163 1156/1376/1162 1157/1377/1164
f 1157/1377/1164 1022/1168/1165 1021/1167/1163
f 1022/1168/1166 1157/1377/1166 1132/1357/1124
f 1132/1357/1124 997/1143/1123 1022/1168/1166
f 934/1347/1106 1067/1213/1105 1148/1294/1145
f 1148/1294/1145 1013/1367/1144 934/1347/1106
f 1005/1151/1143 1141/1366/1142 1135/1360/1130
f 1135/1360/1130 1000/1146/1129 1005/1151/1143
f 930/1345/1167 1063/1209/1167 1158/1304/1168
f 1158/1304/1168 1023/1378/1169 930/1345/1167
f 1031/1177/1170 1166/1379/1171 1137/1362/1134
f 1137/1362/1134 1002/1148/1133 1031/1177/1170
f 926/1341/1097 1059/1205/1096 1064/1210/1172
f 1064/1210/1172 929/1344/1172 926/1341/1097
f 1001/1147/1136 1136/1363/1135 1139/1364/1138
f 1139/1364/1138 1004/1150/1137 1001/1147/1136
f 999/1145/1132 1134/1361/1131 1168/1380/1173
f 1168/1380/1173 1032/1178/1174 999/1145/1132
f 1040/1381/1175 1175/1321/1176 1068/1214/1104
f 1068/1214/1104 933/1346/1103 1040/1381/1175
f 1042/1382/1177 1177/1323/1178 1176/1322/1179
f 1176/1322/1179 1043/1383/1180 1042/1382/1177
f 1057/1203/1181 1193/1384/1182 1192/1385/1183
f 1192/1385/1183 1058/1204/1184 1057/1203/1181
f 1023/1378/1169 1158/1304/1168 1177/1323/1178
f 1177/1323/1178 1042/1382/1177 1023/1378/1169
f 1058/1204/1184 1192/1385/1183 1166/1379/1171
f 1166/1379/1171 1031/1177/1170 1058/1204/1184
f 1043/1383/1180 1176/1322/1179 1175/1321/1176
f 1175/1321/1176 1040/1381/1175 1043/1383/1180
f 1032/1178/1174 1168/1380/1173 1193/1384/1182
f 1193/1384/1182 1057/1203/1181 1032/1178/1174
